--------- beginning of main
08-08 19:57:08.984  1479  5654 D charge_time: type=cdp/dcp,reserve_soc=1,soc=55,ui_soc=56,current=1313,avg=1314,not_chg_cnt=0,stable_cnt=7,fcc=4423,fcc_ratio=92,delta=68,debug=0,region=13,ttf=5538(01:32:18),ui_ttf=7049(01:57:29)
08-08 19:57:09.033 22186 22186 I adbd    : adbd service requested 'shell,v2,TERM=xterm-256color,raw:am force-stop com.hypernova.phone'
08-08 19:57:09.134  3680  3902 I SystemUi--Statusbar: OplusNetworkSpeedControllExImpl-->updateNetworkSpeed: isConnected:true,isSwitchOn:true
08-08 19:57:09.154  3680  3902 I SystemUi--Statusbar: OplusNetworkSpeedControllExImpl-->getTotalByte: totalRxBytes:29284064467,totalTxBytes:2706210862,loopbackTxBytes:6840897,loopbackRxBytes:6840897 ,totalBytes:31976593535
--------- beginning of system
08-08 19:57:09.200  3009  3249 I ActivityManager: Force stopping com.hypernova.phone appid=10495 user=0: from pid 18964
08-08 19:57:09.200  1435  1435 E ANDR-PERF-MPCTL: ANDR-PERF-MPCTL: internal_perf_lock_acq_verification() 388: Perflock Submit request limit reached.
08-08 19:57:09.218  1299 10375 E TetherController: property_get sys.radio.data.modem_share_flag return 0, 1!
08-08 19:57:09.255  3009  3249 I AppsFilter: interaction: PackageSetting{a082159 com.android.microdroid.empty_payload/10271} -> PackageSetting{c59e80 com.hypernova.phone/10495} BLOCKED
08-08 19:57:09.256  3009  3249 I AppsFilter: interaction: PackageSetting{1934dff com.caf.fmradio/10099} -> PackageSetting{c59e80 com.hypernova.phone/10495} BLOCKED
08-08 19:57:09.256  3009  3249 I AppsFilter: interaction: PackageSetting{fb617cc com.hypernova.media.phone.debug/10487} -> PackageSetting{c59e80 com.hypernova.phone/10495} BLOCKED
08-08 19:57:09.256  3009  3249 I AppsFilter: interaction: PackageSetting{f907a15 com.example.lab3/10449} -> PackageSetting{c59e80 com.hypernova.phone/10495} BLOCKED
08-08 19:57:09.256  3009  3249 I AppsFilter: interaction: PackageSetting{6f4912a com.example.lab2/10448} -> PackageSetting{c59e80 com.hypernova.phone/10495} BLOCKED
08-08 19:57:09.256  3009  3249 I AppsFilter: interaction: PackageSetting{ad8cb1b com.example.lab1/10447} -> PackageSetting{c59e80 com.hypernova.phone/10495} BLOCKED
08-08 19:57:09.256  3009  3249 I AppsFilter: interaction: PackageSetting{e12e4b8 com.example.calculator/10442} -> PackageSetting{c59e80 com.hypernova.phone/10495} BLOCKED
08-08 19:57:09.256  3009  3249 I AppsFilter: interaction: PackageSetting{e0ba291 com.example.test1/10436} -> PackageSetting{c59e80 com.hypernova.phone/10495} BLOCKED
08-08 19:57:09.256  3009  3249 I AppsFilter: interaction: PackageSetting{3a295f6 com.oplus.locationproxy/10168} -> PackageSetting{c59e80 com.hypernova.phone/10495} BLOCKED
08-08 19:57:09.257  3009  3249 I AppsFilter: interaction: PackageSetting{82efdf7 com.android.certinstaller/10211} -> PackageSetting{c59e80 com.hypernova.phone/10495} BLOCKED
08-08 19:57:09.257  3009  3249 I AppsFilter: interaction: PackageSetting{16d9464 com.oplus.location/10225} -> PackageSetting{c59e80 com.hypernova.phone/10495} BLOCKED
08-08 19:57:09.257  3009  3249 I AppsFilter: interaction: PackageSetting{836d6cd com.example.salarysystem/10443} -> PackageSetting{c59e80 com.hypernova.phone/10495} BLOCKED
08-08 19:57:09.275 22186 22186 I adbd    : adbd service requested 'shell,v2,TERM=xterm-256color,raw:am start -W -a com.hypernova.phone.action.OPEN -p com.hypernova.phone'
08-08 19:57:09.277  3935  3935 D CarrierSvcBindHelper: onHandleForceStop: [com.hypernova.phone]
08-08 19:57:09.277  3610  3610 D DistributedDeviceService: android.intent.action.PACKAGE_RESTARTED
08-08 19:57:09.282  3935  3935 D CarrierSvcBindHelper: No carrier app for: 0
08-08 19:57:09.295  3009  3255 I resRelease: policy type is 2
08-08 19:57:09.300  3009  3009 D NotificationService--OplusNotificationManagerServiceExtImpl: notifyDelayRemovedLocked,reason:10020 isGroup:false
08-08 19:57:09.300  3009  3009 D NotificationService--OplusNotificationManagerServiceExtImpl: notifyDelayRemovedLocked,reason:10020 isGroup:false
08-08 19:57:09.301  3009  3009 D NotificationService--OplusNotificationManagerServiceExtImpl: notifyDelayRemovedLocked sbnList isEmpty
08-08 19:57:09.301  3009  3009 D NotificationService--OplusNotificationManagerServiceExtImpl: notifyDelayRemovedLocked sbnList isEmpty
08-08 19:57:09.361  3009  4143 W ActivityTaskManager: callingPackage for (uid=2000, pid=18972) has no WPC
08-08 19:57:09.362  3009  3538 I [UAH_CLIENT]: UahEventAcquire, cmdid:2, pkg:none, identity:com.android.server.wm
08-08 19:57:09.382  3009  4143 D WindowManager: NFW_setClientVisible:ActivityRecord{781d29d u0 com.hypernova.phone/.MainActivity clientVisible:true
08-08 19:57:09.383  3009  4143 V GrammaticalInflectionUtils: AttributionSource: android.content.AttributionSource@f9d06c9d does not have READ_SYSTEM_GRAMMATICAL_GENDER permission.
08-08 19:57:09.389  3009  4143 D FlexibleTaskController: isSupportFlexibleWindow target = com.hypernova.phone/.MainActivity callPkg = FlexibleTaskController support = true ,caller = 3009
08-08 19:57:09.391  3009  4143 D ActivityStarterExtImpl: do not intercept for realCallingAppIsSystemApp or CallingAppIsSystemApp
08-08 19:57:09.395  3009  4143 D FlexibleWindowManagerService: isIgnoreAppearedAcrossTask:false
08-08 19:57:09.398  3009  4143 D FlexibleWindowManagerService: isIgnoreAppearedAcrossTask:false
08-08 19:57:09.399  3009  4143 D FlexibleTaskController: findSourceTaskForFreeForm: sourceRecord = null ,realCallingPid:18972 ,launchFromZoomMode:false ,prevTopTask:Task{7b50eef #5 type=home I=com.android.launcher/.Launcher}
08-08 19:57:09.399  3009  4143 D FlexibleTaskController: findSourceTaskForFreeForm: the caller is not a flexible freeform window application and does not have a zoom windowMode startup parameter
08-08 19:57:09.399  3009  4143 D FlexibleTaskController: adjustOptionsForFlexibleTask not allow options follow process task's options, reason:9 ,reusedOptions:null
08-08 19:57:09.405  3009  4143 D FlexibleTaskController: isSupportFlexibleWindow target = com.hypernova.phone/.MainActivity callPkg = FlexibleTaskController support = true ,caller = 3009
08-08 19:57:09.405  3009  4143 D FlexibleWindowManagerService: no reused task found for ActivityRecord{781d29d u0 com.hypernova.phone/.MainActivity t-1}
08-08 19:57:09.434  3009  3712 I Osense-PsiDetector: 1005,73,2736,4607,41,118,81,559,1261,359,591,0,4,5482
08-08 19:57:09.435  3009  3705 I Osense-BaseDecisionMaker: notifySceneToAthenaPolicy: SCENE_RES_MEM_PSI_NORMAL, bundle: Bundle[{memLevel=3}]
08-08 19:57:09.455  3009  3442 D WifiStaIfaceHidlImpl: getCachedScanData is not implemented by HIDL
08-08 19:57:09.465  3009  3545 D OplusWifiPower_TriggerCenter: mComponentCallback: wifistat
08-08 19:57:09.465  3009  4143 D OplusStartingWindowManager: we don't revise window flags for third app
08-08 19:57:09.466  3009  4143 D ActivityTaskManager: validateStartingWindowTheme:  Pkg=com.hypernova.phone, Translucent=false, Floating=false, ShowWallpaper=false, Disable=false, LaunchSource=4
08-08 19:57:09.466  3009  4143 D ActivityTaskManager: addStartingWindow for ActivityRecord{781d29d u0 com.hypernova.phone/.MainActivity t8085}, mainWin=null, state=INITIALIZING, isKeyguardLocked=false, isKeyguardGoingAway=false
08-08 19:57:09.466  3009  4143 D ActivityTaskManager: getStartingWindowType: , newTask=true, taskSwitch=true, processRunning=false, allowTaskSnapshot=true, activityCreated=false, activityAllDrawn=false, snapshot exist: false
08-08 19:57:09.466  3009  4143 D ActivityRecordExtImpl: handleStartingWindowForCompactWindow origin type:2, adjustType : 2
08-08 19:57:09.467  4047  4047 D VendorWifiService: onEvent event:9,action:1
08-08 19:57:09.470  3009  4143 D TaskOrganizerController: TaskOrganizerController.addStartingWindow: call wmshell to addStartingWindow
08-08 19:57:09.474  3009  4143 D ActivityTrigger: ActivityTrigger activityPauseTrigger 
08-08 19:57:09.478  3009  3538 I [UAH_CLIENT]: UahEventAcquire, cmdid:1, pkg:com.hypernova.phone, identity:com.android.server.wm
08-08 19:57:09.479  3009  3950 V GrammaticalInflectionUtils: AttributionSource: android.content.AttributionSource@f9d06c9d does not have READ_SYSTEM_GRAMMATICAL_GENDER permission.
08-08 19:57:09.483  3009  4143 D ActivityTaskManager: notifyTaskRemoved, task: Task{e8c0e9d #8084 type=standard A=10495:com.hypernova.phone} trace:com.android.server.wm.RecentTasks.removeForAddTask:1837 com.android.server.wm.RecentTasks.add:1350 com.android.server.wm.ActivityStarter.startActivityInner:2638 com.android.server.wm.ActivityStarter.startActivityUnchecked:1903 com.android.server.wm.ActivityStarter.executeRequest:1645 
08-08 19:57:09.484  3009  4143 D ActivityTaskManager: notifyTaskAdded, task: Task{227eae3 #8085 type=standard A=10495:com.hypernova.phone} trace:com.android.server.wm.RecentTasks.add:1365 com.android.server.wm.ActivityStarter.startActivityInner:2638 com.android.server.wm.ActivityStarter.startActivityUnchecked:1903 com.android.server.wm.ActivityStarter.executeRequest:1645 com.android.server.wm.ActivityStarter.execute:905 
08-08 19:57:09.488  3009  4143 I ActivityTaskManager: START u0 {act=com.hypernova.phone.action.OPEN flg=0x10000000 pkg=com.hypernova.phone cmp=com.hypernova.phone/.MainActivity mCallingUid=2000} with LAUNCH_MULTIPLE from uid 2000 (BAL_ALLOW_PERMISSION) result code=0
08-08 19:57:09.489  4088  4088 D callGcSupression: java.lang.NullPointerException: Attempt to invoke virtual method 'java.lang.Object java.lang.reflect.Method.invoke(java.lang.Object, java.lang.Object[])' on a null object reference
08-08 19:57:09.489  3009  3071 D callGcSupression: java.lang.NullPointerException: Attempt to invoke virtual method 'java.lang.Object java.lang.reflect.Method.invoke(java.lang.Object, java.lang.Object[])' on a null object reference
08-08 19:57:09.493  3680  3753 V WindowManagerShell: Transition requested (#8939): android.os.BinderProxy@afe9074 TransitionRequestInfo { type = OPEN, triggerTask = TaskInfo{userId=0 taskId=8085 displayId=0 isRunning=true baseIntent=Intent { act=com.hypernova.phone.action.OPEN flg=0x10000000 pkg=com.hypernova.phone cmp=com.hypernova.phone/.MainActivity mCallingUid=2000 } baseActivity=ComponentInfo{com.hypernova.phone/com.hypernova.phone.MainActivity} topActivity=ComponentInfo{com.hypernova.phone/com.hypernova.phone.MainActivity} origActivity=null realActivity=ComponentInfo{com.hypernova.phone/com.hypernova.phone.MainActivity} numActivities=1 lastActiveTime=894925440 supportsSplitScreenMultiWindow=true supportsMultiWindow=true supportsPocketStudioMultiWindow=true isInFlexibleEmbedded = false uid = 10495 pid = 0 resizeMode=1 isResizeable=true minWidth=-1 minHeight=-1 defaultMinSize=220 token=WCT{android.window.IWindowContainerToken$Stub$Proxy@c1f099d} topActivityType=1 pictureInPictureParams=null shouldDockBigOverlays=false launchIntoPipHostTaskId=-1 lastParentTaskIdBeforePip=-1 displayCutoutSafeInsets=Rect(0, 65 - 0, 0) topActivityInfo=ActivityInfo{a931e12 com.hypernova.phone.MainActivity} launchCookies=[] positionInParent=Point(0, 0) parentTaskId=-1 isFocused=false isVisible=false isVisibleRequested=false isSleeping=false locusId=null displayAreaFeatureId=1 isTopActivityTransparent=false appCompatTaskInfo=AppCompatTaskInfo { topActivityInSizeCompat=false topActivityInOplusCompatMode=false topActivityEligibleForLetterboxEducation= falseisLetterboxEducationEnabled= false isLetterboxDoubleTapEnabled= false topActivityEligibleForUserAspectRatioButton= false topActivityBoundsLetterboxed= false isFromLetterboxDoubleTap= false topActivityLetterboxVerticalPosition= -1 topActivityLetterboxHorizontalPosition= -1 topActivityLetterboxWidth=720 topActivityLetterboxHeight=1604 isUserFullscreenOverrideEnabled=false isSystemFullscreenOverrideEnabled=false cameraCompatTaskInfo=CameraCompatTaskInfo { cameraCompatControlState=hidden freeformCameraCompatMode=inactive}} topActivityLetterboxInsets=Rect(0, 0 - 0, 0) mOplusExtraBundle = Bundle[mParcelledData.dataSize=348]}, pipTask = null, remoteTransition = null, displayChange = null, flags = 0, debugId = 8939 }
08-08 19:57:09.496  4088  4088 D ScrollOptim [SceneManager]: updateCurrentActivity: mCurrentActivityName=null, isOptEnable=true, isAnimAheadEnable=true, isFrameInsertEnable=true, InsertNum=1, isEnabledForScrollChanged=false
08-08 19:57:09.515  3680  3753 D ZoomController: onTaskMovedToFront, task id:8085
08-08 19:57:09.515  3680  3753 I ZoomUiController: FloatHandle-isFloatHandleShow mPackageName = null
08-08 19:57:09.519  1598  1598 I BpBinder: onLastStrongRef automatically unlinking death recipients: 
08-08 19:57:09.528  1300  1300 D Zygote  : Forked child process 18978
08-08 19:57:09.529  4088  4088 I SplitScreenManager: Attached Launcher#fb96edc ON_PAUSE
08-08 19:57:09.532  3680  4678 E ReflectionUtils: methodInvoke SupressionGC failed1
08-08 19:57:09.532  3680  4678 E ReflectionUtils: java.lang.NoSuchMethodException: dalvik.system.VMRuntime.SupressionGC [int, int]
08-08 19:57:09.532  3680  4678 E ReflectionUtils: 	at java.lang.Class.getMethod(Class.java:2942)
08-08 19:57:09.532  3680  4678 E ReflectionUtils: 	at java.lang.Class.getDeclaredMethod(Class.java:2921)
08-08 19:57:09.532  3680  4678 E ReflectionUtils: 	at com.android.wm.shell.util.ReflectionUtils.methodInvoke(ReflectionUtils.java:32)
08-08 19:57:09.532  3680  4678 E ReflectionUtils: 	at com.oplus.transition.OplusTransitionReflectionHelper.callGcSupression(OplusTransitionReflectionHelper.java:109)
08-08 19:57:09.532  3680  4678 E ReflectionUtils: 	at com.android.wm.shell.ShellTaskOrganizer.addStartingWindow(ShellTaskOrganizer.java:549)
08-08 19:57:09.532  3680  4678 E ReflectionUtils: 	at android.window.TaskOrganizer$1.addStartingWindow(TaskOrganizer.java:298)
08-08 19:57:09.532  3680  4678 E ReflectionUtils: 	at android.window.ITaskOrganizer$Stub.onTransact(ITaskOrganizer.java:184)
08-08 19:57:09.532  3680  4678 E ReflectionUtils: 	at android.os.Binder.execTransactInternal(Binder.java:1523)
08-08 19:57:09.532  3680  4678 E ReflectionUtils: 	at android.os.Binder.execTransact(Binder.java:1457)
08-08 19:57:09.535  3009  3097 I ActivityManager: Start proc 18978:com.hypernova.phone/u0a495 for next-top-activity {com.hypernova.phone/com.hypernova.phone.MainActivity}
08-08 19:57:09.536  3680  3836 D PhoneStartingWindowTypeAlgorithm: preferredStartingWindowType newTask=true, taskSwitch=true, processRunning=false, allowTaskSnapshot=true, activityCreated=false, isSolidColorSplashScreen=false, legacySplashScreen=false, activityDrawn=false, windowless=false, topIsHome=false
08-08 19:57:09.537   896   896 E lowmemorykiller: device memory 257569 free 18380 file 244182
08-08 19:57:09.537  3680  3836 D OplusShellStartingWindowManager: getReviseStartingWindowType not support, windowInfo is null
08-08 19:57:09.538   896   896 E lowmemorykiller: device memory 257613 free 18317 file 244289
08-08 19:57:09.538  3009  3712 I Osense-PsiDetector: 1006,71,2735,4607,41,118,81,558,1264,356,598,0,4,5483
08-08 19:57:09.539  3009  3705 I Osense-BaseDecisionMaker: notifySceneToAthenaPolicy: SCENE_RES_MEM_PSI_NORMAL, bundle: Bundle[{memLevel=4}]
08-08 19:57:09.543  3009  3705 I Osense-BaseDecisionMaker: notifySceneToAthenaPolicy: SCENE_RES_MEM_PSI_LEAK, bundle: Bundle[{memLevel=4}]
08-08 19:57:09.544  3680  3836 D OplusShellStartingWindowManager: adjustSuggestedWindowType: skip no-system app and no-exception list app
08-08 19:57:09.548  4088  4088 W LauncherClient[u0]: isConnected false because mOverlay is null
08-08 19:57:09.552  3680  3837 D ShellStartingWindow: getWindowAttrs SplashScreenWindowAttrs{ mWindowBgResId: 7f05005f, mWindowBgColor: 0, mSplashScreenIcon: false, mBrandingImage: false, mIconBgColor: 0}
08-08 19:57:09.559  1598  1767 I SurfaceFlinger: [SF client] NEW(0xb400007c9b1c1280) for (3680:com.android.systemui)
08-08 19:57:09.561  3009  3029 I AppsFilter: interaction: PackageSetting{a082159 com.android.microdroid.empty_payload/10271} -> PackageSetting{d3804c2 com.hypernova.phone/10495} BLOCKED
08-08 19:57:09.561  3009  3029 I AppsFilter: interaction: PackageSetting{1934dff com.caf.fmradio/10099} -> PackageSetting{d3804c2 com.hypernova.phone/10495} BLOCKED
08-08 19:57:09.561  3009  3029 I AppsFilter: interaction: PackageSetting{fb617cc com.hypernova.media.phone.debug/10487} -> PackageSetting{d3804c2 com.hypernova.phone/10495} BLOCKED
08-08 19:57:09.561  3009  3029 I AppsFilter: interaction: PackageSetting{f907a15 com.example.lab3/10449} -> PackageSetting{d3804c2 com.hypernova.phone/10495} BLOCKED
08-08 19:57:09.561  3009  3029 I AppsFilter: interaction: PackageSetting{6f4912a com.example.lab2/10448} -> PackageSetting{d3804c2 com.hypernova.phone/10495} BLOCKED
08-08 19:57:09.561  3009  3029 I AppsFilter: interaction: PackageSetting{ad8cb1b com.example.lab1/10447} -> PackageSetting{d3804c2 com.hypernova.phone/10495} BLOCKED
08-08 19:57:09.561  3009  3029 I AppsFilter: interaction: PackageSetting{e12e4b8 com.example.calculator/10442} -> PackageSetting{d3804c2 com.hypernova.phone/10495} BLOCKED
08-08 19:57:09.561  3009  3029 I AppsFilter: interaction: PackageSetting{e0ba291 com.example.test1/10436} -> PackageSetting{d3804c2 com.hypernova.phone/10495} BLOCKED
08-08 19:57:09.561  3009  3029 I AppsFilter: interaction: PackageSetting{3a295f6 com.oplus.locationproxy/10168} -> PackageSetting{d3804c2 com.hypernova.phone/10495} BLOCKED
08-08 19:57:09.561  3009  3029 I AppsFilter: interaction: PackageSetting{82efdf7 com.android.certinstaller/10211} -> PackageSetting{d3804c2 com.hypernova.phone/10495} BLOCKED
08-08 19:57:09.561  3009  3029 I AppsFilter: interaction: PackageSetting{16d9464 com.oplus.location/10225} -> PackageSetting{d3804c2 com.hypernova.phone/10495} BLOCKED
08-08 19:57:09.561  3009  3029 I AppsFilter: interaction: PackageSetting{836d6cd com.example.salarysystem/10443} -> PackageSetting{d3804c2 com.hypernova.phone/10495} BLOCKED
08-08 19:57:09.562  1435  1435 E ANDR-PERF-MPCTL: ANDR-PERF-MPCTL: internal_perf_lock_acq_verification() 388: Perflock Submit request limit reached.
08-08 19:57:09.563  3009  3029 V SensorManager: call sensorServiceCommonInterface name: setScreenShotDisable
08-08 19:57:09.566  3009  3029 D SensorServiceExtImpl: sensorServiceCommonInterface funcName = setScreenShotDisable, flag = 0, status = 0
08-08 19:57:09.569  3009  3029 I OplusHansManager : front pkg: com.hypernova.phone, uid: 10495, prev pkg: com.android.launcher, prev uid: 10198
08-08 19:57:09.568 18978 18978 I hypernova.phone: Late-enabling -Xcheck:jni
08-08 19:57:09.570  3009  3029 V SensorManager: call sensorServiceCommonInterface name: setScreenShotDisable
08-08 19:57:09.570  3009  4015 D NativeFreezeManager: freezeForAppSwitchScene mAppLaunchFzDxEnable enter, mFgAppPkgname com.hypernova.phone
08-08 19:57:09.570  3009  3029 D SensorServiceExtImpl: sensorServiceCommonInterface funcName = setScreenShotDisable, flag = 0, status = 0
08-08 19:57:09.570  3009  3538 I [UAH_CLIENT]: UahEventAcquire, cmdid:1, pkg:com.hypernova.phone, identity:com.android.server.wm
08-08 19:57:09.571  3009  3029 D ActivityTaskManager: setAppVisibility(Token{3225ce0 ActivityRecord{781d29d u0 com.hypernova.phone/.MainActivity t8085}}, visible=true): mNextAppTransitionRequests=[], mNextAppTransitionFlags=,mAppTransitionState=APP_STATE_IDLE visible=false mVisibleRequested=false
08-08 19:57:09.572  3009  3029 D ActivityTaskManager: setVisibility(Token{3225ce0 ActivityRecord{781d29d u0 com.hypernova.phone/.MainActivity t8085}}, visible=true) defer commitVisibility for transition collecting
08-08 19:57:09.572  3009  3029 V SensorManager: call sensorServiceCommonInterface name: setScreenShotDisable
08-08 19:57:09.572  3009  3029 D SensorServiceExtImpl: sensorServiceCommonInterface funcName = setScreenShotDisable, flag = 0, status = 0
08-08 19:57:09.572  3680  3837 D ShellStartingWindow: inconsize = 272
08-08 19:57:09.573  3009  3029 D ActivityTaskManager: setAppVisibility(Token{e7e5dfc ActivityRecord{31f80cd u0 com.android.launcher/.Launcher t5}}, visible=false): mNextAppTransitionRequests=[], mNextAppTransitionFlags=,mAppTransitionState=APP_STATE_IDLE visible=true mVisibleRequested=true
08-08 19:57:09.573  3009  3538 I [UAH_CLIENT]: UahEventAcquire, cmdid:1, pkg:com.hypernova.phone, identity:com.android.server.wm
08-08 19:57:09.574  3009  3029 D ActivityTaskManager: setVisibility(Token{e7e5dfc ActivityRecord{31f80cd u0 com.android.launcher/.Launcher t5}}, visible=false) defer commitVisibility for transition collecting
08-08 19:57:09.579  3680  3836 D WindowManager: Add to mViews: android.widget.FrameLayout{6982af8 V.E...... ......I. 0,0-0,0 alpha=1.0 viewInfo = },pkg= com.hypernova.phone
08-08 19:57:09.584  3680  3872 D skia    : setRusSupported enable 0
08-08 19:57:09.588  3009  3706 I Osense-BaseDecisionMaker: notifySceneToAthenaPolicy: SCENE_APP_SWITCH, bundle: Bundle[{prevPkgName=com.android.launcher, curUid=10495, curPkgName=com.hypernova.phone, prevUid=10198}]
08-08 19:57:09.588  3009  3706 I Osense-BaseDecisionMaker: scene: SCENE_APP_SWITCH, excutingPolicy: freezer
08-08 19:57:09.589  3009  4134 I OplusHansManager : onUidActive() update stay time, uid=10495, pkgName=com.hypernova.phone, U stay=91
08-08 19:57:09.589  3009  3706 D Osense-BaseDecisionMaker: invoke freezer policy,type: fast
08-08 19:57:09.605  3009  4131 I InputDispatcher: updateFocusedWindow,  on display 0, reason: NO_WINDOW, result:   FocusedWindows: <none>
08-08 19:57:09.608  4088  4088 D VRI[Launcher]: onFocusEvent false
08-08 19:57:09.613  3009  3029 D ActivityTaskManager: attachStartingWindow: mStartingData=SplashScreenStartingData{5b8f3be waitForSyncTransactionCommit=false removeAfterTransaction= 0},mStartingWindow=Window{7fdcb40 u0 Splash Screen com.hypernova.phone}
08-08 19:57:09.617  3009  3029 I WindowManager: addWindow: New client android.os.BinderProxy@e6c96c3 : window=Window{7fdcb40 u0 Splash Screen com.hypernova.phone}
08-08 19:57:09.617  3009  3029 D WindowManager: rotation(ROTATION_0) no changed  displayId = 0, lastOrientation = 1
08-08 19:57:09.621  3680  3836 D ViewRootImplExtImpl: onDisplayChanged -1 for VRI android.view.ViewRootImpl@4416110
08-08 19:57:09.626  3680  3836 D OplusShellStartingWindowManager: handleSplashScreenView: normal third app or no-default
08-08 19:57:09.627  3680  3836 E OplusBracketLog: [OplusViewMirrorManager] updateHostViewRootIfNeeded, not support android.view.ViewRootImpl@4416110
08-08 19:57:09.630  3009  3029 D CoreBackPreview: Window{7fdcb40 u0 Splash Screen com.hypernova.phone}: Setting back callback OnBackInvokedCallbackInfo{mCallback=android.window.IOnBackInvokedCallback$Stub$Proxy@cf7dc1f, mPriority=0, mIsAnimationCallback=false}
08-08 19:57:09.635  3680  3836 D ViewRootImplExtImpl: wrapConfigInfoIntoFlags rotation=0, smallestScreenWidthDp=424, relayoutAsync=false, flags=0, newFlags=27787264, residentWS=false, title=Splash Screen com.hypernova.phone
08-08 19:57:09.637  3009  4131 D WindowManagerServiceExtImpl: extractConfigInfoAndRealFlags rotation=0, screenDp=424, residentWS:0, win=Window{7fdcb40 u0 Splash Screen com.hypernova.phone}
08-08 19:57:09.638  3009  4131 V WindowManager: Relayout Window{7fdcb40 u0 Splash Screen com.hypernova.phone}: viewVisibility=0, oldvis=0, req=720x1604, vsysui=, x=0, y=0
08-08 19:57:09.638  3009  4131 I WindowManager: Window{7fdcb40 u0 Splash Screen com.hypernova.phone} state from NO_SURFACE to DRAW_PENDING; reason: resetDrawState
08-08 19:57:09.639   896   896 E lowmemorykiller: device memory 252683 free 13312 file 244364
08-08 19:57:09.639  1598  1782 D OplusLayer: setProcInfo (125206,Splash Screen com.hypernova.phone#125206,com.android.systemui,0x4578D52F)
08-08 19:57:09.645  3009  4131 D WindowManager: NFW_findFocusedWindowIfNeeded:null mCurrentFocus:Window{1f7940b u0 com.android.launcher/com.android.launcher.Launcher}
08-08 19:57:09.645 18978 18978 E hypernova.phone: Unknown bits set in runtime_flags: 0x40000000
08-08 19:57:09.645 18978 18978 I hypernova.phone: Using generational CollectorTypeCMC GC.
08-08 19:57:09.646  3009  4131 V WindowManager: Changing focus from Window{1f7940b u0 com.android.launcher/com.android.launcher.Launcher} to null,diplayid=0
08-08 19:57:09.649  3680  3680 D callGcSupression: java.lang.NullPointerException: Attempt to invoke virtual method 'java.lang.Object java.lang.reflect.Method.invoke(java.lang.Object, java.lang.Object[])' on a null object reference
08-08 19:57:09.650  3680  3836 W VRI[phone]: updateBlastSurfaceIfNeeded, surfaceSize:Point(720, 1604), lastSurfaceSize:Point(0, 0), format:-3, blastBufferQueue:null
08-08 19:57:09.650  3680  3836 D BufferQueueConsumer: [](id:e6000002e1f,api:0,p:-1,c:3680) connect: controlledByApp=false
08-08 19:57:09.652  1598  1598 E SurfaceFlinger: Out of order buffers detected for RequestedLayerState{com.android.launcher/com.android.launcher.Launcher#67442 parentId=67433} producedId=167 frameNumber=11337 -> producedId=167 frameNumber=1306
08-08 19:57:09.658 22186 22226 I adbd    : jdwp connection from 18978
08-08 19:57:09.660  3680  3872 D BufferQueueProducer: [VRI[phone]#11755(BLAST Consumer)11755](id:e6000002e1f,api:1,p:3680,c:3680) connect: api=1 producerControlledByApp=true
08-08 19:57:09.661  3680  3836 I SurfaceControl:  setExtendedRangeBrightness sc=Surface(name=Splash Screen com.hypernova.phone)/@0x330860e,currentBufferRatio=1.0,desiredRatio=1.0
08-08 19:57:09.680  3680  3872 D BLASTBufferQueue: [VRI[phone]#11755](f:0,a:1) acquireNextBufferLocked size=720x1604 mFrameNumber=1 applyTransaction=true mTimestamp=542025498383128(auto) mPendingTransactions.size=0 graphicBufferId=15805479733200 transform=0
08-08 19:57:09.681  3680  3872 D VRI[phone]: Received frameCommittedCallback lastAttemptedDrawFrameNum=1 didProduceBuffer=true syncBuffer=false
08-08 19:57:09.684  3680  3836 D VRI[phone]: draw finished. seqId=0
08-08 19:57:09.686  3680  3836 D ViewRootImplExtImpl: setMaxDequeuedBufferCount: 2
08-08 19:57:09.686  3680  3836 W VRI[phone]: handleResized, msg:, frameChanged:false, configChanged:false, displayChanged:false, attachedFrameChanged:false, compatScaleChanged:false, pendingDragResizing=false
08-08 19:57:09.687  3009  4131 D OplusTransitionController: onSyncFinishedDrawing, Window{7fdcb40 u0 Splash Screen com.hypernova.phone}
08-08 19:57:09.690  3009  4131 I WindowManager: finishDrawing skipLayout:false,syncSeqId=0,mPrepareSyncSeqId=0 Window{7fdcb40 u0 Splash Screen com.hypernova.phone} com.android.server.wm.WindowManagerService.finishDrawingWindow:3142 com.android.server.wm.Session.finishDrawing:376 android.view.IWindowSession$Stub.onTransact:815 
08-08 19:57:09.691  3009  4131 I WindowManager: Window{7fdcb40 u0 Splash Screen com.hypernova.phone} state from DRAW_PENDING to COMMIT_DRAW_PENDING; reason: finishDrawingLocked
08-08 19:57:09.691  3009  4131 D OplusTransitionAnimationManager: skipFinishDrawingIfNeed clientRotation=0, currentRotation=0, hasFixedRotationApp=false, requestedOrientation=1, win=Window{7fdcb40 u0 Splash Screen com.hypernova.phone}, activity=ActivityRecord{781d29d u0 com.hypernova.phone/.MainActivity t8085}, currentConfig={1.15 ??mcc??mnc [en_EG,ar_EG] ldltr sw424dp w424dp h944dp 272dpi nrml long port night finger -keyb/v/h -nav/h winConfig={ mBounds=Rect(0, 0 - 720, 1604) mAppBounds=Rect(0, 0 - 720, 1604) mMaxBounds=Rect(0, 0 - 720, 1604) mDisplayRotation=ROTATION_0 mWindowingMode=fullscreen mActivityType=standard mAlwaysOnTop=undefined mRotation=ROTATION_0} s.2 fontWeightAdjustment=0mThemeChanged= 0, mThemeChangedFlags= 0, mFlipFont= 0, mScenario= 0, mAccessibleChanged= -1, mUxIconConfig= 3468921665085243489, mMaterialColor= 0, mUserId= 0, mFontUserId= 0, mFontVariationSettings= 122b, mFoldingAngle = -1.0, mIconPackName= , mDarkModeBackgroundMaxL= 0.0, mDarkModeDialogBgMaxL= 27.0, mDarkModeForegroundMinL= 100.0, mOplusConfigType= 1, mOplusChangedConfigs= 0, OpSans= -1, mBurmeseFontFlag= 2, mFlag= 0, mFlexibleActivitySuitable= -1, mPuttDisplayFlag= -1}
08-08 19:57:09.694 18978 18978 D nativeloader: Load libframework-connectivity-tiramisu-jni.so using APEX ns com_android_tethering for caller /apex/com.android.tethering/javalib/framework-connectivity-t.jar: ok
08-08 19:57:09.695  3009  3075 I WindowManager: Window{7fdcb40 u0 Splash Screen com.hypernova.phone} state from COMMIT_DRAW_PENDING to READY_TO_SHOW; reason: commitFinishDrawingLocked
08-08 19:57:09.696  3009  3075 D ActivityTaskManager: onStartingWindowDrawn: app=null, mStartingData=SplashScreenStartingData{5b8f3be waitForSyncTransactionCommit=false removeAfterTransaction= 0}, finishing=false,mLaunchedFromBubble=false, mVisibleRequested=true, mDisplayContent=Display{#0 state=ON size=720x1604 ROTATION_0}, isZoomMode=false
08-08 19:57:09.698  3009  3075 D ActivityTaskManager: isStartingWindowDisplayed: data.mIsDisplayed = true, mStartingWindow.isDrawn = true
08-08 19:57:09.698  3009  3075 D ActivityTaskManager: isStartingWindowDisplayed: data.mIsDisplayed = true, mStartingWindow.isDrawn = true
08-08 19:57:09.698  3680  3872 D VRI[phone]: Received frameCommittedCallback lastAttemptedDrawFrameNum=2 didProduceBuffer=false syncBuffer=false
08-08 19:57:09.699  3680  3836 D VRI[phone]: draw finished. seqId=0
08-08 19:57:09.699  3009  3075 D ActivityTaskManager: commitVisibility: ActivityRecord{781d29d u0 com.hypernova.phone/.MainActivity t8085}: visible=true visibleRequested=true, isInTransition=true, runningAnimation=true 
08-08 19:57:09.699  3009  3075 I WindowManager: Window{7fdcb40 u0 Splash Screen com.hypernova.phone} state from READY_TO_SHOW to HAS_DRAWN; reason: performShowLocked
08-08 19:57:09.699  3009  3075 I WindowStateExtImpl: onSurfaceShowChange show = true mPackageName = com.hypernova.phone parentPkgName = com.hypernova.phone
08-08 19:57:09.700  3009  3075 E OplusAppQuickStart_AppQuickStartController: not start from launcher transition:TransitionRecord{30c8dca id=8939 track=0 type=OPEN flags=0x0 state=1}
08-08 19:57:09.700  3009  3075 D Transition: collectOrderChanges onTopTasksEnd: [Task{227eae3 #8085 type=standard A=10495:com.hypernova.phone}], reportedOnTop:null, mOnTopTasksStart: [Task{227eae3 #8085 type=standard A=10495:com.hypernova.phone}], TDA child: [Task{16cdd64 #2 type=undefined}, Task{e68fb09 #1 type=home}, Task{227eae3 #8085 type=standard A=10495:com.hypernova.phone}]
08-08 19:57:09.701  3009  3075 D OplusTransitionAnimationManager: Transition replace type from OPEN to OPEN, mNextAppTransitionRequests : [1, 1]
08-08 19:57:09.701  3009  3075 D OplusFlexibleActivityTransitionManager: fixTransitType type result:1, targets: [Task{227eae3 #8085 type=standard A=10495:com.hypernova.phone}, Task{e68fb09 #1 type=home}]
08-08 19:57:09.705  3009  3075 D OplusTransitionAnimationManager: markLaunchFromDriveIfNeed: isFromDrive = false
08-08 19:57:09.705  3009  3075 D OplusTransitionAnimationManager: markLaunchFromDriveIfNeed: isFromDrive = false
08-08 19:57:09.705  3009  3075 D QuickBackInputPolicy: resetInputInterceptState for remoteTransition
08-08 19:57:09.705  3009  3075 D OplusTransitionController: onTransactionReady, transition: 8939, 
08-08 19:57:09.705  3009  3075 D OplusTransitionController:  info: {id=8939 t=OPEN f=0x0 trk=0 r=[0@Point(0, 0)] c=[{WCT{RemoteToken{f21c258 Task{227eae3 #8085 type=standard A=10495:com.hypernova.phone}}} m=OPEN f=NONE leash=Surface(name=Task=8085)/@0x2a6bfb1 sb=Rect(0, 0 - 720, 1604) eb=Rect(0, 0 - 720, 1604) d=0 taskParent=-1},{WCT{RemoteToken{65efe7d Task{e68fb09 #1 type=home}}} m=TO_BACK f=SHOW_WALLPAPER leash=Surface(name=Task=1)/@0xc81df40 sb=Rect(0, 0 - 720, 1604) eb=Rect(0, 0 - 720, 1604) d=0 taskParent=-1}] extendInfo=[OplusTransitionExtendedInfo{mTmpFinishT=null, mInOplusCompatMode=false, mIsProcessRunning=false, mHasMismatchBoundsTarget=false, mRecentsController=null, mIsTranslucentActivityToHome=false, mAvoidInterceptKeyEventToHome=false, mIsFromHome=false, mParentLeash=null, mIsOplusAnimRes=false, mIsFromOverlay=false, mIsBalAllow=true, mTaskNotInRecent=false, mIsLaunchFromSpruce=false, mIsLaunchFromDrive=false, mAssistScreenShowing=false, mAbortTransitionOnShell=false, mUserIdTransition=0, mInRemoteScene=false, mInPreReady=false, mToken=null, mShellApplyToken=null, mRequestTransitionTaskId=8085, mAnimStartingPosition=[0, 0, 0, 0], mIsOpeningStkDialogActivity=false}]}, 
08-08 19:57:09.705  3009  3075 D OplusTransitionController:  targets : [Task{227eae3 #8085 type=standard A=10495:com.hypernova.phone}, Task{e68fb09 #1 type=home}], 
08-08 19:57:09.705  3009  3075 D OplusTransitionController:  participants: {Task{227eae3 #8085 type=standard A=10495:com.hypernova.phone}, ActivityRecord{31f80cd u0 com.android.launcher/.Launcher t5}, WallpaperWindowToken{44e2a24 token=android.os.Binder@c86e6 showWhenLocked=false}, ActivityRecord{781d29d u0 com.hypernova.phone/.MainActivity t8085}, WallpaperWindowToken{b66c5a6 token=android.os.Binder@350040e showWhenLocked=true}}, 
08-08 19:57:09.705  3009  3075 D OplusTransitionController:  playings:[TransitionRecord{30c8dca id=8939 track=0 type=OPEN flags=0x0 state=2}]
08-08 19:57:09.709  3009  3071 V WindowManager: Sent Transition (#8939) createdAt=08-08 19:57:09.393 via request=TransitionRequestInfo { type = OPEN, triggerTask = TaskInfo{userId=0 taskId=8085 displayId=0 isRunning=true baseIntent=Intent { act=com.hypernova.phone.action.OPEN flg=0x10000000 pkg=com.hypernova.phone cmp=com.hypernova.phone/.MainActivity mCallingUid=2000 } baseActivity=ComponentInfo{com.hypernova.phone/com.hypernova.phone.MainActivity} topActivity=ComponentInfo{com.hypernova.phone/com.hypernova.phone.MainActivity} origActivity=null realActivity=ComponentInfo{com.hypernova.phone/com.hypernova.phone.MainActivity} numActivities=1 lastActiveTime=894925440 supportsSplitScreenMultiWindow=true supportsMultiWindow=true supportsPocketStudioMultiWindow=true isInFlexibleEmbedded = false uid = 10495 pid = 0 resizeMode=1 isResizeable=true minWidth=-1 minHeight=-1 defaultMinSize=220 token=WCT{RemoteToken{f21c258 Task{227eae3 #8085 type=standard A=10495:com.hypernova.phone}}} topActivityType=1 pictureInPictureParams=null shouldDockBigOverlays=false launchIntoPipHostTaskId=-1 lastParentTaskIdBeforePip=-1 displayCutoutSafeInsets=Rect(0, 65 - 0, 0) topActivityInfo=ActivityInfo{8b6a5ed com.hypernova.phone.MainActivity} launchCookies=[] positionInParent=Point(0, 0) parentTaskId=-1 isFocused=false isVisible=false isVisibleRequested=false isSleeping=false locusId=null displayAreaFeatureId=1 isTopActivityTransparent=false appCompatTaskInfo=AppCompatTaskInfo { topActivityInSizeCompat=false topActivityInOplusCompatMode=false topActivityEligibleForLetterboxEducation= falseisLetterboxEducationEnabled= false isLetterboxDoubleTapEnabled= false topActivityEligibleForUserAspectRatioButton= false topActivityBoundsLetterboxed= false isFromLetterboxDoubleTap= false topActivityLetterboxVerticalPosition= -1 topActivityLetterboxHorizontalPosition= -1 topActivityLetterboxWidth=720 topActivityLetterboxHeight=1604 isUserFullscreenOverrideEnabled=false isSystemFullscreenOverrideEnabled=false cameraCompatTaskInfo=CameraCompatTaskInfo { cameraCompatControlState=hidden freeformCameraCompatMode=inactive}} topActivityLetterboxInsets=Rect(0, 0 - 0, 0) mOplusExtraBundle = Bundle[{androidx.flexible.taskFrame=Rect(0, 0 - 0, 0), key_flexible_task_state=0, androidx.activity.LaunchScenario=0, androidx.activity.LaunchScale=1.0}]}, pipTask = null, remoteTransition = null, displayChange = null, flags = 0, debugId = 8939 }
08-08 19:57:09.710  3009  3071 V WindowManager:     startWCT=WindowContainerTransaction { changes = {} hops = [] errorCallbackToken=null taskFragmentOrganizer=null }
08-08 19:57:09.710  3009  3071 V WindowManager:     info={id=8939 t=OPEN f=0x0 trk=0 r=[0@Point(0, 0)] c=[
08-08 19:57:09.710  3009  3071 V WindowManager:         {WCT{RemoteToken{f21c258 Task{227eae3 #8085 type=standard A=10495:com.hypernova.phone}}} m=OPEN f=NONE leash=Surface(name=Task=8085)/@0x2a6bfb1 sb=Rect(0, 0 - 720, 1604) eb=Rect(0, 0 - 720, 1604) d=0 taskParent=-1},
08-08 19:57:09.710  3009  3071 V WindowManager:         {WCT{RemoteToken{65efe7d Task{e68fb09 #1 type=home}}} m=TO_BACK f=SHOW_WALLPAPER leash=Surface(name=Task=1)/@0xc81df40 sb=Rect(0, 0 - 720, 1604) eb=Rect(0, 0 - 720, 1604) d=0 taskParent=-1}
08-08 19:57:09.710  3009  3071 V WindowManager:     ] extendInfo=[OplusTransitionExtendedInfo{mTmpFinishT=null, mInOplusCompatMode=false, mIsProcessRunning=false, mHasMismatchBoundsTarget=false, mRecentsController=null, mIsTranslucentActivityToHome=false, mAvoidInterceptKeyEventToHome=false, mIsFromHome=false, mParentLeash=null, mIsOplusAnimRes=false, mIsFromOverlay=false, mIsBalAllow=true, mTaskNotInRecent=false, mIsLaunchFromSpruce=false, mIsLaunchFromDrive=false, mAssistScreenShowing=false, mAbortTransitionOnShell=false, mUserIdTransition=0, mInRemoteScene=false, mInPreReady=false, mToken=null, mShellApplyToken=null, mRequestTransitionTaskId=8085, mAnimStartingPosition=[0, 0, 0, 0], mIsOpeningStkDialogActivity=false}]}
08-08 19:57:09.711  3009  3075 D callGcDesupression: java.lang.NullPointerException: Attempt to invoke virtual method 'java.lang.Object java.lang.reflect.Method.invoke(java.lang.Object, java.lang.Object[])' on a null object reference
08-08 19:57:09.711  3680  4678 V WindowManagerShell: onTransitionReady(transaction=12923557486388)
08-08 19:57:09.712  3680  3753 V WindowManagerShell: onTransitionReady (#8939) android.os.BinderProxy@afe9074: {id=8939 t=OPEN f=0x0 trk=0 r=[0@Point(0, 0)] c=[{WCT{android.window.IWindowContainerToken$Stub$Proxy@8372e40} m=OPEN f=NONE leash=Surface(name=Task=8085)/@0x5c59a7d sb=Rect(0, 0 - 720, 1604) eb=Rect(0, 0 - 720, 1604) d=0 taskParent=-1},{WCT{android.window.IWindowContainerToken$Stub$Proxy@5166179} m=TO_BACK f=SHOW_WALLPAPER leash=Surface(name=Task=1)/@0x3e30d72 sb=Rect(0, 0 - 720, 1604) eb=Rect(0, 0 - 720, 1604) d=0 taskParent=-1}] extendInfo=[OplusTransitionExtendedInfo{mTmpFinishT=null, mInOplusCompatMode=false, mIsProcessRunning=false, mHasMismatchBoundsTarget=false, mRecentsController=null, mIsTranslucentActivityToHome=false, mAvoidInterceptKeyEventToHome=false, mIsFromHome=false, mParentLeash=null, mIsOplusAnimRes=false, mIsFromOverlay=false, mIsBalAllow=true, mTaskNotInRecent=false, mIsLaunchFromSpruce=false, mIsLaunchFromDrive=false, mAssistScreenShowing=false, mAbortTransitionOnShell=false, mUserIdTransition=0, mInRemoteScene=false, mInPreReady=false, mToken=null, mShellApplyToken=null, mRequestTransitionTaskId=8085, mAnimStartingPosition=[0, 0, 0, 0], mIsOpeningStkDialogActivity=false}]}
08-08 19:57:09.712  3680  3753 D OplusShellTransition: dispatchReady, active:(#8939) android.os.BinderProxy@afe9074@0, isSync=false, track:com.android.wm.shell.transition.Transitions$Track@401a0d7
08-08 19:57:09.713 18978 18978 D OplusActivityThreadExtImpl: java.lang.NoSuchMethodException: dalvik.system.VMRuntime.SupressionGC [int, int]
08-08 19:57:09.717  3009  3075 D WindowManager: setFrameRateStart invalid typeId return!
08-08 19:57:09.717  3680  3753 V WindowManagerShell: Playing animation for (#8939) android.os.BinderProxy@afe9074@0
08-08 19:57:09.718  3680  3753 V WindowManagerShell:  try handler com.android.wm.shell.transition.DefaultMixedHandler@fd2dc4
08-08 19:57:09.718 18978 18978 W libc    : Access denied finding property "persist.vendor.sys.activitylog"
08-08 19:57:09.718  3680  3753 V WindowManagerShell:  try handler com.android.wm.shell.keyguard.KeyguardTransitionHandler@95664ad
08-08 19:57:09.718  3680  3753 V WindowManagerShell:  try handler com.android.wm.shell.activityembedding.ActivityEmbeddingController@5a89ebb
08-08 19:57:09.718  3680  3753 V WindowManagerShell:  try handler com.android.wm.shell.recents.RecentsTransitionHandler@8cabfd8
08-08 19:57:09.718  3680  3753 V ShellRecents: RecentsTransitionHandler.startAnimation: no controller found
08-08 19:57:09.718  3680  3753 V WindowManagerShell:  try handler com.oplus.zoom.transition.ZoomTransitionController@dd7af31
08-08 19:57:09.718  3680  3753 V WindowManagerShell:  try handler com.android.wm.shell.pip.PipTransition@d1cb616
08-08 19:57:09.719 18978 18978 I OneTrace: Mark active for pid=18978? true
08-08 19:57:09.719 18978 18978 D cutils-dev: otrace_set_tracing_enabled? true tag:0
08-08 19:57:09.719 18978 18986 D cutils-dev: properties changed in otrace_seq_number_changed!
08-08 19:57:09.720  3009  3075 D WindowManager: setFrameRateStart invalid typeId return!
08-08 19:57:09.720  3680  3753 V WindowManagerShell:  try handler com.android.wm.shell.splitscreen.StageCoordinator@fb86b97
08-08 19:57:09.722  3009  3075 D FlexibleWindowManagerService: onFlexibleWindowTaskAppeared: task = 8085
08-08 19:57:09.722  3009  3075 D OplusFlexibleWindowMinimizedManagerHelper: onTaskAppered taskInfo:8085
08-08 19:57:09.722  3009  3075 D OplusFlexibleDragToSplitAnimController: visibleFlexibleTaskInfos delete:8085
08-08 19:57:09.722  3680  3753 V WindowManagerShell:  try handler com.oplus.flexibleactivity.FlexibleActivityTransitionHandler@180184
08-08 19:57:09.722  3680  3753 V WindowManagerShell:  try handler com.android.wm.shell.flexiblewindow.FlexibleWindowTransitionHandler@ac70d6d
08-08 19:57:09.723  3680  3753 V WindowManagerShell:  try handler OnePuttTransitionHandler
08-08 19:57:09.723  3680  3753 D OnePuttTransitionHandler:  startAnimation= android.os.BinderProxy@afe9074 startTransaction= android.view.SurfaceControl$Transaction@8d08ebe finishTransaction= android.view.SurfaceControl$Transaction@13edb1f finishCallback= com.android.wm.shell.transition.Transitions$$ExternalSyntheticLambda8@780ee6c TransitionInfo ={id=8939 t=OPEN f=0x0 trk=0 r=[0@Point(0, 0)] c=[{WCT{android.window.IWindowContainerToken$Stub$Proxy@8372e40} m=OPEN f=NONE leash=Surface(name=Task=8085)/@0x5c59a7d sb=Rect(0, 0 - 720, 1604) eb=Rect(0, 0 - 720, 1604) d=0 taskParent=-1},{WCT{android.window.IWindowContainerToken$Stub$Proxy@5166179} m=TO_BACK f=SHOW_WALLPAPER leash=Surface(name=Task=1)/@0x3e30d72 sb=Rect(0, 0 - 720, 1604) eb=Rect(0, 0 - 720, 1604) d=0 taskParent=-1}] extendInfo=[OplusTransitionExtendedInfo{mTmpFinishT=null, mInOplusCompatMode=false, mIsProcessRunning=false, mHasMismatchBoundsTarget=false, mRecentsController=null, mIsTranslucentActivityToHome=false, mAvoidInterceptKeyEventToHome=false, mIsFromHome=false, mParentLeash=null, mIsOplusAnimRes=false, mIsFromOverlay=false, mIsBalAllow=true, mTaskNotInRecent=false, mIsLaunchFromSpruce=false, mIsLaunchFromDrive=false, mAssistScreenShowing=false, mAbortTransitionOnShell=false, mUserIdTransition=0, mInRemoteScene=false, mInPreReady=false, mToken=null, mShellApplyToken=null, mRequestTransitionTaskId=8085, mAnimStartingPosition=[0, 0, 0, 0], mIsOpeningStkDialogActivity=false}]}
08-08 19:57:09.723  3009  3029 D OplusTransitionAnimationManager: skipFinishDrawingIfNeed clientRotation=0, currentRotation=0, hasFixedRotationApp=false, requestedOrientation=1, win=Window{7fdcb40 u0 Splash Screen com.hypernova.phone}, activity=ActivityRecord{781d29d u0 com.hypernova.phone/.MainActivity t8085}, currentConfig={1.15 ??mcc??mnc [en_EG,ar_EG] ldltr sw424dp w424dp h944dp 272dpi nrml long port night finger -keyb/v/h -nav/h winConfig={ mBounds=Rect(0, 0 - 720, 1604) mAppBounds=Rect(0, 0 - 720, 1604) mMaxBounds=Rect(0, 0 - 720, 1604) mDisplayRotation=ROTATION_0 mWindowingMode=fullscreen mActivityType=standard mAlwaysOnTop=undefined mRotation=ROTATION_0} s.2 fontWeightAdjustment=0mThemeChanged= 0, mThemeChangedFlags= 0, mFlipFont= 0, mScenario= 0, mAccessibleChanged= -1, mUxIconConfig= 3468921665085243489, mMaterialColor= 0, mUserId= 0, mFontUserId= 0, mFontVariationSettings= 122b, mFoldingAngle = -1.0, mIconPackName= , mDarkModeBackgroundMaxL= 0.0, mDarkModeDialogBgMaxL= 27.0, mDarkModeForegroundMinL= 100.0, mOplusConfigType= 1, mOplusChangedConfigs= 0, OpSans= -1, mBurmeseFontFlag= 2, mFlag= 0, mFlexibleActivitySuitable= -1, mPuttDisplayFlag= -1}
08-08 19:57:09.723  3680  3753 V WindowManagerShell:  try handler com.android.wm.shell.flexibletask.FlexibleTaskTransitionHandler@3d41369
08-08 19:57:09.723  3680  3753 D FlexibleTaskTransitionHandler:  performAnimation transition:android.os.BinderProxy@afe9074 ,info:{id=8939 t=OPEN f=0x0 trk=0 r=[0@Point(0, 0)] c=[{WCT{android.window.IWindowContainerToken$Stub$Proxy@8372e40} m=OPEN f=NONE leash=Surface(name=Task=8085)/@0x5c59a7d sb=Rect(0, 0 - 720, 1604) eb=Rect(0, 0 - 720, 1604) d=0 taskParent=-1},{WCT{android.window.IWindowContainerToken$Stub$Proxy@5166179} m=TO_BACK f=SHOW_WALLPAPER leash=Surface(name=Task=1)/@0x3e30d72 sb=Rect(0, 0 - 720, 1604) eb=Rect(0, 0 - 720, 1604) d=0 taskParent=-1}] extendInfo=[OplusTransitionExtendedInfo{mTmpFinishT=null, mInOplusCompatMode=false, mIsProcessRunning=false, mHasMismatchBoundsTarget=false, mRecentsController=null, mIsTranslucentActivityToHome=false, mAvoidInterceptKeyEventToHome=false, mIsFromHome=false, mParentLeash=null, mIsOplusAnimRes=false, mIsFromOverlay=false, mIsBalAllow=true, mTaskNotInRecent=false, mIsLaunchFromSpruce=false, mIsLaunchFromDrive=false, mAssistScreenShowing=false, mAbortTransitionOnShell=false, mUserIdTransition=0, mInRemoteScene=false, mInPreReady=false, mToken=null, mShellApplyToken=null, mRequestTransitionTaskId=8085, mAnimStartingPosition=[0, 0, 0, 0], mIsOpeningStkDialogActivity=false}]}
08-08 19:57:09.723  3680  3753 D FlexibleTaskTransitionHandler:  no need handler this transitionInfo: {id=8939 t=OPEN f=0x0 trk=0 r=[0@Point(0, 0)] c=[{WCT{android.window.IWindowContainerToken$Stub$Proxy@8372e40} m=OPEN f=NONE leash=Surface(name=Task=8085)/@0x5c59a7d sb=Rect(0, 0 - 720, 1604) eb=Rect(0, 0 - 720, 1604) d=0 taskParent=-1},{WCT{android.window.IWindowContainerToken$Stub$Proxy@5166179} m=TO_BACK f=SHOW_WALLPAPER leash=Surface(name=Task=1)/@0x3e30d72 sb=Rect(0, 0 - 720, 1604) eb=Rect(0, 0 - 720, 1604) d=0 taskParent=-1}] extendInfo=[OplusTransitionExtendedInfo{mTmpFinishT=null, mInOplusCompatMode=false, mIsProcessRunning=false, mHasMismatchBoundsTarget=false, mRecentsController=null, mIsTranslucentActivityToHome=false, mAvoidInterceptKeyEventToHome=false, mIsFromHome=false, mParentLeash=null, mIsOplusAnimRes=false, mIsFromOverlay=false, mIsBalAllow=true, mTaskNotInRecent=false, mIsLaunchFromSpruce=false, mIsLaunchFromDrive=false, mAssistScreenShowing=false, mAbortTransitionOnShell=false, mUserIdTransition=0, mInRemoteScene=false, mInPreReady=false, mToken=null, mShellApplyToken=null, mRequestTransitionTaskId=8085, mAnimStartingPosition=[0, 0, 0, 0], mIsOpeningStkDialogActivity=false}]}
08-08 19:57:09.723  3680  3753 V WindowManagerShell:  try handler com.android.wm.shell.transition.RemoteTransitionHandler@2ca00ef
08-08 19:57:09.723  3680  3753 V WindowManagerShell: Transition doesn't have explicit remote, search filters for match for {id=8939 t=OPEN f=0x0 trk=0 r=[0@Point(0, 0)] c=[{WCT{android.window.IWindowContainerToken$Stub$Proxy@8372e40} m=OPEN f=NONE leash=Surface(name=Task=8085)/@0x5c59a7d sb=Rect(0, 0 - 720, 1604) eb=Rect(0, 0 - 720, 1604) d=0 taskParent=-1},{WCT{android.window.IWindowContainerToken$Stub$Proxy@5166179} m=TO_BACK f=SHOW_WALLPAPER leash=Surface(name=Task=1)/@0x3e30d72 sb=Rect(0, 0 - 720, 1604) eb=Rect(0, 0 - 720, 1604) d=0 taskParent=-1}] extendInfo=[OplusTransitionExtendedInfo{mTmpFinishT=null, mInOplusCompatMode=false, mIsProcessRunning=false, mHasMismatchBoundsTarget=false, mRecentsController=null, mIsTranslucentActivityToHome=false, mAvoidInterceptKeyEventToHome=false, mIsFromHome=false, mParentLeash=null, mIsOplusAnimRes=false, mIsFromOverlay=false, mIsBalAllow=true, mTaskNotInRecent=false, mIsLaunchFromSpruce=false, mIsLaunchFromDrive=false, mAssistScreenShowing=false, mAbortTransitionOnShell=false, mUserIdTransition=0, mInRemoteScene=false, mInPreReady=false, mToken=null, mShellApplyToken=null, mRequestTransitionTaskId=8085, mAnimStartingPosition=[0, 0, 0, 0], mIsOpeningStkDialogActivity=false}]}
08-08 19:57:09.726  3680  3753 V WindowManagerShell:  Checking filter Pair{{types=[] flags=0x0] notFlags=0x100 checks=[{atype=home independent=true modes=[OPEN,TO_FRONT] flags=NONE mustBeTask=false order=TOP topActivity=ComponentInfo{com.android.launcher/com.android.launcher.Launcher} launchCookie=null},{atype=standard independent=true modes=[CLOSE,TO_BACK] flags=NONE mustBeTask=false order=ANY topActivity=null launchCookie=null}]} RemoteTransition { remoteTransition = android.window.IRemoteTransition$Stub$Proxy@f2155c5, recentAnimRunner = null, appThread = android.app.IApplicationThread$Stub$Proxy@4b1bb1a, debugName = QuickstepLaunchHome }}
08-08 19:57:09.727  3680  3753 V WindowManagerShell:  Delegate animation for (#8939) to null
08-08 19:57:09.727  3680  3753 V WindowManagerShell:  try handler com.android.wm.shell.transition.DefaultTransitionHandler@b6c71ee
08-08 19:57:09.727  3680  3753 V WindowManagerShell: start default transition animation, info = {id=8939 t=OPEN f=0x0 trk=0 r=[0@Point(0, 0)] c=[{WCT{android.window.IWindowContainerToken$Stub$Proxy@8372e40} m=OPEN f=NONE leash=Surface(name=Task=8085)/@0x5c59a7d sb=Rect(0, 0 - 720, 1604) eb=Rect(0, 0 - 720, 1604) d=0 taskParent=-1},{WCT{android.window.IWindowContainerToken$Stub$Proxy@5166179} m=TO_BACK f=SHOW_WALLPAPER leash=Surface(name=Task=1)/@0x3e30d72 sb=Rect(0, 0 - 720, 1604) eb=Rect(0, 0 - 720, 1604) d=0 taskParent=-1}] extendInfo=[OplusTransitionExtendedInfo{mTmpFinishT=null, mInOplusCompatMode=false, mIsProcessRunning=false, mHasMismatchBoundsTarget=false, mRecentsController=null, mIsTranslucentActivityToHome=false, mAvoidInterceptKeyEventToHome=false, mIsFromHome=false, mParentLeash=null, mIsOplusAnimRes=false, mIsFromOverlay=false, mIsBalAllow=true, mTaskNotInRecent=false, mIsLaunchFromSpruce=false, mIsLaunchFromDrive=false, mAssistScreenShowing=false, mAbortTransitionOnShell=false, mUserIdTransition=0, mInRemoteScene=false, mInPreReady=false, mToken=null, mShellApplyToken=null, mRequestTransitionTaskId=8085, mAnimStartingPosition=[0, 0, 0, 0], mIsOpeningStkDialogActivity=false}]}
08-08 19:57:09.732  4088  4255 I SystemUiProxy: SystemUiProxy#getRecentTasks isInGoRecentsAnim: false
08-08 19:57:09.735  3680  3753 W OplusShellTransition: no system app in targets, skip loading oplus animation.
08-08 19:57:09.739  3680  3753 V WindowManagerShell: loadAnimation: anim=android.view.animation.AnimationSet@5dc6b1 animAttr=0x13 type=OPEN isEntrance=false
08-08 19:57:09.740   896   896 E lowmemorykiller: device memory 246387 free 7485 file 243907
08-08 19:57:09.746  3009  3603 E OplusUIFirst_TS: Failed to connect bpf bin: -1
08-08 19:57:09.749  3009  3249 W UserManagerService: Requested status bar icon for non-badged user 0
08-08 19:57:09.749  3009  3029 D RGBNormalizeServer: OplusRGBNormalize feature enabled ? false
08-08 19:57:09.749  3009  3029 D ResourcesManagerCache: For package com.hypernova.phone we got cacheList [null] appInfoExt is null ? false hasFeature ? false
08-08 19:57:09.754  3009  3603 E OplusUIFirst_TS: Failed to connect bpf bin: -1
08-08 19:57:09.754  3009  3603 E OplusUIFirst_TS: Failed to connect bpf bin: -1
08-08 19:57:09.761  3680  3753 D OplusShellTransition: default transition handler transfer value refresh rate rect:Rect(0, 0 - 720, 1604)
08-08 19:57:09.761  3009  3029 D WindowManager: rotation(ROTATION_0) no changed  displayId = 0, lastOrientation = 1
08-08 19:57:09.762  3009  3029 I TaskOrganizerController: onTaskInfoChanged taskid 8085 config { mBounds=Rect(0, 0 - 720, 1604) mAppBounds=Rect(0, 0 - 720, 1604) mMaxBounds=Rect(0, 0 - 720, 1604) mDisplayRotation=ROTATION_0 mWindowingMode=fullscreen mActivityType=standard mAlwaysOnTop=undefined mRotation=ROTATION_0}
08-08 19:57:09.763  3009  3029 D OplusFlexibleWindowMinimizedManagerHelper: onTaskInfoChanged taskInfo:TaskInfo{userId=0 taskId=8085 displayId=0 isRunning=true baseIntent=Intent { act=com.hypernova.phone.action.OPEN flg=0x10000000 pkg=com.hypernova.phone cmp=com.hypernova.phone/.MainActivity mCallingUid=2000 } baseActivity=ComponentInfo{com.hypernova.phone/com.hypernova.phone.MainActivity} topActivity=ComponentInfo{com.hypernova.phone/com.hypernova.phone.MainActivity} origActivity=null realActivity=ComponentInfo{com.hypernova.phone/com.hypernova.phone.MainActivity} numActivities=1 lastActiveTime=894925440 supportsSplitScreenMultiWindow=true supportsMultiWindow=true supportsPocketStudioMultiWindow=true isInFlexibleEmbedded = false uid = 10495 pid = 18978 resizeMode=1 isResizeable=true minWidth=-1 minHeight=-1 defaultMinSize=220 token=WCT{RemoteToken{f21c258 Task{227eae3 #8085 type=standard A=10495:com.hypernova.phone}}} topActivityType=1 pictureInPictureParams=null shouldDockBigOverlays=false launchIntoPipHostTaskId=-1 lastParentTaskIdBeforePip=-1 displayCutoutSafeInsets=null topActivityInfo=ActivityInfo{8b6a5ed com.hypernova.phone.MainActivity} launchCookies=[] positionInParent=Point(0, 0) parentTaskId=-1 isFocused=false isVisible=true isVisibleRequested=true isSleeping=false locusId=null displayAreaFeatureId=1 isTopActivityTransparent=false appCompatTaskInfo=AppCompatTaskInfo { topActivityInSizeCompat=false topActivityInOplusCompatMode=false topActivityEligibleForLetterboxEducation= falseisLetterboxEducationEnabled= false isLetterboxDoubleTapEnabled= false topActivityEligibleForUserAspectRatioButton= false topActivityBoundsLetterboxed= false isFromLetterboxDoubleTap= false topActivityLetterboxVerticalPosition= -1 topActivityLetterboxHorizontalPosition= -1 topActivityLetterboxWidth=720 topActivityLetterboxHeight=1604 isUserFullscreenOverrideEnabled=false isSystemFullscreenOverrideEnabled=false cameraCompatTaskInfo=CameraCompatTaskInfo { cameraCompatControlState=hidden freeformCameraCompatMode=inactive}} topActivityLetterboxInsets=Rect(0, 0 - 0, 0) mOplusExtraBundle = Bundle[{androidx.flexible.taskFrame=Rect(0, 0 - 0, 0), key_flexible_task_state=0, androidx.activity.LaunchScenario=0, androidx.activity.LaunchScale=1.0}]} task:Task{227eae3 #8085 type=standard A=10495:com.hypernova.phone}
08-08 19:57:09.763  3009  3029 D OplusFlexibleDragToSplitAnimController: visibleFlexibleTaskInfos delete:8085
08-08 19:57:09.764  3009  3029 D OplusDexOptimizeManager: pkgSetting null!
08-08 19:57:09.764  3009  3029 D OplusCameraStartupOptimization: cameraPreopenIfNeed, r = ActivityRecord{781d29d u0 com.hypernova.phone/.MainActivity t8085}
08-08 19:57:09.764  3009  3029 D OplusCameraStartupOptimization: needOptimizeForCamera bNeedOptimize:false clsName: com.hypernova.phone/.MainActivity
08-08 19:57:09.765  5345 29479 D OplusAtlas.OplusAtlasEventDispatch: setEvent:atlas_event_on_foreground_activities_changed info:pid:18978,uid:10495,hasForegroundActivities:1
08-08 19:57:09.767  3009  3089 I UserAwareMgr: handleTopAppChanged: com.hypernova.phone, pid: 18978, uid: 10495
08-08 19:57:09.767  3979  4433 I ProcessManager: onForegroundActivitiesChanged pid:18978, uid:10495, foregroundActivities:true
08-08 19:57:09.767  3009  3029 D ActivityTaskManager: onWindowFocusChanged Task{227eae3 #8085 type=standard A=10495:com.hypernova.phone} would transfer to compact
08-08 19:57:09.767  3009  3029 I InputDispatcher: setFocusedApplication displayId=0 ActivityRecord{781d29d u0 com.hypernova.phone/.MainActivity t8085}
08-08 19:57:09.767  3009  3029 D ActivityTaskManager: NFW_setLastResumedActivityUncheckLocked:true r:ActivityRecord{781d29d u0 com.hypernova.phone/.MainActivity t8085} currentFocus:null
08-08 19:57:09.768 18978 18993 D OplusAppHeapManager: java.lang.NoSuchMethodException: dalvik.system.VMRuntime.updateProcessValue [int, int, int]
08-08 19:57:09.768  3009  3029 D WindowManager: NFW_findFocusedWindowIfNeeded:null mCurrentFocus:null
08-08 19:57:09.768  3009  3029 D FlexibleTaskController: onTaskFocusChanged prevTask:Task{7b50eef #5 type=home I=com.android.launcher/.Launcher} ,currentTask:Task{227eae3 #8085 type=standard A=10495:com.hypernova.phone}, reason: realStartActivityLocked - onActivityStateChanged
08-08 19:57:09.768  3009  3029 D OplusFlexibleDCSManager: onNextPkgChanged pkg = com.hypernova.phone
08-08 19:57:09.769  3979  4303 E PackageUidManager: pkgs is empty for uid 10495
08-08 19:57:09.769  3009  3029 I OplusAppSwitchManagerService: appswitch hasProcess ActivityRecord{781d29d u0 com.hypernova.phone/.MainActivity t8085}
08-08 19:57:09.769  3009  3029 D OplusAppStartupConfigExt: ActivityChangedListener prePkg = com.android.launcher  nextPkg = com.hypernova.phone
08-08 19:57:09.769  3009  3029 I OplusJoystickManager: handleApplicationSwitch deprecated!
08-08 19:57:09.769  3009  3538 I [UAH_CLIENT]: UahEventAcquire, cmdid:0, pkg:com.hypernova.phone, identity:com.android.server.wm
08-08 19:57:09.769  3009  3029 I OplusAppSwitchManagerService: appswitch hasProcess ActivityRecord{781d29d u0 com.hypernova.phone/.MainActivity t8085}
08-08 19:57:09.771  3680  3753 W OplusShellTransition: no system app in targets, skip loading oplus animation.
08-08 19:57:09.773  5345  8814 D OplusAtlas.OplusAudioScene: callback success event:atlas_event_on_foreground_activities_changed eventInfo:pid:18978,uid:10495,hasForegroundActivities:1
08-08 19:57:09.773  5345  8816 D OplusAtlas.OplusMessageHandler: handleMessage: Msg { when=0 what=0 obj=com.oplus.atlas.OplusAtlasEvent@5128652 target=com.oplus.atlas.OplusMessageHandler$MyHandler }
08-08 19:57:09.774  5345  8991 D OplusAtlas.OplusMessageHandler: handleMessage: Msg { when=-1ms what=2 obj=com.oplus.atlas.OplusAtlasEvent@5128652 target=com.oplus.atlas.OplusMessageHandler$MyHandler }
08-08 19:57:09.780  3009  4177 D OplusWifiPower_TriggerCenter: mComponentCallback: fgapplist
08-08 19:57:09.781  3009  4177 D OplusAppSwitchListener: Detect com.android.launcher switch to background
08-08 19:57:09.781  3009  4177 D OplusFeatureReduceBrightness: onAppExit , info = com.android.launcher
08-08 19:57:09.781  3009  4177 D OplusEapManager: mTargetExitName :com.android.launcher
08-08 19:57:09.784  3009  3142 D VRR [OPlusRefreshRateService]: handleFrontAppChange pkgName: null
08-08 19:57:09.783  3979  4433 D RunningProcessManager: update process info end, cost(ms) = 4
08-08 19:57:09.784  3680  3753 V WindowManagerShell: loadAnimation: anim=android.view.animation.AnimationSet@8571ced animAttr=0x12 type=OPEN isEntrance=true
08-08 19:57:09.785  3680  3753 D OplusShellTransition: default transition handler transfer value refresh rate rect:Rect(0, 0 - 720, 1604)
08-08 19:57:09.786  3680  3680 I OplusCharge--: OplusChargeAnimImpl-->updateChargeAnimState , state : cancel charge anim, reason : launcher gone
08-08 19:57:09.786  3680  3680 I OplusCharge--: OplusChargeAnimImpl-->allowWaterWave = false, isChargingAnimShow = false, isHighAnimLevel = false
08-08 19:57:09.786  3680  3680 I OplusCharge--: OplusChargeAnimImpl-->clearChargeAnim , reason : launcher gone,chargeAnimLayoutVfx : null, frameChargeLayout: null, this: com.oplus.charge.viewmodel.OplusChargeAnimImpl@49260a8
08-08 19:57:09.785  3610 27606 V DCSEX-AppSwitchManager: OnAppSwitchObserver: onAppExit, resuming = com.hypernova.phone, target = com.android.launcher, is ResumingFirstStart =  true, is ResumingMultiApp =  false, extensionInfo =  Bundle[mParcelledData.dataSize=128]
08-08 19:57:09.789  3680  3753 V WindowManagerShell:  animated by com.android.wm.shell.transition.DefaultTransitionHandler@b6c71ee
08-08 19:57:09.789  3680  3753 D OplusShellTransition: dispatchTransition, animated mHandler: com.android.wm.shell.transition.DefaultTransitionHandler@b6c71ee
08-08 19:57:09.790  3680  3680 I SystemUi--Keyguard: ChargingAnimationImpl-->onAnimStateChanged , mChargeState : 4 , isScreenOn : true , mStateChanged : false , isGoingToSleep : false
08-08 19:57:09.790  1479  1567 D BatteryChargeControl: bcc get no support from charging protocol
08-08 19:57:09.792  3009  4177 D OplusAppSwitchListener: Detect com.hypernova.phone switch to foreground
08-08 19:57:09.793  3009  4177 D OplusFeatureRiderMode: onAppEnter , info = com.hypernova.phone
08-08 19:57:09.793  3979  4433 D RunningProcessManager: dispatch process change end, cost(ms) = 0
08-08 19:57:09.794  3979  4433 I RunningProcessManager: onProcessAdded: pid = 17917
08-08 19:57:09.794  3979  4433 I RunningProcessManager: onProcessAdded: pid = 18040
08-08 19:57:09.794  3979  4433 I RunningProcessManager: onProcessAdded: pid = 18230
08-08 19:57:09.794  3979  4433 I RunningProcessManager: onProcessAdded: pid = 18311
08-08 19:57:09.794  3979  4433 I RunningProcessManager: onProcessAdded: pid = 18512
08-08 19:57:09.794  3979  4433 I RunningProcessManager: onProcessAdded: pid = 18729
08-08 19:57:09.794  3979  4433 I RunningProcessManager: onProcessAdded: pid = 18814
08-08 19:57:09.794  3979  4433 I RunningProcessManager: onProcessAdded: pid = 18853
08-08 19:57:09.794  3979  4433 I RunningProcessManager: onProcessAdded: pid = 18978
08-08 19:57:09.794  3979  4433 I RunningProcessManager: onUidSilent: uid = 10164
08-08 19:57:09.795  3009  3105 E OplusThermalStats: Error getting package info: com.hypernova.phone
08-08 19:57:09.795  3009  4177 D OplusEapManager: mTargetEnterName :com.hypernova.phone
08-08 19:57:09.795  3009  4177 D OplusLatencyOptimizerManager: enter pkg: com.hypernova.phone isPrevBlackAppTop: false mIsBlackAppTop: false
08-08 19:57:09.795  3009  4177 D VRR [OPlusFrontAppManager]: OnAppSwitchObserver: onAppEnter , info.targetName = com.hypernova.phone
08-08 19:57:09.795 18978 18978 D OplusActivityManager: get AMS extension: android.os.BinderProxy@c7dd74c
08-08 19:57:09.797  3680  3753 D ShellTaskOrganizerExt: visibleFlexibleTaskInfos delete:8085
08-08 19:57:09.797  3680  3753 D ShellTaskOrganizerExt: isOnCanvas size:0
08-08 19:57:09.797  3680  3753 D ShellTaskOrganizerExt: isOnThreeFlexibleCanvas size:0
08-08 19:57:09.798  3610 12304 D DCSEX-AppLaunchEventRecorder: onAppSwitch from = com.android.launcher to = com.hypernova.phone
08-08 19:57:09.796  3009  3134 I OplusSmartBrightnessController: handleMessage MSG_POWER_BRIGHTNESS_CHANGED.
08-08 19:57:09.799  3009  3124 D ColorAutomaticBrightnessController: MSG_UPDATE_BRIGHTNESS
08-08 19:57:09.799  3979  4433 I ConferenceScene: preconditionChanged 10164 false
08-08 19:57:09.799  3979  4433 I RunningProcessManager: onUidSilent: uid = 10180
08-08 19:57:09.799  3979  4433 I ConferenceScene: preconditionChanged 10180 false
08-08 19:57:09.799  3979  4433 I RunningProcessManager: onUidSilent: uid = 10245
08-08 19:57:09.799  3979  4433 I ConferenceScene: preconditionChanged 10245 false
08-08 19:57:09.799  3979  4433 I RunningProcessManager: onUidSilent: uid = 10254
08-08 19:57:09.799  3979  4433 I ConferenceScene: preconditionChanged 10254 false
08-08 19:57:09.799  3979  4433 I RunningProcessManager: onUidSilent: uid = 10320
08-08 19:57:09.799  3979  4433 I ConferenceScene: preconditionChanged 10320 false
08-08 19:57:09.800  6966  7222 W Battery : AppSwitchDetectorV2: OnAppSwitchObserver: onAppExit , info = OplusAppExitInfo = {  targetName = com.android.launcher hasResumingActivity = true resumingPackageName = com.hypernova.phone resumingActivityName = com.hypernova.phone.MainActivity resumingWindowMode = 1 isResumingMultiApp = false isResumingFirstStart = true extension = Bundle[mParcelledData.dataSize=128]}
08-08 19:57:09.801  3610 27606 V DCSEX-AppSwitchManager: OnAppSwitchObserver: onAppEnter, launchedFrom =  com.android.shell, target =  com.hypernova.phone, is firstStart =  true, is multiApp =  false, extensionInfo =  Bundle[mParcelledData.dataSize=188]
08-08 19:57:09.801  3009  3029 D ActivityTaskManager: Skipping, invisible task: Task{7b50eef #5 type=home I=com.android.launcher/.Launcher}
08-08 19:57:09.801  3009  3029 D ActivityTaskManager: pre-Filtered:com.hypernova.phone # 
08-08 19:57:09.801  3009  3029 D ActivityTaskManager: after skip size 1
08-08 19:57:09.802  3009  3249 I BLASTSyncEngine: onCommitted syncId: 8939, timeout: falseran: false
08-08 19:57:09.803  3680  3753 D ShellTaskOrganizerExt: visibleFlexibleTaskInfos delete:8085
08-08 19:57:09.803  3680  3753 D ShellTaskOrganizerExt: isOnCanvas size:0
08-08 19:57:09.803  3680  3753 D ShellTaskOrganizerExt: isOnThreeFlexibleCanvas size:0
08-08 19:57:09.806  4034  5963 I Athena  : AthenaDynamicReceiver: pre_app:com.android.launcher, next_app:com.hypernova.phone(10495|18978)
08-08 19:57:09.803  3009  3142 D VRR [OPlusRefreshRateService]: handleFrontAppChange pkgName: com.hypernova.phone
08-08 19:57:09.809  1536 16312 D AudioFlingerExtImpl: AudioFlingerExtImpl oplusSetParameters: keyvalue onForegroundActivitiesChanged=com.hypernova.phone:foreground:1
08-08 19:57:09.810  1536 16312 D AudioFlingerExtImpl: updateForegroundInfo mForegroundMap(1)|[com.hypernova.phone]=1
08-08 19:57:09.803  3979  4433 I RunningProcessManager: onUidAdded: uid = 10262
08-08 19:57:09.813  3979  4433 I RunningProcessManager: onUidAdded: uid = 10309
08-08 19:57:09.813  3979  4433 I RunningProcessManager: onUidAdded: uid = 10334
08-08 19:57:09.818  3680  3816 D FSS_OplusFoldSwitchStateObserver: onAnimationStart reset mPendingFoldAnimationTrigger
08-08 19:57:09.823  3680  3816 D FSS_OplusFoldSwitchStateObserver: onAnimationStart reset mPendingFoldAnimationTrigger
08-08 19:57:09.829  3979  4348 D AppSwitchObserver: EventId=21	INPUT_PROCESS_FRONT	TimeStamp =1786208229829	Intent =null	Content =null	Pid =18978	PkgName =com.hypernova.phone
08-08 19:57:09.830  3979  4348 D ActivityAdapter: onCommonAppEnter: OplusAppEnterInfo = {  windowMode = 1 targetName = com.hypernova.phone multiApp = false firstStart = true launchedFromPackage = com.android.shell intent = Intent { act=com.hypernova.phone.action.OPEN flg=0x10000000 pkg=com.hypernova.phone cmp=com.hypernova.phone/.MainActivity mCallingUid=2000 } extension = Bundle[mParcelledData.dataSize=188]}
08-08 19:57:09.830  6966  7222 W Battery : ThermalControlUtils: mForegroundPkg=com.hypernova.phone mLastWindowMode=1
08-08 19:57:09.832  3979  4433 D AppSceneEventManager: handleMessage: 101
08-08 19:57:09.832  3979  4433 I DispatcherPolicy: onBaseEvent EventId=21	INPUT_PROCESS_FRONT	TimeStamp =1786208229829	Intent =null	Content =null	Pid =18978	PkgName =com.hypernova.phone
08-08 19:57:09.832  3979  4433 I LiveScene: onInputEvent : INPUT_PROCESS_FRONT
08-08 19:57:09.833  3979  4433 I ConferenceScene: event.eventId: 21
08-08 19:57:09.833  3979  4433 I ConferenceScene: uidGroups_contains_uid : false
08-08 19:57:09.833  3979  4433 I GamingScene: onInputEvent : INPUT_PROCESS_FRONT
08-08 19:57:09.833  3979  4433 I GamingScene: isGamePkg : false  pkg: com.hypernova.phone
08-08 19:57:09.833  3979  4433 I GamingScene: checkSceneStatus inScene : false  reason : scene_process_front  gameScene : 0
08-08 19:57:09.833  3979  4433 I GamingScene: screenOn : true
08-08 19:57:09.833  3979  4433 I GamingScene: topPackage is equal to mInScenePackage : false  topPackage : com.hypernova.phone mInScenePackage : 
08-08 19:57:09.833  3979  4433 I GamingScene: mGamingPkgSet contains topPackage : false  mGamingPkgSet : {}
08-08 19:57:09.835  3979  4446 D OplusLinkBoostSceneManager: onAppEnter:com.hypernova.phone
08-08 19:57:09.836  3979  4446 D OplusLinkBoostSceneManager: sceneStateUpdate: 5002,com.hypernova.phone,switch:[false, true, true]
08-08 19:57:09.836  3979  4446 D OplusLinkBoostCommon: onSceneUpdated: 5002,com.hypernova.phone
08-08 19:57:09.839   896   896 E lowmemorykiller: device memory 244792 free 2965 file 246839
08-08 19:57:09.849  6966  7222 I DeepThinkerSDK: [APP] ClientConnection: getDeepThinkerBridge start
08-08 19:57:09.852  3009  3282 W OplusAppStartupConfigExt_OplusAppStartupCommonSceneStrategy: Blacklist is Empty
08-08 19:57:09.853  3009  3282 D OplusAppStartupConfigExt: StartService prevent pkg com.fitbit.FitbitMobile result = false
08-08 19:57:09.856  3009  3282 V GrammaticalInflectionUtils: AttributionSource: android.content.AttributionSource@9bfef54a does not have READ_SYSTEM_GRAMMATICAL_GENDER permission.
08-08 19:57:09.865 18978 18978 D callGcSupression: java.lang.NullPointerException: Attempt to invoke virtual method 'java.lang.Object java.lang.reflect.Method.invoke(java.lang.Object, java.lang.Object[])' on a null object reference
08-08 19:57:09.874 18978 18978 D CompactWindowAppManager: initCompactApplicationInfo CompactMode: , NormalMode: 
08-08 19:57:09.892 18978 18978 D OplusScrollToTopManager: setIsInWhiteList false
08-08 19:57:09.894 18978 18978 D OplusViewDebugManager: OplusViewDebugManager Constructor android.view.debug.OplusViewDebugManager@d151caa [mHasViewDebugProperty true] [mHasMsgDebugProperty false] [DEBUG false] [EXTRAINFOENABLE false] [LIGHT_OS true]
08-08 19:57:09.896  1300  1300 D Zygote  : Forked child process 18999
08-08 19:57:09.899  3009  3097 I ActivityManager: Start proc 18999:com.fitbit.FitbitMobile/u0a290 for service {com.fitbit.FitbitMobile/androidx.work.impl.background.systemjob.SystemJobService}
08-08 19:57:09.909  3009  4131 W ActivityManager: Unable to start service Intent { act=deepthinker.intent.action.BIND_INTERFACE_SERVER pkg=com.oplus.deepthinker mCallingUid=1000 } U=0: not found
08-08 19:57:09.911  6966  7014 W DeepThinkerSDK: [APP] ClientConnection: tryConnect: Bind Algorithm Service Failed!
08-08 19:57:09.911  6966  7222 I DeepThinkerSDK: [APP] ClientConnection: tryConnect: end. On Async Thread, connect timeout.
08-08 19:57:09.911  6966  7222 I DeepThinkerSDK: [APP] ClientConnection: getDeepThinkerBridge end
08-08 19:57:09.911  6966  7222 W DeepThinkerSDK: [APP] ServiceHolder: getRemote: call default!
08-08 19:57:09.911  6966  7222 W Battery : ThermalControllerCenter: mSafetyState=10000,  mSafetyTestConfigList=01111,10111,11011,11101,11110,00111,01011,01101,01110,10011,10101,10110,11001,11010,11100,11111,10100
08-08 19:57:09.918  6966  7222 W Battery : ThermalControllHandler: tempLevel=[4],userMode=2,gameUserMode=-1,appType=0,envTempType=0,appStates=[],appSwitchSafetyMode=false,split=[],float=[],full=[com.hypernova.phone], tempGear=[4],configItemName=common_config
08-08 19:57:09.921  6966  7020 W Battery : ThermalControllHandler: MSG_THERMAL_CONTROL_CATEGORY_CHANGED
08-08 19:57:09.931 18978 18978 W libc    : Access denied finding property "ro.odm.prev.product.name"
08-08 19:57:09.940   896   896 E lowmemorykiller: device memory 243495 free 2980 file 245499
08-08 19:57:09.943  6966  7020 W Battery : ThermalControllerCenter: startCollingMethods,thermalPolicy=Policy info
08-08 19:57:09.943  6966  7020 W Battery : {
08-08 19:57:09.943  6966  7020 W Battery :  categoryName: common_config
08-08 19:57:09.943  6966  7020 W Battery :  coolingConfig: {disWifiHotSpot=0, refreshRate=0, charge=0, disCamera=0, disFrameInsert=0, speedChargeAdd=0, freezer=0, restrict=0, cpu=0, fps=0, gpu=0, wifi=0, cameraBrightness=0, modem=0, heatoff_policy=0, disTorch=0, cpuPower=0, ipaweight=0, brightness=0, boostBreak1=0, boostBreak2=0, stopCameraVideo=0, disVideoSR=0, disFlashlight=0, thermalSerious=0}
08-08 19:57:09.943  6966  7020 W Battery :  configItemName: gear_config 
08-08 19:57:09.943  6966  7020 W Battery :  gearVal:[3], cpuVal:-1, gpuVal:-1, restrictVal:0, brightnessVal:0, chargeVal:6, modemVal:0, disFlashVal:0, stopCameraVideoVal:0, cameraBrightnessVal:255, disCameraVal:0, disWifiHotSpotVal:0, disTorchVal:0, disFrameInsertVal:0, fpsVal:0, refreshRateVal:0, cpuPowerVal:-2, disVideoSRVal:-2, wifiVal:-2, thermalSerious:-2, speedChargeAdd:-2, ipaweight:-2,-2,-2, boostBreak1:-2, boostBreak2:-2, heatoffPolicy:-2, freezer:-2 
08-08 19:57:09.943  6966  7020 W Battery : } 
08-08 19:57:09.944  6966  7020 W Battery : ThermalControlUtils: not set the same modem=0
08-08 19:57:09.952  6966  7004 W Battery : AppSceneCenter: PerfPolicy not enable!
08-08 19:57:09.955  3009  3708 I Osense-BaseDecisionMaker: notifySceneToAthenaPolicy: SCENE_RES_IO_PSI, bundle: Bundle[{ioLevel=3}]
08-08 19:57:09.955  3009  3708 I Osense-BaseDecisionMaker: OSense not supported scene! SCENE_RES_IO_PSI
08-08 19:57:09.961  3009  4131 D OplusBatteryServiceFeature: setSmartCoolDown: coolDown = 6, normalCoolDown = 6, pkgName = com.hypernova.phone
08-08 19:57:09.966  1479  1479 D vendor.oplus.hardware.charger-V6-service: set cooldown:6,  normalCoolDown:6
08-08 19:57:09.967  6966  7020 W Battery : ThermalControlUtils: not set the same wifi=0
08-08 19:57:09.992  1479  5654 D charge_time: time down 7049 >> 6761 target 5897, adjust cnt 2 4
08-08 19:57:09.992  1479  5654 D charge_time: force write 6761s(01:52:41) to ttf, rc=12
08-08 19:57:09.992  1479  5654 D charge_time: type=cdp/dcp,reserve_soc=1,soc=55,ui_soc=56,current=797,avg=1214,not_chg_cnt=0,stable_cnt=7,fcc=4423,fcc_ratio=92,delta=69,debug=0,region=13,ttf=5897(01:38:17),ui_ttf=6761(01:52:41)
08-08 19:57:09.998  3009  4131 D OplusDisplayManagerServiceEnhance: OplusDisplayManagerServiceEnhance setSpecBrightness gear = 0 reason = com.hypernova.phone@temperature@35@force rate = -1
08-08 19:57:10.002 18999 18999 E it.FitbitMobile: Unknown bits set in runtime_flags: 0x40000000
08-08 19:57:10.004 18999 18999 I it.FitbitMobile: Using generational CollectorTypeCMC GC.
08-08 19:57:10.011  6966  7020 I [UAH_CLIENT]: uahRuleCtl, ruleId:4, status:0
08-08 19:57:10.017  3009  3134 I OplusSmartBrightnessController: handleMessage MSG_TEMPERATURE_LIMIT_BRIGHTNESS_CHANGED.
08-08 19:57:10.017  3009  3134 D OplusFeatureTemperatureLimitBrightness: new parameter!ControlInfo:[ gear = 0 reason = com.hypernova.phone@temperature@35@force brightness = 4095 package = com.hypernova.phone type = temperature temperature = 35 priority = force rate = -1] HadDragPoint = false mode = 0
08-08 19:57:10.020  3009  3134 D OplusFeatureTemperatureLimitBrightness: isResetUpdate = false isNormalUpdate = true isSafetyRegulationsForceUpdate = false mLastBrightnessLimit = 4095
08-08 19:57:10.022  3009  3134 D OplusFeatureTemperatureLimitBrightness: mBrightnessLimit = 4095; mCurTemperature = 35
08-08 19:57:10.023  3009  3124 D ColorAutomaticBrightnessController: MSG_UPDATE_BRIGHTNESS
08-08 19:57:10.039 18999 18999 D nativeloader: Load libframework-connectivity-tiramisu-jni.so using APEX ns com_android_tethering for caller /apex/com.android.tethering/javalib/framework-connectivity-t.jar: ok
08-08 19:57:10.041   896   896 E lowmemorykiller: device memory 243987 free 3036 file 245861
08-08 19:57:10.046 18999 18999 D OplusActivityThreadExtImpl: java.lang.NoSuchMethodException: dalvik.system.VMRuntime.SupressionGC [int, int]
08-08 19:57:10.047 18999 18999 W libc    : Access denied finding property "persist.vendor.sys.activitylog"
08-08 19:57:10.047 18999 18999 I OneTrace: Mark active for pid=18999? true
08-08 19:57:10.050  1479  1479 D vendor.oplus.hardware.charger-V6-service: get_ui_charge_icon_type 0 0 0 0 0
08-08 19:57:10.052 18999 18999 D cutils-dev: otrace_set_tracing_enabled? true tag:0
08-08 19:57:10.053 18999 18999 D cutils-dev: properties changed in otrace_seq_number_changed!
08-08 19:57:10.056  1479  1479 D vendor.oplus.hardware.charger-V6-service: oplus_chg_get_cpa_power 7500 charge_online 1 retention_topic 0
08-08 19:57:10.057  1479  1479 D vendor.oplus.hardware.charger-V6-service: oplus_chg_get_cpa_power 7500 charge_online 1 retention_topic 0
08-08 19:57:10.057  1479  1479 D vendor.oplus.hardware.charger-V6-service: getIsSingleHyperSupport=2, cpa_power=7
08-08 19:57:10.059  1479  1479 E vendor.oplus.hardware.charger-V6-service: Failed to open the file: /sys/class/oplus_chg/common/plc. Error 2: No such file or directory
08-08 19:57:10.067  3009  4131 D ActivityTaskManagerServiceExtImpl: preBindApplication record is null
08-08 19:57:10.068  3009  4131 D RGBNormalizeServer: OplusRGBNormalize feature enabled ? false
08-08 19:57:10.068  3009  4131 D ResourcesManagerCache: For package com.fitbit.FitbitMobile we got cacheList [null] appInfoExt is null ? false hasFeature ? false
08-08 19:57:10.080  3009  4134 I OplusHansManager : onUidActive(), uid=10290, pkgName=com.fitbit.FitbitMobile, can enter SM
08-08 19:57:10.080  3009  4134 I OplusHansManager : onUidActive() update stay time, uid=10290, pkgName=com.fitbit.FitbitMobile, U stay=124
08-08 19:57:10.081  3009  3998 I OplusHansManager : uid=10290, pkg=com.fitbit.FitbitMobile enter SM
08-08 19:57:10.081  3009  3998 I OplusHansManager : uid=10290, pkg=com.fitbit.FitbitMobile R enter(), D stay=0
08-08 19:57:10.082 18999 19009 D OplusAppHeapManager: java.lang.NoSuchMethodException: dalvik.system.VMRuntime.updateProcessValue [int, int, int]
08-08 19:57:10.083 18999 18999 D OplusActivityManager: get AMS extension: android.os.BinderProxy@c7dd74c
08-08 19:57:10.090 18999 18999 D callGcSupression: java.lang.NullPointerException: Attempt to invoke virtual method 'java.lang.Object java.lang.reflect.Method.invoke(java.lang.Object, java.lang.Object[])' on a null object reference
08-08 19:57:10.092 18999 18999 D CompactWindowAppManager: initCompactApplicationInfo CompactMode: , NormalMode: 
08-08 19:57:10.100 18999 18999 D OplusScrollToTopManager: setIsInWhiteList false
08-08 19:57:10.102  1479  1479 D vendor.oplus.hardware.charger-V6-service: get_ui_charge_icon_type 0 0 0 0 0
08-08 19:57:10.103 18999 18999 D OplusViewDebugManager: OplusViewDebugManager Constructor android.view.debug.OplusViewDebugManager@d151caa [mHasViewDebugProperty true] [mHasMsgDebugProperty false] [DEBUG false] [EXTRAINFOENABLE false] [LIGHT_OS true]
08-08 19:57:10.106  1479  1479 D vendor.oplus.hardware.charger-V6-service: oplus_chg_get_cpa_power 7500 charge_online 1 retention_topic 0
08-08 19:57:10.107  1479  1479 D vendor.oplus.hardware.charger-V6-service: oplus_chg_get_cpa_power 7500 charge_online 1 retention_topic 0
08-08 19:57:10.107  1479  1479 D vendor.oplus.hardware.charger-V6-service: getIsSingleHyperSupport=2, cpa_power=7
08-08 19:57:10.106  3680  3753 V WindowManagerShell: Transition animation finished (aborted=false), notifying core (#8939) android.os.BinderProxy@afe9074@0
08-08 19:57:10.108  3680  3753 W OplusShellTransition: RecentsTransitionHandler.getRecentController: no controller found , token=android.os.BinderProxy@afe9074
08-08 19:57:10.113  3680  3753 D SplitScreen-->AppLockManager: setStartFromSafeControl mStartFromSafeControl=false
08-08 19:57:10.115  1479  1479 E vendor.oplus.hardware.charger-V6-service: Failed to open the file: /sys/class/oplus_chg/common/plc. Error 2: No such file or directory
08-08 19:57:10.122 18999 18999 W libc    : Access denied finding property "ro.odm.prev.product.name"
08-08 19:57:10.125 18999 18999 D ApplicationLoaders: Returning zygote-cached class loader: /system/framework/org.apache.http.legacy.jar
08-08 19:57:10.126 18999 18999 D ApplicationLoaders: Returning zygote-cached class loader: /system_ext/framework/androidx.window.extensions.jar
08-08 19:57:10.126 18999 18999 D ApplicationLoaders: Returning zygote-cached class loader: /system_ext/framework/androidx.window.sidecar.jar
08-08 19:57:10.142   896   896 E lowmemorykiller: device memory 243265 free 3250 file 245195
08-08 19:57:10.167 22186 22186 I adbd    : adbd service requested 'jdwp:18978'
08-08 19:57:10.175  1598  1598 I DispPerfService: updateLayerMask 8
08-08 19:57:10.187  3009  3249 D Transition: finishTransition ar ActivityRecord{31f80cd u0 com.android.launcher/.Launcher t5}, isVisibleRequested=false, state=PAUSED, visibleAtTransitionEndTokens={WallpaperWindowToken{44e2a24 token=android.os.Binder@c86e6 showWhenLocked=false}, ActivityRecord{781d29d u0 com.hypernova.phone/.MainActivity t8085}}, this=TransitionRecord{30c8dca id=8939 track=0 type=OPEN flags=0x0 state=2}
08-08 19:57:10.190  3009  3249 D ActivityTaskManager: commitVisibility: ActivityRecord{31f80cd u0 com.android.launcher/.Launcher t5}: visible=false visibleRequested=false, isInTransition=false, runningAnimation=false 
08-08 19:57:10.191  3009  3249 D WindowManager: NFW_setClientVisible:ActivityRecord{31f80cd u0 com.android.launcher/.Launcher t5} clientVisible:false
08-08 19:57:10.192  4088 15110 D VRI[Launcher]: dispatchAppVisibility visible:false
08-08 19:57:10.192  3009  3249 D Transition: finishTransition ar ActivityRecord{781d29d u0 com.hypernova.phone/.MainActivity t8085}, isVisibleRequested=true, state=RESUMED, visibleAtTransitionEndTokens={WallpaperWindowToken{44e2a24 token=android.os.Binder@c86e6 showWhenLocked=false}, ActivityRecord{781d29d u0 com.hypernova.phone/.MainActivity t8085}}, this=TransitionRecord{30c8dca id=8939 track=0 type=OPEN flags=0x0 state=2}
08-08 19:57:10.193  3009  3249 D WindowManager: NFW_setClientVisible:WallpaperWindowToken{44e2a24 token=android.os.Binder@c86e6 showWhenLocked=false} clientVisible:false
08-08 19:57:10.195  3009  3249 I OplusAppSwitchManagerService:  handleAppVisible , r = ActivityRecord{781d29d u0 com.hypernova.phone/.MainActivity t8085}
08-08 19:57:10.195  3009  3085 D WallpaperControllerExtImpl: screenshot + id = 4 userId = 0
08-08 19:57:10.196  3009  3249 D OplusTransitionController: finishTransition, transition: TransitionRecord{30c8dca id=8939 track=0 type=OPEN flags=0x0 state=4}
08-08 19:57:10.201  3009  3249 D RefreshRate: ***** request traversal for refresh rate change, reason is highTempRefreshRateChanged: false, windowRefreshRateChanged: true, flexibleWindowStateChanged: false, has float/zoom window *****
08-08 19:57:10.201  3009  3249 D TransitionController: NFW_send RECOMPUTE_FOCUS in finishTransition
08-08 19:57:10.202  3680  3753 D ShellTaskOrganizer: onTransitionFinish, isRecent:false
08-08 19:57:10.203  3009  3074 D WindowManager: NFW_findFocusedWindowIfNeeded:null mCurrentFocus:null
08-08 19:57:10.204  3680  3753 V WindowManagerShell: Track 0 became idle
08-08 19:57:10.206  3680  3753 E ReflectionUtils: methodInvoke DesupressionGC failed1
08-08 19:57:10.206  3680  3753 E ReflectionUtils: java.lang.NoSuchMethodException: dalvik.system.VMRuntime.DesupressionGC [int]
08-08 19:57:10.206  3680  3753 E ReflectionUtils: 	at java.lang.Class.getMethod(Class.java:2942)
08-08 19:57:10.206  3680  3753 E ReflectionUtils: 	at java.lang.Class.getDeclaredMethod(Class.java:2921)
08-08 19:57:10.206  3680  3753 E ReflectionUtils: 	at com.android.wm.shell.util.ReflectionUtils.methodInvoke(ReflectionUtils.java:32)
08-08 19:57:10.206  3680  3753 E ReflectionUtils: 	at com.oplus.transition.OplusTransitionReflectionHelper.callGcDesupression(OplusTransitionReflectionHelper.java:120)
08-08 19:57:10.206  3680  3753 E ReflectionUtils: 	at com.android.wm.shell.transition.Transitions.onFinish(Transitions.java:1587)
08-08 19:57:10.206  3680  3753 E ReflectionUtils: 	at com.android.wm.shell.transition.Transitions.lambda$playTransition$3(Transitions.java:1321)
08-08 19:57:10.206  3680  3753 E ReflectionUtils: 	at com.android.wm.shell.transition.Transitions.$r8$lambda$96XCaSAhJXxB3nlVJy1TNPeH46k(Transitions.java:0)
08-08 19:57:10.206  3680  3753 E ReflectionUtils: 	at com.android.wm.shell.transition.Transitions$$ExternalSyntheticLambda8.onTransitionFinished(R8$$SyntheticClass:0)
08-08 19:57:10.206  3680  3753 E ReflectionUtils: 	at com.android.wm.shell.transition.DefaultTransitionHandler.lambda$startAnimation$2(DefaultTransitionHandler.java:396)
08-08 19:57:10.206  3680  3753 E ReflectionUtils: 	at com.android.wm.shell.transition.DefaultTransitionHandler.$r8$lambda$dQGDCIj8oXu4Q3gE3IU3-TQE6Pc(DefaultTransitionHandler.java:0)
08-08 19:57:10.206  3680  3753 E ReflectionUtils: 	at com.android.wm.shell.transition.DefaultTransitionHandler$$ExternalSyntheticLambda4.run(R8$$SyntheticClass:0)
08-08 19:57:10.206  3680  3753 E ReflectionUtils: 	at com.android.wm.shell.transition.DefaultTransitionHandler.lambda$buildSurfaceAnimation$8(DefaultTransitionHandler.java:1171)
08-08 19:57:10.206  3680  3753 E ReflectionUtils: 	at com.android.wm.shell.transition.DefaultTransitionHandler.$r8$lambda$SibS6C6yE4_jWZJm9l8mh9KjTYk(DefaultTransitionHandler.java:0)
08-08 19:57:10.206  3680  3753 E ReflectionUtils: 	at com.android.wm.shell.transition.DefaultTransitionHandler$$ExternalSyntheticLambda14.run(R8$$SyntheticClass:0)
08-08 19:57:10.206  3680  3753 E ReflectionUtils: 	at android.os.Handler.handleCallback(Handler.java:959)
08-08 19:57:10.206  3680  3753 E ReflectionUtils: 	at android.os.Handler.dispatchMessage(Handler.java:100)
08-08 19:57:10.206  3680  3753 E ReflectionUtils: 	at android.os.Looper.loopOnce(Looper.java:282)
08-08 19:57:10.206  3680  3753 E ReflectionUtils: 	at android.os.Looper.loop(Looper.java:387)
08-08 19:57:10.206  3680  3753 E ReflectionUtils: 	at android.os.HandlerThread.run(HandlerThread.java:85)
08-08 19:57:10.210  3009  3075 D RefreshRate: Refresh rate changing from 90.0 to 60.000004,maxRefreshRate=60.000004 FOR:{
08-08 19:57:10.210  3009  3075 D RefreshRate:     | COURSE[; Win preferred rateId=0, appReqFirst=false, data= RateData{} ;win name:Splash Screen com.hypernova.phone]
08-08 19:57:10.210  3009  3075 D RefreshRate:     | VOTES[PRIORITY_WINDOW_REQUEST -> Vote{mRefreshRate=60.0, mMinRefreshRate=60.0, mRequestSource=null};]
08-08 19:57:10.210  3009  3075 D RefreshRate:     | TIME:2026-08-08 16:57:10}
08-08 19:57:10.210  3009  3075 D DisplayModeDirector: setAppRequest displayId : 0  modeId: 2  requestedRefreshRate: 0.0  requestedMinRefreshRateRange: 0.0  requestedMaxRefreshRateRange: 60.000004
08-08 19:57:10.211  3009  3074 D DisplayManagerServiceExtImpl: scheduleTraversalLocked intraversal=false
08-08 19:57:10.211  3009  3075 D DisplayManagerService: performTraversalInternal pendingTraversal
08-08 19:57:10.211  3009  3074 D DisplayManagerService: MSG_REQUEST_TRAVERSAL pendingCompleted=false
08-08 19:57:10.211  3009  3075 D DisplayDevice: setLayerStackLocked id=local:4630947257990075265 token=android.os.BinderProxy@46f8bf3 stack=0->0
08-08 19:57:10.212  3009  3142 D LocalDisplayAdapter: setDesiredDisplayModeSpecsAsync: display unique id = local:4630947257990075265, display mode specs = defaultMode=1 allowGroupSwitching=false primaryRanges=physical: (0.0 90.0) render:  (0.0 60.000004) appRequestRanges=physical: (0.0 90.0) render:  (0.0 60.000004) idleScreenRefreshRate=null
08-08 19:57:10.212  3009  3075 I TaskOrganizerController: onTaskInfoChanged taskid 8085 config { mBounds=Rect(0, 0 - 720, 1604) mAppBounds=Rect(0, 0 - 720, 1604) mMaxBounds=Rect(0, 0 - 720, 1604) mDisplayRotation=ROTATION_0 mWindowingMode=fullscreen mActivityType=standard mAlwaysOnTop=undefined mRotation=ROTATION_0}
08-08 19:57:10.214  3009  3075 D OplusFlexibleWindowMinimizedManagerHelper: onTaskInfoChanged taskInfo:TaskInfo{userId=0 taskId=8085 displayId=0 isRunning=true baseIntent=Intent { act=com.hypernova.phone.action.OPEN flg=0x10000000 pkg=com.hypernova.phone cmp=com.hypernova.phone/.MainActivity mCallingUid=2000 } baseActivity=ComponentInfo{com.hypernova.phone/com.hypernova.phone.MainActivity} topActivity=ComponentInfo{com.hypernova.phone/com.hypernova.phone.MainActivity} origActivity=null realActivity=ComponentInfo{com.hypernova.phone/com.hypernova.phone.MainActivity} numActivities=1 lastActiveTime=894925722 supportsSplitScreenMultiWindow=true supportsMultiWindow=true supportsPocketStudioMultiWindow=true isInFlexibleEmbedded = false uid = 10495 pid = 18978 resizeMode=1 isResizeable=true minWidth=-1 minHeight=-1 defaultMinSize=220 token=WCT{RemoteToken{f21c258 Task{227eae3 #8085 type=standard A=10495:com.hypernova.phone}}} topActivityType=1 pictureInPictureParams=null shouldDockBigOverlays=false launchIntoPipHostTaskId=-1 lastParentTaskIdBeforePip=-1 displayCutoutSafeInsets=null topActivityInfo=ActivityInfo{8b6a5ed com.hypernova.phone.MainActivity} launchCookies=[] positionInParent=Point(0, 0) parentTaskId=-1 isFocused=true isVisible=true isVisibleRequested=true isSleeping=false locusId=null displayAreaFeatureId=1 isTopActivityTransparent=false appCompatTaskInfo=AppCompatTaskInfo { topActivityInSizeCompat=false topActivityInOplusCompatMode=false topActivityEligibleForLetterboxEducation= falseisLetterboxEducationEnabled= false isLetterboxDoubleTapEnabled= false topActivityEligibleForUserAspectRatioButton= false topActivityBoundsLetterboxed= false isFromLetterboxDoubleTap= false topActivityLetterboxVerticalPosition= -1 topActivityLetterboxHorizontalPosition= -1 topActivityLetterboxWidth=720 topActivityLetterboxHeight=1604 isUserFullscreenOverrideEnabled=false isSystemFullscreenOverrideEnabled=false cameraCompatTaskInfo=CameraCompatTaskInfo { cameraCompatControlState=hidden freeformCameraCompatMode=inactive}} topActivityLetterboxInsets=Rect(0, 0 - 0, 0) mOplusExtraBundle = Bundle[{androidx.flexible.taskFrame=Rect(0, 0 - 0, 0), key_flexible_task_state=0, androidx.activity.LaunchScenario=0, androidx.activity.LaunchScale=1.0}]} task:Task{227eae3 #8085 type=standard A=10495:com.hypernova.phone}
08-08 19:57:10.215  3009  3075 D OplusFlexibleDragToSplitAnimController: visibleFlexibleTaskInfos delete:8085
08-08 19:57:10.215  3009  3075 I TaskOrganizerController: onTaskInfoChanged taskid 1 config { mBounds=Rect(0, 0 - 720, 1604) mAppBounds=Rect(0, 0 - 720, 1604) mMaxBounds=Rect(0, 0 - 720, 1604) mDisplayRotation=ROTATION_0 mWindowingMode=fullscreen mActivityType=home mAlwaysOnTop=undefined mRotation=ROTATION_0}
08-08 19:57:10.215  1479  1479 D vendor.oplus.hardware.charger-V6-service: get_ui_charge_icon_type 0 0 0 0 0
08-08 19:57:10.216  3009  3075 D OplusFlexibleWindowMinimizedManagerHelper: onTaskInfoChanged taskInfo:TaskInfo{userId=0 taskId=1 displayId=0 isRunning=true baseIntent=Intent { act=android.intent.action.MAIN cat=[android.intent.category.HOME] flg=0x10000100 cmp=com.android.launcher/.Launcher mCallingUid=1000 } baseActivity=ComponentInfo{com.android.launcher/com.android.launcher.Launcher} topActivity=ComponentInfo{com.android.launcher/com.android.launcher.Launcher} origActivity=null realActivity=null numActivities=1 lastActiveTime=37586 supportsSplitScreenMultiWindow=false supportsMultiWindow=true supportsPocketStudioMultiWindow=false isInFlexibleEmbedded = false uid = 10198 pid = 4088 resizeMode=2 isResizeable=true minWidth=-1 minHeight=-1 defaultMinSize=220 token=WCT{RemoteToken{65efe7d Task{e68fb09 #1 type=home}}} topActivityType=2 pictureInPictureParams=null shouldDockBigOverlays=false launchIntoPipHostTaskId=-1 lastParentTaskIdBeforePip=-1 displayCutoutSafeInsets=Rect(0, 65 - 0, 0) topActivityInfo=ActivityInfo{9515de8 com.android.launcher.Launcher} launchCookies=[] positionInParent=Point(0, 0) parentTaskId=-1 isFocused=false isVisible=false isVisibleRequested=false isSleeping=false locusId=LocusId[17_chars] displayAreaFeatureId=1 isTopActivityTransparent=false appCompatTaskInfo=AppCompatTaskInfo { topActivityInSizeCompat=false topActivityInOplusCompatMode=false topActivityEligibleForLetterboxEducation= falseisLetterboxEducationEnabled= false isLetterboxDoubleTapEnabled= false topActivityEligibleForUserAspectRatioButton= false topActivityBoundsLetterboxed= false isFromLetterboxDoubleTap= false topActivityLetterboxVerticalPosition= -1 topActivityLetterboxHorizontalPosition= -1 topActivityLetterboxWidth=720 topActivityLetterboxHeight=1604 isUserFullscreenOverrideEnabled=false isSystemFullscreenOverrideEnabled=false cameraCompatTaskInfo=CameraCompatTaskInfo { cameraCompatControlState=hidden freeformCameraCompatMode=inactive}} topActivityLetterboxInsets=Rect(0, 0 - 0, 0) mOplusExtraBundle = Bundle[{androidx.flexible.taskFrame=Rect(0, 0 - 0, 0), key_flexible_task_state=0, androidx.activity.LaunchScenario=0, androidx.activity.LaunchScale=1.0}]} task:Task{e68fb09 #1 type=home}
08-08 19:57:10.217  3009  3075 D OplusFlexibleDragToSplitAnimController: visibleFlexibleTaskInfos delete:1
08-08 19:57:10.217  4088  4311 D HWUI    : SkiaOpenGLPipeline::setSurface: this=0xb40000736af8eb80, surface=NULL
08-08 19:57:10.218  1598  1782 D SurfaceFlinger: VRR [SurfaceFlinger] setDesiredDisplayModeSpecs, from process 3009, 1, 0, primaryRanges = [ 0.000000, 90.000000, 0.000000, 60.000004 ], appRequestRanges = [ 0.000000, 90.000000, 0.000000 60.000004 ]
08-08 19:57:10.218  4088  4311 D BufferQueueProducer: [VRI[Launcher]#167(BLAST Consumer)167](id:ff800000df1,api:1,p:4088,c:4088) disconnect: api 1
08-08 19:57:10.218  1479  1479 D vendor.oplus.hardware.charger-V6-service: oplus_chg_get_cpa_power 7500 charge_online 1 retention_topic 0
08-08 19:57:10.219  3009  3029 W UserManagerService: Requested status bar icon for non-badged user 0
08-08 19:57:10.220  1479  1479 D vendor.oplus.hardware.charger-V6-service: oplus_chg_get_cpa_power 7500 charge_online 1 retention_topic 0
08-08 19:57:10.220  1479  1479 D vendor.oplus.hardware.charger-V6-service: getIsSingleHyperSupport=2, cpa_power=7
08-08 19:57:10.221  4088  4311 D BufferQueueProducer: [VRI[Launcher]#167(BLAST Consumer)167](id:ff800000df1,api:1,p:4088,c:4088) connect: api=1 producerControlledByApp=true
08-08 19:57:10.222  1479  1479 E vendor.oplus.hardware.charger-V6-service: Failed to open the file: /sys/class/oplus_chg/common/plc. Error 2: No such file or directory
08-08 19:57:10.222  1598  1598 I RefreshRateSelector: Display 4630947257990075265 policy changed
08-08 19:57:10.222  1598  1598 I RefreshRateSelector: Previous: {defaultModeId=0, allowGroupSwitching=false, primaryRanges={physical=[0.00 Hz, 90.00 Hz], render=[0.00 Hz, 90.00 Hz]}, appRequestRanges={physical=[0.00 Hz, 90.00 Hz], render=[0.00 Hz, 90.00 Hz]} idleScreenConfig=nullptr}
08-08 19:57:10.222  1598  1598 I RefreshRateSelector: Current:  DisplayManagerPolicy{defaultModeId=1, allowGroupSwitching=false, primaryRanges={physical=[0.00 Hz, 90.00 Hz], render=[0.00 Hz, 60.00 Hz]}, appRequestRanges={physical=[0.00 Hz, 90.00 Hz], render=[0.00 Hz, 60.00 Hz]} idleScreenConfig=nullptr}
08-08 19:57:10.222  1598  1598 I RefreshRateSelector: 0 mode changes were performed under the previous policy
08-08 19:57:10.223  3680  3753 D ShellTaskOrganizerExt: visibleFlexibleTaskInfos delete:8085
08-08 19:57:10.223  3680  3753 D ShellTaskOrganizerExt: isOnCanvas size:0
08-08 19:57:10.223  3680  3753 D ShellTaskOrganizerExt: isOnThreeFlexibleCanvas size:0
08-08 19:57:10.225  3680  3753 D ShellTaskOrganizerExt: visibleFlexibleTaskInfos delete:1
08-08 19:57:10.225  3680  3753 D ShellTaskOrganizerExt: isOnCanvas size:0
08-08 19:57:10.225  3680  3753 D ShellTaskOrganizerExt: isOnThreeFlexibleCanvas size:0
08-08 19:57:10.225  1598  1598 W ComposerExtn: DisplayExtnImpl::SetActiveConfig: HWC Display 0 is not registered!
08-08 19:57:10.225  1598  1598 D SurfaceFlinger: VRR [SurfaceFlinger] applyRefreshRateSelectorPolicy: 1 (60.00 Hz), policy: {defaultModeId=1, allowGroupSwitching=false, primaryRanges={physical=[0.00 Hz, 90.00 Hz], render=[0.00 Hz, 60.00 Hz]}, appRequestRanges={physical=[0.00 Hz, 90.00 Hz], render=[0.00 Hz, 60.00 Hz]} idleScreenConfig=nullptr}
08-08 19:57:10.225  1598  1598 D SurfaceFlinger: VRR [SurfaceFlinger] setDesiredActiveMode: 60, event: 1 ,displayid = 4630947257990075265
08-08 19:57:10.225  1598  1598 D DisplayModeController: setDesiredMode 4630947257990075265 {mode={fps=60.00 Hz, modePtr={id=1, vsyncRate=60.00 Hz, peakRefreshRate=60.00 Hz}}, emitEvent=true, force=false}
08-08 19:57:10.228  1598  1854 D VRR [OTI]: handleIdle from 1 to 0
08-08 19:57:10.228  1598  1854 D VRR [OTI-HW]: isStateReady 0
08-08 19:57:10.229  1598  1854 D VRR [OTI-HW]: rate range: min {id=1, hwcId=1, resolution=720x1604, vsyncRate=60.00 Hz, dpi=265.04x262.85, group=0, vrrConfig=N/A} cur {id=0, hwcId=0, resolution=720x1604, vsyncRate=90.00 Hz, dpi=265.04x262.85, group=0, vrrConfig=N/A} max {id=1, hwcId=1, resolution=720x1604, vsyncRate=60.00 Hz, dpi=265.04x262.85, group=0, vrrConfig=N/A}
08-08 19:57:10.229  1598  1854 D VRR [OTI-HW]: keep rate.
08-08 19:57:10.231  3009  3029 W UserManagerService: Requested status bar icon for non-badged user 0
08-08 19:57:10.233  1598  1598 I DispPerfService: updateLayerMask 0
08-08 19:57:10.243   896   896 E lowmemorykiller: device memory 243762 free 4197 file 243212
08-08 19:57:10.244  1435  1435 E ANDR-PERF-MPCTL: ANDR-PERF-MPCTL: internal_perf_lock_acq_verification() 388: Perflock Submit request limit reached.
08-08 19:57:10.245  1429  1599 I SDM     : HWDeviceDRM::UpdateMixerAttributes: Mixer WxH 720x1604-0 for Peripheral
08-08 19:57:10.248  1429  1599 I SDM     : HWCDisplay::SubmitDisplayConfig: Active configuration changed to: 1
08-08 19:57:10.248  1479  1479 D vendor.oplus.hardware.charger-V6-service: get_ui_charge_icon_type 0 0 0 0 0
08-08 19:57:10.249  1479  1479 D vendor.oplus.hardware.charger-V6-service: oplus_chg_get_cpa_power 7500 charge_online 1 retention_topic 0
08-08 19:57:10.250  1429  1599 I SDM     : HWDeviceDRM::SetDisplaySwitchMode: Mode 1 already set
08-08 19:57:10.250  1479  1479 D vendor.oplus.hardware.charger-V6-service: oplus_chg_get_cpa_power 7500 charge_online 1 retention_topic 0
08-08 19:57:10.250  1479  1479 D vendor.oplus.hardware.charger-V6-service: getIsSingleHyperSupport=2, cpa_power=7
08-08 19:57:10.250  1479  1479 E vendor.oplus.hardware.charger-V6-service: Failed to open the file: /sys/class/oplus_chg/common/plc. Error 2: No such file or directory
08-08 19:57:10.254  1435  1435 E ANDR-PERF-MPCTL: ANDR-PERF-MPCTL: internal_perf_lock_acq_verification() 388: Perflock Submit request limit reached.
08-08 19:57:10.252  4047  4047 D SubsysBroadcastManager: onReceive action:android.intent.action.BATTERY_CHANGED
08-08 19:57:10.255  3680  3680 I SystemUi--Statusbar: BatteryControllerExt-->updateBatteryChangeIntent():broadcast=android.intent.action.BATTERY_CHANGED,level=56,scale=100
08-08 19:57:10.256  3009  3134 D OplusDisplayBrightnessBroadcastReceiver: onReceive action = android.intent.action.BATTERY_CHANGED , listeners = [com.android.server.display.OplusFeatureHDREnhanceBrightness$PhoneInfoReceiver@1d811b8, com.android.server.display.OplusFeatureEdrEnhanceBrightness$PhoneInfoReceiver@ab5cb91]
08-08 19:57:10.257  3680  3680 I SystemUi--Statusbar: BatteryRepository-->level: 56 -- isSavingMode: false
08-08 19:57:10.257 28909 28909 D DeviceStatisticsService: onReceive: action= android.intent.action.BATTERY_CHANGED
08-08 19:57:10.261 31047 31047 D CustomLogManagerService: onReceive android.intent.action.BATTERY_CHANGED
08-08 19:57:10.262  1598  1854 D VRR [OTI-HW]: isStateReady 0
08-08 19:57:10.262  1598  1854 D VRR [OTI-HW]: rate range: min {id=1, hwcId=1, resolution=720x1604, vsyncRate=60.00 Hz, dpi=265.04x262.85, group=0, vrrConfig=N/A} cur {id=1, hwcId=1, resolution=720x1604, vsyncRate=60.00 Hz, dpi=265.04x262.85, group=0, vrrConfig=N/A} max {id=1, hwcId=1, resolution=720x1604, vsyncRate=60.00 Hz, dpi=265.04x262.85, group=0, vrrConfig=N/A}
08-08 19:57:10.262  1598  1854 D VRR [OTI-HW]: keep rate.
08-08 19:57:10.269  1435  1435 E ANDR-PERF-MPCTL: ANDR-PERF-MPCTL: internal_perf_lock_acq_verification() 388: Perflock Submit request limit reached.
08-08 19:57:10.271  3009  3074 I DisplayDeviceRepository: Display device changed render timings: "Built-in Screen", renderFrameRate=60.000004, presentationDeadlineNanos=16666666, appVsyncOffsetNanos=1000000
08-08 19:57:10.271  3009  3074 D LogicalDisplayExt: set displayInfo flag FLAG_ROTATES_WITH_CONTENT
08-08 19:57:10.276  6966  7029 E Battery : a: getAISleepDuration: predictResult is null.
08-08 19:57:10.276  3009  3074 D DisplayManagerServiceExtImpl: scheduleTraversalLocked intraversal=false
08-08 19:57:10.277  6966  7029 E Battery : ChargeProtectionUtils: mCanlendarTmp.isEmpty()!
08-08 19:57:10.277  3009  3074 I DisplayManagerServiceExtImpl: handle logical display changed logicalDisplay=id=0,stack=0,content=true,displayInfo{stack=0,type=1,id=0,uId=local:4630947257990075265,state=ON,pkg=null}
08-08 19:57:10.277  3009  3074 D DisplayManagerService: Delivering display event: displayId=0, event=CHANGED
08-08 19:57:10.277  3009  3124 D BrightnessThermalClamper: Thermal status observer already started
08-08 19:57:10.277  3009  3124 D BrightnessPowerClamper: Power throttling data is missing for configuration data.
08-08 19:57:10.283  3009  3009 E OplusGestureAnimationManagerPolicy: mScreenHeight:1604 mScreenWidth:720 mRotation:0
08-08 19:57:10.284 18978 18978 D nativeloader: Configuring clns-7 for other apk /data/app/~~-tAEolCUWSaCjo-0Ei_CvQ==/com.hypernova.phone-KLROE0owptMBrO60AA11sg==/base.apk. target_sdk_version=36, uses_libraries=, library_path=/data/app/~~-tAEolCUWSaCjo-0Ei_CvQ==/com.hypernova.phone-KLROE0owptMBrO60AA11sg==/lib/arm64, permitted_path=/data:/mnt/expand:/data/user/0/com.hypernova.phone
08-08 19:57:10.284  1536  1732 D AudioFlingerExtImpl: AudioFlingerExtImpl oplusSetParameters: keyvalue screen_state=on
08-08 19:57:10.287 18978 18978 I Quality : ActivityThread: createClassLoader delay 342 /data/app/~~-tAEolCUWSaCjo-0Ei_CvQ==/com.hypernova.phone-KLROE0owptMBrO60AA11sg==/base.apk 18978
08-08 19:57:10.292 18978 18978 I Quality : ActivityThread: createOrUpdateClassLoaderLocked delay 359 com.hypernova.phone 18978
08-08 19:57:10.294  4047  4047 D DisplayEventManager: updateScreenState Screen INTERNAL on
08-08 19:57:10.296  3009  3074 I OplusBinderProxy: pb uid: 10317 pid: 17917 desc: android.hardware.display.IDisplayManagerCallback/1
08-08 19:57:10.297  3009  3074 I OplusBinderProxy: pb uid: 10334 pid: 18512 desc: android.hardware.display.IDisplayManagerCallback/1
08-08 19:57:10.301  3009  3074 D DisplayManagerService: MSG_REQUEST_TRAVERSAL pendingCompleted=false
08-08 19:57:10.313  3009  3072 D OplusVFXScreenEffectFeature: notifySFCompatWindowStateChange entered false
08-08 19:57:10.314  3009  3072 D FSS_FoldScreenBlackCoverController: displayChangeToOn, dc:Display{#0 state=ON size=720x1604 ROTATION_0}
08-08 19:57:10.314  1598  1782 D [PREVIEW]: SF obtain preview_adapter: 0
08-08 19:57:10.314  1598  1782 D [PREVIEW]: TabletPreviewAdapter::parallel world 0
08-08 19:57:10.315  3009  4131 I ActivityManager: Killing 18040:com.imo.android.imoim/u0a309 (adj 955): empty #7
08-08 19:57:10.317  3009  3072 D DisplayManagerService: performTraversalInternal pendingTraversal
08-08 19:57:10.317  3009  3072 D DisplayDevice: setLayerStackLocked id=local:4630947257990075265 token=android.os.BinderProxy@46f8bf3 stack=0->0
08-08 19:57:10.330  3009  3142 D VRR [OPlusRefreshRateService]: handleConfigIdChange physicalDisplayId: 4630947257990075265 configId: 1 renderPeriod: 16666666
08-08 19:57:10.334  3979  4442 D ActivityAdapter: notifyActivityQuery: [com.hypernova.phone; com.hypernova.phone; 1; COMMON; 10495]
08-08 19:57:10.335  3979  4442 D OPlusFrontAppManager: decide -->> [com.hypernova.phone; com.hypernova.phone; 1; COMMON; 10495]
08-08 19:57:10.337  3610  3610 D CastManagerService: onDisplayChanged.
08-08 19:57:10.337  3979  4446 D CommonApp-741-10495: init
08-08 19:57:10.337  1397  2749 D AHAL: AudioDevice: SetParameters: 1740: enter: screen_state=on
08-08 19:57:10.340 18978 18978 V GraphicsEnvironment: Currently set values for:
08-08 19:57:10.340 18978 18978 V GraphicsEnvironment:   angle_gl_driver_selection_pkgs=[]
08-08 19:57:10.340 18978 18978 V GraphicsEnvironment:   angle_gl_driver_selection_values=[]
08-08 19:57:10.340 18978 18978 V GraphicsEnvironment: Global.Settings values are invalid: number of packages: 0, number of values: 0
08-08 19:57:10.341  1397  2749 D AHAL: hfp: hfp_set_parameters: 510: enter
08-08 19:57:10.341 18978 18978 V GraphicsEnvironment: Neither updatable production driver nor prerelease driver is supported.
08-08 19:57:10.344  1397  2749 D AHAL: AudioDevice: SetParameters: 1806:  - screen = on
08-08 19:57:10.345   896   896 E lowmemorykiller: device memory 242382 free 3698 file 241344
08-08 19:57:10.345  1299 10375 E TetherController: property_get sys.radio.data.modem_share_flag return 0, 1!
08-08 19:57:10.349 18978 18978 D ResourcesManagerExtImpl: applyConfigurationToAppResourcesLocked app.getDisplayId() return callback.displayId:-1
08-08 19:57:10.355  1397  2749 I PAL: ResourceManager: setParameter: 8699: Screen State:1
08-08 19:57:10.356  1397  2749 D AHAL: AudioDevice: SetParameters: 2339: exit
08-08 19:57:10.362  3979  4446 D CommonApp-741-10495: choiceScoreWay
08-08 19:57:10.363  3979  4446 D CommonApp-741-10495: useTraditionalScore
08-08 19:57:10.374  3979  4446 D CommonApp-741-10495: initState
08-08 19:57:10.374  3979  4446 D CommonApp-741-10495: createScenarios
08-08 19:57:10.374  3979  4446 D CommonApp-741-10495: init end
08-08 19:57:10.377  3979  4446 D CommonApp-741-10495: CommonState enter
08-08 19:57:10.378  3979  4446 D CommonApp-741-10495: DefaultState EVENT_INIT_STATE_COMPLETE
08-08 19:57:10.378  3979  4446 D CommonApp-741-10495: startDataCollection
08-08 19:57:10.378  3979  4446 D CommonApp-741-10495: current network isn't cellular,not need enable modem report
08-08 19:57:10.382  3680  3680 I SystemUi--Statusbar: DisplayRepository-->combining enabled=[0], connectedExternalDisplayIds=[], ignored=[]
08-08 19:57:10.402 18978 18978 D nativeloader: Load libSchedAssistJni.so using system ns (caller=/system/framework/oplus-framework.jar): ok
08-08 19:57:10.402 18978 18978 D ExtensionsLoader: createInstance(64bit) : createExtendedFactory
08-08 19:57:10.404 18978 18978 D ExtensionsLoader: Opened libSchedAssistExtImpl.so
08-08 19:57:10.404 18978 18978 E SchedAssist: sysOpen failed with error=Permission denied
08-08 19:57:10.404 18978 18978 E SchedAssist: open sharedFd failed with error=Permission denied
08-08 19:57:10.404 18978 18978 E SchedAssist: open sharedFd failed with error=Permission denied
08-08 19:57:10.404 18978 18978 E SchedAssist: open sharedFd failed with error=Permission denied
08-08 19:57:10.404 18978 18978 E SchedAssist: open sharedFd failed with error=No such file or directory
08-08 19:57:10.411 18978 18978 D OplusGraphicsEvent: OplusGraphicsEventListener create now!
08-08 19:57:10.413 18978 18978 D OplusGraphicsEvent: addEventListener success!
08-08 19:57:10.422  3009  3249 E ScrollOptim [OplusPerfService]: isScrollOptimEnable: mSoptBean = ScrollOptimBean, mOptEnable=true, mCommonOnly=false, mPreAnimStrategy=1, mPreAnimBlacklist=[com.kyk.world, com.shopify.arrive], mPreAnimWhitelist=[], mInsertNum=1, mFrameInsertList={com.shopify.arrive={}, com.sina.weibo={com.sina.weibo.VisitorMainTabActivity=3}, com.tencent.mm={com.tencent.mm.ui.AlbumUI=3, com.tencent.mm.plugin.sns.ui.SnsTimeLineUI=3, com.tencent.mm.plugin.sns.ui.improve.ImproveSnsTimelineUI=3}, com.taobao.idlefish={}, com.kyk.world={}}, mSCEnableList={com.ss.android.ugc.aweme=[com.ss.android.ugc.aweme.splash.SplashActivity], com.sankuai.meituan=[com.meituan.android.pt.homepage.activity.MainActivity], com.dragon.read=[com.dragon.read.pages.main.MainFragmentActivity], com.sina.weibo=[com.sina.weibo.VisitorMainTabActivity], com.xunmeng.pinduoduo=[com.xunmeng.pinduoduo.activity.NewPageActivity], com.tencent.qqmusic=[com.tencent.qqmusic.activity.AppStarterActivity], com.tencent.mobileqq=[com.qzone.feed.ui.activity.QZoneFriendFeedActivity], com.tencent.qqlive=[com.tencent.qqlive.ona.activity.SplashHomeActivity], com.ct.client=[com.ct.client.activity.MainActivity]}
08-08 19:57:10.422  3009  3249 E ScrollOptim [OplusPerfService]: isScrollOptimEnable: pkgName = com.hypernova.phone, output = Bundle[{pre_anim_enable=true, frame_insert_list=null, frame_insert_default_num=1, scroll_changed_enable_list=null}]
08-08 19:57:10.423 18978 18978 D ScrollOptim [ConfigManager]: initOptConfig: pkg= com.hypernova.phone, mOptEnable= true, mAnimAheadEnable= true, mInsertDefaultNum= 1, mFrameInsertEnableList= {}, mSCEnableList= []
08-08 19:57:10.431  3009  3249 I ActivityManager: Flag disabled. Ignoring finishAttachApplication from uid: 10495. pid: 18978
08-08 19:57:10.433 18978 18978 D callGcSupression: java.lang.NullPointerException: Attempt to invoke virtual method 'java.lang.Object java.lang.reflect.Method.invoke(java.lang.Object, java.lang.Object[])' on a null object reference
08-08 19:57:10.435  3009  3249 I [UAH_CLIENT]: UahEventAcquire, cmdid:2, pkg:none, identity:OplusActivityManagerServiceEnhance
08-08 19:57:10.442  1566 22091 D GpuServiceExtImpl: getRUSWhiteList  size 0
08-08 19:57:10.442 18978 18978 I HWUI    : SupportApps size 0
08-08 19:57:10.446 18978 19018 D ExtensionsLoader: createInstance(64bit) : createExtendedFactory
08-08 19:57:10.447 18978 19018 D ExtensionsLoader: Opened libSchedAssistExtImpl.so
08-08 19:57:10.448   896   896 E lowmemorykiller: device memory 244195 free 6682 file 240202
08-08 19:57:10.460 18978 18978 D ResourcesManagerExtImpl: applyConfigurationToAppResourcesLocked app.getDisplayId() return callback.displayId:0
08-08 19:57:10.462  3009  3098 I libprocessgroup: Removed cgroup /sys/fs/cgroup/uid_10309/pid_18040
08-08 19:57:10.465  3009  3535 I ActivityManager: Death received, pid = 18040, processName = com.imo.android.imoim for thread android.os.BinderProxy@21d97cf
08-08 19:57:10.466  3009  3450 D ConnectivityService: releasing NetworkRequest [ REQUEST id=104846, [ Capabilities: INTERNET&NOT_RESTRICTED&TRUSTED&NOT_VCN_MANAGED&NOT_BANDWIDTH_CONSTRAINED Uid: 10309 RequestorUid: 10309 RequestorPkg: com.imo.android.imoim UnderlyingNetworks: Null] ] (release request)
08-08 19:57:10.466  3009  3450 D ConnectivityService: releasing NetworkRequest [ REQUEST id=104837, [ Capabilities: INTERNET&NOT_RESTRICTED&TRUSTED&NOT_VCN_MANAGED&NOT_BANDWIDTH_CONSTRAINED Uid: 10309 RequestorUid: 10309 RequestorPkg: com.imo.android.imoim UnderlyingNetworks: Null] ] (release request)
08-08 19:57:10.467  3009  3450 D ConnectivityService: releasing NetworkRequest [ REQUEST id=104865, [ Capabilities: INTERNET&NOT_RESTRICTED&TRUSTED&NOT_VCN_MANAGED&NOT_BANDWIDTH_CONSTRAINED Uid: 10309 RequestorUid: 10309 RequestorPkg: com.imo.android.imoim UnderlyingNetworks: Null] ] (release request)
08-08 19:57:10.467  3009  3781 W OplusAppStartupConfigExt_OplusAppStartupCommonSceneStrategy: Blacklist is Empty
08-08 19:57:10.467  3009  3781 D OplusAppStartupConfigExt: RestartService prevent pkg com.imo.android.imoim result = false
08-08 19:57:10.467  3009  3450 D ConnectivityService: releasing NetworkRequest [ REQUEST id=104835, [ Capabilities: INTERNET&NOT_RESTRICTED&TRUSTED&NOT_VCN_MANAGED&NOT_BANDWIDTH_CONSTRAINED Uid: 10309 RequestorUid: 10309 RequestorPkg: com.imo.android.imoim UnderlyingNetworks: Null] ] (release request)
08-08 19:57:10.468  3009  3450 D ConnectivityService: releasing NetworkRequest [ REQUEST id=104828, [ Capabilities: INTERNET&NOT_RESTRICTED&TRUSTED&NOT_VCN_MANAGED&NOT_BANDWIDTH_CONSTRAINED Uid: 10309 RequestorUid: 10309 RequestorPkg: com.imo.android.imoim UnderlyingNetworks: Null] ] (release request)
08-08 19:57:10.469  3009  3450 D ConnectivityService: releasing NetworkRequest [ REQUEST id=104830, [ Transports: CELLULAR Capabilities: INTERNET&NOT_RESTRICTED&TRUSTED&NOT_VPN&NOT_VCN_MANAGED&NOT_BANDWIDTH_CONSTRAINED Uid: 10309 RequestorUid: 10309 RequestorPkg: com.imo.android.imoim UnderlyingNetworks: Null] ] (release request)
08-08 19:57:10.470  1300  1300 I Zygote  : Process 18040 exited due to signal 9 (Killed)
08-08 19:57:10.473  3009  3781 I OplusHansManager : unfreeze uid: 10309 com.imo.android.imoim pids: [18040, 18853] reason: BumpService scene: LcdOn
08-08 19:57:10.474  3009  3998 I OplusHansManager : uid=10309, pkg=com.imo.android.imoim F exit(), F stay=31, reason=BumpService
08-08 19:57:10.479  3979  4433 I ProcessManager: onProcessDied pid:18040, uid:10309
08-08 19:57:10.479  3009  4015 I OplusHansManager : up_BC uid=10309 pkg=com.imo.android.imoim
08-08 19:57:10.479  3979  4433 D AppSceneEventManager: handleMessage: 101
08-08 19:57:10.479  3979  4433 I DispatcherPolicy: onBaseEvent EventId=22	INPUT_PROCESS_DIED	TimeStamp =1786208230479	Intent =null	Content =null	Pid =18040	PkgName =com.imo.android.imoim
08-08 19:57:10.479  3979  4433 I GamingScene: onInputEvent : INPUT_PROCESS_DIED
08-08 19:57:10.479  5345 29479 D OplusAtlas.OplusAtlasEventDispatch: setEvent:atlas_event_on_process_died info:pid:18040,uid:10309
08-08 19:57:10.480  3009  4717 I ActivityManager: Killing 18853:com.google.android.webview:sandboxed_process0:org.chromium.content.app.SandboxedProcessService0:0/u0a309i757 (adj 0): isolated not needed
08-08 19:57:10.480  3009  3450 D ConnectivityService: releasing NetworkRequest [ REQUEST id=104832, [ Capabilities: INTERNET&NOT_RESTRICTED&TRUSTED&NOT_VCN_MANAGED&NOT_BANDWIDTH_CONSTRAINED Uid: 10309 RequestorUid: 10309 RequestorPkg: com.imo.android.imoim UnderlyingNetworks: Null] ] (release request)
08-08 19:57:10.481  3009  3450 D ConnectivityService: releasing NetworkRequest [ REQUEST id=104829, [ Transports: WIFI Capabilities: INTERNET&NOT_RESTRICTED&TRUSTED&NOT_VPN&NOT_VCN_MANAGED&NOT_BANDWIDTH_CONSTRAINED Uid: 10309 RequestorUid: 10309 RequestorPkg: com.imo.android.imoim UnderlyingNetworks: Null] ] (release request)
08-08 19:57:10.481  5345  8816 D OplusAtlas.OplusMessageHandler: handleMessage: Msg { when=-1ms what=1 obj=com.oplus.atlas.OplusAtlasEvent@33c5d23 target=com.oplus.atlas.OplusMessageHandler$MyHandler }
08-08 19:57:10.482  5345  8987 D OplusAtlas.OplusMessageHandler: handleMessage: Msg { when=-1ms what=1 obj=com.oplus.atlas.OplusAtlasEvent@33c5d23 target=com.oplus.atlas.OplusMessageHandler$MyHandler }
08-08 19:57:10.483  3009  4134 I OplusHansManager : onUidGone(), 10309 com.imo.android.imoim exit SM
08-08 19:57:10.483  3009  3998 I OplusHansManager : uid=10309, pkg=com.imo.android.imoim M exit SM
08-08 19:57:10.484  3009  3998 I OplusHansManager : uid=10309, pkg=com.imo.android.imoim M exit(), M stay=0
08-08 19:57:10.484  3009  4134 I OplusHansManager : onUidGone(),  keep: 10309 com.imo.android.imoim alarm
08-08 19:57:10.484  3009  3998 I OplusHansManager : uid=10309, pkg=com.imo.android.imoim R exit(), R stay=0
08-08 19:57:10.486  3009  3712 I Osense-PsiDetector: 956,28,2796,4607,40,126,81,604,1251,376,562,0,4,5366
08-08 19:57:10.487  3009  3705 I Osense-BaseDecisionMaker: notifySceneToAthenaPolicy: SCENE_RES_MEM_PSI_NORMAL, bundle: Bundle[{memLevel=3}]
08-08 19:57:10.488  3009  3072 D DisplayManagerService: Drop pending events for gone uid 10309
08-08 19:57:10.490  3009  3705 I Osense-BaseDecisionMaker: scene: SCENE_RES_MEM_PSI_NORMAL, excutingPolicy: clear
08-08 19:57:10.491  3009  3705 D Osense-BaseDecisionMaker: invoke clear policy,type: cached
08-08 19:57:10.493  3009  3710 I OsenseKillAction: KillAction: [atomic clean] start name=lowmem, requestId=121899, startAvail=954, startFreeMB=26, purposeAvailMB=1200, purposeFreeMB=-1, anonRssTarget=246, minBgCount=0, swapTarget=0, scene=SCENE_RES_MEM_PSI_NORMAL, type=cached, qb=false, cchOnly=true, urgency=false, hoggingCpuPids={}, invalid-cnt=1
08-08 19:57:10.500  3009  3710 I OsenseKillAction: KillAction: group process done, total=1ms, firstLoop=0ms, updateProcessInfo=1ms, idleList=0ms, curBg=1
08-08 19:57:10.501  3009  3710 I OsenseKillAction: scanCchEmptyProc: +++++++ start double check +++++++
08-08 19:57:10.501  3009  3710 I OsenseKillAction: scanCchEmptyProc: cch check done: killablePss=0kb, killableAnonRss=0mb, time=1ms, candidate cnt: 0
08-08 19:57:10.501  3009  3710 I OsenseKillAction: scanNonUiProc: ----------start check non ui proc-----------
08-08 19:57:10.501  3009  3710 I OsenseKillAction: scanNonUiProc: done check non ui proc: killablePss=0kb, killableAnonRss=0mb, time=0ms, collected proc num: 0
08-08 19:57:10.501  3009  3710 I OsenseKillAction: scanOomAdj: skip scan oom adj for lowmem
08-08 19:57:10.501  3009  3710 I OsenseKillAction: scanAllProc: skip scan all proc for lowmem
08-08 19:57:10.501  3009  3710 I OsenseKillAction: KillAction: done execute kill, pi2app=0ms, monitor=0ms, kill=0ms, total=0ms, kill cnt=0, local cnt=0
08-08 19:57:10.502  3009  3710 I OsenseKillAction: KillAction: [atomic clean] end requestId=121899, endAvail=953mb, reclaimed: [pss=0mb, anonRss=0mb, swap=0mb, mem=0mb, Rss=0mb], timing: [total=10ms, update=2ms, readMem=4ms, group=1ms, cch=1ms, nonUi=0ms, oomadj=0ms, allProc=0ms, monitor=0ms, kill=0ms], sysinfo: [bgcount=1]
08-08 19:57:10.502  3009  3710 I OsenseKillAction: KillAction: 246mb more anonRss to reclaim, 0mb more swapMb to reclaim, <skip> mem guard, cur avail=953mb, bundle: Bundle[{appcareThreshold=0, triggerMemory=1000, qbmode=false, memLevel=3, type=cached, level=1, scene=SCENE_RES_MEM_PSI_NORMAL, requestId=121899, purposeMemory=1200}]
08-08 19:57:10.506  3979  4446 I TcpSyn  : onIfNameChange: foregroundAppChange
08-08 19:57:10.506  3979  4446 I TcpSyn  : onIfNameChange: foregroundAppChange appUid=[]
08-08 19:57:10.525  3009  3098 I libprocessgroup: Removed cgroup /sys/fs/cgroup/uid_99757/pid_18853
08-08 19:57:10.526  3766  3766 I Zygote  : Process 18853 exited due to signal 9 (Killed)
08-08 19:57:10.526 28967 28967 D BoundBrokerSvc: onUnbind: Intent { act=com.google.android.gms.libs.gmscorelogger.service.START dat=chimera-action:/... cmp=com.google.android.gms/.chimera.PersistentDirectBootAwareApiService mCallingUid=10114 }
08-08 19:57:10.529  3009  3535 I ActivityManager: Death received, pid = 18853, processName = com.google.android.webview:sandboxed_process0:org.chromium.content.app.SandboxedProcessService0:0 for thread android.os.BinderProxy@cc4d53d
08-08 19:57:10.531  3009  3779 W OplusAppStartupConfigExt_OplusAppStartupCommonSceneStrategy: Blacklist is Empty
08-08 19:57:10.531  3009  3779 D OplusAppStartupConfigExt: RestartService prevent pkg com.imo.android.imoim result = false
08-08 19:57:10.537  5345 29479 D OplusAtlas.OplusAtlasEventDispatch: setEvent:atlas_event_on_process_died info:pid:18853,uid:10309
08-08 19:57:10.538  3979  4032 E PackageUidManager: pkgs is empty for uid 99757
08-08 19:57:10.538  5345  8987 D OplusAtlas.OplusMessageHandler: handleMessage: Msg { when=-1ms what=1 obj=com.oplus.atlas.OplusAtlasEvent@1268220 target=com.oplus.atlas.OplusMessageHandler$MyHandler }
08-08 19:57:10.539  5345  8816 D OplusAtlas.OplusMessageHandler: handleMessage: Msg { when=-1ms what=1 obj=com.oplus.atlas.OplusAtlasEvent@1268220 target=com.oplus.atlas.OplusMessageHandler$MyHandler }
08-08 19:57:10.539  3979  4433 I ProcessManager: onProcessDied pid:18853, uid:10309
08-08 19:57:10.539  3979  4433 D AppSceneEventManager: handleMessage: 101
08-08 19:57:10.539  3979  4433 I DispatcherPolicy: onBaseEvent EventId=22	INPUT_PROCESS_DIED	TimeStamp =1786208230539	Intent =null	Content =null	Pid =18853	PkgName =com.imo.android.imoim
08-08 19:57:10.540  3979  4433 I GamingScene: onInputEvent : INPUT_PROCESS_DIED
08-08 19:57:10.547  3009  3072 D DisplayManagerService: Drop pending events for gone uid 99757
08-08 19:57:10.548   896   896 E lowmemorykiller: device memory 243628 free 6438 file 239678
08-08 19:57:10.549 16139 16139 D BoundBrokerSvc: onUnbind: Intent { act=com.google.android.gms.onboardingconsent.api.ConsentManagerApiService.START dat=chimera-action:/... cmp=com.google.android.gms/.chimera.GmsApiService mCallingUid=10114 }
08-08 19:57:10.550 18999 18999 W it.FitbitMobile: Failed to find entry 'classes.dex': Entry not found
08-08 19:57:10.556 18999 18999 W it.FitbitMobile: Failed to find entry 'classes.dex': Entry not found
08-08 19:57:10.558 18978 18978 D AppCompatDelegate: Checking for metadata for AppLocalesMetadataHolderService : Service not found
08-08 19:57:10.561 18999 18999 W it.FitbitMobile: Failed to find entry 'classes.dex': Entry not found
08-08 19:57:10.565  3680  3689 I ndroid.systemui: Background young concurrent mark compact GC freed 21MB AllocSpace bytes, 21(788KB) LOS objects, 37% free, 37MB/60MB, paused 2.950ms,16.568ms total 981.675ms
08-08 19:57:10.565 18999 18999 D nativeloader: Configuring clns-7 for other apk /data/app/~~MCG7qq_GVKJ4-YOGD8trxA==/com.fitbit.FitbitMobile-DJqvc57a-gT9EPRRxgotQg==/base.apk:/data/app/~~MCG7qq_GVKJ4-YOGD8trxA==/com.fitbit.FitbitMobile-DJqvc57a-gT9EPRRxgotQg==/split_config.arm64_v8a.apk:/data/app/~~MCG7qq_GVKJ4-YOGD8trxA==/com.fitbit.FitbitMobile-DJqvc57a-gT9EPRRxgotQg==/split_config.en.apk:/data/app/~~MCG7qq_GVKJ4-YOGD8trxA==/com.fitbit.FitbitMobile-DJqvc57a-gT9EPRRxgotQg==/split_config.xhdpi.apk. target_sdk_version=37, uses_libraries=, library_path=/data/app/~~MCG7qq_GVKJ4-YOGD8trxA==/com.fitbit.FitbitMobile-DJqvc57a-gT9EPRRxgotQg==/lib/arm64:/data/app/~~MCG7qq_GVKJ4-YOGD8trxA==/com.fitbit.FitbitMobile-DJqvc57a-gT9EPRRxgotQg==/base.apk!/lib/arm64-v8a:/data/app/~~MCG7qq_GVKJ4-YOGD8trxA==/com.fitbit.FitbitMobile-DJqvc57a-gT9EPRRxgotQg==/split_config.arm64_v8a.apk!/lib/arm64-v8a:/data/app/~~MCG7qq_GVKJ4-YOGD8trxA==/com.fitbit.FitbitMobile-DJqvc57a-gT9EPRRxgotQg==/split_config.en.apk!/lib/arm64-v8a:/data/app/~~MCG7qq_GVKJ4-YOGD8trxA==/com.fitbit.FitbitMobi
08-08 19:57:10.568 18999 18999 I Quality : ActivityThread: createClassLoader delay 442 /data/app/~~MCG7qq_GVKJ4-YOGD8trxA==/com.fitbit.FitbitMobile-DJqvc57a-gT9EPRRxgotQg==/base.apk:/data/app/~~MCG7qq_GVKJ4-YOGD8trxA==/com.fitbit.FitbitMobile-DJqvc57a-gT9EPRRxgotQg==/split_config.arm64_v8a.apk:/data/app/~~MCG7qq_GVKJ4-YOGD8trxA==/com.fitbit.FitbitMobile-DJqvc57a-gT9EPRRxgotQg==/split_config.en.apk:/data/app/~~MCG7qq_GVKJ4-YOGD8trxA==/com.fitbit.FitbitMobile-DJqvc57a-gT9EPRRxgotQg==/split_config.xhdpi.apk 18999
08-08 19:57:10.572  3680  3872 D HWUI    : SkiaOpenGLPipeline::setSurface: this=0xb4000073361266c0, surface=NULL
08-08 19:57:10.577   896   896 E lowmemorykiller: device memory 243865 free 7100 file 239109
08-08 19:57:10.578   896   896 E lowmemorykiller: device memory 243813 free 7100 file 239045
08-08 19:57:10.578  3009  3712 I Osense-PsiDetector: 952,29,2803,4607,40,126,81,608,1245,378,555,0,4,5354
08-08 19:57:10.579  3680  3872 D HWUI    : SkiaOpenGLPipeline::setSurface: this=0xb40000734cb92880, surface=NULL
08-08 19:57:10.579  3009  3705 I Osense-BaseDecisionMaker: notifySceneToAthenaPolicy: SCENE_RES_MEM_PSI_NORMAL, bundle: Bundle[{memLevel=4}]
08-08 19:57:10.583  3009  3705 I Osense-BaseDecisionMaker: scene: SCENE_RES_MEM_PSI_NORMAL, excutingPolicy: clear
08-08 19:57:10.584  3680  3872 D HWUI    : SkiaOpenGLPipeline::setSurface: this=0xb40000733860fb40, surface=NULL
08-08 19:57:10.584  3009  3705 D Osense-BaseDecisionMaker: invoke clear policy,type: cached
08-08 19:57:10.584  3009  3705 I Osense-BaseDecisionMaker: notifySceneToAthenaPolicy: SCENE_RES_MEM_PSI_LEAK, bundle: Bundle[{memLevel=4}]
08-08 19:57:10.585  3009  3710 I OsenseKillAction: KillAction: [atomic clean] start name=lowmem, requestId=121900, startAvail=953, startFreeMB=30, purposeAvailMB=1200, purposeFreeMB=-1, anonRssTarget=247, minBgCount=0, swapTarget=0, scene=SCENE_RES_MEM_PSI_NORMAL, type=cached, qb=false, cchOnly=true, urgency=false, hoggingCpuPids={}, invalid-cnt=1
08-08 19:57:10.586  3009  3710 I OsenseKillAction: KillAction: [atomic clean] end: skip for no-killable-cached-process
08-08 19:57:10.586  3009  3710 I OsenseKillAction: KillAction: 247mb more anonRss to reclaim, 0mb more swapMb to reclaim, <skip> mem guard, cur avail=0mb, bundle: Bundle[{appcareThreshold=0, triggerMemory=1000, qbmode=false, memLevel=4, type=cached, level=1, scene=SCENE_RES_MEM_PSI_NORMAL, requestId=121900, purposeMemory=1200}]
08-08 19:57:10.588 18999 18999 I Quality : ActivityThread: createOrUpdateClassLoaderLocked delay 465 com.fitbit.FitbitMobile 18999
08-08 19:57:10.597  3680  3872 D HWUI    : SkiaOpenGLPipeline::setSurface: this=0xb4000074be1e95c0, surface=NULL
08-08 19:57:10.604  1598  1767 I SurfaceFlinger: [SF client] REMOVE (0xb400007cab566300) for (3009:system_server)
08-08 19:57:10.607  3680  3872 D HWUI    : SkiaOpenGLPipeline::setSurface: this=0xb4000074be5ae1c0, surface=NULL
08-08 19:57:10.617  4088  4593 D OplusScrollToTopManager: com.android.launcher/com.android.launcher.Launcher,This com.android.internal.policy.DecorView{9b8536e V.E...... R....... 0,0-720,1604 aid=5 alpha=1.0 viewInfo = }[Launcher] change focus to false
08-08 19:57:10.620  3680  3691 W System  : A resource failed to call release. 
08-08 19:57:10.620  3680  3691 W System  : A resource failed to call release. 
08-08 19:57:10.620  3680  3691 W System  : A resource failed to call release. 
08-08 19:57:10.624  3680  3691 W System  : A resource failed to call release. 
08-08 19:57:10.625  3680  3691 W System  : A resource failed to call release. 
08-08 19:57:10.626  3680  3691 W System  : A resource failed to call release. 
08-08 19:57:10.626  3680  3691 W System  : A resource failed to call release. 
08-08 19:57:10.630  1598  1782 I SurfaceFlinger: [SF client] REMOVE (0xb400007c9b170000) for (3680:com.android.systemui)
08-08 19:57:10.630  3680  3691 W System  : A resource failed to call release. 
08-08 19:57:10.630  3680  3691 W System  : A resource failed to call release. 
08-08 19:57:10.630  3680  3691 W System  : A resource failed to call release. 
08-08 19:57:10.635  3680  3691 W System  : A resource failed to call release. 
08-08 19:57:10.635  3680  3691 W System  : A resource failed to call release. 
08-08 19:57:10.635  3680  3691 W System  : A resource failed to call release. 
08-08 19:57:10.635  3680  3691 W System  : A resource failed to call release. 
08-08 19:57:10.638  1598  1782 I SurfaceFlinger: [SF client] REMOVE (0xb400007cbaaece00) for (3680:com.android.systemui)
08-08 19:57:10.639  1598  1782 I SurfaceFlinger: [SF client] REMOVE (0xb400007cbab03980) for (3680:com.android.systemui)
08-08 19:57:10.641  3009  3681 W Binder  : Outgoing transactions from this process must be FLAG_ONEWAY
08-08 19:57:10.641  3009  3681 W Binder  : java.lang.Throwable
08-08 19:57:10.641  3009  3681 W Binder  : 	at android.os.BinderProxy.transact(BinderProxy.java:633)
08-08 19:57:10.641  3009  3681 W Binder  : 	at android.content.ContentProviderProxy.insert(ContentProviderNative.java:587)
08-08 19:57:10.641  3009  3681 W Binder  : 	at android.content.ContentProviderClient.insert(ContentProviderClient.java:347)
08-08 19:57:10.641  3009  3681 W Binder  : 	at android.content.ContentProviderClient.insert(ContentProviderClient.java:336)
08-08 19:57:10.641  3009  3681 W Binder  : 	at com.oplus.util.OplusStatisticsImpl.insert(OplusStatisticsImpl.java:307)
08-08 19:57:10.641  3009  3681 W Binder  : 	at com.oplus.util.OplusStatisticsImpl.sendDataToDCS(OplusStatisticsImpl.java:287)
08-08 19:57:10.641  3009  3681 W Binder  : 	at com.oplus.util.OplusStatisticsImpl.flushInternal(OplusStatisticsImpl.java:264)
08-08 19:57:10.641  3009  3681 W Binder  : 	at com.oplus.util.OplusStatisticsImpl.lambda$setDelayFlushJobIfNeed$4(OplusStatisticsImpl.java:211)
08-08 19:57:10.641  3009  3681 W Binder  : 	at com.oplus.util.OplusStatisticsImpl.$r8$lambda$4UYTp2NCu6Rml69JNqEuK7o54SI(OplusStatisticsImpl.java:0)
08-08 19:57:10.641  3009  3681 W Binder  : 	at com.oplus.util.OplusStatisticsImpl$$ExternalSyntheticLambda5.run(D8$$SyntheticClass:0)
08-08 19:57:10.641  3009  3681 W Binder  : 	at java.util.concurrent.Executors$RunnableAdapter.call(Executors.java:520)
08-08 19:57:10.641  3009  3681 W Binder  : 	at java.util.concurrent.FutureTask.run(FutureTask.java:328)
08-08 19:57:10.641  3009  3681 W Binder  : 	at java.util.concurrent.ScheduledThreadPoolExecutor$ScheduledFutureTask.run(ScheduledThreadPoolExecutor.java:323)
08-08 19:57:10.641  3009  3681 W Binder  : 	at java.util.concurrent.ThreadPoolExecutor.runWorker(ThreadPoolExecutor.java:1100)
08-08 19:57:10.641  3009  3681 W Binder  : 	at java.util.concurrent.ThreadPoolExecutor$Worker.run(ThreadPoolExecutor.java:624)
08-08 19:57:10.641  3009  3681 W Binder  : 	at java.lang.Thread.run(Thread.java:1572)
08-08 19:57:10.645  3680  3691 W System  : A resource failed to call release. 
08-08 19:57:10.645  3680  3691 W System  : A resource failed to call release. 
08-08 19:57:10.646  3680  3691 W System  : A resource failed to call release. 
08-08 19:57:10.647  3680  3691 W System  : A resource failed to call release. 
08-08 19:57:10.647  3680  3691 W System  : A resource failed to call release. 
08-08 19:57:10.647  3680  3691 W System  : A resource failed to call release. 
08-08 19:57:10.649  3680  3691 W System  : A resource failed to call release. 
08-08 19:57:10.650  3680  3691 W System  : A resource failed to call release. 
08-08 19:57:10.650  3680  3691 W System  : A resource failed to call release. 
08-08 19:57:10.651  3680  3691 W System  : A resource failed to call release. 
08-08 19:57:10.652  1598  1782 I SurfaceFlinger: [SF client] REMOVE (0xb400007cab21eb80) for (3680:com.android.systemui)
08-08 19:57:10.652  3680  3691 W System  : A resource failed to call release. 
08-08 19:57:10.652  3680  3691 W System  : A resource failed to call release. 
08-08 19:57:10.652  3680  3691 W System  : A resource failed to call release. 
08-08 19:57:10.654 18978 18978 I oplus.android.OplusFrameworkFactoryImpl: Unknow feature:IOplusTextViewRTLUtilForUG
08-08 19:57:10.655  3680  3691 W System  : A resource failed to call release. 
08-08 19:57:10.655  3680  3691 W System  : A resource failed to call release. 
08-08 19:57:10.657  3680  3691 W System  : A resource failed to call release. 
08-08 19:57:10.657 18978 18978 D nativeloader: Load liboplushwui_jni.so using system ns (caller=/system/framework/oplus-framework.jar): ok
08-08 19:57:10.658  3680  3691 W System  : A resource failed to call release. 
08-08 19:57:10.665  3680  3691 W System  : A resource failed to call release. 
08-08 19:57:10.665  3680  3691 W System  : A resource failed to call release. 
08-08 19:57:10.665  3680  3691 W System  : A resource failed to call release. 
08-08 19:57:10.666  1598  1782 I SurfaceFlinger: [SF client] REMOVE (0xb400007c9b1c1600) for (3680:com.android.systemui)
08-08 19:57:10.666  3680  3691 W System  : A resource failed to call release. 
08-08 19:57:10.666  3680  3691 W System  : A resource failed to call release. 
08-08 19:57:10.666  3680  3691 W System  : A resource failed to call release. 
08-08 19:57:10.669 18999 18999 I Quality : GetResourcesInfo:80758594,/data/app/~~MCG7qq_GVKJ4-YOGD8trxA==/com.fitbit.FitbitMobile-DJqvc57a-gT9EPRRxgotQg==/base.apk
08-08 19:57:10.677   896   896 E lowmemorykiller: device memory 244084 free 7440 file 239309
08-08 19:57:10.681  3009  3107 D KernelCpuUidUserSysTimeReader: Removing uids 90000-90000
08-08 19:57:10.697 18999 18999 V GraphicsEnvironment: Currently set values for:
08-08 19:57:10.697 18999 18999 V GraphicsEnvironment:   angle_gl_driver_selection_pkgs=[]
08-08 19:57:10.697 18999 18999 V GraphicsEnvironment:   angle_gl_driver_selection_values=[]
08-08 19:57:10.697 18999 18999 V GraphicsEnvironment: Global.Settings values are invalid: number of packages: 0, number of values: 0
08-08 19:57:10.697 18999 18999 V GraphicsEnvironment: Neither updatable production driver nor prerelease driver is supported.
08-08 19:57:10.702 18999 18999 D ResourcesManagerExtImpl: applyConfigurationToAppResourcesLocked app.getDisplayId() return callback.displayId:-1
08-08 19:57:10.768 18978 18978 E OplusCustomizeRestrictionManager: sInstance is null, start a new sInstance
08-08 19:57:10.773 28967 17432 I NearbyMediums: No BLE Fast/GATT advertisements found in the latest cycle.
08-08 19:57:10.773 28967 17432 I NearbyMediums: Current Tracked Scanning Clients are : {NearbyConnections.EnvironmentMonitor, NearbySharing}
08-08 19:57:10.778   896   896 E lowmemorykiller: device memory 244541 free 6686 file 240577
08-08 19:57:10.791  1479  1567 D BatteryChargeControl: bcc get no support from charging protocol
08-08 19:57:10.879   896   896 E lowmemorykiller: device memory 247537 free 8292 file 241718
08-08 19:57:10.887  2259  2259 I cnss-daemon: nl80211 response handler invoked
08-08 19:57:10.887  1416 10610 I WifiHAL : event received NL80211_CMD_VENDOR, vendor_id = 0x1374, subcmd = 0xd
08-08 19:57:10.887  2259  2259 I cnss-daemon: nl80211_response_handler: cmd 103, vendorID 4980, subcmd 13  received
08-08 19:57:10.942 18978 18978 I Quality : InflateViewInfo:222214896,androidx.constraintlayout.widget.ConstraintLayout
08-08 19:57:10.953 18978 18978 I hypernova.phone: hiddenapi: Accessing hidden method Landroid/view/ViewGroup;->makeOptionalFitsSystemWindows()V (runtime_flags=0, domain=platform, api=unsupported) from Landroidx/appcompat/widget/ViewUtils; (domain=app, TargetSdkVersion=36) using reflection: allowed
08-08 19:57:10.969 18999 19026 D nativeloader: Load /data/app/~~MCG7qq_GVKJ4-YOGD8trxA==/com.fitbit.FitbitMobile-DJqvc57a-gT9EPRRxgotQg==/split_config.arm64_v8a.apk!/lib/arm64-v8a/libnative_crash_handler_jni.so using class loader ns clns-7 (caller=/data/app/~~MCG7qq_GVKJ4-YOGD8trxA==/com.fitbit.FitbitMobile-DJqvc57a-gT9EPRRxgotQg==/base.apk): ok
08-08 19:57:10.980   896   896 E lowmemorykiller: device memory 247846 free 9070 file 242012
08-08 19:57:10.994  3009  3708 I Osense-BaseDecisionMaker: notifySceneToAthenaPolicy: SCENE_RES_IO_PSI, bundle: Bundle[{ioLevel=3}]
08-08 19:57:10.995  3009  3708 I Osense-BaseDecisionMaker: OSense not supported scene! SCENE_RES_IO_PSI
08-08 19:57:10.995  1479  5654 D charge_time: type=cdp/dcp,reserve_soc=1,soc=55,ui_soc=56,current=537,avg=1057,not_chg_cnt=0,stable_cnt=7,fcc=4423,fcc_ratio=92,delta=70,debug=0,region=13,ttf=6617(01:50:17),ui_ttf=6760(01:52:40)
08-08 19:57:11.012 18978 18978 I Quality : ActivityThread: activityStart delay 578 com.hypernova.phone 18978
08-08 19:57:11.081   896   896 E lowmemorykiller: device memory 248185 free 10669 file 240906
08-08 19:57:11.102 18978 18978 W MaterialButton: MaterialButton manages its own background to control elevation, shape, color and states. Consider using backgroundTint, shapeAppearance and other attributes where available. A custom background will ignore these attributes and you should consider handling interaction states such as pressed, focused and disabled
08-08 19:57:11.104 18978 18978 W MaterialButton: MaterialButton manages its own background to control elevation, shape, color and states. Consider using backgroundTint, shapeAppearance and other attributes where available. A custom background will ignore these attributes and you should consider handling interaction states such as pressed, focused and disabled
08-08 19:57:11.105 18978 18978 W MaterialButton: MaterialButton manages its own background to control elevation, shape, color and states. Consider using backgroundTint, shapeAppearance and other attributes where available. A custom background will ignore these attributes and you should consider handling interaction states such as pressed, focused and disabled
08-08 19:57:11.106 18978 18978 W MaterialButton: MaterialButton manages its own background to control elevation, shape, color and states. Consider using backgroundTint, shapeAppearance and other attributes where available. A custom background will ignore these attributes and you should consider handling interaction states such as pressed, focused and disabled
08-08 19:57:11.115 18978 18978 D ScrollOptimizationHelper: can't find the config file for optimizaiton
08-08 19:57:11.115 18978 18978 D ScrollOptimizationHelper: will not debug for debug is false
08-08 19:57:11.121  3009  3009 D OplusWifiPowerService: onReceive action:android.intent.action.BATTERY_LEVEL_CHANGED
08-08 19:57:11.121 18978 18978 I oplus.android.OplusFrameworkFactoryImpl: get feature:IOplusDynamicVsyncFeature
08-08 19:57:11.122 18978 18978 I oplus.android.OplusFrameworkFactoryImpl: get feature:IOplusDynamicVsyncFeature
08-08 19:57:11.122  3009  3415 W OplusStorageManagerFeature: mScreenReceiver action:android.intent.action.BATTERY_LEVEL_CHANGED
08-08 19:57:11.122  3009  3415 I OplusStorageManagerFeature: TmemoryBetterySwitch: level=56 state=2
08-08 19:57:11.122  3009  3415 I OplusStorageManagerFeature: TmemoryBetterySwitch: action=0 state=2
08-08 19:57:11.122 18978 18978 I oplus.android.OplusFrameworkFactoryImpl: get feature:IOplusDynamicVsyncFeature
08-08 19:57:11.186   896   896 E lowmemorykiller: device memory 248436 free 13168 file 239639
08-08 19:57:11.218  3979  4446 D CommonApp-741-10495: transport layer data is invalid
08-08 19:57:11.259 18978 18978 I oplus.android.OplusFrameworkFactoryImpl: get feature:IOplusDynamicVsyncFeature
08-08 19:57:11.259 18978 18978 I oplus.android.OplusFrameworkFactoryImpl: get feature:IOplusDynamicVsyncFeature
08-08 19:57:11.259 18978 18978 I oplus.android.OplusFrameworkFactoryImpl: get feature:IOplusDynamicVsyncFeature
08-08 19:57:11.287   896   896 E lowmemorykiller: device memory 249357 free 15127 file 238690
08-08 19:57:11.306 18230 18230 D BatteryUsageBroadcastReceiver: onReceive:android.intent.action.BATTERY_LEVEL_CHANGED
08-08 19:57:11.318 18230 18230 D BatteryUsageBroadcastReceiver: fetch data because of event: ACTION_BATTERY_LEVEL_CHANGED
08-08 19:57:11.336 16139 16152 W OplusExSystemServiceHelper: checkOplusExSystemService intent getComponent is null
08-08 19:57:11.350 16139 16139 D BoundBrokerSvc: onBind: Intent { act=com.google.android.gms.auth.service.START pkg=com.google.android.gms mCallingUid=10290 }
08-08 19:57:11.350 16139 16139 D BoundBrokerSvc: Loading bound service for intent: Intent { act=com.google.android.gms.auth.service.START pkg=com.google.android.gms mCallingUid=10290 }
08-08 19:57:11.359 18978 18978 D ScrollOptim [SceneManager]: updateCurrentActivity: mCurrentActivityName=com.hypernova.phone.MainActivity, isOptEnable=true, isAnimAheadEnable=true, isFrameInsertEnable=true, InsertNum=1, isEnabledForScrollChanged=false
08-08 19:57:11.359 18978 18978 D ActivityThread: ComponentInfo{com.hypernova.phone/com.hypernova.phone.MainActivity} checkFinished=false 2
08-08 19:57:11.360 18978 18978 D ResourcesManagerExtImpl: applyConfigurationToAppResourcesLocked app.getDisplayId() return callback.displayId:0
08-08 19:57:11.361 28967 28967 D BoundBrokerSvc: onRebind: Intent { act=com.google.android.gms.auth.aang.events.services.START dat=chimera-action:/... cmp=com.google.android.gms/.chimera.PersistentApiService mCallingUid=10114 }
08-08 19:57:11.366 18978 18978 D OplusInputMethodUtil: init sDebug to false, init sDebugIme to false, init sAlwaysOn to false
08-08 19:57:11.366 18978 18978 D OplusInputMethodUtil: updateDebugToClass InputMethodManager.DEBUG = false
08-08 19:57:11.366 18978 18978 D OplusInputMethodUtil: updateDebugToClass ImeFocusController.DEBUG = false
08-08 19:57:11.366 18978 18978 D OplusInputMethodUtil: updateDebugToClass InsetsController.DEBUG = false
08-08 19:57:11.367 18978 18978 D OplusInputMethodUtil: updateDebugToClass BaseInputConnection.DEBUG = false
08-08 19:57:11.375  1598  1782 I SurfaceFlinger: [SF client] NEW(0xb400007cbaaec500) for (18978:com.hypernova.phone)
08-08 19:57:11.387   896   896 E lowmemorykiller: device memory 249435 free 21057 file 232808
08-08 19:57:11.395 18978 18978 D WindowManager: Add to mViews: com.android.internal.policy.DecorView{7285bc I.E...... R.....ID 0,0-0,0 alpha=1.0 viewInfo = }[MainActivity],pkg= com.hypernova.phone
08-08 19:57:11.398 28967 29009 W OplusExSystemServiceHelper: checkOplusExSystemService intent getComponent is null
08-08 19:57:11.400 18978 18978 W HWUI    : Unknown dataspace 0
08-08 19:57:11.401 18978 19018 D ExtensionsLoader: createInstance(64bit) : createExtendedFactory
08-08 19:57:11.401 18999 18999 D nativeloader: Load /data/app/~~MCG7qq_GVKJ4-YOGD8trxA==/com.fitbit.FitbitMobile-DJqvc57a-gT9EPRRxgotQg==/split_config.arm64_v8a.apk!/lib/arm64-v8a/libxp.so using class loader ns clns-7 (caller=/data/app/~~MCG7qq_GVKJ4-YOGD8trxA==/com.fitbit.FitbitMobile-DJqvc57a-gT9EPRRxgotQg==/base.apk): ok
08-08 19:57:11.402 18999 18999 D GoldenGate: gg_log_config: DEFAULT
08-08 19:57:11.405 28967 28967 D WearableService: Creating wearable service asynchronously.
08-08 19:57:11.406 18999 19082 D GoldenGate: 894927.361 [gg.xp.loop.bsd-select][GG_Loop_Run] [32;1mINFO[0m: loop starting
08-08 19:57:11.407 18978 19018 D ExtensionsLoader: Opened libhwuiextimpl.so
08-08 19:57:11.408 18978 19018 D skia    : setRusSupported enable 0
08-08 19:57:11.408 18978 18978 D ExtensionsLoader: createInstance(64bit) : createExtendedFactory
08-08 19:57:11.408 18978 18978 D ExtensionsLoader: Opened libSchedAssistExtImpl.so
08-08 19:57:11.411  3009  3089 W UserAwareMgr: process owner is not matched: 10, threadName: RenderThread, pid: 18978,tid=19018,owner=fg1
08-08 19:57:11.428  1598  1782 I SurfaceFlinger: [SF client] NEW(0xb400007cbab03b00) for (3009:system_server)
08-08 19:57:11.434  3009  4806 I WindowManager: addWindow: New client android.os.BinderProxy@fc395f9 : window=Window{58ee93e u0 com.hypernova.phone/com.hypernova.phone.MainActivity}
08-08 19:57:11.444 18978 18978 D ViewRootImplExtImpl: onDisplayChanged -1 for VRI android.view.ViewRootImpl@8c041a8
08-08 19:57:11.449 18978 18978 D callGcSupression: java.lang.NullPointerException: Attempt to invoke virtual method 'java.lang.Object java.lang.reflect.Method.invoke(java.lang.Object, java.lang.Object[])' on a null object reference
08-08 19:57:11.450 18978 18978 D ResourcesManagerExtImpl: applyConfigurationToAppResourcesLocked app.getDisplayId() return callback.displayId:0
08-08 19:57:11.452  3009  3075 I TaskOrganizerController: onTaskInfoChanged taskid 8085 config { mBounds=Rect(0, 0 - 720, 1604) mAppBounds=Rect(0, 0 - 720, 1604) mMaxBounds=Rect(0, 0 - 720, 1604) mDisplayRotation=ROTATION_0 mWindowingMode=fullscreen mActivityType=standard mAlwaysOnTop=undefined mRotation=ROTATION_0}
08-08 19:57:11.452 18999 18999 I Quality : SlowSqliteOp:executeForString,/data/user/0/com.fitbit.FitbitMobile/databases/fitbit-db,false,false,21
08-08 19:57:11.454  3009  3075 D OplusFlexibleWindowMinimizedManagerHelper: onTaskInfoChanged taskInfo:TaskInfo{userId=0 taskId=8085 displayId=0 isRunning=true baseIntent=Intent { act=com.hypernova.phone.action.OPEN flg=0x10000000 pkg=com.hypernova.phone cmp=com.hypernova.phone/.MainActivity mCallingUid=2000 } baseActivity=ComponentInfo{com.hypernova.phone/com.hypernova.phone.MainActivity} topActivity=ComponentInfo{com.hypernova.phone/com.hypernova.phone.MainActivity} origActivity=null realActivity=ComponentInfo{com.hypernova.phone/com.hypernova.phone.MainActivity} numActivities=1 lastActiveTime=894925722 supportsSplitScreenMultiWindow=true supportsMultiWindow=true supportsPocketStudioMultiWindow=true isInFlexibleEmbedded = false uid = 10495 pid = 18978 resizeMode=1 isResizeable=true minWidth=-1 minHeight=-1 defaultMinSize=220 token=WCT{RemoteToken{f21c258 Task{227eae3 #8085 type=standard A=10495:com.hypernova.phone}}} topActivityType=1 pictureInPictureParams=null shouldDockBigOverlays=false launchIntoPipHostTaskId=-1 lastParentTaskIdBeforePip=-1 displayCutoutSafeInsets=null topActivityInfo=ActivityInfo{8b6a5ed com.hypernova.phone.MainActivity} launchCookies=[] positionInParent=Point(0, 0) parentTaskId=-1 isFocused=true isVisible=true isVisibleRequested=true isSleeping=false locusId=null displayAreaFeatureId=1 isTopActivityTransparent=false appCompatTaskInfo=AppCompatTaskInfo { topActivityInSizeCompat=false topActivityInOplusCompatMode=false topActivityEligibleForLetterboxEducation= falseisLetterboxEducationEnabled= false isLetterboxDoubleTapEnabled= false topActivityEligibleForUserAspectRatioButton= false topActivityBoundsLetterboxed= false isFromLetterboxDoubleTap= false topActivityLetterboxVerticalPosition= -1 topActivityLetterboxHorizontalPosition= -1 topActivityLetterboxWidth=720 topActivityLetterboxHeight=1604 isUserFullscreenOverrideEnabled=false isSystemFullscreenOverrideEnabled=false cameraCompatTaskInfo=CameraCompatTaskInfo { cameraCompatControlState=hidden freeformCameraCompatMode=inactive}} topActivityLetterboxInsets=Rect(0, 0 - 0, 0) mOplusExtraBundle = Bundle[{androidx.flexible.taskFrame=Rect(0, 0 - 0, 0), key_flexible_task_state=0, androidx.activity.LaunchScenario=0, androidx.activity.LaunchScale=1.0}]} task:Task{227eae3 #8085 type=standard A=10495:com.hypernova.phone}
08-08 19:57:11.454  3009  3075 D OplusFlexibleDragToSplitAnimController: visibleFlexibleTaskInfos delete:8085
08-08 19:57:11.454  3680  3753 D ShellTaskOrganizerExt: visibleFlexibleTaskInfos delete:8085
08-08 19:57:11.454  3680  3753 D ShellTaskOrganizerExt: isOnCanvas size:0
08-08 19:57:11.454  3680  3753 D ShellTaskOrganizerExt: isOnThreeFlexibleCanvas size:0
08-08 19:57:11.454 18978 18978 I Choreographer: Skipped 60 frames!  The application may be doing too much work on its main thread.
08-08 19:57:11.461 18978 18978 E OplusBracketLog: [OplusViewMirrorManager] updateHostViewRootIfNeeded, not support android.view.ViewRootImpl@8c041a8
08-08 19:57:11.469  3009  4134 I OplusHansManager : FastFreeze enter, freeze uids: [10290, 10488]
08-08 19:57:11.470  3009  4011 I OplusHansManager : forceUnfreezeApp uid= 10290 unfreezeForKernel: SyncBinder true
08-08 19:57:11.472  3009  4134 I OplusHansManager : enter FastFreezer, frontApp: 10495, frozen uids: [10290, 10488], important uids: {10326=fg-service, 10329=input}, reason: skip-frame
08-08 19:57:11.486   896   896 E lowmemorykiller: device memory 248397 free 41880 file 211278
08-08 19:57:11.487  3009  3535 D CoreBackPreview: Window{58ee93e u0 com.hypernova.phone/com.hypernova.phone.MainActivity}: Setting back callback OnBackInvokedCallbackInfo{mCallback=android.window.IOnBackInvokedCallback$Stub$Proxy@6ac0bd8, mPriority=0, mIsAnimationCallback=false}
08-08 19:57:11.498 28967 29009 D WearableService: onGetService: waiting for onCreate to be completed.
08-08 19:57:11.503 28967 28997 I Wear_Controller: Wearable module requires a companion app to be installed.
08-08 19:57:11.503 28967 28997 I WearableService: Wearable Services not starting. Wear is not available on this device: MISSING_COMPANION_APP
08-08 19:57:11.504 28967 29009 W WearableService: onGetService: Wear is not available on this device. Calling package: com.fitbit.FitbitMobile
08-08 19:57:11.515  3009  3712 I Osense-PsiDetector: 968,158,2782,4607,40,126,81,597,1142,385,442,0,4,5392
08-08 19:57:11.515  3009  3705 I Osense-BaseDecisionMaker: notifySceneToAthenaPolicy: SCENE_RES_MEM_PSI_NORMAL, bundle: Bundle[{memLevel=3}]
08-08 19:57:11.521  3009  3705 I Osense-BaseDecisionMaker: scene: SCENE_RES_MEM_PSI_NORMAL, excutingPolicy: clear
08-08 19:57:11.522  3009  3705 D Osense-BaseDecisionMaker: invoke clear policy,type: cached
08-08 19:57:11.523  3009  3710 I OsenseKillAction: KillAction: [atomic clean] start name=lowmem, requestId=121901, startAvail=967, startFreeMB=156, purposeAvailMB=1200, purposeFreeMB=-1, anonRssTarget=233, minBgCount=0, swapTarget=0, scene=SCENE_RES_MEM_PSI_NORMAL, type=cached, qb=false, cchOnly=true, urgency=false, hoggingCpuPids={}, invalid-cnt=1
08-08 19:57:11.523  3009  3710 I OsenseKillAction: KillAction: [atomic clean] end: skip for no-killable-cached-process
08-08 19:57:11.524  3009  3710 I OsenseKillAction: KillAction: 233mb more anonRss to reclaim, 0mb more swapMb to reclaim, <skip> mem guard, cur avail=0mb, bundle: Bundle[{appcareThreshold=0, triggerMemory=1000, qbmode=false, memLevel=3, type=cached, level=1, scene=SCENE_RES_MEM_PSI_NORMAL, requestId=121901, purposeMemory=1200}]
08-08 19:57:11.549  3009  3009 D NotificationService--OplusNotificationManagerServiceExtImpl: notifyDelayRemovedLocked,reason:9 isGroup:false
08-08 19:57:11.549  3009  3009 D NotificationService--OplusNotificationManagerServiceExtImpl: notifyDelayRemovedLocked,reason:9 isGroup:false
08-08 19:57:11.549  3009  3009 D NotificationService--OplusNotificationManagerServiceExtImpl: notifyDelayRemovedLocked sbnList isEmpty
08-08 19:57:11.549  3009  3009 D NotificationService--OplusNotificationManagerServiceExtImpl: notifyDelayRemovedLocked sbnList isEmpty
08-08 19:57:11.562 18999 18999 I Quality : ActivityThread: callApplicationOnCreate delay 710 com.fitbit.FitbitMobile 18999
08-08 19:57:11.567  3009  4806 I ActivityManager: Flag disabled. Ignoring finishAttachApplication from uid: 10290. pid: 18999
08-08 19:57:11.573 28967 29009 W WearableService: onGetService: Wear is not available on this device. Calling package: com.fitbit.FitbitMobile
08-08 19:57:11.589  3009  3706 D Osense-BaseDecisionMaker: notifyDelayedSceneToPolicy
08-08 19:57:11.589   896   896 E lowmemorykiller: device memory 247777 free 38894 file 213654
08-08 19:57:11.590  3009  3706 I Osense-BaseDecisionMaker: scene: SCENE_APP_SWITCH, excutingPolicy: clear
08-08 19:57:11.591  1462  1462 D PerformanceService: find path null
08-08 19:57:11.592 18978 18978 D ViewRootImplExtImpl: wrapConfigInfoIntoFlags rotation=0, smallestScreenWidthDp=424, relayoutAsync=false, flags=0, newFlags=27787264, residentWS=false, title=com.hypernova.phone/com.hypernova.phone.MainActivity
08-08 19:57:11.592  1462  1462 E PerformanceService: cant' find hpb lu, getUfsHpbNodePath, ret=-1, errno=13
08-08 19:57:11.593  3009  3706 D Osense-BaseDecisionMaker: invoke clear policy,type: smart-force
08-08 19:57:11.594  3009  3535 D WindowManagerServiceExtImpl: extractConfigInfoAndRealFlags rotation=0, screenDp=424, residentWS:0, win=Window{58ee93e u0 com.hypernova.phone/com.hypernova.phone.MainActivity}
08-08 19:57:11.595  3009  3535 V WindowManager: Relayout Window{58ee93e u0 com.hypernova.phone/com.hypernova.phone.MainActivity}: viewVisibility=0, oldvis=4, req=720x1604, vsysui=, x=0, y=0
08-08 19:57:11.595  3009  3535 I WindowManager: Window{58ee93e u0 com.hypernova.phone/com.hypernova.phone.MainActivity} state from NO_SURFACE to DRAW_PENDING; reason: resetDrawState
08-08 19:57:11.595  3009  3710 I OsenseKillAction: KillAction: [atomic clean] start name=lowmem, requestId=121902, startAvail=966, startFreeMB=150, purposeAvailMB=1300, purposeFreeMB=-1, anonRssTarget=334, minBgCount=0, swapTarget=0, scene=SCENE_APP_SWITCH, type=smart-force, qb=false, cchOnly=false, urgency=false, hoggingCpuPids={}, invalid-cnt=1
08-08 19:57:11.596  1598  1767 D OplusLayer: setProcInfo (125212,com.hypernova.phone/com.hypernova.phone.MainActivity#125212,com.hypernova.phone,0x17C8B8B)
08-08 19:57:11.604  3009  3009 I OplusHansManager : unfreeze uid: 10290 com.fitbit.FitbitMobile pids: [7790] reason: BumpService scene: LcdOn|FastFreezer
08-08 19:57:11.605  3009  3535 D WindowManager: NFW_findFocusedWindowIfNeeded:Window{58ee93e u0 com.hypernova.phone/com.hypernova.phone.MainActivity} mCurrentFocus:null
08-08 19:57:11.605  3009  3535 V WindowManager: Changing focus from null to Window{58ee93e u0 com.hypernova.phone/com.hypernova.phone.MainActivity},diplayid=0
08-08 19:57:11.606  3009  3998 I OplusHansManager : uid=10290, pkg=com.fitbit.FitbitMobile cannot transition from R to M, importance=traffic
08-08 19:57:11.607  3009  3998 I OplusHansManager : uid=10290, pkg=com.fitbit.FitbitMobile, transition from R to Middle, reason=BumpService
08-08 19:57:11.609  3009  3535 D WindowManager: setFrameRateStart invalid typeId return!
08-08 19:57:11.612  3009  3535 D WindowManager: setFrameRateStart invalid typeId return!
08-08 19:57:11.613  3009  3535 D Theia.NoFocusWindow: FocusWindowErrorScene cancelCheckFreezeScreen
08-08 19:57:11.613  3009  3535 W TheiaWindowMonitor: [check] focusedWindow is null or enable is false
08-08 19:57:11.616  3009  3710 I OsenseKillAction: KillAction: group process done, total=2ms, firstLoop=1ms, updateProcessInfo=1ms, idleList=0ms, curBg=1
08-08 19:57:11.616  3009  3710 I OsenseKillAction: scanCchEmptyProc: +++++++ start double check +++++++
08-08 19:57:11.616  3009  3710 I OsenseKillAction: scanCchEmptyProc: cch check done: killablePss=0kb, killableAnonRss=0mb, time=0ms, candidate cnt: 0
08-08 19:57:11.616  3009  3710 I OsenseKillAction: scanNonUiProc: ----------start check non ui proc-----------
08-08 19:57:11.616  3009  3710 I OsenseKillAction: scanNonUiProc: done check non ui proc: killablePss=0kb, killableAnonRss=0mb, time=0ms, collected proc num: 0
08-08 19:57:11.616  3009  3710 I OsenseKillAction: scanOomAdj: skip scan oom adj for lowmem
08-08 19:57:11.616  3009  3710 I OsenseKillAction: scanAllProc: skip scan all proc for lowmem
08-08 19:57:11.616  3009  3710 I OsenseKillAction: KillAction: done execute kill, pi2app=0ms, monitor=0ms, kill=0ms, total=0ms, kill cnt=0, local cnt=0
08-08 19:57:11.617  3009  3710 I OsenseKillAction: KillAction: [atomic clean] end requestId=121902, endAvail=969mb, reclaimed: [pss=0mb, anonRss=0mb, swap=0mb, mem=0mb, Rss=0mb], timing: [total=22ms, update=3ms, readMem=5ms, group=2ms, cch=0ms, nonUi=0ms, oomadj=0ms, allProc=0ms, monitor=10ms, kill=0ms], sysinfo: [bgcount=1]
08-08 19:57:11.617  3935  4320 I m.android.phone: Explicit concurrent mark compact GC freed 7324KB AllocSpace bytes, 6(120KB) LOS objects, 49% free, 9196KB/17MB, paused 1.400ms,4.046ms total 177.678ms
08-08 19:57:11.617   896   896 E lowmemorykiller: device memory 248080 free 38642 file 214111
08-08 19:57:11.618   896   896 E lowmemorykiller: device memory 247969 free 38531 file 214111
08-08 19:57:11.618  3009  3710 W Athena  : AthenaLocalService: requestId:121902, type:smart-force, [available{968, 1300, 39, 800, 99, 968, true}]
08-08 19:57:11.619  3009  3710 I OsenseKillAction: KillAction: 334mb more anonRss to reclaim, 0mb more swapMb to reclaim, <trigger> mem guard, cur avail=969mb, bundle: Bundle[{appcareThreshold=39, prevPkgName=com.android.launcher, triggerMemory=1100, curUid=10495, curPkgName=com.hypernova.phone, qbmode=false, prevUid=10198, type=smart-force, level=2, scene=SCENE_APP_SWITCH, requestId=121902, purposeMemory=1300}]
08-08 19:57:11.620  3009  3675 I Athena  : MemoryGuardAction: [START] clear_type=392[4010], available memory:968, fast=false, [available{968, 1300, 39, 800, 99, 968, true}]
08-08 19:57:11.621 18978 18978 D VRI[MainActivity]: relayoutWindow result, sizeChanged:true, surfaceControlChanged:true, transformHintChanged:false, mSurfaceSize:Point(720, 1604), mLastSurfaceSize:Point(0, 0), mWidth:-1, mHeight:-1, requestedWidth:720, requestedHeight:1604, transformHint:0, installOrientation:0, displayRotation:0, isSurfaceValid:true, attr.flag:-2122252032, tmpFrames:ClientWindowFrames{frame=[0,0][720,1604] display=[0,0][720,1604] parentFrame=[0,0][0,0]}, relayoutAsync:false, mSyncSeqId:0
08-08 19:57:11.622 18978 18978 W VRI[MainActivity]: updateBlastSurfaceIfNeeded, surfaceSize:Point(720, 1604), lastSurfaceSize:Point(0, 0), format:-1, blastBufferQueue:null
08-08 19:57:11.623  3009  3712 I Osense-PsiDetector: 968,150,2781,4607,40,126,81,591,1151,386,450,0,4,5395
08-08 19:57:11.631  3009  3705 I Osense-BaseDecisionMaker: notifySceneToAthenaPolicy: SCENE_RES_MEM_PSI_NORMAL, bundle: Bundle[{memLevel=4}]
08-08 19:57:11.636  1299 10375 E TetherController: property_get sys.radio.data.modem_share_flag return 0, 1!
08-08 19:57:11.636 18978 18978 D BufferQueueConsumer: [](id:4a2200000000,api:0,p:-1,c:18978) connect: controlledByApp=false
08-08 19:57:11.637  3009  3705 I Osense-BaseDecisionMaker: scene: SCENE_RES_MEM_PSI_NORMAL, excutingPolicy: clear
08-08 19:57:11.638  3009  3675 D ActivityTaskManager: Skipping, invisible task: Task{7b50eef #5 type=home I=com.android.launcher/.Launcher}
08-08 19:57:11.639  3009  3675 D ActivityTaskManager: pre-Filtered:com.hypernova.phone # 
08-08 19:57:11.639  3009  3675 D ActivityTaskManager: after skip size 1
08-08 19:57:11.639  3009  3705 D Osense-BaseDecisionMaker: invoke clear policy,type: cached
08-08 19:57:11.640  3009  3705 I Osense-BaseDecisionMaker: notifySceneToAthenaPolicy: SCENE_RES_MEM_PSI_LEAK, bundle: Bundle[{memLevel=4}]
08-08 19:57:11.643 18978 19018 I AdrenoGLES-0: QUALCOMM build                   : a800de1061, I09c0ebfd3c
08-08 19:57:11.643 18978 19018 I AdrenoGLES-0: Build Date                       : 10/22/24
08-08 19:57:11.643 18978 19018 I AdrenoGLES-0: OpenGL ES Shader Compiler Version: EV031.36.08.30
08-08 19:57:11.643 18978 19018 I AdrenoGLES-0: Local Branch                     : 
08-08 19:57:11.643 18978 19018 I AdrenoGLES-0: Remote Branch                    : refs/tags/AU_LINUX_ANDROID_LA.VENDOR.1.0.11.00.00.770.073
08-08 19:57:11.643 18978 19018 I AdrenoGLES-0: Remote Branch                    : NONE
08-08 19:57:11.643 18978 19018 I AdrenoGLES-0: Reconstruct Branch               : NOTHING
08-08 19:57:11.644 18978 19018 I AdrenoGLES-0: Build Config                     : S P 12.1.1 AArch64
08-08 19:57:11.644 18978 19018 I AdrenoGLES-0: Driver Path                      : /vendor/lib64/egl/libGLESv2_adreno.so
08-08 19:57:11.644 18978 19018 I AdrenoGLES-0: Driver Version                   : 0615.92
08-08 19:57:11.646  3009  3675 D AudioServiceExtImpl: oplusGetParameters() keyValuePairs:OPLUS_AUDIO_GET_FOCUS_STACK, uid: 1000
08-08 19:57:11.654  1598  1876 D SurfaceFlinger: updateWinowInfo=1, setFocusedWindow timestamp=542027435194846, windowName=58ee93e com.hypernova.phone/com.hypernova.phone.MainActivity
08-08 19:57:11.654  3009  3535 I InputDispatcher: NFW_setFocusedWindow, 58ee93e com.hypernova.phone/com.hypernova.phone.MainActivity on display 0, same as the previous:0
08-08 19:57:11.656  3009  3710 I OsenseKillAction: KillAction: [atomic clean] start name=lowmem, requestId=121903, startAvail=968, startFreeMB=149, purposeAvailMB=1200, purposeFreeMB=-1, anonRssTarget=232, minBgCount=0, swapTarget=0, scene=SCENE_RES_MEM_PSI_NORMAL, type=cached, qb=false, cchOnly=true, urgency=false, hoggingCpuPids={}, invalid-cnt=2
08-08 19:57:11.658 18978 19018 I AdrenoGLES-0: PFP: 0x016ee206, ME: 0x00000000
08-08 19:57:11.658  3009  3675 E OplusAthenaAm: AthenaAmManagerInternal transact code hello:6,flags:0
08-08 19:57:11.658  3009  3675 E OplusAthenaAm: AthenaAmManagerInternal transact code hello:7,flags:0
08-08 19:57:11.658  3009  3675 W Athena  : BaseAppCare: the number of recently used apps is less than 3
08-08 19:57:11.659  3009  3675 W Athena  : BaseAppCare: the number of recently used apps is less than 5
08-08 19:57:11.659  3009  3675 W Athena  : BaseAppCare: recently lock apps is null
08-08 19:57:11.661  3009  3710 I OsenseKillAction: KillAction: group process done, total=2ms, firstLoop=1ms, updateProcessInfo=1ms, idleList=0ms, curBg=1
08-08 19:57:11.661  3009  3675 W Athena  : BaseAppCare: downloading apps is null
08-08 19:57:11.661  3009  3710 I OsenseKillAction: scanCchEmptyProc: +++++++ start double check +++++++
08-08 19:57:11.661  3009  3675 W Athena  : BaseAppCare: high priority do not take effect on this memory machine
08-08 19:57:11.661  3009  3710 I OsenseKillAction: scanCchEmptyProc: cch check done: killablePss=0kb, killableAnonRss=0mb, time=0ms, candidate cnt: 0
08-08 19:57:11.661  3009  3710 I OsenseKillAction: scanNonUiProc: ----------start check non ui proc-----------
08-08 19:57:11.661  3009  3710 I OsenseKillAction: scanNonUiProc: done check non ui proc: killablePss=0kb, killableAnonRss=0mb, time=0ms, collected proc num: 0
08-08 19:57:11.661  3009  3710 I OsenseKillAction: scanOomAdj: skip scan oom adj for lowmem
08-08 19:57:11.661  3009  3710 I OsenseKillAction: scanAllProc: skip scan all proc for lowmem
08-08 19:57:11.661  3009  3710 I OsenseKillAction: KillAction: done execute kill, pi2app=0ms, monitor=0ms, kill=0ms, total=0ms, kill cnt=0, local cnt=0
08-08 19:57:11.662  3009  3710 I OsenseKillAction: KillAction: [atomic clean] end requestId=121903, endAvail=967mb, reclaimed: [pss=0mb, anonRss=0mb, swap=0mb, mem=0mb, Rss=0mb], timing: [total=7ms, update=1ms, readMem=2ms, group=2ms, cch=0ms, nonUi=0ms, oomadj=0ms, allProc=0ms, monitor=0ms, kill=0ms], sysinfo: [bgcount=1]
08-08 19:57:11.662  3009  3710 I OsenseKillAction: KillAction: 232mb more anonRss to reclaim, 0mb more swapMb to reclaim, <skip> mem guard, cur avail=967mb, bundle: Bundle[{appcareThreshold=0, triggerMemory=1000, qbmode=false, memLevel=4, type=cached, level=1, scene=SCENE_RES_MEM_PSI_NORMAL, requestId=121903, purposeMemory=1200}]
08-08 19:57:11.668  3009  3675 W Athena  : BaseAppCare: recently used mini program is empty
08-08 19:57:11.669  3009  3675 I Athena  : OplusClearSystemService : APPCARE MemInfo: 0-19=593,250 40-49=109,38 80-100=273,165
08-08 19:57:11.669  3009  3675 I Athena  : OplusClearSystemService : OOM MemInfo: Native=687,186 System=295,202 Persistent=1316,617 PersistentService=136,59 Foreground=888,450 Visible=1032,491 Perceptible=283,111 PerceptibleMedium=277,99 BServices=103,55 Cached=155,84
08-08 19:57:11.669  3009  3675 I Athena  : OplusClearSystemService : OOM UidInfo: System={1000=null} Persistent={0=null, 1000=null, 1001=null, 1068=null, 1073=null, 10089=null, 10090=null, 10132=null, 10203=null, 10204=null, 10206=null, 10230=null, 10237=null} PersistentService={1002=null, 10277=null} Foreground={1000=null, 10065=null, 10106=null, 10114=null, 10198=null, 10283=null, 10290=null, 10334=null, 10488=C:[99], 10495=C:[84, 100]|U:0} Visible={1000=null, 10063=null, 10102=null, 10113=null, 10114=null, 10170=null, 10187=null, 10225=null, 10226=null, 10249=null, 10270=null, 10334=null, 99756=null} Perceptible={10147=null, 10326=null, 10329=C:[44]} PerceptibleMedium={10317=null} BServices={1000=null, 10246=null} Cached={1000=null, 10181=null, 10262=null}
08-08 19:57:11.669  3009  3675 E OplusAthenaAm: AthenaAmManagerInternal transact code hello:4,flags:0
08-08 19:57:11.669  3009  3675 E OplusAthenaAm: AthenaAmManagerInternal transact code hello:4,flags:0
08-08 19:57:11.669  3009  3675 E OplusAthenaAm: AthenaAmManagerInternal transact code hello:4,flags:0
08-08 19:57:11.672  3009  3675 I Process : Sending signal. PID: 17917 SIG: 9
08-08 19:57:11.675  3009  3675 I Athena  : OplusClearSystemService : K [0,17917,10317,com.transsion.healthlife,250, reason: 392 o-kill(4010) K|M:277,99 with Pair{0 0}, 99MB, 277MB, 264MB]
08-08 19:57:11.680  3009  3675 I Process : Sending signal. PID: 18512 SIG: 9
08-08 19:57:11.682  3009  3675 I Athena  : OplusClearSystemService : K [0,18512,10334,com.emeint.android.myservices,100, reason: 392 o-kill(4010) K|M:84,46 with Pair{0 0}, 46MB, 84MB, 55MB]
08-08 19:57:11.683  3009  3675 I Process : Sending signal. PID: 18729 SIG: 9
08-08 19:57:11.683  3009  3675 I Athena  : OplusClearSystemService : K [0,18729,99756,com.google.android.webview:sandboxed_process0:org.chromium.content.app.SandboxedProcessService0:0,100, reason: 392 o-kill(4010) K|M:58,32 with Pair{0 0}, 32MB, 58MB, 38MB]
08-08 19:57:11.687  3009  3675 I Athena  : MemoryGuardAction: [4010] there are no more processes to release memory
08-08 19:57:11.687  3009  3675 I Athena  : MemoryGuardAction:  killed 3, reclaimed 177MB(419MB), 357
08-08 19:57:11.687  3009  3675 I Athena  : MemoryGuardAction: check & kill orphan process...
08-08 19:57:11.687  3009  3675 I Athena  : MemoryGuardAction: none orphan process found.
08-08 19:57:11.691  3009  3675 I Athena  : MemoryGuardAction: [FINISH] clear_type: 392[4010], available memory:967MB, reclaimMem:-1MB, fast:false, 68ms, [available{968, 1300, 39, 800, 99, 968, true}]
08-08 19:57:11.691   896   896 E lowmemorykiller: device memory 247700 free 37368 file 215060
08-08 19:57:11.694  3009  3009 D NotificationService--OplusNotificationManagerServiceExtImpl: notifyDelayRemovedLocked,reason:20 isGroup:false
08-08 19:57:11.694  3009  3009 D NotificationService--OplusNotificationManagerServiceExtImpl: notifyDelayRemovedLocked,reason:20 isGroup:false
08-08 19:57:11.694  3009  3009 D NotificationService--OplusNotificationManagerServiceExtImpl: notifyDelayRemovedLocked sbnList isEmpty
08-08 19:57:11.694  3009  3009 D NotificationService--OplusNotificationManagerServiceExtImpl: notifyDelayRemovedLocked sbnList isEmpty
08-08 19:57:11.702  3009  3009 D NotificationService--OplusNotificationManagerServiceExtImpl: notifyDelayRemovedLocked,reason:20 isGroup:false
08-08 19:57:11.702  3009  3009 D NotificationService--OplusNotificationManagerServiceExtImpl: notifyDelayRemovedLocked,reason:20 isGroup:false
08-08 19:57:11.703  3009  3009 D NotificationService--OplusNotificationManagerServiceExtImpl: notifyDelayRemovedLocked sbnList isEmpty
08-08 19:57:11.703  3009  3009 D NotificationService--OplusNotificationManagerServiceExtImpl: notifyDelayRemovedLocked sbnList isEmpty
08-08 19:57:11.706 18978 19018 D BufferQueueProducer: [VRI[MainActivity]#0(BLAST Consumer)0](id:4a2200000000,api:1,p:18978,c:18978) connect: api=1 producerControlledByApp=true
08-08 19:57:11.709 18978 18978 I SurfaceControl:  setExtendedRangeBrightness sc=Surface(name=com.hypernova.phone/com.hypernova.phone.MainActivity)/@0x3b26316,currentBufferRatio=1.0,desiredRatio=1.0
08-08 19:57:11.745 28967 29009 W WearableService: onGetService: Wear is not available on this device. Calling package: com.fitbit.FitbitMobile
08-08 19:57:11.765  3009  3089 W UserAwareMgr: process owner is not matched: 10, threadName: HwUiTask, pid: 18978,tid=19113,owner=fg1
08-08 19:57:11.766  3009  3089 W UserAwareMgr: process owner is not matched: 10, threadName: HwUiTask, pid: 18978,tid=19114,owner=fg1
08-08 19:57:11.774  3009  3535 I ActivityManager: Death received, pid = 18729, processName = com.google.android.webview:sandboxed_process0:org.chromium.content.app.SandboxedProcessService0:0 for thread android.os.BinderProxy@f578223
08-08 19:57:11.778  3766  3766 I Zygote  : Process 18729 exited due to signal 9 (Killed)
08-08 19:57:11.779 28967  2569 W OplusExSystemServiceHelper: checkOplusExSystemService intent getComponent is null
08-08 19:57:11.781  3009  3781 I ActivityManager: Process com.google.android.webview:sandboxed_process0:org.chromium.content.app.SandboxedProcessService0:0 (pid 18729) has died: vis BFGS
08-08 19:57:11.782  3009  3098 I libprocessgroup: Removed cgroup /sys/fs/cgroup/uid_99756/pid_18729
08-08 19:57:11.786  3009  3781 W OplusAppStartupConfigExt_OplusAppStartupCommonSceneStrategy: Blacklist is Empty
08-08 19:57:11.786  3009  3781 D OplusAppStartupConfigExt: RestartService prevent pkg com.emeint.android.myservices result = false
08-08 19:57:11.793   896   896 E lowmemorykiller: device memory 248896 free 35696 file 216637
08-08 19:57:11.793  1479  1567 D BatteryChargeControl: bcc get no support from charging protocol
08-08 19:57:11.798  3979  4433 I ProcessManager: onProcessDied pid:18729, uid:10334
08-08 19:57:11.798  3979  4433 D AppSceneEventManager: handleMessage: 101
08-08 19:57:11.798  3979  4433 I DispatcherPolicy: onBaseEvent EventId=22	INPUT_PROCESS_DIED	TimeStamp =1786208231798	Intent =null	Content =null	Pid =18729	PkgName =com.emeint.android.myservices
08-08 19:57:11.798  3979  4433 I GamingScene: onInputEvent : INPUT_PROCESS_DIED
08-08 19:57:11.799  3979  4032 E PackageUidManager: pkgs is empty for uid 99756
08-08 19:57:11.801  5345 29479 D OplusAtlas.OplusAtlasEventDispatch: setEvent:atlas_event_on_process_died info:pid:18729,uid:10334
08-08 19:57:11.804  3009  3072 D DisplayManagerService: Drop pending events for gone uid 99756
08-08 19:57:11.806  5345  8816 D OplusAtlas.OplusMessageHandler: handleMessage: Msg { when=-1ms what=1 obj=com.oplus.atlas.OplusAtlasEvent@dcb57d9 target=com.oplus.atlas.OplusMessageHandler$MyHandler }
08-08 19:57:11.806  5345  8987 D OplusAtlas.OplusMessageHandler: handleMessage: Msg { when=-1ms what=1 obj=com.oplus.atlas.OplusAtlasEvent@dcb57d9 target=com.oplus.atlas.OplusMessageHandler$MyHandler }
08-08 19:57:11.816 18978 19018 D BLASTBufferQueue: [VRI[MainActivity]#0](f:0,a:1) acquireNextBufferLocked size=720x1604 mFrameNumber=1 applyTransaction=true mTimestamp=542027634644429(auto) mPendingTransactions.size=0 graphicBufferId=81509889343491 transform=0
08-08 19:57:11.817 18978 19018 D VRI[MainActivity]: Received frameCommittedCallback lastAttemptedDrawFrameNum=1 didProduceBuffer=true syncBuffer=false
08-08 19:57:11.817  1598  1782 I ClientCache: add: Cache owner=0xb400007cab323980
08-08 19:57:11.818 18978 18978 D VRI[MainActivity]: draw finished. seqId=0
08-08 19:57:11.820 18978 18978 D ViewRootImplExtImpl: setMaxDequeuedBufferCount: 2
08-08 19:57:11.820  3009  4853 I WindowManager: Window{58ee93e u0 com.hypernova.phone/com.hypernova.phone.MainActivity} state from DRAW_PENDING to COMMIT_DRAW_PENDING; reason: finishDrawingLocked
08-08 19:57:11.821  3009  4853 D OplusTransitionAnimationManager: skipFinishDrawingIfNeed clientRotation=0, currentRotation=0, hasFixedRotationApp=false, requestedOrientation=1, win=Window{58ee93e u0 com.hypernova.phone/com.hypernova.phone.MainActivity}, activity=ActivityRecord{781d29d u0 com.hypernova.phone/.MainActivity t8085}, currentConfig={1.15 ??mcc??mnc [en_EG,ar_EG] ldltr sw424dp w424dp h944dp 272dpi nrml long port night finger -keyb/v/h -nav/h winConfig={ mBounds=Rect(0, 0 - 720, 1604) mAppBounds=Rect(0, 0 - 720, 1604) mMaxBounds=Rect(0, 0 - 720, 1604) mDisplayRotation=ROTATION_0 mWindowingMode=fullscreen mActivityType=standard mAlwaysOnTop=undefined mRotation=ROTATION_0} s.2 fontWeightAdjustment=0mThemeChanged= 0, mThemeChangedFlags= 0, mFlipFont= 0, mScenario= 0, mAccessibleChanged= -1, mUxIconConfig= 3468921665085243489, mMaterialColor= 0, mUserId= 0, mFontUserId= 0, mFontVariationSettings= 122b, mFoldingAngle = -1.0, mIconPackName= , mDarkModeBackgroundMaxL= 0.0, mDarkModeDialogBgMaxL= 27.0, mDarkModeForegroundMinL= 100.0, mOplusConfigType= 1, mOplusChangedConfigs= 0, OpSans= -1, mBurmeseFontFlag= 2, mFlag= 0, mFlexibleActivitySuitable= -1, mPuttDisplayFlag= -1}
08-08 19:57:11.825  3009  3851 D VRR [OPlusExternalRefreshRateManager]: isPkgTfcEnable: pkgName = com.hypernova.phone, enable = false
08-08 19:57:11.825  3009  3075 I WindowManager: Window{58ee93e u0 com.hypernova.phone/com.hypernova.phone.MainActivity} state from COMMIT_DRAW_PENDING to READY_TO_SHOW; reason: commitFinishDrawingLocked
08-08 19:57:11.825  3009  3851 D VRR [OPlusExternalRefreshRateManager]: getTfcMinFramerate: pkgName = com.hypernova.phone, min framerate = 0
08-08 19:57:11.825  3009  3075 D ActivityTaskManager: Finish StartingWindow: ActivityRecord{781d29d u0 com.hypernova.phone/.MainActivity t8085}first real window is shown
08-08 19:57:11.826 18978 18978 I DynamicFramerate [FRTCConfigManager]: initFrameRateConfig: 
08-08 19:57:11.826 18978 18978 I DynamicFramerate [FRTCConfigManager]: 	levels: [120, 60]
08-08 19:57:11.826 18978 18978 I DynamicFramerate [FRTCConfigManager]: 	thresholds: [200]
08-08 19:57:11.826 18978 18978 I DynamicFramerate [FRTCConfigManager]: FRTCConfigManager: FRTC_CAPABILITY = 120, package name = com.hypernova.phone, WINDOW_ANIMATION_SPEED_RATE = 10, SCROLL_ANIMATION_SPEED_RATE = 20, PACKAGE_ENABLE = false
08-08 19:57:11.826 18978 18978 I DynamicFramerate [DynamicFrameRateController]: init info: mPackageName = com.hypernova.phone, mIsEnabled = false
08-08 19:57:11.828 22186 22186 I adbd    : Remote process closed the socket (on MSG_PEEK)
08-08 19:57:11.834 18978 18978 D callGcSupression: java.lang.NullPointerException: Attempt to invoke virtual method 'java.lang.Object java.lang.reflect.Method.invoke(java.lang.Object, java.lang.Object[])' on a null object reference
08-08 19:57:11.835 18978 18978 W VRI[MainActivity]: handleResized, msg:, frameChanged:false, configChanged:false, displayChanged:false, attachedFrameChanged:false, compatScaleChanged:false, pendingDragResizing=false
08-08 19:57:11.848 18978 18994 I HWUI    : Davey! duration=1386ms; Flags=1, FrameTimelineVsyncId=160619895, IntendedVsync=542026252614551, Vsync=542027261845391, InputEventId=0, HandleInputStart=542027275688596, AnimationStart=542027275710627, PerformTraversalsStart=542027276323856, DrawStart=542027529050367, FrameDeadline=542026269281217, FrameInterval=542027273820210, FrameStartTime=16820514, SyncQueued=542027581924117, SyncStart=542027582182502, IssueDrawCommandsStart=542027585509950, SwapBuffers=542027632494273, FrameCompleted=542027639754377, DequeueBufferDuration=139427, QueueBufferDuration=1083073, GpuCompleted=542027639754377, SwapBuffersCompleted=542027636119950, DisplayPresentTime=0, CommandSubmissionCompleted=542027632494273, 
08-08 19:57:11.851  3009  3450 D ConnectivityService: releasing NetworkRequest [ REQUEST id=104862, [ Capabilities: INTERNET&NOT_RESTRICTED&TRUSTED&NOT_VCN_MANAGED&NOT_BANDWIDTH_CONSTRAINED Uid: 10334 RequestorUid: 10334 RequestorPkg: com.emeint.android.myservices UnderlyingNetworks: Null] ] (release request)
08-08 19:57:11.854 18978 19018 D VRI[MainActivity]: Received frameCommittedCallback lastAttemptedDrawFrameNum=2 didProduceBuffer=false syncBuffer=false
08-08 19:57:11.855 18978 18978 D VRI[MainActivity]: draw finished. seqId=0
08-08 19:57:11.860  3009  3851 I ActivityManager: Death received, pid = 18512, processName = com.emeint.android.myservices for thread android.os.BinderProxy@4314235
08-08 19:57:11.861  3935  3935 D CarrierSvcBindHelper: Disconnected from carrier app: com.emeint.android.myservices/com.vodafone.netperform.runtime.NetPerformCarrierService
08-08 19:57:11.863  3009  3075 D ActivityTaskManager: removeStartingWindowAnimation starting ActivityRecord{781d29d u0 com.hypernova.phone/.MainActivity t8085} startingWindow=null ,startingView=com.android.server.wm.StartingSurfaceController$StartingSurface@6cc3d77,Callers=com.android.server.wm.ActivityRecord.removeStartingWindow:3558 com.android.server.wm.ActivityRecord.onFirstWindowDrawn:8539 com.android.server.wm.WindowState.performShowLocked:5055 com.android.server.wm.WindowStateAnimator.commitFinishDrawingLocked:342 com.android.server.wm.DisplayContent.lambda$new$8:1141 
08-08 19:57:11.863  3009  3075 D OplusStartingWindowManager: interceptRemoveStartingWindow: packageName=com.hypernova.phone,  componentName=com.hypernova.phone/.MainActivity, isSnapshot=false, startingSurfaceRunnable=null, isDrawCompleted=false, hasSurfaceView=false, inTransition=false
08-08 19:57:11.863  3009  3075 D OplusSplitScreenManagerService: notifyRemoveStartingWindow mOplusSpiltScreenDnDUI is null, just return!
08-08 19:57:11.863  3009  3075 D OplusStartingWindowManager: interceptRemoveStartingWindow: hasSplashWindowFlag() return false for activity=ActivityRecord{781d29d u0 com.hypernova.phone/.MainActivity t8085}
08-08 19:57:11.866  3009  3450 D ConnectivityService: releasing NetworkRequest [ REQUEST id=104860, [ Capabilities: INTERNET&NOT_RESTRICTED&TRUSTED&NOT_VCN_MANAGED&NOT_BANDWIDTH_CONSTRAINED Uid: 10334 RequestorUid: 10334 RequestorPkg: com.emeint.android.myservices UnderlyingNetworks: Null] ] (release request)
08-08 19:57:11.867  3009  3075 D WindowManager: setFrameRateStart invalid typeId return!
08-08 19:57:11.867  3009  3075 D TaskOrganizerController: TaskOrganizerController.removeStartingWindow: call wmshell to removeStartingWindow
08-08 19:57:11.868  3009  3089 I UserAwareMgr: event is already released: SceneEvent{id=5004, maxWorkDurationMs=2000, caller='[android]', eventFlags=0, fbPriority=1, keyThreads=[KeyThread{name=ll.splashscreen, owner=systemui, schedPolicy=ux, priority=ANIMATOR}, KeyThread{name=ll.splashworker, owner=systemui, schedPolicy=ux, priority=ANIMATOR}, KeyThread{name=HwUiTask, owner=systemui, schedPolicy=ux, priority=LIGHT}, KeyThread{name=RenderThread, owner=systemui, schedPolicy=ux, priority=HEAVY}], vipBinderGroup=null}, callingPid: 3009, appPid: 0
08-08 19:57:11.869  3009  3075 I Quality : LaunchTime2.0: com.hypernova.phone/.MainActivity 1 2380 com.android.shell 330 393
08-08 19:57:11.870  3009  3075 D QuickBackInputPolicy: setAppLaunchEndTime update timePair=Pair{ActivityRecord{781d29d u0 com.hypernova.phone/.MainActivity t8085} 542027689}
08-08 19:57:11.870  3009  3075 I WindowManager: Window{58ee93e u0 com.hypernova.phone/com.hypernova.phone.MainActivity} state from READY_TO_SHOW to HAS_DRAWN; reason: performShowLocked
08-08 19:57:11.874  3009  4131 D OplusTransitionAnimationManager: skipFinishDrawingIfNeed clientRotation=0, currentRotation=0, hasFixedRotationApp=false, requestedOrientation=1, win=Window{58ee93e u0 com.hypernova.phone/com.hypernova.phone.MainActivity}, activity=ActivityRecord{781d29d u0 com.hypernova.phone/.MainActivity t8085}, currentConfig={1.15 ??mcc??mnc [en_EG,ar_EG] ldltr sw424dp w424dp h944dp 272dpi nrml long port night finger -keyb/v/h -nav/h winConfig={ mBounds=Rect(0, 0 - 720, 1604) mAppBounds=Rect(0, 0 - 720, 1604) mMaxBounds=Rect(0, 0 - 720, 1604) mDisplayRotation=ROTATION_0 mWindowingMode=fullscreen mActivityType=standard mAlwaysOnTop=undefined mRotation=ROTATION_0} s.2 fontWeightAdjustment=0mThemeChanged= 0, mThemeChangedFlags= 0, mFlipFont= 0, mScenario= 0, mAccessibleChanged= -1, mUxIconConfig= 3468921665085243489, mMaterialColor= 0, mUserId= 0, mFontUserId= 0, mFontVariationSettings= 122b, mFoldingAngle = -1.0, mIconPackName= , mDarkModeBackgroundMaxL= 0.0, mDarkModeDialogBgMaxL= 27.0, mDarkModeForegroundMinL= 100.0, mOplusConfigType= 1, mOplusChangedConfigs= 0, OpSans= -1, mBurmeseFontFlag= 2, mFlag= 0, mFlexibleActivitySuitable= -1, mPuttDisplayFlag= -1}
08-08 19:57:11.884  4088  4088 D callGcSupression: java.lang.NullPointerException: Attempt to invoke virtual method 'java.lang.Object java.lang.reflect.Method.invoke(java.lang.Object, java.lang.Object[])' on a null object reference
08-08 19:57:11.890  4088  4088 I SplitScreenManager: Attached Launcher#fb96edc ON_STOP
08-08 19:57:11.891  3009  4133 I InputDispatcher: updateFocusedWindow, 58ee93e com.hypernova.phone/com.hypernova.phone.MainActivity on display 0, reason: Window became focusable. Previous reason: NOT_VISIBLE, result:   FocusedWindows:
08-08 19:57:11.891  3009  4133 I InputDispatcher:     displayId=0, name='58ee93e com.hypernova.phone/com.hypernova.phone.MainActivity'
08-08 19:57:11.893 18978 18978 D VRI[MainActivity]: onFocusEvent true
08-08 19:57:11.893  3009  3779 I ActivityManager: Process com.emeint.android.myservices (pid 18512) has died: vis BFGS
08-08 19:57:11.894  3009  3779 W OplusAppStartupConfigExt_OplusAppStartupCommonSceneStrategy: Blacklist is Empty
08-08 19:57:11.894  3009  3779 D OplusAppStartupConfigExt: RestartService prevent pkg com.emeint.android.myservices result = false
08-08 19:57:11.895   896   896 E lowmemorykiller: device memory 259252 free 41779 file 218042
08-08 19:57:11.899  3009  3089 I UserAwareMgr: event is already released: SceneEvent{id=5007, maxWorkDurationMs=200, caller='[android]', eventFlags=256, fbPriority=1, keyThreads=[KeyThread{name=binder, owner=android, schedPolicy=ux, priority=HEAVY}], vipBinderGroup=null}, callingPid: 3009, appPid: 0
08-08 19:57:11.902 16139 16139 D BoundBrokerSvc: onUnbind: Intent { act=com.google.android.gms.safebrowsing.SafeBrowsingService.START dat=chimera-action:/... cmp=com.google.android.gms/.chimera.GmsBoundBrokerService mCallingUid=10334 }
08-08 19:57:11.904  3009  3071 I ActivityTaskManager: Displayed com.hypernova.phone/.MainActivity for user 0: +2s511ms
08-08 19:57:11.909  3009  3705 I Osense-BaseDecisionMaker: notifySceneToAthenaPolicy: SCENE_ACTIVITY_IDLE, bundle: Bundle[{scene=SCENE_ACTIVITY_IDLE}]
08-08 19:57:11.909  3009  3705 I Osense-BaseDecisionMaker: OSense not supported scene! SCENE_ACTIVITY_IDLE
08-08 19:57:11.912  3009  4134 I OplusHansManager : onUidGone(), 10334 com.emeint.android.myservices exit SM
08-08 19:57:11.914  3009  3089 I UserAwareMgr: handleAppChangedToBg, pkgName: com.android.launcher, pid: 4088
08-08 19:57:11.914  3009  3603 E OplusUIFirst_TS: Failed to connect bpf bin: -1
08-08 19:57:11.912  3009  4134 I OplusHansManager : onUidGone(),  keep: 10334 com.emeint.android.myservices alarm
08-08 19:57:11.919  3009  3998 I OplusHansManager : uid=10334, pkg=com.emeint.android.myservices F exit SM
08-08 19:57:11.919  3009  3998 I OplusHansManager : uid=10334, pkg=com.emeint.android.myservices F exit(), F stay=42, reason=UidGone
08-08 19:57:11.921  3009  3072 D DisplayManagerService: Drop pending events for gone uid 10334
08-08 19:57:11.924  3979  4433 I ProcessManager: onProcessDied pid:18512, uid:10334
08-08 19:57:11.924  5345 29479 D OplusAtlas.OplusAtlasEventDispatch: setEvent:atlas_event_on_process_died info:pid:18512,uid:10334
08-08 19:57:11.926  3979  4433 D AppSceneEventManager: handleMessage: 101
08-08 19:57:11.926  3979  4433 I DispatcherPolicy: onBaseEvent EventId=22	INPUT_PROCESS_DIED	TimeStamp =1786208231926	Intent =null	Content =null	Pid =18512	PkgName =com.emeint.android.myservices
08-08 19:57:11.926  3979  4433 I GamingScene: onInputEvent : INPUT_PROCESS_DIED
08-08 19:57:11.927  3009  3998 E OplusHansManager : 99756 cgroup file does not exist
08-08 19:57:11.928  3009  3998 I OplusHansManager : unfreeze uid: 10334 com.emeint.android.myservices pids: [18512, 18611, 18729] reason: UidGone scene: LcdOn|FastFreezer
08-08 19:57:11.930  5345  8816 D OplusAtlas.OplusMessageHandler: handleMessage: Msg { when=-4ms what=1 obj=com.oplus.atlas.OplusAtlasEvent@f2eb59e target=com.oplus.atlas.OplusMessageHandler$MyHandler }
08-08 19:57:11.930  3009  3998 I OplusHansManager : uid=10334, pkg=com.emeint.android.myservices M exit(), M stay=0
08-08 19:57:11.931  5345  8987 D OplusAtlas.OplusMessageHandler: handleMessage: Msg { when=-1ms what=1 obj=com.oplus.atlas.OplusAtlasEvent@f2eb59e target=com.oplus.atlas.OplusMessageHandler$MyHandler }
08-08 19:57:11.931  3009  3998 I OplusHansManager : uid=10334, pkg=com.emeint.android.myservices R exit(), R stay=0
08-08 19:57:11.933 18978 19050 I HN-Contacts: Contacts query completed with 346 entries
08-08 19:57:11.934 12944 12944 I OplusCustomScanStrategy: msg.what = 6
08-08 19:57:11.942  3009  3083 D AppProfilerExtImpl: Skipped pss collection for CPU busy
08-08 19:57:11.957  4088  4088 V AutofillManager: updateSessionLocked(): id=null, bounds=null, value=null, action=5, flags=0
08-08 19:57:11.958 18978 18978 I oplus.android.OplusFrameworkFactoryImpl: get feature:IOplusDynamicVsyncFeature
08-08 19:57:11.958 18978 18978 I oplus.android.OplusFrameworkFactoryImpl: get feature:IOplusDynamicVsyncFeature
08-08 19:57:11.958 18978 18978 I oplus.android.OplusFrameworkFactoryImpl: get feature:IOplusDynamicVsyncFeature
08-08 19:57:11.960  3009  3535 V AutofillManagerServiceImpl: updateSessionLocked(): session gone for 2147483647(10198)
08-08 19:57:11.964  3009  3611 D OAppNetControlService: Hans update:[10334=false][0|0] blackList:[10317]
08-08 19:57:11.965  4088  4088 W LauncherClient[u0]: isConnected false because mOverlay is null
08-08 19:57:11.969  3009  3409 D InputMethodManagerService: isSecurity: attribute.packageName = com.hypernova.phone mCurMethodId = com.ziipin.softkeyboard.saudi/com.ziipin.ime.SoftKeyboard isSecurity = false ( enable = true needShow = false inBlackList = false isExist = true )
08-08 19:57:11.970  3009  3409 I ImeTracker: com.hypernova.phone:8d36f177: onRequestHide at ORIGIN_SERVER reason HIDE_UNSPECIFIED_WINDOW fromUser false
08-08 19:57:11.970  3009  3409 I ImeTracker: com.hypernova.phone:8d36f177: onCancelled at PHASE_SERVER_SHOULD_HIDE
08-08 19:57:11.975  3009  4709 W ContentProviderHelper: Slow operation: 54ms so far, now at getContentProviderImpl: after updateOomAdj
08-08 19:57:11.975  3009  4709 W ContentProviderHelper: Slow operation: 55ms so far, now at getContentProviderImpl: done!
08-08 19:57:11.976  3009  3450 D InetDiagMessage: Destroyed 0 sockets, proto=IPPROTO_TCP, family=AF_INET, states=14
08-08 19:57:11.978  3009  3450 D InetDiagMessage: Destroyed 0 sockets, proto=IPPROTO_TCP, family=AF_INET6, states=14
08-08 19:57:11.979 16139 16139 D BoundBrokerSvc: onUnbind: Intent { act=com.google.android.gms.safetynet.service.START pkg=com.google.android.gms mCallingUid=10334 }
08-08 19:57:11.979  3009  3450 D InetDiagMessage: Destroyed live tcp sockets for uids={10334} in 4ms
08-08 19:57:11.979  4088  4205 I ImeTracker: com.android.launcher:a725e546: onRequestHide at ORIGIN_CLIENT reason HIDE_SOFT_INPUT fromUser false
08-08 19:57:11.982  3009  3450 D InetDiagMessage: Destroyed 0 sockets, proto=IPPROTO_TCP, family=AF_INET, states=14
08-08 19:57:11.985  3009  4015 I OplusHansManager : up_BC uid=10334 pkg=com.emeint.android.myservices
08-08 19:57:11.986  3009  3409 W InputMethodManagerService: Ignoring hideSoftInput of uid 10198 : com.android.internal.inputmethod.IInputMethodClient$Stub$Proxy@8ffd88b
08-08 19:57:11.986  3009  3409 I ImeTracker: com.android.launcher:a725e546: onCancelled at PHASE_SERVER_CLIENT_FOCUSED
08-08 19:57:11.991 28967 28979 I FontLog : (REDACTED) Received query %s, URI %s
08-08 19:57:11.991  3009  3450 D InetDiagMessage: Destroyed 0 sockets, proto=IPPROTO_TCP, family=AF_INET6, states=14
08-08 19:57:11.992 28967 28979 I FontLog : (REDACTED) Query [%s] resolved to %s
08-08 19:57:11.997  3009  3450 D InetDiagMessage: Destroyed live tcp sockets for uids={20334} in 18ms
08-08 19:57:11.997   896   896 E lowmemorykiller: device memory 264482 free 43989 file 220842
08-08 19:57:11.997 28967 28979 I FontLog : (REDACTED) Fetch %s end status %s
08-08 19:57:12.006  1479  5654 D charge_time: type=cdp/dcp,reserve_soc=1,soc=55,ui_soc=56,current=583,avg=909,not_chg_cnt=0,stable_cnt=7,fcc=4423,fcc_ratio=92,delta=71,debug=0,region=13,ttf=7551(02:05:51),ui_ttf=6759(01:52:39)
08-08 19:57:12.022  3009  4709 D WindowManager: setFrameRateStart invalid typeId return!
08-08 19:57:12.027  4088  4088 D AutofillManager: view not autofillable - not passing ime action check
08-08 19:57:12.029 18999 19028 W ComponentDiscovery: Class com.google.firebase.installations.FirebaseInstallationsKtxRegistrar is not an found.
08-08 19:57:12.042 28967 28979 I FontLog : (REDACTED) Pulling font file for id = %d, cache size = %d
08-08 19:57:12.043  3009  3708 I Osense-BaseDecisionMaker: notifySceneToAthenaPolicy: SCENE_RES_IO_PSI, bundle: Bundle[{ioLevel=3}]
08-08 19:57:12.043  3009  3708 I Osense-BaseDecisionMaker: OSense not supported scene! SCENE_RES_IO_PSI
08-08 19:57:12.048  3009  4709 D ActivityTaskManager: Clearing startingData for activity=ActivityRecord{31f80cd u0 com.android.launcher/.Launcher t5} mStartingData=null mStartingSurface=null
08-08 19:57:12.071  3979  4433 I ProcessManager: onForegroundActivitiesChanged pid:4088, uid:10198, foregroundActivities:false
08-08 19:57:12.072  5345 29479 D OplusAtlas.OplusAtlasEventDispatch: setEvent:atlas_event_on_foreground_activities_changed info:pid:4088,uid:10198,hasForegroundActivities:0
08-08 19:57:12.077 28967 29009 I FontLog : (REDACTED) Pulling font file for id = %d, cache size = %d
08-08 19:57:12.078  5345  8816 D OplusAtlas.OplusMessageHandler: handleMessage: Msg { when=-1ms what=0 obj=com.oplus.atlas.OplusAtlasEvent@86da87f target=com.oplus.atlas.OplusMessageHandler$MyHandler }
08-08 19:57:12.079  5345  8814 D OplusAtlas.OplusAudioScene: callback success event:atlas_event_on_foreground_activities_changed eventInfo:pid:4088,uid:10198,hasForegroundActivities:0
08-08 19:57:12.079 18978 18978 I oplus.android.OplusFrameworkFactoryImpl: get feature:IOplusDynamicVsyncFeature
08-08 19:57:12.079 18978 18978 I oplus.android.OplusFrameworkFactoryImpl: get feature:IOplusDynamicVsyncFeature
08-08 19:57:12.079 18978 18978 I oplus.android.OplusFrameworkFactoryImpl: get feature:IOplusDynamicVsyncFeature
08-08 19:57:12.080  5345  8991 D OplusAtlas.OplusMessageHandler: handleMessage: Msg { when=-1ms what=2 obj=com.oplus.atlas.OplusAtlasEvent@86da87f target=com.oplus.atlas.OplusMessageHandler$MyHandler }
08-08 19:57:12.098  3009  3098 I libprocessgroup: Removed cgroup /sys/fs/cgroup/uid_10334/pid_18512
08-08 19:57:12.098   896   896 E lowmemorykiller: device memory 264997 free 42993 file 222609
08-08 19:57:12.104  3009  3251 I ActivityManager: Death received, pid = 17917, processName = com.transsion.healthlife for thread android.os.BinderProxy@a9a575d
08-08 19:57:12.105  3009  4855 D NotificationListeners: Removing active service ComponentInfo{com.transsion.healthlife/com.transsion.healthlife.service.MainService}
08-08 19:57:12.105  3009  3009 V NotificationListeners: 0 notification listener connection lost: ComponentInfo{com.transsion.healthlife/com.transsion.healthlife.service.MainService}
08-08 19:57:12.106  3009  3781 I ActivityManager: Process com.transsion.healthlife (pid 17917) has died: prcl BFGS
08-08 19:57:12.106  3009  3098 E libprocessgroup: Failed to write 1 to /sys/fs/cgroup/uid_10317/pid_17917/cgroup.kill: No such file or directory
08-08 19:57:12.106  3009  3668 I libprocessgroup: Removed cgroup /sys/fs/cgroup/uid_10317/pid_17917
08-08 19:57:12.106  3009  3098 E libprocessgroup: Failed to open /sys/fs/cgroup/uid_10317/pid_17917/cgroup.procs: No such file or directory
08-08 19:57:12.107  3009  3781 W OplusAppStartupConfigExt_OplusAppStartupCommonSceneStrategy: Blacklist is Empty
08-08 19:57:12.107  3009  3781 D OplusAppStartupConfigExt: RestartService prevent pkg com.transsion.healthlife result = false
08-08 19:57:12.107  3009  3668 E libprocessgroup: Failed to write 1 to /sys/fs/cgroup/uid_10334/pid_18512/cgroup.kill: No such file or directory
08-08 19:57:12.107  3009  3668 E libprocessgroup: Failed to open /sys/fs/cgroup/uid_10334/pid_18512/cgroup.procs: No such file or directory
08-08 19:57:12.108  3009  3450 D ConnectivityService: releasing NetworkRequest [ REQUEST id=104824, [ Capabilities: INTERNET&NOT_RESTRICTED&TRUSTED&NOT_VCN_MANAGED&NOT_BANDWIDTH_CONSTRAINED Uid: 10317 RequestorUid: 10317 RequestorPkg: com.transsion.healthlife UnderlyingNetworks: Null] ] (release request)
08-08 19:57:12.109  3009  3668 E libprocessgroup: Failed to write 1 to /sys/fs/cgroup/uid_99756/pid_18729/cgroup.kill: No such file or directory
08-08 19:57:12.110  3009  3781 D CompatChangeReporter: Compat change id reported: 311208629; UID 10317; state: ENABLED
08-08 19:57:12.110  3009  3450 D ConnectivityService: releasing NetworkRequest [ REQUEST id=104821, [ Capabilities: INTERNET&NOT_RESTRICTED&TRUSTED&NOT_VCN_MANAGED&NOT_BANDWIDTH_CONSTRAINED Uid: 10317 RequestorUid: 10317 RequestorPkg: com.transsion.healthlife UnderlyingNetworks: Null] ] (release request)
08-08 19:57:12.111  3009  4782 D SensorService: ~SensorEventConnection(0xb40000725fa41d00)
08-08 19:57:12.111  3009  4782 D SensorService: 5 active sensors
08-08 19:57:12.111  3009  4782 D SensorService: 2: disabling handle=0x000000bf
08-08 19:57:12.111  3009  4782 D SensorService: SensorDevice::activate: ident=0xb40000725fa41d00, handle=0x000000bf, enabled=0, count=4
08-08 19:57:12.111  3009  4782 D SensorService: disable index=0
08-08 19:57:12.111  3009  4782 D SensorService: 	>>> actuating h/w batch 0x000000bf 200000000 0
08-08 19:57:12.110  3009  3668 E libprocessgroup: Failed to open /sys/fs/cgroup/uid_99756/pid_18729/cgroup.procs: No such file or directory
08-08 19:57:12.115  3009  4134 I OplusHansManager : onUidGone(), 10317 com.transsion.healthlife exit SM
08-08 19:57:12.115  3009  3998 I OplusHansManager : uid=10317, pkg=com.transsion.healthlife F exit SM
08-08 19:57:12.115  3009  3998 I OplusHansManager : uid=10317, pkg=com.transsion.healthlife F exit(), F stay=57, reason=UidGone
08-08 19:57:12.116  3009  4134 I OplusHansManager : onUidGone(),  keep: 10317 com.transsion.healthlife alarm
08-08 19:57:12.116  3009  3611 D OAppNetControlService: Hans update:[10317=false][0|0] blackList:[]
08-08 19:57:12.118  3009  3998 I OplusHansManager : unfreeze uid: 10317 com.transsion.healthlife pids: [17917] reason: UidGone scene: LcdOn|FastFreezer
08-08 19:57:12.119  3009  3998 I OplusHansManager : uid=10317, pkg=com.transsion.healthlife M exit(), M stay=0
08-08 19:57:12.119  3009  3998 I OplusHansManager : uid=10317, pkg=com.transsion.healthlife R exit(), R stay=0
08-08 19:57:12.115 16139 16139 D BoundBrokerSvc: onUnbind: Intent { act=com.google.android.gms.measurement.START pkg=com.google.android.gms mCallingUid=10317 }
08-08 19:57:12.120  3009  4015 I OplusHansManager : up_BC uid=10317 pkg=com.transsion.healthlife
08-08 19:57:12.124  3009  3450 D InetDiagMessage: Destroyed 0 sockets, proto=IPPROTO_TCP, family=AF_INET, states=14
08-08 19:57:12.124  1300  1300 I Zygote  : Process 17917 exited due to signal 9 (Killed)
08-08 19:57:12.124  1300  1300 I Zygote  : Process 18512 exited due to signal 9 (Killed)
08-08 19:57:12.128  3009  3450 D InetDiagMessage: Destroyed 0 sockets, proto=IPPROTO_TCP, family=AF_INET6, states=14
08-08 19:57:12.128  3009  3450 D InetDiagMessage: Destroyed live tcp sockets for uids={10317} in 5ms
08-08 19:57:12.129  3009  3450 D InetDiagMessage: Destroyed 0 sockets, proto=IPPROTO_TCP, family=AF_INET, states=14
08-08 19:57:12.130  3009  3450 D InetDiagMessage: Destroyed 0 sockets, proto=IPPROTO_TCP, family=AF_INET6, states=14
08-08 19:57:12.130  3009  3450 D InetDiagMessage: Destroyed live tcp sockets for uids={20317} in 3ms
08-08 19:57:12.134  1411  1411 I sensors-hal: batch:254, android.sensor.step_counter/191, period=200000000, max_latency=0
08-08 19:57:12.134  1411  1411 I sensors-hal: batch:276, android.sensor.step_counter/191, period=200000000, max_latency=0 request completed
08-08 19:57:12.135  3009  4782 D SensorService: activateHardware = 0
08-08 19:57:12.142  3009  3072 D DisplayManagerService: Drop pending events for gone uid 10317
08-08 19:57:12.147  5345 29479 D OplusAtlas.OplusAtlasEventDispatch: setEvent:atlas_event_on_process_died info:pid:17917,uid:10317
08-08 19:57:12.147  3979  4433 I ProcessManager: onProcessDied pid:17917, uid:10317
08-08 19:57:12.147  3979  4433 D AppSceneEventManager: handleMessage: 101
08-08 19:57:12.147  3979  4433 I DispatcherPolicy: onBaseEvent EventId=22	INPUT_PROCESS_DIED	TimeStamp =1786208232147	Intent =null	Content =null	Pid =17917	PkgName =com.transsion.healthlife
08-08 19:57:12.147  3979  4433 I GamingScene: onInputEvent : INPUT_PROCESS_DIED
08-08 19:57:12.148  5345  8816 D OplusAtlas.OplusMessageHandler: handleMessage: Msg { when=0 what=1 obj=com.oplus.atlas.OplusAtlasEvent@141a04c target=com.oplus.atlas.OplusMessageHandler$MyHandler }
08-08 19:57:12.150  5345  8987 D OplusAtlas.OplusMessageHandler: handleMessage: Msg { when=-2ms what=1 obj=com.oplus.atlas.OplusAtlasEvent@141a04c target=com.oplus.atlas.OplusMessageHandler$MyHandler }
08-08 19:57:12.198   896   896 E lowmemorykiller: device memory 266141 free 43081 file 224121
08-08 19:57:12.243  3979  4446 D CommonApp-741-10495: transport layer data is invalid
08-08 19:57:12.246  3887 20183 D IpClient/wlan0: interfaceLinkStateChanged: ifindex 37 up
08-08 19:57:12.257  3680  3836 D HWUI    : RenderProxy::destroy: this=0xb40000733be14f00, mContext=0xb40000731e214600
08-08 19:57:12.257  3680  3872 D HWUI    : SkiaOpenGLPipeline::setSurface: this=0xb400007344d6c200, surface=NULL
08-08 19:57:12.258  3680  3872 D BufferQueueProducer: [VRI[phone]#11755(BLAST Consumer)11755](id:e6000002e1f,api:1,p:3680,c:3680) disconnect: api 1
08-08 19:57:12.261  3680  3836 D ViewRootImplExtImpl: wrapConfigInfoIntoFlags rotation=0, smallestScreenWidthDp=424, relayoutAsync=false, flags=0, newFlags=27787264, residentWS=false, title=Splash Screen com.hypernova.phone
08-08 19:57:12.261  3009  4135 D WindowManagerServiceExtImpl: extractConfigInfoAndRealFlags rotation=0, screenDp=424, residentWS:0, win=Window{7fdcb40 u0 Splash Screen com.hypernova.phone}
08-08 19:57:12.261  3009  4135 V WindowManager: Relayout Window{7fdcb40 u0 Splash Screen com.hypernova.phone}: viewVisibility=8, oldvis=0, req=720x1604, vsysui=
08-08 19:57:12.262  3009  4135 D adaptiveSmoothAnim_Main: skip StartingWindow exit animation, win=Window{7fdcb40 u0 Splash Screen com.hypernova.phone}
08-08 19:57:12.264  3009  4135 D WindowManager: setFrameRateStart invalid typeId return!
08-08 19:57:12.268  3009  4135 D WindowManager: NFW_findFocusedWindowIfNeeded:Window{58ee93e u0 com.hypernova.phone/com.hypernova.phone.MainActivity} mCurrentFocus:Window{58ee93e u0 com.hypernova.phone/com.hypernova.phone.MainActivity}
08-08 19:57:12.269 31047  3500 D CustomLogManagerService: WorkHandler msg.what :5
08-08 19:57:12.270  3680  3836 D OplusScrollToTopManager: Splash Screen com.hypernova.phone,window dying
08-08 19:57:12.270  3680  3836 D OplusScrollToTopManager: Splash Screen com.hypernova.phone,unregisterSystemUIBroadcastReceiver 
08-08 19:57:12.270  3680  3836 D OplusScrollToTopManager: Splash Screen com.hypernova.phone, unregisterSystemUIBroadcastReceiver failed java.lang.IllegalArgumentException: Receiver not registered: android.view.OplusScrollToTopManager$2@103f82b
08-08 19:57:12.270  3680  3836 W WindowOnBackDispatcher: sendCancelIfRunning: isInProgress=false callback=android.view.ViewRootImpl$$ExternalSyntheticLambda11@dc96409
08-08 19:57:12.273  3009  3077 D callGcSupression: java.lang.NullPointerException: Attempt to invoke virtual method 'java.lang.Object java.lang.reflect.Method.invoke(java.lang.Object, java.lang.Object[])' on a null object reference
08-08 19:57:12.274  3009  3077 D SurfaceAnimationRunner: onAnimationStart:Surface(name=Surface(name=7fdcb40 Splash Screen com.hypernova.phone)/@0xe683047 - animation-leash of window_animation)/@0xefc6074
08-08 19:57:12.274  3009  3077 D callGcDesupression: java.lang.NullPointerException: Attempt to invoke virtual method 'java.lang.Object java.lang.reflect.Method.invoke(java.lang.Object, java.lang.Object[])' on a null object reference
08-08 19:57:12.274  3009  3077 D SurfaceAnimationRunner: onAnimationEnd:Surface(name=Surface(name=7fdcb40 Splash Screen com.hypernova.phone)/@0xe683047 - animation-leash of window_animation)/@0xefc6074
08-08 19:57:12.275  3009  4782 I InputDispatcher: channel '7fdcb40 Splash Screen com.hypernova.phone (server)'~ abortBrokenDispatchCycleLocked - notify=false
08-08 19:57:12.276  3009  4782 W InputManager-JNI: Input channel object '7fdcb40 Splash Screen com.hypernova.phone (client)' was disposed without first being removed with the input manager!
08-08 19:57:12.277  3009  4782 D WindowManager: NFW_findFocusedWindowIfNeeded:Window{58ee93e u0 com.hypernova.phone/com.hypernova.phone.MainActivity} mCurrentFocus:Window{58ee93e u0 com.hypernova.phone/com.hypernova.phone.MainActivity}
08-08 19:57:12.278 31047  3500 D CustomLogManagerService: curTemp:341 limit:390
08-08 19:57:12.278  3680  3693 D BLASTBufferQueue: [VRI[phone]#11755](f:0,a:2) destructor()
08-08 19:57:12.278  3680  3693 D BufferQueueConsumer: [VRI[phone]#11755(BLAST Consumer)11755](id:e6000002e1f,api:0,p:-1,c:3680) disconnect
08-08 19:57:12.279 31047  3500 D CustomLogManagerService: checkUploadStatus: isSceenOn=true activeNetType=1 isCharging=true isUploading:false temperatureLimit:false
08-08 19:57:12.280 31047  3500 D CustomLogManagerService: sys.log.customer=false
08-08 19:57:12.280 31047  3500 D CustomLogManagerService: isHaveCustomLogCollecting :false
08-08 19:57:12.280  3009  3075 I WindowStateExtImpl: onSurfaceShowChange show = false mPackageName = com.hypernova.phone parentPkgName = com.hypernova.phone
08-08 19:57:12.281  3009  3075 I WindowManager: Window{7fdcb40 u0 Splash Screen com.hypernova.phone EXITING} state from HAS_DRAWN to NO_SURFACE; reason: destroySurface
08-08 19:57:12.299   896   896 E lowmemorykiller: device memory 268385 free 42204 file 225387
08-08 19:57:12.300  3009  4709 W WindowManager: Failed looking up window session=Session{12a4940 3680:u0a10203} callers=com.android.server.wm.WindowManagerService.windowForClientLocked:6784 com.android.server.wm.Session.setOnBackInvokedCallbackInfo:1060 android.view.IWindowSession$Stub.onTransact:1199 
08-08 19:57:12.300  3009  4709 I WindowManager: setOnBackInvokedCallback(): No window state for package:com.android.systemui
08-08 19:57:12.326 18999 19027 W it.FitbitMobile: ClassLoaderContext classpath size mismatch. expected=1, found=0 (DLC[];PCL[base.apk*2408186298]{PCL[/system/framework/org.apache.http.legacy.jar*579360325]#PCL[/system/framework/com.android.location.provider.jar*3414091812]#PCL[/system/framework/com.android.media.remotedisplay.jar*2042759013]#PCL[/system_ext/framework/androidx.window.extensions.jar*650308787]#PCL[/system_ext/framework/androidx.window.sidecar.jar*2740161290]} | DLC[];PCL[])
08-08 19:57:12.348  5377  5417 E horae   : 0: back:35251,frame:33979,front:34691, 4, +(-1151), 1 ,34100,39270,37083,36510, target_temp:35251, algo:0
08-08 19:57:12.370 18999 19027 W System  : ClassLoader referenced unknown path: 
08-08 19:57:12.374 18999 19027 D nativeloader: Configuring clns-8 for other apk . target_sdk_version=37, uses_libraries=, library_path=/data/app/~~hVf7On0fsvHU9phdRYxECg==/com.google.android.gms-x0rRHqPabOuPMWDK0CNhoA==/lib/arm64:/data/app/~~hVf7On0fsvHU9phdRYxECg==/com.google.android.gms-x0rRHqPabOuPMWDK0CNhoA==/base.apk!/lib/arm64-v8a, permitted_path=/data:/mnt/expand:/data/user/0/com.google.android.gms
08-08 19:57:12.400   896   896 E lowmemorykiller: device memory 269384 free 41462 file 226482
08-08 19:57:12.407 18999 19027 W it.FitbitMobile: ClassLoaderContext classpath element checksum mismatch. expected=2408186298, found=272960857 (DLC[];PCL[base.apk*2408186298]{PCL[/system/framework/org.apache.http.legacy.jar*579360325]#PCL[/system/framework/com.android.location.provider.jar*3414091812]#PCL[/system/framework/com.android.media.remotedisplay.jar*2042759013]#PCL[/system_ext/framework/androidx.window.extensions.jar*650308787]#PCL[/system_ext/framework/androidx.window.sidecar.jar*2740161290]} | DLC[];PCL[/data/app/~~MCG7qq_GVKJ4-YOGD8trxA==/com.fitbit.FitbitMobile-DJqvc57a-gT9EPRRxgotQg==/base.apk*272960857]{PCL[/system/framework/org.apache.http.legacy.jar*579360325]#PCL[/system_ext/framework/androidx.window.extensions.jar*650308787]#PCL[/system_ext/framework/androidx.window.sidecar.jar*2740161290]})
08-08 19:57:12.492 28967 28967 D BoundBrokerSvc: onRebind: Intent { act=com.google.android.gms.common.telemetry.service.START dat=chimera-action:/... cmp=com.google.android.gms/.chimera.PersistentApiService mCallingUid=10114 }
08-08 19:57:12.496 18999 19027 D nativeloader: Configuring clns-9 for other apk . target_sdk_version=37, uses_libraries=ALL, library_path=/data/app/~~hVf7On0fsvHU9phdRYxECg==/com.google.android.gms-x0rRHqPabOuPMWDK0CNhoA==/split_CronetDynamite_installtime.apk!/lib/arm64-v8a, permitted_path=/data:/mnt/expand
08-08 19:57:12.501   896   896 E lowmemorykiller: device memory 272324 free 40692 file 226789
08-08 19:57:12.505 18999 19027 D nativeloader: Extending system_exposed_libraries: libbinauralrenderer_wrapper.qti.so:libhoaeffects.qti.so:libSloganJni.oplus.so:libsuperNight.oplus.so:libAPSClient-cmd-jni-extension.oplus.so:libsatellite_audio_jni.oplus.so:libortc_so.oplus.so:libsoundtouch.oplus.so:libsoundtouch_jni.oplus.so:libOplusStringJNI-extension.oplus.so:libapssuspend-jni.oplus.so:libupdateprof.qti.so:libthermalclient.qti.so:libqape.qti.so:libqesdk_ndk_platform.qti.so:liblistenjni.qti.so
08-08 19:57:12.516  3009  3442 D WifiStaIfaceHidlImpl: getCachedScanData is not implemented by HIDL
08-08 19:57:12.524 18999 19156 I cn_HttpFlagsLoader: HTTP flags log line (Impl): Using live production flag values from Google
08-08 19:57:12.547 18999 19027 D nativeloader: Load /data/app/~~hVf7On0fsvHU9phdRYxECg==/com.google.android.gms-x0rRHqPabOuPMWDK0CNhoA==/split_CronetDynamite_installtime.apk!/lib/arm64-v8a/libcronet.150.0.7871.114.so using isolated ns clns-9 (caller=/data/app/~~hVf7On0fsvHU9phdRYxECg==/com.google.android.gms-x0rRHqPabOuPMWDK0CNhoA==/split_CronetDynamite_installtime.apk!classes2.dex): ok
08-08 19:57:12.547  3009  8360 D ConnectivityService: requestNetwork for uid/pid:10290/18999 activeRequest: null callbackRequest: 104867 [NetworkRequest [ REQUEST id=104868, [ Capabilities: INTERNET&NOT_RESTRICTED&TRUSTED&NOT_VCN_MANAGED&NOT_BANDWIDTH_CONSTRAINED Uid: 10290 RequestorUid: 10290 RequestorPkg: com.fitbit.FitbitMobile UnderlyingNetworks: Null] ]] callback flags: 0 order: 2147483647 isUidTracked: false declaredMethods: AVAIL|LOST|NC|LP
08-08 19:57:12.558  4047  4047 D VendorWifiService: onEvent event:9,action:1
08-08 19:57:12.559  3009  3442 D WifiNetworkFactory: got request NetworkRequest [ REQUEST id=104868, [ Capabilities: INTERNET&NOT_RESTRICTED&TRUSTED&NOT_VCN_MANAGED&NOT_BANDWIDTH_CONSTRAINED Uid: 10290 RequestorUid: 10290 RequestorPkg: com.fitbit.FitbitMobile UnderlyingNetworks: Null] ]
08-08 19:57:12.559  3009  3442 D UntrustedWifiNetworkFactory: got request NetworkRequest [ REQUEST id=104868, [ Capabilities: INTERNET&NOT_RESTRICTED&TRUSTED&NOT_VCN_MANAGED&NOT_BANDWIDTH_CONSTRAINED Uid: 10290 RequestorUid: 10290 RequestorPkg: com.fitbit.FitbitMobile UnderlyingNetworks: Null] ]
08-08 19:57:12.560  3009  3450 D ConnectivityService: NetReassign [104868 : null → 741] [c 2] [a 2] [i 4]
08-08 19:57:12.560  3009  3442 D OemPaidWifiNetworkFactory: got request NetworkRequest [ REQUEST id=104868, [ Capabilities: INTERNET&NOT_RESTRICTED&TRUSTED&NOT_VCN_MANAGED&NOT_BANDWIDTH_CONSTRAINED Uid: 10290 RequestorUid: 10290 RequestorPkg: com.fitbit.FitbitMobile UnderlyingNetworks: Null] ]
08-08 19:57:12.560  3009  3545 D OplusWifiPower_TriggerCenter: mComponentCallback: wifistat
08-08 19:57:12.560  3009  3442 D MultiInternetWifiNetworkFactory: got request NetworkRequest [ REQUEST id=104868, [ Capabilities: INTERNET&NOT_RESTRICTED&TRUSTED&NOT_VCN_MANAGED&NOT_BANDWIDTH_CONSTRAINED Uid: 10290 RequestorUid: 10290 RequestorPkg: com.fitbit.FitbitMobile UnderlyingNetworks: Null] ]
08-08 19:57:12.572  3009  3450 D ConnectivityService: NetReassign [no changes] [c 0] [a 2] [i 2]
08-08 19:57:12.589 18999 19027 I cn_CronetLibraryLoader: Cronet version: 150.0.7871.114, arch: aarch64
08-08 19:57:12.602   896   896 E lowmemorykiller: device memory 272850 free 41039 file 227332
08-08 19:57:12.615 18978 19053 I HN-CallHistory: Call history query completed with 2983 entries
08-08 19:57:12.622  3009  3024 I system_server: Background young concurrent mark compact GC freed 22MB AllocSpace bytes, 15(300KB) LOS objects, 15% free, 112MB/134MB, paused 11.771ms,13.454ms total 280.285ms
08-08 19:57:12.633 18978 18978 I oplus.android.OplusFrameworkFactoryImpl: get feature:IOplusDynamicVsyncFeature
08-08 19:57:12.633 18978 18978 I oplus.android.OplusFrameworkFactoryImpl: get feature:IOplusDynamicVsyncFeature
08-08 19:57:12.633 18978 18978 I oplus.android.OplusFrameworkFactoryImpl: get feature:IOplusDynamicVsyncFeature
08-08 19:57:12.634  3009  3026 W System  : A resource failed to call release. 
08-08 19:57:12.657   896   896 E lowmemorykiller: device memory 272662 free 40709 file 227858
08-08 19:57:12.658  3009  3712 I Osense-PsiDetector: 1065,176,3069,4607,34,126,84,572,1208,400,489,0,4,5184
08-08 19:57:12.677  3009  4134 I OplusHansManager : FastFreeze exit, unfreeze uids: [10488]
08-08 19:57:12.677  3009  4134 I OplusHansManager : exit FastFreezer, unfreeze uids: [10488] thaw: [10290], reason: exitFF
08-08 19:57:12.678  3009  4134 I OplusHansManager : notify state machine event=FF_EXIT to uids=[10495, 10290, 10326, 10329, 10488]
08-08 19:57:12.729  1598  1854 D VRR [OTI]: handleIdle from 0 to 1
08-08 19:57:12.729  1598  1854 D VRR [OTI-HW]: isStateReady 0
08-08 19:57:12.729  1598  1854 D VRR [OTI-HW]: rate range: min {id=1, hwcId=1, resolution=720x1604, vsyncRate=60.00 Hz, dpi=265.04x262.85, group=0, vrrConfig=N/A} cur {id=1, hwcId=1, resolution=720x1604, vsyncRate=60.00 Hz, dpi=265.04x262.85, group=0, vrrConfig=N/A} max {id=1, hwcId=1, resolution=720x1604, vsyncRate=60.00 Hz, dpi=265.04x262.85, group=0, vrrConfig=N/A}
08-08 19:57:12.729  1598  1854 D VRR [OTI-HW]: keep rate.
08-08 19:57:12.794  1479  1567 D BatteryChargeControl: bcc get no support from charging protocol
08-08 19:57:12.893  2259  2259 I cnss-daemon: nl80211 response handler invoked
08-08 19:57:12.893  2259  2259 I cnss-daemon: nl80211_response_handler: cmd 103, vendorID 4980, subcmd 13  received
08-08 19:57:12.893  1416 10610 I WifiHAL : event received NL80211_CMD_VENDOR, vendor_id = 0x1374, subcmd = 0xd
08-08 19:57:12.897 18978 19077 D OplusScrollToTopManager: com.hypernova.phone/com.hypernova.phone.MainActivity,This com.android.internal.policy.DecorView{7285bc V.E...... R....... 0,0-720,1604 aid=0 alpha=1.0 viewInfo = }[MainActivity] change focus to true
08-08 19:57:12.969 18999 19048 I cn_CronetUrlRequestContext: destroyNativeStreamLocked org.chromium.net.impl.CronetBidirectionalStream@b9d9609
08-08 19:57:13.010  1479  5654 D charge_time: type=cdp/dcp,reserve_soc=1,soc=55,ui_soc=56,current=499,avg=745,not_chg_cnt=0,stable_cnt=7,fcc=4423,fcc_ratio=92,delta=72,debug=0,region=13,ttf=9070(02:31:10),ui_ttf=6758(01:52:38)
08-08 19:57:13.015 18999 19121 I cn_CronetUrlRequestContext: destroyNativeStreamLocked org.chromium.net.impl.CronetBidirectionalStream@e5674d5
08-08 19:57:13.046 18999 19142 I cn_CronetUrlRequestContext: destroyNativeStreamLocked org.chromium.net.impl.CronetBidirectionalStream@70beb75
08-08 19:57:13.076 18999 19042 I cn_CronetUrlRequestContext: destroyNativeStreamLocked org.chromium.net.impl.CronetBidirectionalStream@81a8800
08-08 19:57:13.127  9406  9683 I erkz    : (REDACTED) HDM. appOpsListener %s %s
08-08 19:57:13.134  9406  9683 I erkz    : (REDACTED) HDM. Ignoring irrelevant audio permission changes for package %s
08-08 19:57:13.157  3680  3902 I SystemUi--Statusbar: OplusNetworkSpeedControllExImpl-->updateNetworkSpeed: isConnected:true,isSwitchOn:true
08-08 19:57:13.168  3680  3902 I SystemUi--Statusbar: OplusNetworkSpeedControllExImpl-->getTotalByte: totalRxBytes:29284091856,totalTxBytes:2706230956,loopbackTxBytes:6840897,loopbackRxBytes:6840897 ,totalBytes:31976641018
08-08 19:57:13.263  3009  3134 D OplusFeatureHDREnhanceBrightness: checkIsPlayingHDR isPlayingHDR=0 rotation=0 whiteApp=false battery=56
08-08 19:57:13.265  3979  4446 D CommonApp-741-10495: transport layer data is invalid
08-08 19:57:13.317 18999 19030 W GlanceAppWidgetManager: setWidgetPreview call for ComponentInfo{com.fitbit.FitbitMobile/com.google.android.apps.fitbit.app.widgets.focusmetricswidget.impl.FocusMetricsWidgetReceiver} with categories 7 was rate-limited
08-08 19:57:13.392  1479  1562 D vendor.oplus.hardware.charger-V6-service: ret_value:159, read content:,341,357,4018,4065,-499,1500,2200,55,56,1,6,1430,4560,56,1,0,1,1,0,0,4470,0,6,0,6,0,0,0,-2740,0,1,1,0,0,41,41,41,0,0,0,0,0,0,0,0,0,0,4,0,1,0,100,0,0,0,0,0,0,0
08-08 19:57:13.393  1479  1562 D vendor.oplus.hardware.charger-V6-service: gmtime: 2026-08-08-19-57-13
08-08 19:57:13.395  1479  1562 D vendor.oplus.hardware.charger-V6-service: usb_online:1, ac_online:0, wireless_online:-2147483648
08-08 19:57:13.436 18978 18986 I hypernova.phone: Compiler allocated 7008KB to compile void android.view.ViewRootImpl.performTraversals()
08-08 19:57:13.539 18999 19164 I cn_CronetUrlRequestContext: destroyNativeStreamLocked org.chromium.net.impl.CronetBidirectionalStream@835f8d4
08-08 19:57:13.540 18999 19164 I cn_CronetUrlRequestContext: destroyNativeStreamLocked org.chromium.net.impl.CronetBidirectionalStream@8c3ba7d
08-08 19:57:13.559 18999 19164 I cn_CronetUrlRequestContext: destroyNativeStreamLocked org.chromium.net.impl.CronetBidirectionalStream@563ce40
08-08 19:57:13.794  1479  1567 D BatteryChargeControl: bcc get no support from charging protocol
08-08 19:57:14.017  1479  5654 D charge_time: type=cdp/dcp,reserve_soc=1,soc=55,ui_soc=56,current=905,avg=664,not_chg_cnt=0,stable_cnt=7,fcc=4423,fcc_ratio=92,delta=73,debug=0,region=13,ttf=10121(02:48:41),ui_ttf=6757(01:52:37)
08-08 19:57:14.291  3979  4446 D CommonApp-741-10495: transport layer data is invalid
08-08 19:57:14.529  3009  3998 I OplusHansManager : uid=10488, pkg=com.instagram.android F enter(), M stay=10
08-08 19:57:14.542  3009  3998 I OplusHansManager : freeze uid: 10488 com.instagram.android pids: [18311] scene: LcdOn
08-08 19:57:14.543  3009  4015 I OplusHansManager : p_BC uid=10488 pkg=com.instagram.android
08-08 19:57:14.544  3009  4015 I OplusBinderProxy: proxyBinder uid: 10488 pkg: com.instagram.android proxy: true calling: OFreezer
08-08 19:57:14.544  7071 18718 D IHansComunication: HANS sendMessageToKernel: threadId = 517145082992, netLinkSetup = 1, type = PKG, targetUid = 10488, pkgCmd = ADD_ONE_UID
08-08 19:57:14.548  3009  4134 I OplusHansManager : unfreeze uid: 10488 com.instagram.android pids: [18311] reason: ExecutingComponent scene: LcdOn
08-08 19:57:14.550  3009  3998 I OplusHansManager : uid=10488, pkg=com.instagram.android F exit(), F stay=0, reason=ExecutingComponent
08-08 19:57:14.550  3009  4015 I OplusHansManager : up_BC uid=10488 pkg=com.instagram.android
08-08 19:57:14.550  3009  4015 I OplusBinderProxy: proxyBinder uid: 10488 pkg: com.instagram.android proxy: false calling: OFreezer
08-08 19:57:14.796  1479  1567 D BatteryChargeControl: bcc get no support from charging protocol
08-08 19:57:14.902  1416 10610 I WifiHAL : event received NL80211_CMD_VENDOR, vendor_id = 0x1374, subcmd = 0xd
08-08 19:57:14.903  2259  2259 I cnss-daemon: nl80211 response handler invoked
08-08 19:57:14.903  2259  2259 I cnss-daemon: nl80211_response_handler: cmd 103, vendorID 4980, subcmd 13  received
08-08 19:57:14.914  4034  8019 V OplusTrack-OplusTrack: onCommon logTag is DexOptRecord,eventID:DX_coldstart_record,flagSendTo:1
08-08 19:57:14.921  6966  7001 D AppSwitchObserverHelper: packageName: com.hypernova.phone,com.android.launcher
08-08 19:57:14.929 22186 22186 I adbd    : adbd service requested 'shell,v2,TERM=xterm-256color:export ANDROID_LOG_TAGS=''; exec logcat '-d' '-v' 'threadtime''
