--------- beginning of main
08-08 20:09:58.772  1300  1300 D Zygote  : Forked child process 28549
08-08 20:09:58.775 28527 28527 D OplusScrollToTopManager: setIsInWhiteList false
08-08 20:09:58.778   896   896 E lowmemorykiller: device memory 231345 free 8461 file 225672
08-08 20:09:58.779  3680  3680 I SystemUi--Statusbar: BatteryControllerExt-->updateBatteryChangeIntent():broadcast=android.intent.action.BATTERY_CHANGED,level=61,scale=100
08-08 20:09:58.780 28527 28527 D OplusViewDebugManager: OplusViewDebugManager Constructor android.view.debug.OplusViewDebugManager@d151caa [mHasViewDebugProperty true] [mHasMsgDebugProperty false] [DEBUG false] [EXTRAINFOENABLE false] [LIGHT_OS true]
08-08 20:09:58.780  3680  3680 I SystemUi--Statusbar: BatteryRepository-->level: 61 -- isSavingMode: false
08-08 20:09:58.784 28527 28527 D CompatChangeReporter: Compat change id reported: 242716250; UID 1000; state: ENABLED
08-08 20:09:58.791  5308  5315 W id.ext.services: Suspending all threads took: 41.114ms
08-08 20:09:58.795  6966  7029 E Battery : a: getAISleepDuration: predictResult is null.
08-08 20:09:58.795  6966  7029 E Battery : ChargeProtectionUtils: mCanlendarTmp.isEmpty()!
08-08 20:09:58.801 28519 28519 W libc    : Access denied finding property "ro.odm.prev.product.name"
08-08 20:09:58.802  3009  3249 D OplusAppStartupConfigExt: StartProvider prevent pkg com.heytap.mcs result = false
08-08 20:09:58.802  3009  3249 I [UAH_CLIENT]: UahEventAcquire, cmdid:2, pkg:none, identity:OplusAppStartupManager
08-08 20:09:58.805  1300  1300 D Zygote  : Forked child process 28551
08-08 20:09:58.811 28519 28519 D ApplicationLoaders: Returning zygote-cached class loader: /system/framework/org.apache.http.legacy.jar
08-08 20:09:58.811 28519 28519 D ApplicationLoaders: Returning zygote-cached class loader: /system_ext/framework/androidx.window.extensions.jar
08-08 20:09:58.811 28519 28519 D ApplicationLoaders: Returning zygote-cached class loader: /system_ext/framework/androidx.window.sidecar.jar
--------- beginning of system
08-08 20:09:58.814  3009  3009 D OplusCustomizeService: mCoreAppIsEnable = false
08-08 20:09:58.814  3009  3009 D OplusCustomizeService: pkgName = com.hypernova.phone
08-08 20:09:58.814  3009  3009 D OplusCustomizeService: Add packages name is :com.hypernova.phone;dir:/data/app/~~NbgPEIbcr666ia8mxzj5XA==/com.hypernova.phone-n5S1A0Gei29t60yYoFdqhA==/base.apk
08-08 20:09:58.819  5308  5308 D ActivityThread: Package [com.hypernova.phone] reported as REPLACED, but missing application info. Assuming REMOVED.
08-08 20:09:58.820 28527 28527 W libc    : Access denied finding property "ro.odm.prev.product.name"
08-08 20:09:58.820  3009  3097 W ActivityManager: Slow operation: 64ms so far, now at startProcess: returned from zygote!
08-08 20:09:58.821  3009  3097 W ActivityManager: Slow operation: 65ms so far, now at startProcess: done updating battery stats
08-08 20:09:58.821  3009  3097 W ActivityManager: Slow operation: 65ms so far, now at startProcess: building log message
08-08 20:09:58.821  3009  3097 I ActivityManager: Start proc 28551:com.google.android.permissioncontroller/u0a279 for broadcast {com.google.android.permissioncontroller/com.android.permissioncontroller.safetylabel.SafetyLabelChangedBroadcastReceiver}
08-08 20:09:58.821  3009  3097 W ActivityManager: Slow operation: 65ms so far, now at startProcess: starting to update pids map
08-08 20:09:58.821  3009  3097 W ActivityManager: Slow operation: 65ms so far, now at startProcess: done updating pids map
08-08 20:09:58.821  3009  3097 W ActivityManager: Slow operation: 59ms so far, now at startProcess: asking zygote to start proc
08-08 20:09:58.830  3009  3009 D MultiApp-DataService: handlePackageChange: android.intent.action.PACKAGE_ADDED for: com.hypernova.phone
08-08 20:09:58.833  1479  1562 D vendor.oplus.hardware.charger-V6-service: ret_value:160, read content:,322,335,4092,4130,-1166,1500,2200,60,61,1,6,1430,4560,61,1,0,1,1,0,0,4470,0,6,0,6,0,0,0,-2740,0,1,1,0,0,41,41,41,0,0,0,0,0,0,0,0,0,0,4,0,1,0,100,0,0,0,0,0,0,0
08-08 20:09:58.833  1479  1562 D vendor.oplus.hardware.charger-V6-service: gmtime: 2026-08-08-20-09-58
08-08 20:09:58.834  1479  1562 D vendor.oplus.hardware.charger-V6-service: usb_online:1, ac_online:0, wireless_online:-2147483648
08-08 20:09:58.836 22892 23007 D COSA->GameServiceSyncUtil: [m] syncGameListToGMS
08-08 20:09:58.838  1300  1300 D Zygote  : Forked child process 28552
08-08 20:09:58.846  3009  3097 W ActivityManager: Slow operation: 83ms so far, now at startProcess: returned from zygote!
08-08 20:09:58.847  5308  5317 W id.ext.services: ApkAssets: Deleting an ApkAssets object '<empty> and /data/app/~~xnk0wVSZszlZuDDxMLM37A==/com.whatsapp-O4Bs89N8MhcVg8ypBa_egw==/base.apk' with 1 weak references
08-08 20:09:58.848  5308  5317 W id.ext.services: ApkAssets: Deleting an ApkAssets object '<empty> and /data/app/~~xnk0wVSZszlZuDDxMLM37A==/com.whatsapp-O4Bs89N8MhcVg8ypBa_egw==/split_config.arm64_v8a.apk' with 1 weak references
08-08 20:09:58.848  5308  5317 W id.ext.services: ApkAssets: Deleting an ApkAssets object '<empty> and /data/app/~~xnk0wVSZszlZuDDxMLM37A==/com.whatsapp-O4Bs89N8MhcVg8ypBa_egw==/split_config.xhdpi.apk' with 1 weak references
08-08 20:09:58.848  5308  5317 W id.ext.services: ApkAssets: Deleting an ApkAssets object '<empty> and /data/app/~~xnk0wVSZszlZuDDxMLM37A==/com.whatsapp-O4Bs89N8MhcVg8ypBa_egw==/split_i18n_ar.apk' with 1 weak references
08-08 20:09:58.851  3009  3097 W ActivityManager: Slow operation: 88ms so far, now at startProcess: done updating battery stats
08-08 20:09:58.851  3009  3097 W ActivityManager: Slow operation: 88ms so far, now at startProcess: building log message
08-08 20:09:58.851  3009  3097 I ActivityManager: Start proc 28552:com.heytap.market/u0a117 for service {com.heytap.market/com.cdo.oaps.host.old.WebBridgeService}
08-08 20:09:58.851  3009  3097 W ActivityManager: Slow operation: 88ms so far, now at startProcess: starting to update pids map
08-08 20:09:58.852  3009  8167 W libc    : Access denied finding property "ro.bootimage.build.fingerprint"
08-08 20:09:58.852  3009  3097 W ActivityManager: Slow operation: 89ms so far, now at startProcess: done updating pids map
08-08 20:09:58.852  3009  3134 D OplusSmartBrightnessController: CtsTest = false
08-08 20:09:58.852  3009  3134 D OplusDisplayBrightnessBroadcastReceiver: onReceive action = android.intent.action.PACKAGE_ADDED , listeners = [com.android.server.display.OplusSmartBrightnessController$SmartBroadcastReceiver@a50ca3c]
08-08 20:09:58.878   896   896 E lowmemorykiller: device memory 229224 free 6601 file 225530
08-08 20:09:58.892 28549 28549 E .mcs.appservice: Unknown bits set in runtime_flags: 0x40000000
08-08 20:09:58.894 28549 28549 I .mcs.appservice: Using generational CollectorTypeCMC GC.
08-08 20:09:58.897  1300  1300 D Zygote  : Forked child process 28554
08-08 20:09:58.873 28552 28552 E m.heytap.market: Unknown bits set in runtime_flags: 0x40000000
08-08 20:09:58.908 28552 28552 I m.heytap.market: Using generational CollectorTypeCMC GC.
08-08 20:09:58.909 28549 28549 D nativeloader: Load libframework-connectivity-tiramisu-jni.so using APEX ns com_android_tethering for caller /apex/com.android.tethering/javalib/framework-connectivity-t.jar: ok
08-08 20:09:58.916 28527 28527 D nativeloader: Configuring clns-shared-7 for other apk /system_ext/app/KeyChain/KeyChain.apk. target_sdk_version=34, uses_libraries=, library_path=/system_ext/app/KeyChain/lib/arm64:/system_ext/app/KeyChain/KeyChain.apk!/lib/arm64-v8a:/system/lib64:/system_ext/lib64, permitted_path=/data:/mnt/expand:/data/user/0/com.android.keychain:/system_ext/app/KeyChain:/system/lib64:/system_ext/lib64
08-08 20:09:58.913  3009  3097 W ActivityManager: Slow operation: 109ms so far, now at startProcess: returned from zygote!
08-08 20:09:58.919  3009  3097 W ActivityManager: Slow operation: 115ms so far, now at startProcess: done updating battery stats
08-08 20:09:58.919  3009  3097 W ActivityManager: Slow operation: 115ms so far, now at startProcess: building log message
08-08 20:09:58.919  3009  3097 I ActivityManager: Start proc 28554:com.heytap.mcs.statistics/1000 for content provider {com.heytap.mcs/com.heytap.mcs.biz.statistics.provider.StatisticsContentProvider}
08-08 20:09:58.919  3009  3097 W ActivityManager: Slow operation: 115ms so far, now at startProcess: starting to update pids map
08-08 20:09:58.921  3009  3097 W ActivityManager: Slow operation: 117ms so far, now at startProcess: done updating pids map
08-08 20:09:58.924 28551 28551 E ssioncontroller: Unknown bits set in runtime_flags: 0x40000000
08-08 20:09:58.925 28551 28551 I ssioncontroller: Using generational CollectorTypeCMC GC.
08-08 20:09:58.925 28549 28549 D OplusActivityThreadExtImpl: java.lang.NoSuchMethodException: dalvik.system.VMRuntime.SupressionGC [int, int]
08-08 20:09:58.927 28549 28549 W libc    : Access denied finding property "persist.vendor.sys.activitylog"
08-08 20:09:58.928 28549 28549 I OneTrace: Mark active for pid=28549? true
08-08 20:09:58.928 28549 28549 D cutils-dev: otrace_set_tracing_enabled? true tag:0
08-08 20:09:58.930 28549 28549 D cutils-dev: properties changed in otrace_seq_number_changed!
08-08 20:09:58.943 28551 28551 D nativeloader: Load libframework-connectivity-tiramisu-jni.so using APEX ns com_android_tethering for caller /apex/com.android.tethering/javalib/framework-connectivity-t.jar: ok
08-08 20:09:58.949  3009  4143 D ActivityTaskManagerServiceExtImpl: preBindApplication record is null
08-08 20:09:58.949  3009  4143 D RGBNormalizeServer: OplusRGBNormalize feature enabled ? false
08-08 20:09:58.950  3009  4143 D ResourcesManagerCache: For package com.heytap.mcs we got cacheList [null] appInfoExt is null ? false hasFeature ? false
08-08 20:09:58.961  3009  3009 V BackupManagerConstants: getFullBackupIntervalMilliseconds(...) returns 86400000
08-08 20:09:58.962  3009  3009 V BackupManagerConstants: getFullBackupRequiredNetworkType(...) returns 2
08-08 20:09:58.962  3009  3009 V BackupManagerConstants: getFullBackupRequireCharging(...) returns true
08-08 20:09:58.964 28554 28554 E .mcs.statistics: Unknown bits set in runtime_flags: 0x40000000
08-08 20:09:58.964 28554 28554 I .mcs.statistics: Using generational CollectorTypeCMC GC.
08-08 20:09:58.973 22892 23001 E AppFeatureProviderUtils: getString: getStringForFeature return null
08-08 20:09:58.974  3009  3009 D CompatChangeReporter: Compat change id reported: 311402873; UID 1000; state: ENABLED
08-08 20:09:58.978 28551 28551 D OplusActivityThreadExtImpl: java.lang.NoSuchMethodException: dalvik.system.VMRuntime.SupressionGC [int, int]
08-08 20:09:58.978 28554 28554 D nativeloader: Load libframework-connectivity-tiramisu-jni.so using APEX ns com_android_tethering for caller /apex/com.android.tethering/javalib/framework-connectivity-t.jar: ok
08-08 20:09:58.978 28551 28551 W libc    : Access denied finding property "persist.vendor.sys.activitylog"
08-08 20:09:58.978 28549 28549 D OplusActivityManager: get AMS extension: android.os.BinderProxy@c7dd74c
08-08 20:09:58.979 28551 28551 I OneTrace: Mark active for pid=28551? true
08-08 20:09:58.979 28549 28565 D OplusAppHeapManager: java.lang.NoSuchMethodException: dalvik.system.VMRuntime.updateProcessValue [int, int, int]
08-08 20:09:58.979 28551 28551 D cutils-dev: otrace_set_tracing_enabled? true tag:0
08-08 20:09:58.980   896   896 E lowmemorykiller: device memory 224685 free 5544 file 222048
08-08 20:09:58.983 28551 28573 D cutils-dev: properties changed in otrace_seq_number_changed!
08-08 20:09:58.985  3009  3009 D CompatChangeReporter: Compat change id reported: 323349338; UID 1000; state: ENABLED
08-08 20:09:58.986 28549 28549 D callGcSupression: java.lang.NullPointerException: Attempt to invoke virtual method 'java.lang.Object java.lang.reflect.Method.invoke(java.lang.Object, java.lang.Object[])' on a null object reference
08-08 20:09:58.987 28554 28554 D OplusActivityThreadExtImpl: java.lang.NoSuchMethodException: dalvik.system.VMRuntime.SupressionGC [int, int]
08-08 20:09:58.987 28554 28554 W libc    : Access denied finding property "persist.vendor.sys.activitylog"
08-08 20:09:58.990 28554 28554 I OneTrace: Mark active for pid=28554? true
08-08 20:09:58.990 28554 28554 D cutils-dev: otrace_set_tracing_enabled? true tag:0
08-08 20:09:58.993 28554 28585 D cutils-dev: properties changed in otrace_seq_number_changed!
08-08 20:09:58.993 28549 28549 D CompactWindowAppManager: initCompactApplicationInfo CompactMode: , NormalMode: 
08-08 20:09:59.003  3009  3009 W LoadedApk: System took : 150ms in onReceive of class com.android.server.backup.UserBackupManagerService$2 for action : android.intent.action.PACKAGE_ADDED
08-08 20:09:59.003  3009  3009 W Looper  : Slow dispatch took 150ms main h=android.app.ActivityThread$H c=android.app.LoadedApk$ReceiverDispatcher$Args$$ExternalSyntheticLambda0@c2f546d m=0
08-08 20:09:59.003  3009  3009 D NotificationService--OplusNotificationManagerServiceExtImpl: notifyDelayRemovedLocked,reason:5 isGroup:false
08-08 20:09:59.003  3009  3009 D NotificationService--OplusNotificationManagerServiceExtImpl: notifyDelayRemovedLocked,reason:5 isGroup:false
08-08 20:09:59.003  3009  3009 D ActivityThread: Package [com.hypernova.phone] reported as REPLACED, but missing application info. Assuming REMOVED.
08-08 20:09:59.003  3009  3009 D ActivityThread: Package [com.hypernova.phone] reported as REPLACED, but missing application info. Assuming REMOVED.
08-08 20:09:59.003  3009  3009 D ActivityThread: Package [com.hypernova.phone] reported as REPLACED, but missing application info. Assuming REMOVED.
08-08 20:09:59.003 28549 28549 D OplusScrollToTopManager: setIsInWhiteList false
08-08 20:09:59.005 28549 28549 D OplusViewDebugManager: OplusViewDebugManager Constructor android.view.debug.OplusViewDebugManager@d151caa [mHasViewDebugProperty true] [mHasMsgDebugProperty false] [DEBUG false] [EXTRAINFOENABLE false] [LIGHT_OS true]
08-08 20:09:59.014 28552 28552 D nativeloader: Load libframework-connectivity-tiramisu-jni.so using APEX ns com_android_tethering for caller /apex/com.android.tethering/javalib/framework-connectivity-t.jar: ok
08-08 20:09:59.020  3009  3249 D ActivityTaskManagerServiceExtImpl: preBindApplication record is null
08-08 20:09:59.022  3009  3134 D OplusDisplayBrightnessBroadcastReceiver: onReceive action = android.intent.action.BATTERY_CHANGED , listeners = [com.android.server.display.OplusFeatureHDREnhanceBrightness$PhoneInfoReceiver@1d811b8, com.android.server.display.OplusFeatureEdrEnhanceBrightness$PhoneInfoReceiver@ab5cb91]
08-08 20:09:59.025  3009  3249 D RGBNormalizeServer: OplusRGBNormalize feature enabled ? false
08-08 20:09:59.025  3009  3249 D ResourcesManagerCache: For package com.heytap.mcs we got cacheList [null] appInfoExt is null ? false hasFeature ? false
08-08 20:09:59.036 28554 28554 D OplusActivityManager: get AMS extension: android.os.BinderProxy@c7dd74c
08-08 20:09:59.036  3009  3009 W AlarmManager: Package com.hypernova.phone, uid 10495 lost permission to set exact alarms!
08-08 20:09:59.036  3009  3009 D NotificationService--OplusNotificationManagerServiceExtImpl: notifyDelayRemovedLocked,reason:5 isGroup:false
08-08 20:09:59.036  3009  3009 D NotificationService--OplusNotificationManagerServiceExtImpl: notifyDelayRemovedLocked,reason:5 isGroup:false
08-08 20:09:59.036  3009  3009 D NotificationService--OplusNotificationManagerServiceExtImpl: notifyDelayRemovedLocked sbnList isEmpty
08-08 20:09:59.036  3009  3009 D NotificationService--OplusNotificationManagerServiceExtImpl: notifyDelayRemovedLocked sbnList isEmpty
08-08 20:09:59.037  3009  3009 D NotificationService--OplusNotificationManagerServiceExtImpl: notifyDelayRemovedLocked sbnList isEmpty
08-08 20:09:59.037  3009  3009 W Looper  : Drained
08-08 20:09:59.037  3009  3009 D NotificationService--OplusNotificationManagerServiceExtImpl: notifyDelayRemovedLocked sbnList isEmpty
08-08 20:09:59.044 28554 28588 D OplusAppHeapManager: java.lang.NoSuchMethodException: dalvik.system.VMRuntime.updateProcessValue [int, int, int]
08-08 20:09:59.046 28527 28527 V GraphicsEnvironment: Currently set values for:
08-08 20:09:59.046 28527 28527 V GraphicsEnvironment:   angle_gl_driver_selection_pkgs=[]
08-08 20:09:59.046 28527 28527 V GraphicsEnvironment:   angle_gl_driver_selection_values=[]
08-08 20:09:59.046 28527 28527 V GraphicsEnvironment: Global.Settings values are invalid: number of packages: 0, number of values: 0
08-08 20:09:59.047 22186 22186 I adbd    : adbd service requested 'shell,v2,TERM=xterm-256color,raw:am force-stop com.hypernova.phone'
08-08 20:09:59.048 28527 28527 V GraphicsEnvironment: Neither updatable production driver nor prerelease driver is supported.
08-08 20:09:59.049  3009  4717 D ActivityTaskManagerServiceExtImpl: preBindApplication record is null
08-08 20:09:59.049  3009  4717 D RGBNormalizeServer: OplusRGBNormalize feature enabled ? false
08-08 20:09:59.049  3009  4717 D ResourcesManagerCache: For package com.google.android.permissioncontroller we got cacheList [null] appInfoExt is null ? false hasFeature ? false
08-08 20:09:59.052 28549 28549 W libc    : Access denied finding property "ro.odm.prev.product.name"
08-08 20:09:59.058 28554 28554 D callGcSupression: java.lang.NullPointerException: Attempt to invoke virtual method 'java.lang.Object java.lang.reflect.Method.invoke(java.lang.Object, java.lang.Object[])' on a null object reference
08-08 20:09:59.061 28549 28549 D ApplicationLoaders: Returning zygote-cached class loader: /system_ext/framework/androidx.window.extensions.jar
08-08 20:09:59.061 28549 28549 D ApplicationLoaders: Returning zygote-cached class loader: /system_ext/framework/androidx.window.sidecar.jar
08-08 20:09:59.061 28549 28549 D ApplicationLoaders: Returning zygote-cached class loader: /system/framework/org.apache.http.legacy.jar
08-08 20:09:59.062 28551 28573 D OplusAppHeapManager: java.lang.NoSuchMethodException: dalvik.system.VMRuntime.updateProcessValue [int, int, int]
08-08 20:09:59.066 28554 28554 D CompactWindowAppManager: initCompactApplicationInfo CompactMode: , NormalMode: 
08-08 20:09:59.075 28554 28554 D OplusScrollToTopManager: setIsInWhiteList false
08-08 20:09:59.076 28554 28554 D OplusViewDebugManager: OplusViewDebugManager Constructor android.view.debug.OplusViewDebugManager@d151caa [mHasViewDebugProperty true] [mHasMsgDebugProperty false] [DEBUG false] [EXTRAINFOENABLE false] [LIGHT_OS true]
08-08 20:09:59.078 28552 28552 D OplusActivityThreadExtImpl: java.lang.NoSuchMethodException: dalvik.system.VMRuntime.SupressionGC [int, int]
08-08 20:09:59.081   896   896 E lowmemorykiller: device memory 221956 free 3024 file 221724
08-08 20:09:59.089  3009  3104 W OplusAppStartupConfigExt_OplusAppStartupCommonSceneStrategy: Blacklist is Empty
08-08 20:09:59.089  3009  3104 D OplusAppStartupConfigExt: SendReceiver prevent pkg com.android.vending result = false
08-08 20:09:59.093 28552 28552 W libc    : Access denied finding property "persist.vendor.sys.activitylog"
08-08 20:09:59.093 28552 28552 I OneTrace: Mark active for pid=28552? true
08-08 20:09:59.094 28552 28552 D cutils-dev: otrace_set_tracing_enabled? true tag:0
08-08 20:09:59.102 28551 28551 D OplusActivityManager: get AMS extension: android.os.BinderProxy@c7dd74c
08-08 20:09:59.106 28554 28554 W libc    : Access denied finding property "ro.odm.prev.product.name"
08-08 20:09:59.109 28551 28551 D callGcSupression: java.lang.NullPointerException: Attempt to invoke virtual method 'java.lang.Object java.lang.reflect.Method.invoke(java.lang.Object, java.lang.Object[])' on a null object reference
08-08 20:09:59.110 28552 28552 D cutils-dev: properties changed in otrace_seq_number_changed!
08-08 20:09:59.115  3009  4143 I ActivityManager: Flag disabled. Ignoring finishAttachApplication from uid: 1000. pid: 28527
08-08 20:09:59.116  3009  5081 D IntervalStats: Unable to parse usage stats packages: [751]
08-08 20:09:59.119 28527 28527 W ServiceManagerCppClient: Failed to get isDeclared for vendor.qti.hardware.perf2.IPerf/default: Status(-1, EX_SECURITY): 'SELinux denied.'
08-08 20:09:59.120  1300  1300 D Zygote  : Forked child process 28601
08-08 20:09:59.123 28554 28554 D ApplicationLoaders: Returning zygote-cached class loader: /system_ext/framework/androidx.window.extensions.jar
08-08 20:09:59.123 28554 28554 D ApplicationLoaders: Returning zygote-cached class loader: /system_ext/framework/androidx.window.sidecar.jar
08-08 20:09:59.123 28554 28554 D ApplicationLoaders: Returning zygote-cached class loader: /system/framework/org.apache.http.legacy.jar
08-08 20:09:59.124 28551 28551 D CompactWindowAppManager: initCompactApplicationInfo CompactMode: , NormalMode: 
08-08 20:09:59.128  3009  3097 I ActivityManager: Start proc 28601:com.android.vending/u0a105 for broadcast {com.android.vending/com.google.android.finsky.packagemonitor.impl.PackageMonitorReceiverImpl$RegisteredReceiver}
08-08 20:09:59.146 28527 28527 D KeyChain: onCreate
08-08 20:09:59.147  3009  4717 W OplusSelfProtectManager: pkg[com.android.keychain] not in policy list
08-08 20:09:59.158 28527 28603 D KeyChain: onHandleIntent
08-08 20:09:59.179  3009  5081 D IntervalStats: Unable to parse usage stats packages: [751]
08-08 20:09:59.181 28551 28551 D OplusScrollToTopManager: setIsInWhiteList false
08-08 20:09:59.182 28551 28551 D OplusViewDebugManager: OplusViewDebugManager Constructor android.view.debug.OplusViewDebugManager@d151caa [mHasViewDebugProperty true] [mHasMsgDebugProperty false] [DEBUG false] [EXTRAINFOENABLE false] [LIGHT_OS true]
08-08 20:09:59.184   896   896 E lowmemorykiller: device memory 215887 free 2797 file 215833
08-08 20:09:59.184  3009  3413 V AccessibilityManagerService: onUserStateChangedLocked for user 0 with forceUpdate: false mEnabledServices = [] mCrashedServices = []
08-08 20:09:59.193 28601 28601 E android.vending: Unknown bits set in runtime_flags: 0x40000000
08-08 20:09:59.194 28601 28601 I android.vending: Using generational CollectorTypeCMC GC.
08-08 20:09:59.207  3009  5081 D IntervalStats: Unable to parse usage stats packages: [751]
08-08 20:09:59.208  3009  3413 W MagnificationConnectionManager: requestConnection duplicated request: connect=false, mConnectionState=DISCONNECTED
08-08 20:09:59.213 28601 28601 D nativeloader: Load libframework-connectivity-tiramisu-jni.so using APEX ns com_android_tethering for caller /apex/com.android.tethering/javalib/framework-connectivity-t.jar: ok
08-08 20:09:59.213   896   896 E lowmemorykiller: device memory 216060 free 4498 file 214313
08-08 20:09:59.217  3009  3712 I Osense-PsiDetector: 847,21,2798,4607,40,151,117,634,1211,419,418,0,4,5777
08-08 20:09:59.218 28549 28549 D nativeloader: Configuring clns-7 for other apk /data/app/~~ZePPVqYeCx3Zzv-H338gow==/com.heytap.mcs-m-TXN5AccAb6Qb4urXoOTg==/base.apk. target_sdk_version=35, uses_libraries=, library_path=/data/app/~~ZePPVqYeCx3Zzv-H338gow==/com.heytap.mcs-m-TXN5AccAb6Qb4urXoOTg==/lib/arm64:/data/app/~~ZePPVqYeCx3Zzv-H338gow==/com.heytap.mcs-m-TXN5AccAb6Qb4urXoOTg==/base.apk!/lib/arm64-v8a, permitted_path=/data:/mnt/expand:/data/user_de/0/com.heytap.mcs
08-08 20:09:59.218 28554 28554 D nativeloader: Configuring clns-7 for other apk /data/app/~~ZePPVqYeCx3Zzv-H338gow==/com.heytap.mcs-m-TXN5AccAb6Qb4urXoOTg==/base.apk. target_sdk_version=35, uses_libraries=, library_path=/data/app/~~ZePPVqYeCx3Zzv-H338gow==/com.heytap.mcs-m-TXN5AccAb6Qb4urXoOTg==/lib/arm64:/data/app/~~ZePPVqYeCx3Zzv-H338gow==/com.heytap.mcs-m-TXN5AccAb6Qb4urXoOTg==/base.apk!/lib/arm64-v8a, permitted_path=/data:/mnt/expand:/data/user_de/0/com.heytap.mcs
08-08 20:09:59.221 28554 28554 D CompatChangeReporter: Compat change id reported: 202956589; UID 1000; state: ENABLED
08-08 20:09:59.222  3979  4446 D CommonApp-741-10120: transport layer data is invalid
08-08 20:09:59.224 28601 28601 D OplusActivityThreadExtImpl: java.lang.NoSuchMethodException: dalvik.system.VMRuntime.SupressionGC [int, int]
08-08 20:09:59.224 28601 28601 W libc    : Access denied finding property "persist.vendor.sys.activitylog"
08-08 20:09:59.224 28601 28601 I OneTrace: Mark active for pid=28601? true
08-08 20:09:59.225 28601 28601 D cutils-dev: otrace_set_tracing_enabled? true tag:0
08-08 20:09:59.226 28601 28601 D cutils-dev: properties changed in otrace_seq_number_changed!
08-08 20:09:59.231  3009  3413 V AccessibilityManagerService: onUserStateChangedLocked for user 0 with forceUpdate: false mEnabledServices = [] mCrashedServices = []
08-08 20:09:59.232  3009  3413 W MagnificationConnectionManager: requestConnection duplicated request: connect=false, mConnectionState=DISCONNECTED
08-08 20:09:59.238 28551 28551 W libc    : Access denied finding property "ro.odm.prev.product.name"
08-08 20:09:59.241  3009  5081 D IntervalStats: Unable to parse usage stats packages: [751, 754, 755]
08-08 20:09:59.243 28551 28551 D ApplicationLoaders: Returning zygote-cached class loader: /system/framework/org.apache.http.legacy.jar
08-08 20:09:59.243 28551 28551 D ApplicationLoaders: Returning zygote-cached class loader: /system_ext/framework/androidx.window.extensions.jar
08-08 20:09:59.243 28551 28551 D ApplicationLoaders: Returning zygote-cached class loader: /system_ext/framework/androidx.window.sidecar.jar
08-08 20:09:59.245 28519 28519 D nativeloader: Configuring clns-7 for other apk /data/app/~~EsNpwGD837guHCj-1cUl5A==/com.coloros.phonemanager-JwI06LGjP5WhRdQCZ1EldQ==/com.coloros.phonemanager_17000001.apk. target_sdk_version=36, uses_libraries=, library_path=/data/app/~~EsNpwGD837guHCj-1cUl5A==/com.coloros.phonemanager-JwI06LGjP5WhRdQCZ1EldQ==/lib/arm64:/data/app/~~EsNpwGD837guHCj-1cUl5A==/com.coloros.phonemanager-JwI06LGjP5WhRdQCZ1EldQ==/com.coloros.phonemanager_17000001.apk!/lib/arm64-v8a, permitted_path=/data:/mnt/expand:/data/user/0/com.coloros.phonemanager
08-08 20:09:59.247 28549 28549 D CompatChangeReporter: Compat change id reported: 202956589; UID 1000; state: ENABLED
08-08 20:09:59.252  3009  4143 D ActivityTaskManagerServiceExtImpl: preBindApplication record is null
08-08 20:09:59.252  3009  4143 D RGBNormalizeServer: OplusRGBNormalize feature enabled ? false
08-08 20:09:59.252  3009  4143 D ResourcesManagerCache: For package com.heytap.market we got cacheList [null] appInfoExt is null ? false hasFeature ? false
08-08 20:09:59.274  3009  3009 I OplusBinderProxy: pb uid: 10334 pid: 26934 desc: android.view.accessibility.IAccessibilityManagerClient/4
08-08 20:09:59.280 28552 28552 D OplusActivityManager: get AMS extension: android.os.BinderProxy@c7dd74c
08-08 20:09:59.282   896   896 E lowmemorykiller: device memory 216266 free 3956 file 215061
08-08 20:09:59.284  3009  4133 D ActivityTaskManagerServiceExtImpl: preBindApplication record is null
08-08 20:09:59.284  3009  4133 D RGBNormalizeServer: OplusRGBNormalize feature enabled ? false
08-08 20:09:59.284  3009  4133 D ResourcesManagerCache: For package com.android.vending we got cacheList [null] appInfoExt is null ? false hasFeature ? false
08-08 20:09:59.286 28552 28600 D OplusAppHeapManager: java.lang.NoSuchMethodException: dalvik.system.VMRuntime.updateProcessValue [int, int, int]
08-08 20:09:59.286 22892 22904 W com.oplus.cosa: Suspending all threads took: 14.679ms
08-08 20:09:59.288 28519 28519 I Quality : ActivityThread: createClassLoader delay 475 /data/app/~~EsNpwGD837guHCj-1cUl5A==/com.coloros.phonemanager-JwI06LGjP5WhRdQCZ1EldQ==/com.coloros.phonemanager_17000001.apk 28519
08-08 20:09:59.288 28554 28554 I Quality : GetResourcesInfo:63869427,/data/app/~~ZePPVqYeCx3Zzv-H338gow==/com.heytap.mcs-m-TXN5AccAb6Qb4urXoOTg==/base.apk
08-08 20:09:59.290  3009  3104 W OplusAppStartupConfigExt_OplusAppStartupCommonSceneStrategy: Blacklist is Empty
08-08 20:09:59.290  3009  3104 D OplusAppStartupConfigExt: SendReceiver prevent pkg com.android.vending result = false
08-08 20:09:59.293 28552 28552 D callGcSupression: java.lang.NullPointerException: Attempt to invoke virtual method 'java.lang.Object java.lang.reflect.Method.invoke(java.lang.Object, java.lang.Object[])' on a null object reference
08-08 20:09:59.294 28601 28601 D OplusActivityManager: get AMS extension: android.os.BinderProxy@c7dd74c
08-08 20:09:59.295 28601 28615 D OplusAppHeapManager: java.lang.NoSuchMethodException: dalvik.system.VMRuntime.updateProcessValue [int, int, int]
08-08 20:09:59.297  3009  5081 D IntervalStats: Unable to parse usage stats packages: [751]
08-08 20:09:59.297 28552 28552 D CompactWindowAppManager: initCompactApplicationInfo CompactMode: , NormalMode: 
08-08 20:09:59.298  3009  4717 D CompatChangeReporter: Compat change id reported: 311208629; UID 1000; state: ENABLED
08-08 20:09:59.306 28601 28601 D callGcSupression: java.lang.NullPointerException: Attempt to invoke virtual method 'java.lang.Object java.lang.reflect.Method.invoke(java.lang.Object, java.lang.Object[])' on a null object reference
08-08 20:09:59.309 28552 28552 D OplusScrollToTopManager: setIsInWhiteList false
08-08 20:09:59.309 28552 28552 D OplusViewDebugManager: OplusViewDebugManager Constructor android.view.debug.OplusViewDebugManager@d151caa [mHasViewDebugProperty true] [mHasMsgDebugProperty false] [DEBUG false] [EXTRAINFOENABLE false] [LIGHT_OS true]
08-08 20:09:59.310  3009  5081 D IntervalStats: Unable to parse usage stats packages: [751, 753]
08-08 20:09:59.311 28527 28527 D KeyChain: onDestroy
08-08 20:09:59.315 28601 28601 D CompactWindowAppManager: initCompactApplicationInfo CompactMode: , NormalMode: 
08-08 20:09:59.317  1300  1300 D Zygote  : Forked child process 28623
08-08 20:09:59.317   896   896 E lowmemorykiller: device memory 214735 free 2997 file 214489
08-08 20:09:59.322 28549 28549 V GraphicsEnvironment: Currently set values for:
08-08 20:09:59.322 28549 28549 V GraphicsEnvironment:   angle_gl_driver_selection_pkgs=[]
08-08 20:09:59.322  3009  3712 I Osense-PsiDetector: 838,12,2803,4607,40,151,117,645,1211,418,418,0,4,5788
08-08 20:09:59.322 28549 28549 V GraphicsEnvironment:   angle_gl_driver_selection_values=[]
08-08 20:09:59.322 28549 28549 V GraphicsEnvironment: Global.Settings values are invalid: number of packages: 0, number of values: 0
08-08 20:09:59.323  3009  3705 I Osense-BaseDecisionMaker: notifySceneToAthenaPolicy: SCENE_RES_MEM_PSI_NORMAL, bundle: Bundle[{memLevel=4}]
08-08 20:09:59.327  3009  3705 I Osense-BaseDecisionMaker: scene: SCENE_RES_MEM_PSI_NORMAL, excutingPolicy: clear
08-08 20:09:59.327  3009  3705 D Osense-BaseDecisionMaker: invoke clear policy,type: cached
08-08 20:09:59.330  3009  3710 I OsenseKillAction: KillAction: [atomic clean] start name=lowmem, requestId=122314, startAvail=839, startFreeMB=12, purposeAvailMB=1200, purposeFreeMB=-1, anonRssTarget=361, minBgCount=0, swapTarget=0, scene=SCENE_RES_MEM_PSI_NORMAL, type=cached, qb=false, cchOnly=true, urgency=false, hoggingCpuPids={}, invalid-cnt=2
08-08 20:09:59.330 28552 28552 W libc    : Access denied finding property "ro.odm.prev.product.name"
08-08 20:09:59.331  3009  3029 I ActivityManager: Force stopping com.hypernova.phone appid=10495 user=0: from pid 28605
08-08 20:09:59.331  3009  3705 I Osense-BaseDecisionMaker: notifySceneToAthenaPolicy: SCENE_RES_MEM_PSI_LEAK, bundle: Bundle[{memLevel=4}]
08-08 20:09:59.333 28549 28549 V GraphicsEnvironment: Neither updatable production driver nor prerelease driver is supported.
08-08 20:09:59.333 28552 28552 D ApplicationLoaders: Returning zygote-cached class loader: /system/framework/org.apache.http.legacy.jar
08-08 20:09:59.334 28552 28552 D ApplicationLoaders: Returning zygote-cached class loader: /system_ext/framework/androidx.window.extensions.jar
08-08 20:09:59.334 28552 28552 D ApplicationLoaders: Returning zygote-cached class loader: /system_ext/framework/androidx.window.sidecar.jar
08-08 20:09:59.338 28601 28601 D OplusScrollToTopManager: setIsInWhiteList false
08-08 20:09:59.339 28601 28601 D OplusViewDebugManager: OplusViewDebugManager Constructor android.view.debug.OplusViewDebugManager@d151caa [mHasViewDebugProperty true] [mHasMsgDebugProperty false] [DEBUG false] [EXTRAINFOENABLE false] [LIGHT_OS true]
08-08 20:09:59.345  3009  3029 I ActivityManager: Killing 27293:com.instagram.android/u0a488 (adj 965): empty #7
08-08 20:09:59.353  3009  3029 I ActivityManager: Killing 24493:com.coloros.alarmclock:clockWidget/u0a164 (adj 975): empty #8
08-08 20:09:59.359 28623 28623 E ding:background: Unknown bits set in runtime_flags: 0x40000000
08-08 20:09:59.359 28623 28623 I ding:background: Using generational CollectorTypeCMC GC.
08-08 20:09:59.371  3009  5081 D UsageStatsService: User[0] type=0 b=1754759399028 e=1786208999028 cb=1786144208855 ce=1786208998975 disk=1255 all=1412
08-08 20:09:59.377 28549 28549 I LoadedApk: No resource references to update in package com.heytap.mcs.kit_sys_integrity
08-08 20:09:59.378 28623 28623 D nativeloader: Load libframework-connectivity-tiramisu-jni.so using APEX ns com_android_tethering for caller /apex/com.android.tethering/javalib/framework-connectivity-t.jar: ok
08-08 20:09:59.385 28623 28623 D OplusActivityThreadExtImpl: java.lang.NoSuchMethodException: dalvik.system.VMRuntime.SupressionGC [int, int]
08-08 20:09:59.385 28549 28549 I LoadedApk: No resource references to update in package com.heytap.mcs.kit_quickapp
08-08 20:09:59.385 28623 28623 W libc    : Access denied finding property "persist.vendor.sys.activitylog"
08-08 20:09:59.386 28623 28623 I OneTrace: Mark active for pid=28623? true
08-08 20:09:59.386 28623 28623 D cutils-dev: otrace_set_tracing_enabled? true tag:0
08-08 20:09:59.387 28549 28549 I LoadedApk: No resource references to update in package com.heytap.mcs.kit_region
08-08 20:09:59.387 28623 28633 D cutils-dev: properties changed in otrace_seq_number_changed!
08-08 20:09:59.387  3009  3029 I AppsFilter: interaction: PackageSetting{a082159 com.android.microdroid.empty_payload/10271} -> PackageSetting{9cf923f com.hypernova.phone/10495} BLOCKED
08-08 20:09:59.387  3009  3029 I AppsFilter: interaction: PackageSetting{1934dff com.caf.fmradio/10099} -> PackageSetting{9cf923f com.hypernova.phone/10495} BLOCKED
08-08 20:09:59.387  3009  3029 I AppsFilter: interaction: PackageSetting{fb617cc com.hypernova.media.phone.debug/10487} -> PackageSetting{9cf923f com.hypernova.phone/10495} BLOCKED
08-08 20:09:59.388  3009  3029 I AppsFilter: interaction: PackageSetting{f907a15 com.example.lab3/10449} -> PackageSetting{9cf923f com.hypernova.phone/10495} BLOCKED
08-08 20:09:59.388  3009  3029 I AppsFilter: interaction: PackageSetting{6f4912a com.example.lab2/10448} -> PackageSetting{9cf923f com.hypernova.phone/10495} BLOCKED
08-08 20:09:59.388  3009  3029 I AppsFilter: interaction: PackageSetting{ad8cb1b com.example.lab1/10447} -> PackageSetting{9cf923f com.hypernova.phone/10495} BLOCKED
08-08 20:09:59.388  3009  3029 I AppsFilter: interaction: PackageSetting{e12e4b8 com.example.calculator/10442} -> PackageSetting{9cf923f com.hypernova.phone/10495} BLOCKED
08-08 20:09:59.388  3009  3029 I AppsFilter: interaction: PackageSetting{e0ba291 com.example.test1/10436} -> PackageSetting{9cf923f com.hypernova.phone/10495} BLOCKED
08-08 20:09:59.388  3009  3029 I AppsFilter: interaction: PackageSetting{3a295f6 com.oplus.locationproxy/10168} -> PackageSetting{9cf923f com.hypernova.phone/10495} BLOCKED
08-08 20:09:59.388  3009  3029 I AppsFilter: interaction: PackageSetting{82efdf7 com.android.certinstaller/10211} -> PackageSetting{9cf923f com.hypernova.phone/10495} BLOCKED
08-08 20:09:59.388  3009  3029 I AppsFilter: interaction: PackageSetting{16d9464 com.oplus.location/10225} -> PackageSetting{9cf923f com.hypernova.phone/10495} BLOCKED
08-08 20:09:59.388  3009  3029 I AppsFilter: interaction: PackageSetting{836d6cd com.example.salarysystem/10443} -> PackageSetting{9cf923f com.hypernova.phone/10495} BLOCKED
08-08 20:09:59.390 28549 28549 I LoadedApk: No resource references to update in package com.heytap.mcs.kit_mcs
08-08 20:09:59.391  3009  3710 I OsenseKillAction: KillAction: group process done, total=2ms, firstLoop=1ms, updateProcessInfo=1ms, idleList=0ms, curBg=2
08-08 20:09:59.391  3009  3710 W OplusAppStartupConfigExt_OplusAppStartupCommonSceneStrategy: Blacklist is Empty
08-08 20:09:59.391  3009  3710 D OplusAppStartupConfigExt: RestartService prevent pkg com.facebook.orca result = false
08-08 20:09:59.392  3009  3710 I OsenseKillAction: scanCchEmptyProc: +++++++ start double check +++++++
08-08 20:09:59.392  3009  3710 I OsenseKillAction: scanCchEmptyProc: cch check done: killablePss=0kb, killableAnonRss=27mb, time=1ms, candidate cnt: 1
08-08 20:09:59.392  3009  3710 I OsenseKillAction: scanNonUiProc: ----------start check non ui proc-----------
08-08 20:09:59.392  3009  3710 I OsenseKillAction: scanNonUiProc: done check non ui proc: killablePss=0kb, killableAnonRss=0mb, time=0ms, collected proc num: 0
08-08 20:09:59.392  3009  3710 I OsenseKillAction: scanOomAdj: skip scan oom adj for lowmem
08-08 20:09:59.392  3009  3710 I OsenseKillAction: scanAllProc: skip scan all proc for lowmem
08-08 20:09:59.395  3009  3710 I OsenseKillAction: KillAction: Kill ProcessInfo{28527:com.android.keychain/1000 oom:CEM/62/905/cch-empty mem:0/27/36 extra:0s/true/false/0/0/false}: CachedClean 3ms
08-08 20:09:59.395  3009  3710 I OsenseKillAction: KillAction: done execute kill, pi2app=0ms, monitor=0ms, kill=3ms, total=3ms, kill cnt=1, local cnt=1
08-08 20:09:59.395  3009  3710 I OsenseKillAction: KillAction: [atomic clean] end requestId=122314, endAvail=876mb, reclaimed: [pss=0mb, anonRss=27mb, swap=36mb, mem=27mb, Rss=110mb], timing: [total=66ms, update=1ms, readMem=3ms, group=2ms, cch=1ms, nonUi=0ms, oomadj=0ms, allProc=0ms, monitor=55ms, kill=3ms], sysinfo: [bgcount=2]
08-08 20:09:59.395  3009  3710 I OsenseKillAction: KillAction: 334mb more anonRss to reclaim, 0mb more swapMb to reclaim, <skip> mem guard, cur avail=876mb, bundle: Bundle[{appcareThreshold=0, triggerMemory=1000, qbmode=false, memLevel=4, type=cached, level=1, scene=SCENE_RES_MEM_PSI_NORMAL, requestId=122314, purposeMemory=1200}]
08-08 20:09:59.396 28601 28601 W libc    : Access denied finding property "ro.odm.prev.product.name"
08-08 20:09:59.397  3009  3097 W ActivityManager: Slow operation: 106ms so far, now at startProcess: done updating battery stats
08-08 20:09:59.397  3009  3097 W ActivityManager: Slow operation: 107ms so far, now at startProcess: building log message
08-08 20:09:59.397  3009  3097 I ActivityManager: Start proc 28623:com.android.vending:background/u0a105 for broadcast {com.android.vending/com.google.android.finsky.packagemonitor.backgroundimpl.BackgroundPackageMonitorReceiverImpl$RegisteredReceiver}
08-08 20:09:59.397  3009  3097 W ActivityManager: Slow operation: 107ms so far, now at startProcess: starting to update pids map
08-08 20:09:59.398  3009  3097 W ActivityManager: Slow operation: 107ms so far, now at startProcess: done updating pids map
08-08 20:09:59.406 28601 28601 D ApplicationLoaders: Returning zygote-cached class loader: /system/framework/org.apache.http.legacy.jar
08-08 20:09:59.406 28601 28601 D ApplicationLoaders: Returning zygote-cached class loader: /system_ext/framework/androidx.window.extensions.jar
08-08 20:09:59.406 28601 28601 D ApplicationLoaders: Returning zygote-cached class loader: /system_ext/framework/androidx.window.sidecar.jar
08-08 20:09:59.406 25458 25463 W gle.android.gms: Suspending all threads took: 5.818ms
08-08 20:09:59.408 28554 28554 V GraphicsEnvironment: Currently set values for:
08-08 20:09:59.408 28554 28554 V GraphicsEnvironment:   angle_gl_driver_selection_pkgs=[]
08-08 20:09:59.408 28554 28554 V GraphicsEnvironment:   angle_gl_driver_selection_values=[]
08-08 20:09:59.408 28554 28554 V GraphicsEnvironment: Global.Settings values are invalid: number of packages: 0, number of values: 0
08-08 20:09:59.409 28554 28554 V GraphicsEnvironment: Neither updatable production driver nor prerelease driver is supported.
08-08 20:09:59.417  1300  1300 I Zygote  : Process 28527 exited due to signal 9 (Killed)
08-08 20:09:59.417 28554 28554 I LoadedApk: No resource references to update in package com.heytap.mcs.kit_sys_integrity
08-08 20:09:59.418 28554 28554 I LoadedApk: No resource references to update in package com.heytap.mcs.kit_quickapp
08-08 20:09:59.419 28554 28554 I LoadedApk: No resource references to update in package com.heytap.mcs.kit_region
08-08 20:09:59.420  3009  4719 I ActivityManager: Death received, pid = 28527, processName = com.android.keychain for thread android.os.BinderProxy@635135b
08-08 20:09:59.421   896   896 E lowmemorykiller: device memory 235975 free 3331 file 235493
08-08 20:09:59.423  3009  4143 D ActivityTaskManagerServiceExtImpl: preBindApplication record is null
08-08 20:09:59.423  3009  4143 D RGBNormalizeServer: OplusRGBNormalize feature enabled ? false
08-08 20:09:59.423  3009  4143 D ResourcesManagerCache: For package com.android.vending we got cacheList [null] appInfoExt is null ? false hasFeature ? false
08-08 20:09:59.423 28554 28554 I LoadedApk: No resource references to update in package com.heytap.mcs.kit_mcs
08-08 20:09:59.428 22186 22186 I adbd    : adbd service requested 'shell,v2,TERM=xterm-256color,raw:am start -W -a com.hypernova.phone.action.OPEN -p com.hypernova.phone'
08-08 20:09:59.436 28551 28551 D nativeloader: Configuring clns-shared-7 for other apk /apex/com.android.permission/priv-app/GooglePermissionController@371017160/GooglePermissionController.apk. target_sdk_version=37, uses_libraries=, library_path=/apex/com.android.permission/priv-app/GooglePermissionController@371017160/lib/arm64:/system/lib64:/system_ext/lib64, permitted_path=/data:/mnt/expand:/data/user_de/0/com.google.android.permissioncontroller:/apex/com.android.permission/priv-app/GooglePermissionController@371017160:/system/lib64:/system_ext/lib64
08-08 20:09:59.437  3009  3781 I ActivityManager: Process com.android.keychain (pid 28527) has died: cch+5 CEM 
08-08 20:09:59.438  3009  3781 W OplusAppStartupConfigExt_OplusAppStartupCommonSceneStrategy: Blacklist is Empty
08-08 20:09:59.438  3009  3781 D OplusAppStartupConfigExt: RestartService prevent pkg com.android.keychain result = false
08-08 20:09:59.441  3979  4433 I ProcessManager: onProcessDied pid:28527, uid:1000
08-08 20:09:59.441  3979  4433 D RunningProcessManager: genEmptyProcessInfo from pid = 28527
08-08 20:09:59.442  3979  4433 D AppSceneEventManager: handleMessage: 101
08-08 20:09:59.443  3979  4433 I DispatcherPolicy: onBaseEvent EventId=22	INPUT_PROCESS_DIED	TimeStamp =1786208999441	Intent =null	Content =null	Pid =28527	PkgName =null
08-08 20:09:59.443  3979  4433 I GamingScene: onInputEvent : INPUT_PROCESS_DIED
08-08 20:09:59.453 28551 28551 D nativeloader: InitApexLibraries:
08-08 20:09:59.453 28551 28551 D nativeloader:   com_android_adservices: libhpke_jni.so:libtflite_support_classifiers_native.so
08-08 20:09:59.453 28551 28551 D nativeloader:   com_android_appsearch: libappsearchservice.so:libicing_anywhere.so
08-08 20:09:59.453 28551 28551 D nativeloader:   com_android_art: libartservice.so
08-08 20:09:59.453 28551 28551 D nativeloader:   com_android_conscrypt: libjavacrypto.so
08-08 20:09:59.453 28551 28551 D nativeloader:   com_android_mediaprovider: libpdfclient.so
08-08 20:09:59.453 28551 28551 D nativeloader:   com_android_ondevicepersonalization: libfcp_cpp_dep_jni.so:libfcp_hpke_jni.so
08-08 20:09:59.453 28551 28551 D nativeloader:   com_android_os_statsd: libstats_jni.so
08-08 20:09:59.453 28551 28551 D nativeloader:   com_android_tethering: libandroid_net_connectivity_com_android_net_module_util_jni.so:libandroid_net_connectivity_com_android_net_module_util_jni_CommonConnectivityJni.so:libcrypto_httpengine.so:libframework-connectivity-jni.so:libframework-connectivity-tiramisu-jni.so:libhttpengine.so:libservice-connectivity.so:libservice-thread-jni.so
08-08 20:09:59.453 28551 28551 D nativeloader:   com_android_uwb: libuwb_uci_jni_rust.so
08-08 20:09:59.453 28551 28551 D nativeloader:   com_android_virt: libvirtualizationservice_jni.so:libvirtualmachine_jni.so
08-08 20:09:59.453 28551 28551 D nativeloader:   com_android_wifi: libservice-wifi-jni.so
08-08 20:09:59.482 28623 28634 D OplusAppHeapManager: java.lang.NoSuchMethodException: dalvik.system.VMRuntime.updateProcessValue [int, int, int]
08-08 20:09:59.499  3009  3029 I ActivityManager: Death received, pid = 24493, processName = com.coloros.alarmclock:clockWidget for thread android.os.BinderProxy@6868441
08-08 20:09:59.500  1300  1300 I Zygote  : Process 24493 exited due to signal 9 (Killed)
08-08 20:09:59.502  3009  3779 W OplusAppStartupConfigExt_OplusAppStartupCommonSceneStrategy: Blacklist is Empty
08-08 20:09:59.502  3009  3779 D OplusAppStartupConfigExt: RestartService prevent pkg com.coloros.alarmclock result = false
08-08 20:09:59.509  5345  5374 D OplusAtlas.OplusAtlasEventDispatch: setEvent:atlas_event_on_process_died info:pid:24493,uid:10164
08-08 20:09:59.510  3979  4433 I ProcessManager: onProcessDied pid:24493, uid:10164
08-08 20:09:59.510  3979  4433 D AppSceneEventManager: handleMessage: 101
08-08 20:09:59.511  3979  4433 I DispatcherPolicy: onBaseEvent EventId=22	INPUT_PROCESS_DIED	TimeStamp =1786208999510	Intent =null	Content =null	Pid =24493	PkgName =com.coloros.alarmclock
08-08 20:09:59.514  3979  4433 I GamingScene: onInputEvent : INPUT_PROCESS_DIED
08-08 20:09:59.523   896   896 E lowmemorykiller: device memory 240788 free 3352 file 240101
08-08 20:09:59.526  5345  8987 D OplusAtlas.OplusMessageHandler: handleMessage: Msg { when=0 what=1 obj=com.oplus.atlas.OplusAtlasEvent@3948a6e target=com.oplus.atlas.OplusMessageHandler$MyHandler }
08-08 20:09:59.527  3009  3712 I Osense-PsiDetector: 940,14,2854,4607,39,151,117,659,1206,426,511,0,4,5630
08-08 20:09:59.528  5345  8816 D OplusAtlas.OplusMessageHandler: handleMessage: Msg { when=-2ms what=1 obj=com.oplus.atlas.OplusAtlasEvent@3948a6e target=com.oplus.atlas.OplusMessageHandler$MyHandler }
08-08 20:09:59.529  3009  3072 D DisplayManagerService: Drop pending events for gone uid 10164
08-08 20:09:59.544  3009  3705 I Osense-BaseDecisionMaker: notifySceneToAthenaPolicy: SCENE_RES_MEM_PSI_NORMAL, bundle: Bundle[{memLevel=3}]
08-08 20:09:59.545  1479  5654 D charge_time: type=cdp/dcp,reserve_soc=1,soc=60,ui_soc=61,current=657,avg=1166,not_chg_cnt=0,stable_cnt=7,fcc=4423,fcc_ratio=92,delta=113,debug=0,region=12,ttf=5392(01:29:52),ui_ttf=5150(01:25:50)
08-08 20:09:59.547 28549 28549 I MultiDex: VM with version 2.1.0 has multidex support
08-08 20:09:59.548 28549 28549 I MultiDex: Installing application
08-08 20:09:59.548 28549 28549 I MultiDex: VM has multidex support, MultiDex support library is disabled.
08-08 20:09:59.549 28554 28554 I MultiDex: VM with version 2.1.0 has multidex support
08-08 20:09:59.549 28554 28554 I MultiDex: Installing application
08-08 20:09:59.549 28554 28554 I MultiDex: VM has multidex support, MultiDex support library is disabled.
08-08 20:09:59.557  3009  3705 I Osense-BaseDecisionMaker: scene: SCENE_RES_MEM_PSI_NORMAL, excutingPolicy: clear
08-08 20:09:59.558  3009  3705 D Osense-BaseDecisionMaker: invoke clear policy,type: cached
08-08 20:09:59.560  3009  3710 I OsenseKillAction: KillAction: [atomic clean] start name=lowmem, requestId=122315, startAvail=946, startFreeMB=23, purposeAvailMB=1200, purposeFreeMB=-1, anonRssTarget=254, minBgCount=0, swapTarget=0, scene=SCENE_RES_MEM_PSI_NORMAL, type=cached, qb=false, cchOnly=true, urgency=false, hoggingCpuPids={}, invalid-cnt=0
08-08 20:09:59.560  3009  3710 I OsenseKillAction: KillAction: last: 876mb, 542795214, 1200mb, now: 946mb, 542795379, 1200mb
08-08 20:09:59.560  3009  3710 I OsenseKillAction: KillAction: [atomic clean] end: skip for reclaim-continuously
08-08 20:09:59.560  3009  3710 I OsenseKillAction: KillAction: 254mb more anonRss to reclaim, 0mb more swapMb to reclaim, <skip> mem guard, cur avail=0mb, bundle: Bundle[{appcareThreshold=0, triggerMemory=1000, qbmode=false, memLevel=3, type=cached, level=1, scene=SCENE_RES_MEM_PSI_NORMAL, requestId=122315, purposeMemory=1200}]
08-08 20:09:59.585 28552 28552 D nativeloader: Configuring clns-7 for other apk /data/app/~~bGstoSPe0wjtOo2nUODH2A==/com.heytap.market-0G8Nw-NdAdcLoptQOPb9yQ==/base.apk. target_sdk_version=36, uses_libraries=, library_path=/data/app/~~bGstoSPe0wjtOo2nUODH2A==/com.heytap.market-0G8Nw-NdAdcLoptQOPb9yQ==/lib/arm64:/data/app/~~bGstoSPe0wjtOo2nUODH2A==/com.heytap.market-0G8Nw-NdAdcLoptQOPb9yQ==/base.apk!/lib/arm64-v8a, permitted_path=/data:/mnt/expand:/data/user/0/com.heytap.market
08-08 20:09:59.585  3009  4015 I NativeFreezeManager: Get dex2oat pid more than 3 times
08-08 20:09:59.586 28623 28623 D OplusActivityManager: get AMS extension: android.os.BinderProxy@c7dd74c
08-08 20:09:59.596 28519 28519 I Quality : ActivityThread: createOrUpdateClassLoaderLocked delay 793 com.coloros.phonemanager 28519
08-08 20:09:59.597 28554 28554 I MSP-LOG-APP-: create msplog:logcat
08-08 20:09:59.602 28623 28623 D callGcSupression: java.lang.NullPointerException: Attempt to invoke virtual method 'java.lang.Object java.lang.reflect.Method.invoke(java.lang.Object, java.lang.Object[])' on a null object reference
08-08 20:09:59.607 28623 28623 D CompactWindowAppManager: initCompactApplicationInfo CompactMode: , NormalMode: 
08-08 20:09:59.613  3009  3538 I [UAH_CLIENT]: UahEventAcquire, cmdid:2, pkg:none, identity:com.android.server.wm
08-08 20:09:59.615 28549 28549 I MSP-LOG-APP-: create msplog:logcat
08-08 20:09:59.617  3009  4719 W ActivityTaskManager: callingPackage for (uid=2000, pid=28639) has no WPC
08-08 20:09:59.622 28623 28623 D OplusScrollToTopManager: setIsInWhiteList false
08-08 20:09:59.623 28623 28623 D OplusViewDebugManager: OplusViewDebugManager Constructor android.view.debug.OplusViewDebugManager@d151caa [mHasViewDebugProperty true] [mHasMsgDebugProperty false] [DEBUG false] [EXTRAINFOENABLE false] [LIGHT_OS true]
08-08 20:09:59.624   896   896 E lowmemorykiller: device memory 245915 free 5590 file 242066
08-08 20:09:59.642  3009  5081 W BpBinder: Large outgoing transaction of 336436 bytes, interface descriptor , code 1
08-08 20:09:59.661  3009  4719 D WindowManager: NFW_setClientVisible:ActivityRecord{8a40b40 u0 com.hypernova.phone/.MainActivity clientVisible:true
08-08 20:09:59.662  3009  4719 V GrammaticalInflectionUtils: AttributionSource: android.content.AttributionSource@f9d06c9d does not have READ_SYSTEM_GRAMMATICAL_GENDER permission.
08-08 20:09:59.664 28601 28601 W android.vending: Failed to find entry 'classes.dex': Entry not found
08-08 20:09:59.665  1479  1567 D BatteryChargeControl: bcc get no support from charging protocol
08-08 20:09:59.678 28623 28623 W libc    : Access denied finding property "ro.odm.prev.product.name"
08-08 20:09:59.681  3009  4719 D FlexibleTaskController: isSupportFlexibleWindow target = com.hypernova.phone/.MainActivity callPkg = FlexibleTaskController support = true ,caller = 3009
08-08 20:09:59.684  3009  4719 D ActivityStarterExtImpl: do not intercept for realCallingAppIsSystemApp or CallingAppIsSystemApp
08-08 20:09:59.689 28623 28623 D ApplicationLoaders: Returning zygote-cached class loader: /system/framework/org.apache.http.legacy.jar
08-08 20:09:59.689 28623 28623 D ApplicationLoaders: Returning zygote-cached class loader: /system_ext/framework/androidx.window.extensions.jar
08-08 20:09:59.689 28623 28623 D ApplicationLoaders: Returning zygote-cached class loader: /system_ext/framework/androidx.window.sidecar.jar
08-08 20:09:59.691 28601 28601 W android.vending: Failed to find entry 'classes.dex': Entry not found
08-08 20:09:59.697  3009  4719 D FlexibleWindowManagerService: isIgnoreAppearedAcrossTask:false
08-08 20:09:59.701  3009  4719 D FlexibleWindowManagerService: isIgnoreAppearedAcrossTask:false
08-08 20:09:59.701  3009  4719 D FlexibleTaskController: findSourceTaskForFreeForm: sourceRecord = null ,realCallingPid:28639 ,launchFromZoomMode:false ,prevTopTask:Task{77f1654 #8092 type=standard A=10120:com.android.mms}
08-08 20:09:59.701  3009  4719 D FlexibleTaskController: findSourceTaskForFreeForm: the caller is not a flexible freeform window application and does not have a zoom windowMode startup parameter
08-08 20:09:59.701  3009  4719 D FlexibleTaskController: adjustOptionsForFlexibleTask not allow options follow process task's options, reason:9 ,reusedOptions:null
08-08 20:09:59.702  3009  4719 D FlexibleTaskController: isSupportFlexibleWindow target = com.hypernova.phone/.MainActivity callPkg = FlexibleTaskController support = true ,caller = 3009
08-08 20:09:59.702  3009  4719 D FlexibleWindowManagerService: no reused task found for ActivityRecord{8a40b40 u0 com.hypernova.phone/.MainActivity t-1}
08-08 20:09:59.713 28623 28623 W ding:background: Failed to find entry 'classes.dex': Entry not found
08-08 20:09:59.716 28623 28623 W ding:background: Failed to find entry 'classes.dex': Entry not found
08-08 20:09:59.724   896   896 E lowmemorykiller: device memory 246627 free 3394 file 244866
08-08 20:09:59.725  3009  3450 D ConnectivityService: releasing NetworkRequest [ REQUEST id=105087, [ Capabilities: INTERNET&NOT_RESTRICTED&TRUSTED&NOT_VCN_MANAGED&NOT_BANDWIDTH_CONSTRAINED Uid: 10488 RequestorUid: 10488 RequestorPkg: com.instagram.android UnderlyingNetworks: Null] ] (release request)
08-08 20:09:59.730  3009  4131 I ActivityManager: Death received, pid = 27293, processName = com.instagram.android for thread android.os.BinderProxy@bbb61b1
08-08 20:09:59.730  3009  3450 D ConnectivityService: releasing NetworkRequest [ REQUEST id=105082, [ Capabilities: INTERNET&NOT_RESTRICTED&TRUSTED&NOT_VCN_MANAGED&NOT_BANDWIDTH_CONSTRAINED Uid: 10488 RequestorUid: 10488 RequestorPkg: com.instagram.android UnderlyingNetworks: Null] ] (release request)
08-08 20:09:59.732  3009  3450 D ConnectivityService: releasing NetworkRequest [ REQUEST id=105080, [ Capabilities: INTERNET&NOT_RESTRICTED&TRUSTED&NOT_VCN_MANAGED&NOT_BANDWIDTH_CONSTRAINED Uid: 10488 RequestorUid: 10488 RequestorPkg: com.instagram.android UnderlyingNetworks: Null] ] (release request)
08-08 20:09:59.733  3009  3450 D ConnectivityService: releasing NetworkRequest [ REQUEST id=105089, [ Capabilities: INTERNET&NOT_RESTRICTED&TRUSTED&NOT_VCN_MANAGED&NOT_BANDWIDTH_CONSTRAINED Uid: 10488 RequestorUid: 10488 RequestorPkg: com.instagram.android UnderlyingNetworks: Null] ] (release request)
08-08 20:09:59.734  3009  3450 D ConnectivityService: releasing NetworkRequest [ REQUEST id=105094, [ Capabilities: INTERNET&NOT_RESTRICTED&TRUSTED&NOT_VCN_MANAGED&NOT_BANDWIDTH_CONSTRAINED Uid: 10488 RequestorUid: 10488 RequestorPkg: com.instagram.android UnderlyingNetworks: Null] ] (release request)
08-08 20:09:59.735  3009  3450 D ConnectivityService: releasing NetworkRequest [ REQUEST id=105092, [ Capabilities: INTERNET&NOT_RESTRICTED&TRUSTED&NOT_VCN_MANAGED&NOT_BANDWIDTH_CONSTRAINED Uid: 10488 RequestorUid: 10488 RequestorPkg: com.instagram.android UnderlyingNetworks: Null] ] (release request)
08-08 20:09:59.736  3009  3450 D ConnectivityService: releasing NetworkRequest [ REQUEST id=105085, [ Capabilities: INTERNET&NOT_RESTRICTED&TRUSTED&NOT_VCN_MANAGED&NOT_BANDWIDTH_CONSTRAINED Uid: 10488 RequestorUid: 10488 RequestorPkg: com.instagram.android UnderlyingNetworks: Null] ] (release request)
08-08 20:09:59.740  3009  3098 I libprocessgroup: Removed cgroup /sys/fs/cgroup/uid_10488/pid_27293
08-08 20:09:59.741  1300  1300 I Zygote  : Process 27293 exited due to signal 9 (Killed)
08-08 20:09:59.741  3009  3098 I libprocessgroup: Removed cgroup /sys/fs/cgroup/uid_10164/pid_24493
08-08 20:09:59.742  3009  3098 I libprocessgroup: Removed cgroup /sys/fs/cgroup/uid_1000/pid_28527
08-08 20:09:59.748 28623 28623 W ding:background: Failed to find entry 'classes.dex': Entry not found
08-08 20:09:59.750 28601 28601 W android.vending: Failed to find entry 'classes.dex': Entry not found
08-08 20:09:59.762 28552 28552 I Quality : GetResourcesInfo:161588021,/data/app/~~bGstoSPe0wjtOo2nUODH2A==/com.heytap.market-0G8Nw-NdAdcLoptQOPb9yQ==/base.apk
08-08 20:09:59.767 28623 28623 W ding:background: Failed to find entry 'classes.dex': Entry not found
08-08 20:09:59.774 28601 28601 W android.vending: Failed to find entry 'classes.dex': Entry not found
08-08 20:09:59.779 28623 28623 W ding:background: Failed to find entry 'classes.dex': Entry not found
08-08 20:09:59.780  3009  4719 D OplusStartingWindowManager: we don't revise window flags for third app
08-08 20:09:59.780  3009  4719 D ActivityTaskManager: validateStartingWindowTheme:  Pkg=com.hypernova.phone, Translucent=false, Floating=false, ShowWallpaper=false, Disable=false, LaunchSource=4
08-08 20:09:59.781  3009  4719 D ActivityTaskManager: addStartingWindow for ActivityRecord{8a40b40 u0 com.hypernova.phone/.MainActivity t8093}, mainWin=null, state=INITIALIZING, isKeyguardLocked=false, isKeyguardGoingAway=false
08-08 20:09:59.782  3009  4719 D ActivityTaskManager: getStartingWindowType: , newTask=true, taskSwitch=true, processRunning=false, allowTaskSnapshot=true, activityCreated=false, activityAllDrawn=false, snapshot exist: false
08-08 20:09:59.782  3009  4719 D ActivityRecordExtImpl: handleStartingWindowForCompactWindow origin type:2, adjustType : 2
08-08 20:09:59.783 28601 28601 W android.vending: Failed to find entry 'classes.dex': Entry not found
08-08 20:09:59.786  3009  4719 D TaskOrganizerController: TaskOrganizerController.addStartingWindow: call wmshell to addStartingWindow
08-08 20:09:59.790 28552 28552 V GraphicsEnvironment: Currently set values for:
08-08 20:09:59.791 28552 28552 V GraphicsEnvironment:   angle_gl_driver_selection_pkgs=[]
08-08 20:09:59.791 28552 28552 V GraphicsEnvironment:   angle_gl_driver_selection_values=[]
08-08 20:09:59.791 28552 28552 V GraphicsEnvironment: Global.Settings values are invalid: number of packages: 0, number of values: 0
08-08 20:09:59.791 28552 28552 V GraphicsEnvironment: Neither updatable production driver nor prerelease driver is supported.
08-08 20:09:59.793  3009  4719 D ActivityTrigger: ActivityTrigger activityPauseTrigger 
08-08 20:09:59.795  3009  4719 D TaskFragmentExtImpl: shouldSetReadyFalse and resumedActivity: ActivityRecord{8a40b40 u0 com.hypernova.phone/.MainActivity t8093} prev: ActivityRecord{7242bb2 u0 com.android.mms/.ui.conversation.ConversationActivity t8092} resumedLaunchFromLauncher: false prevLaunchFromApp: true transitionType: 1
08-08 20:09:59.796  3009  3538 I [UAH_CLIENT]: UahEventAcquire, cmdid:1, pkg:com.hypernova.phone, identity:com.android.server.wm
08-08 20:09:59.797 28623 28623 W ding:background: Failed to find entry 'classes.dex': Entry not found
08-08 20:09:59.803  3009  4719 D ActivityTaskManager: notifyTaskRemoved, task: Task{5660501 #8089 type=standard A=10495:com.hypernova.phone} trace:com.android.server.wm.RecentTasks.removeForAddTask:1837 com.android.server.wm.RecentTasks.add:1350 com.android.server.wm.ActivityStarter.startActivityInner:2638 com.android.server.wm.ActivityStarter.startActivityUnchecked:1903 com.android.server.wm.ActivityStarter.executeRequest:1645 
08-08 20:09:59.812 28601 28601 W android.vending: Failed to find entry 'classes.dex': Entry not found
08-08 20:09:59.814 28552 28552 D ResourcesManagerExtImpl: applyConfigurationToAppResourcesLocked app.getDisplayId() return callback.displayId:-1
08-08 20:09:59.818  3009  4719 D ActivityTaskManager: notifyTaskAdded, task: Task{c6933be #8093 type=standard A=10495:com.hypernova.phone} trace:com.android.server.wm.RecentTasks.add:1365 com.android.server.wm.ActivityStarter.startActivityInner:2638 com.android.server.wm.ActivityStarter.startActivityUnchecked:1903 com.android.server.wm.ActivityStarter.executeRequest:1645 com.android.server.wm.ActivityStarter.execute:905 
08-08 20:09:59.820  3680 25379 E ReflectionUtils: methodInvoke SupressionGC failed1
08-08 20:09:59.820  3680 25379 E ReflectionUtils: java.lang.NoSuchMethodException: dalvik.system.VMRuntime.SupressionGC [int, int]
08-08 20:09:59.820  3680 25379 E ReflectionUtils: 	at java.lang.Class.getMethod(Class.java:2942)
08-08 20:09:59.820  3680 25379 E ReflectionUtils: 	at java.lang.Class.getDeclaredMethod(Class.java:2921)
08-08 20:09:59.820  3680 25379 E ReflectionUtils: 	at com.android.wm.shell.util.ReflectionUtils.methodInvoke(ReflectionUtils.java:32)
08-08 20:09:59.820  3680 25379 E ReflectionUtils: 	at com.oplus.transition.OplusTransitionReflectionHelper.callGcSupression(OplusTransitionReflectionHelper.java:109)
08-08 20:09:59.820  3680 25379 E ReflectionUtils: 	at com.android.wm.shell.ShellTaskOrganizer.addStartingWindow(ShellTaskOrganizer.java:549)
08-08 20:09:59.820  3680 25379 E ReflectionUtils: 	at android.window.TaskOrganizer$1.addStartingWindow(TaskOrganizer.java:298)
08-08 20:09:59.820  3680 25379 E ReflectionUtils: 	at android.window.ITaskOrganizer$Stub.onTransact(ITaskOrganizer.java:184)
08-08 20:09:59.820  3680 25379 E ReflectionUtils: 	at android.os.Binder.execTransactInternal(Binder.java:1523)
08-08 20:09:59.820  3680 25379 E ReflectionUtils: 	at android.os.Binder.execTransact(Binder.java:1457)
08-08 20:09:59.827  3680  3836 D PhoneStartingWindowTypeAlgorithm: preferredStartingWindowType newTask=true, taskSwitch=true, processRunning=false, allowTaskSnapshot=true, activityCreated=false, isSolidColorSplashScreen=false, legacySplashScreen=false, activityDrawn=false, windowless=false, topIsHome=false
08-08 20:09:59.828  3680  3836 D OplusShellStartingWindowManager: getReviseStartingWindowType not support, windowInfo is null
08-08 20:09:59.828   896   896 E lowmemorykiller: device memory 245458 free 3023 file 245146
08-08 20:09:59.828  3009  3071 D callGcSupression: java.lang.NullPointerException: Attempt to invoke virtual method 'java.lang.Object java.lang.reflect.Method.invoke(java.lang.Object, java.lang.Object[])' on a null object reference
08-08 20:09:59.830 28623 28623 W ding:background: Failed to find entry 'classes.dex': Entry not found
08-08 20:09:59.830 28601 28601 W android.vending: Failed to find entry 'classes.dex': Entry not found
08-08 20:09:59.837 28601 28601 D nativeloader: Configuring clns-7 for other apk /data/app/~~-B27F7NMkL2vwSQPz6p_ug==/com.android.vending-_wMtkAldrUaws9Jn03dg5A==/base.apk:/data/app/~~-B27F7NMkL2vwSQPz6p_ug==/com.android.vending-_wMtkAldrUaws9Jn03dg5A==/split_config.ar.apk:/data/app/~~-B27F7NMkL2vwSQPz6p_ug==/com.android.vending-_wMtkAldrUaws9Jn03dg5A==/split_config.arm64_v8a.apk:/data/app/~~-B27F7NMkL2vwSQPz6p_ug==/com.android.vending-_wMtkAldrUaws9Jn03dg5A==/split_config.en.apk:/data/app/~~-B27F7NMkL2vwSQPz6p_ug==/com.android.vending-_wMtkAldrUaws9Jn03dg5A==/split_phonesky_data_loader.apk:/data/app/~~-B27F7NMkL2vwSQPz6p_ug==/com.android.vending-_wMtkAldrUaws9Jn03dg5A==/split_phonesky_data_loader.config.arm64_v8a.apk:/data/app/~~-B27F7NMkL2vwSQPz6p_ug==/com.android.vending-_wMtkAldrUaws9Jn03dg5A==/split_phonesky_webrtc_native_lib.apk:/data/app/~~-B27F7NMkL2vwSQPz6p_ug==/com.android.vending-_wMtkAldrUaws9Jn03dg5A==/split_phonesky_webrtc_native_lib.config.arm64_v8a.apk. target_sdk_version=37, uses_libraries=, library_path=/data/app/~~-B27F7NMkL2vwSQPz6p_ug
08-08 20:09:59.838 28623 28623 D nativeloader: Configuring clns-7 for other apk /data/app/~~-B27F7NMkL2vwSQPz6p_ug==/com.android.vending-_wMtkAldrUaws9Jn03dg5A==/base.apk:/data/app/~~-B27F7NMkL2vwSQPz6p_ug==/com.android.vending-_wMtkAldrUaws9Jn03dg5A==/split_config.ar.apk:/data/app/~~-B27F7NMkL2vwSQPz6p_ug==/com.android.vending-_wMtkAldrUaws9Jn03dg5A==/split_config.arm64_v8a.apk:/data/app/~~-B27F7NMkL2vwSQPz6p_ug==/com.android.vending-_wMtkAldrUaws9Jn03dg5A==/split_config.en.apk:/data/app/~~-B27F7NMkL2vwSQPz6p_ug==/com.android.vending-_wMtkAldrUaws9Jn03dg5A==/split_phonesky_data_loader.apk:/data/app/~~-B27F7NMkL2vwSQPz6p_ug==/com.android.vending-_wMtkAldrUaws9Jn03dg5A==/split_phonesky_data_loader.config.arm64_v8a.apk:/data/app/~~-B27F7NMkL2vwSQPz6p_ug==/com.android.vending-_wMtkAldrUaws9Jn03dg5A==/split_phonesky_webrtc_native_lib.apk:/data/app/~~-B27F7NMkL2vwSQPz6p_ug==/com.android.vending-_wMtkAldrUaws9Jn03dg5A==/split_phonesky_webrtc_native_lib.config.arm64_v8a.apk. target_sdk_version=37, uses_libraries=, library_path=/data/app/~~-B27F7NMkL2vwSQPz6p_ug
08-08 20:09:59.839  3680  3836 D OplusShellStartingWindowManager: adjustSuggestedWindowType: skip no-system app and no-exception list app
08-08 20:09:59.843 28601 28601 I Quality : ActivityThread: createClassLoader delay 436 /data/app/~~-B27F7NMkL2vwSQPz6p_ug==/com.android.vending-_wMtkAldrUaws9Jn03dg5A==/base.apk:/data/app/~~-B27F7NMkL2vwSQPz6p_ug==/com.android.vending-_wMtkAldrUaws9Jn03dg5A==/split_config.ar.apk:/data/app/~~-B27F7NMkL2vwSQPz6p_ug==/com.android.vending-_wMtkAldrUaws9Jn03dg5A==/split_config.arm64_v8a.apk:/data/app/~~-B27F7NMkL2vwSQPz6p_ug==/com.android.vending-_wMtkAldrUaws9Jn03dg5A==/split_config.en.apk:/data/app/~~-B27F7NMkL2vwSQPz6p_ug==/com.android.vending-_wMtkAldrUaws9Jn03dg5A==/split_phonesky_data_loader.apk:/data/app/~~-B27F7NMkL2vwSQPz6p_ug==/com.android.vending-_wMtkAldrUaws9Jn03dg5A==/split_phonesky_data_loader.config.arm64_v8a.apk:/data/app/~~-B27F7NMkL2vwSQPz6p_ug==/com.android.vending-_wMtkAldrUaws9Jn03dg5A==/split_phonesky_webrtc_native_lib.apk:/data/app/~~-B27F7NMkL2vwSQPz6p_ug==/com.android.vending-_wMtkAldrUaws9Jn03dg5A==/split_phonesky_webrtc_native_lib.config.arm64_v8a.apk 28601
08-08 20:09:59.844  3680  3837 D ShellStartingWindow: getWindowAttrs SplashScreenWindowAttrs{ mWindowBgResId: 7f05005f, mWindowBgColor: 0, mSplashScreenIcon: false, mBrandingImage: false, mIconBgColor: 0}
08-08 20:09:59.853  1598  1767 I SurfaceFlinger: [SF client] NEW(0xb400007c9b1c1000) for (3680:com.android.systemui)
08-08 20:09:59.859  3680  3837 D ShellStartingWindow: inconsize = 272
08-08 20:09:59.860  3680  3753 V WindowManagerShell: Transition requested (#8956): android.os.BinderProxy@2079c62 TransitionRequestInfo { type = OPEN, triggerTask = TaskInfo{userId=0 taskId=8093 displayId=0 isRunning=true baseIntent=Intent { act=com.hypernova.phone.action.OPEN flg=0x10000000 pkg=com.hypernova.phone cmp=com.hypernova.phone/.MainActivity mCallingUid=2000 } baseActivity=ComponentInfo{com.hypernova.phone/com.hypernova.phone.MainActivity} topActivity=ComponentInfo{com.hypernova.phone/com.hypernova.phone.MainActivity} origActivity=null realActivity=ComponentInfo{com.hypernova.phone/com.hypernova.phone.MainActivity} numActivities=1 lastActiveTime=895695774 supportsSplitScreenMultiWindow=true supportsMultiWindow=true supportsPocketStudioMultiWindow=true isInFlexibleEmbedded = false uid = 10495 pid = 0 resizeMode=1 isResizeable=true minWidth=-1 minHeight=-1 defaultMinSize=220 token=WCT{android.window.IWindowContainerToken$Stub$Proxy@4afa1f3} topActivityType=1 pictureInPictureParams=null shouldDockBigOverlays=false launchIntoPipHostTaskId=-1 lastParentTaskIdBeforePip=-1 displayCutoutSafeInsets=Rect(0, 65 - 0, 0) topActivityInfo=ActivityInfo{7122eb0 com.hypernova.phone.MainActivity} launchCookies=[] positionInParent=Point(0, 0) parentTaskId=-1 isFocused=false isVisible=false isVisibleRequested=false isSleeping=false locusId=null displayAreaFeatureId=1 isTopActivityTransparent=false appCompatTaskInfo=AppCompatTaskInfo { topActivityInSizeCompat=false topActivityInOplusCompatMode=false topActivityEligibleForLetterboxEducation= falseisLetterboxEducationEnabled= false isLetterboxDoubleTapEnabled= false topActivityEligibleForUserAspectRatioButton= false topActivityBoundsLetterboxed= false isFromLetterboxDoubleTap= false topActivityLetterboxVerticalPosition= -1 topActivityLetterboxHorizontalPosition= -1 topActivityLetterboxWidth=720 topActivityLetterboxHeight=1604 isUserFullscreenOverrideEnabled=false isSystemFullscreenOverrideEnabled=false cameraCompatTaskInfo=CameraCompatTaskInfo { cameraCompatControlState=hidden freeformCameraCompatMode=inactive}} topActivityLetterboxInsets=Rect(0, 0 - 0, 0) mOplusExtraBundle = Bundle[mParcelledData.dataSize=348]}, pipTask = null, remoteTransition = null, displayChange = null, flags = 0, debugId = 8956 }
08-08 20:09:59.863  3680  3836 D WindowManager: Add to mViews: android.widget.FrameLayout{d186a4f V.E...... ......I. 0,0-0,0 alpha=1.0 viewInfo = },pkg= com.hypernova.phone
08-08 20:09:59.864  3680  3872 D skia    : setRusSupported enable 0
08-08 20:09:59.875  3009  4719 I ActivityTaskManager: START u0 {act=com.hypernova.phone.action.OPEN flg=0x10000000 pkg=com.hypernova.phone cmp=com.hypernova.phone/.MainActivity mCallingUid=2000} with LAUNCH_MULTIPLE from uid 2000 (BAL_ALLOW_PERMISSION) result code=0
08-08 20:09:59.876 26103 26103 D callGcSupression: java.lang.NullPointerException: Attempt to invoke virtual method 'java.lang.Object java.lang.reflect.Method.invoke(java.lang.Object, java.lang.Object[])' on a null object reference
08-08 20:09:59.898  3009  4717 D ActivityTaskManager: attachStartingWindow: mStartingData=SplashScreenStartingData{874b188 waitForSyncTransactionCommit=false removeAfterTransaction= 0},mStartingWindow=Window{7d03d7a u0 Splash Screen com.hypernova.phone}
08-08 20:09:59.898  3009  4717 I WindowManager: addWindow: New client android.os.BinderProxy@338e5a5 : window=Window{7d03d7a u0 Splash Screen com.hypernova.phone}
08-08 20:09:59.902 26103 26103 D ScrollOptim [SceneManager]: updateCurrentActivity: mCurrentActivityName=null, isOptEnable=true, isAnimAheadEnable=true, isFrameInsertEnable=true, InsertNum=1, isEnabledForScrollChanged=false
08-08 20:09:59.903  3680  3836 D ViewRootImplExtImpl: onDisplayChanged -1 for VRI android.view.ViewRootImpl@9115447
08-08 20:09:59.905 28554 28554 I Application: addBackgroundRestrictedInfo use: 69
08-08 20:09:59.907  3009  3781 W OplusAppStartupConfigExt_OplusAppStartupCommonSceneStrategy: Blacklist is Empty
08-08 20:09:59.907  3009  3781 D OplusAppStartupConfigExt: RestartService prevent pkg com.instagram.android result = false
08-08 20:09:59.916  3680  3836 D OplusShellStartingWindowManager: handleSplashScreenView: normal third app or no-default
08-08 20:09:59.916  3979  4433 I ProcessManager: onProcessDied pid:27293, uid:10488
08-08 20:09:59.916  3979  4433 D AppSceneEventManager: handleMessage: 101
08-08 20:09:59.916  3680  3836 E OplusBracketLog: [OplusViewMirrorManager] updateHostViewRootIfNeeded, not support android.view.ViewRootImpl@9115447
08-08 20:09:59.916  3979  4433 I DispatcherPolicy: onBaseEvent EventId=22	INPUT_PROCESS_DIED	TimeStamp =1786208999916	Intent =null	Content =null	Pid =27293	PkgName =com.instagram.android
08-08 20:09:59.916  3979  4433 I GamingScene: onInputEvent : INPUT_PROCESS_DIED
08-08 20:09:59.918  1598  1598 I BpBinder: onLastStrongRef automatically unlinking death recipients: 
08-08 20:09:59.918  3009  3950 V GrammaticalInflectionUtils: AttributionSource: android.content.AttributionSource@f9d06c9d does not have READ_SYSTEM_GRAMMATICAL_GENDER permission.
08-08 20:09:59.918  3680  3836 D ViewRootImplExtImpl: wrapConfigInfoIntoFlags rotation=0, smallestScreenWidthDp=424, relayoutAsync=false, flags=0, newFlags=27787264, residentWS=false, title=Splash Screen com.hypernova.phone
08-08 20:09:59.921  3009  4816 D WindowManagerServiceExtImpl: extractConfigInfoAndRealFlags rotation=0, screenDp=424, residentWS:0, win=Window{7d03d7a u0 Splash Screen com.hypernova.phone}
08-08 20:09:59.922  3009  4816 V WindowManager: Relayout Window{7d03d7a u0 Splash Screen com.hypernova.phone}: viewVisibility=0, oldvis=0, req=720x1604, vsysui=, x=0, y=0
08-08 20:09:59.922  3009  4816 I WindowManager: Window{7d03d7a u0 Splash Screen com.hypernova.phone} state from NO_SURFACE to DRAW_PENDING; reason: resetDrawState
08-08 20:09:59.922  3680  3753 D ZoomController: onTaskMovedToFront, task id:8093
08-08 20:09:59.923  5345  5374 D OplusAtlas.OplusAtlasEventDispatch: setEvent:atlas_event_on_process_died info:pid:27293,uid:10488
08-08 20:09:59.923  3009  4134 I OplusHansManager : onUidGone(), 10488 com.instagram.android exit SM
08-08 20:09:59.923  1598  1767 D OplusLayer: setProcInfo (125461,Splash Screen com.hypernova.phone#125461,com.android.systemui,0x4578D52F)
08-08 20:09:59.923  3009  4134 I OplusHansManager : onUidGone(),  keep: 10488 com.instagram.android alarm
08-08 20:09:59.923  5345  8987 D OplusAtlas.OplusMessageHandler: handleMessage: Msg { when=0 what=1 obj=com.oplus.atlas.OplusAtlasEvent@780a50f target=com.oplus.atlas.OplusMessageHandler$MyHandler }
08-08 20:09:59.923  3009  3998 I OplusHansManager : uid=10488, pkg=com.instagram.android F exit SM
08-08 20:09:59.923  3009  3998 I OplusHansManager : uid=10488, pkg=com.instagram.android F exit(), F stay=74, reason=UidGone
08-08 20:09:59.925  5345  8816 D OplusAtlas.OplusMessageHandler: handleMessage: Msg { when=-2ms what=1 obj=com.oplus.atlas.OplusAtlasEvent@780a50f target=com.oplus.atlas.OplusMessageHandler$MyHandler }
08-08 20:09:59.927  3680  3753 I ZoomUiController: FloatHandle-isFloatHandleShow mPackageName = null
08-08 20:09:59.927  1299  1346 E TetherController: property_get sys.radio.data.modem_share_flag return 0, 1!
08-08 20:09:59.927  3009  3998 I OplusHansManager : unfreeze uid: 10488 com.instagram.android pids: [27293] reason: UidGone scene: LcdOn
08-08 20:09:59.928   896   896 E lowmemorykiller: device memory 244067 free 3148 file 245190
08-08 20:09:59.929  3009  3998 I OplusHansManager : uid=10488, pkg=com.instagram.android M exit(), M stay=0
08-08 20:09:59.929  3009  3998 I OplusHansManager : uid=10488, pkg=com.instagram.android R exit(), R stay=0
08-08 20:09:59.929  3009  4816 D WindowManager: NFW_findFocusedWindowIfNeeded:Window{137a12b u0 com.android.mms/com.android.mms.ui.conversation.ConversationActivity} mCurrentFocus:Window{137a12b u0 com.android.mms/com.android.mms.ui.conversation.ConversationActivity}
08-08 20:09:59.930  3009  3072 D DisplayManagerService: Drop pending events for gone uid 10488
08-08 20:09:59.930  3009  4015 I OplusHansManager : rm p_bc uid 10488, r: uidGone
08-08 20:09:59.931  3009  4131 D CoreBackPreview: Window{7d03d7a u0 Splash Screen com.hypernova.phone}: Setting back callback OnBackInvokedCallbackInfo{mCallback=android.window.IOnBackInvokedCallback$Stub$Proxy@34d8d07, mPriority=0, mIsAnimationCallback=false}
08-08 20:09:59.931  3680  3836 W VRI[phone]: updateBlastSurfaceIfNeeded, surfaceSize:Point(720, 1604), lastSurfaceSize:Point(0, 0), format:-3, blastBufferQueue:null
08-08 20:09:59.932  3680  3836 D BufferQueueConsumer: [](id:e6000002e2f,api:0,p:-1,c:3680) connect: controlledByApp=false
08-08 20:09:59.936  3680  3872 D BufferQueueProducer: [VRI[phone]#11771(BLAST Consumer)11771](id:e6000002e2f,api:1,p:3680,c:3680) connect: api=1 producerControlledByApp=true
08-08 20:09:59.940  3680  3836 I SurfaceControl:  setExtendedRangeBrightness sc=Surface(name=Splash Screen com.hypernova.phone)/@0xb985d9d,currentBufferRatio=1.0,desiredRatio=1.0
08-08 20:09:59.947 28601 28601 I Quality : ActivityThread: createOrUpdateClassLoaderLocked delay 549 com.android.vending 28601
08-08 20:09:59.948 28549 28549 I Application: addBackgroundRestrictedInfo use: 69
08-08 20:09:59.951 28551 28551 I Quality : GetResourcesInfo:455378854,/apex/com.android.permission/priv-app/GooglePermissionController@371017160/GooglePermissionController.apk
08-08 20:09:59.956 28552 28552 I StartLog: init
08-08 20:09:59.960 28549 28549 W SkyEye.HandlerThread: warning: create new handler thread with name skyEye_auto_speed_thread,alive thread size:1
08-08 20:09:59.960 28554 28554 W SkyEye.HandlerThread: warning: create new handler thread with name skyEye_auto_speed_thread,alive thread size:1
08-08 20:09:59.960 28549 28549 I Application: Application init: 
08-08 20:09:59.966  4088  4112 W ndroid.launcher: Suspending all threads took: 6.754ms
08-08 20:09:59.966 28554 28554 I Application: Application init: 
08-08 20:09:59.990  3680  3872 D BLASTBufferQueue: [VRI[phone]#11771](f:0,a:1) acquireNextBufferLocked size=720x1604 mFrameNumber=1 applyTransaction=true mTimestamp=542795799941532(auto) mPendingTransactions.size=0 graphicBufferId=15805479733313 transform=0
08-08 20:09:59.990  3680  3872 D VRI[phone]: Received frameCommittedCallback lastAttemptedDrawFrameNum=1 didProduceBuffer=true syncBuffer=false
08-08 20:09:59.992  3680  3836 D VRI[phone]: draw finished. seqId=0
08-08 20:09:59.995  3680  3836 D ViewRootImplExtImpl: setMaxDequeuedBufferCount: 2
08-08 20:09:59.995  3009  4816 D OplusTransitionController: onSyncFinishedDrawing, Window{7d03d7a u0 Splash Screen com.hypernova.phone}
08-08 20:09:59.998  3009  4816 I WindowManager: finishDrawing skipLayout:false,syncSeqId=0,mPrepareSyncSeqId=0 Window{7d03d7a u0 Splash Screen com.hypernova.phone} com.android.server.wm.WindowManagerService.finishDrawingWindow:3142 com.android.server.wm.Session.finishDrawing:376 android.view.IWindowSession$Stub.onTransact:815 
08-08 20:09:59.998  3009  4816 I WindowManager: Window{7d03d7a u0 Splash Screen com.hypernova.phone} state from DRAW_PENDING to COMMIT_DRAW_PENDING; reason: finishDrawingLocked
08-08 20:09:59.999  3009  4816 D OplusTransitionAnimationManager: skipFinishDrawingIfNeed clientRotation=0, currentRotation=0, hasFixedRotationApp=false, requestedOrientation=1, win=Window{7d03d7a u0 Splash Screen com.hypernova.phone}, activity=ActivityRecord{8a40b40 u0 com.hypernova.phone/.MainActivity t8093}, currentConfig={1.15 ??mcc??mnc [en_EG,ar_EG] ldltr sw424dp w424dp h944dp 272dpi nrml long port night finger -keyb/v/h -nav/h winConfig={ mBounds=Rect(0, 0 - 720, 1604) mAppBounds=Rect(0, 0 - 720, 1604) mMaxBounds=Rect(0, 0 - 720, 1604) mDisplayRotation=ROTATION_0 mWindowingMode=fullscreen mActivityType=standard mAlwaysOnTop=undefined mRotation=ROTATION_0} s.2 fontWeightAdjustment=0mThemeChanged= 0, mThemeChangedFlags= 0, mFlipFont= 0, mScenario= 0, mAccessibleChanged= -1, mUxIconConfig= 3468921665085243489, mMaterialColor= 0, mUserId= 0, mFontUserId= 0, mFontVariationSettings= 122b, mFoldingAngle = -1.0, mIconPackName= , mDarkModeBackgroundMaxL= 0.0, mDarkModeDialogBgMaxL= 27.0, mDarkModeForegroundMinL= 100.0, mOplusConfigType= 1, mOplusChangedConfigs= 0, OpSans= -1, mBurmeseFontFlag= 2, mFlag= 0, mFlexibleActivitySuitable= -1, mPuttDisplayFlag= -1}
08-08 20:10:00.003  3009  3373 V AlarmManager: sending alarm Alarm{3675e34 type 3 origWhen 895695955 whenElapsed 895695955 android} uid 1000 whenElapsed 895695955 windowLength 0 maxWhenElapsed 895695955 repeatInterval 0 action null component null tag TIME_TICK flags 0x9 procName system_server
08-08 20:10:00.005  3009  3075 I WindowManager: Window{7d03d7a u0 Splash Screen com.hypernova.phone} state from COMMIT_DRAW_PENDING to READY_TO_SHOW; reason: commitFinishDrawingLocked
08-08 20:10:00.005  3009  3075 D ActivityTaskManager: onStartingWindowDrawn: app=null, mStartingData=SplashScreenStartingData{874b188 waitForSyncTransactionCommit=false removeAfterTransaction= 0}, finishing=false,mLaunchedFromBubble=false, mVisibleRequested=false, mDisplayContent=Display{#0 state=ON size=720x1604 ROTATION_0}, isZoomMode=false
08-08 20:10:00.020 28554 28554 I KitInfoManager: Kit infos: {kit-core=KitInfo{kitName='kit-core', kitVersionCode=0, kitVersionName='', kitApplicationClass='com.heytap.msp.v2.MspCoreApplication', callMothodInterval=0}, sysintegrity=KitInfo{kitName='sysintegrity', kitVersionCode=0, kitVersionName='', kitApplicationClass='com.oplus.omes.srp.SrpApplication', callMothodInterval=0}, CloudCtrl=KitInfo{kitName='CloudCtrl', kitVersionCode=1020200, kitVersionName='1.2.2.0', kitApplicationClass='com.heytap.msp.cloudctrl.OverseaCloudCtrlApplication', callMothodInterval=0}, kit-mcs=KitInfo{kitName='kit-mcs', kitVersionCode=0, kitVersionName='', kitApplicationClass='com.heytap.mcs.msp.McsForMspApplication', callMothodInterval=0}, regionkit=KitInfo{kitName='regionkit', kitVersionCode=0, kitVersionName='', kitApplicationClass='com.heytap.msp.kit.region.RegionKitApplication', callMothodInterval=0}, instant=KitInfo{kitName='instant', kitVersionCode=0, kitVersionName='', kitApplicationClass='com.nearme.instant.platform.Application', callMothodInterval=0}}
08-08 20:10:00.024 28549 28549 I KitInfoManager: Kit infos: {kit-core=KitInfo{kitName='kit-core', kitVersionCode=0, kitVersionName='', kitApplicationClass='com.heytap.msp.v2.MspCoreApplication', callMothodInterval=0}, sysintegrity=KitInfo{kitName='sysintegrity', kitVersionCode=0, kitVersionName='', kitApplicationClass='com.oplus.omes.srp.SrpApplication', callMothodInterval=0}, CloudCtrl=KitInfo{kitName='CloudCtrl', kitVersionCode=1020200, kitVersionName='1.2.2.0', kitApplicationClass='com.heytap.msp.cloudctrl.OverseaCloudCtrlApplication', callMothodInterval=0}, kit-mcs=KitInfo{kitName='kit-mcs', kitVersionCode=0, kitVersionName='', kitApplicationClass='com.heytap.mcs.msp.McsForMspApplication', callMothodInterval=0}, regionkit=KitInfo{kitName='regionkit', kitVersionCode=0, kitVersionName='', kitApplicationClass='com.heytap.msp.kit.region.RegionKitApplication', callMothodInterval=0}, instant=KitInfo{kitName='instant', kitVersionCode=0, kitVersionName='', kitApplicationClass='com.nearme.instant.platform.Application', callMothodInterval=0}}
08-08 20:10:00.025   896   896 E lowmemorykiller: device memory 238984 free 3275 file 240446
08-08 20:10:00.027  3009  3134 D OplusDisplayBrightnessBroadcastReceiver: onReceive action = android.intent.action.TIME_TICK , listeners = [com.android.server.display.marvels.module.ORBrightnessMarvelsDataCollector$ScreenStateReceiver@a8c58b6]
08-08 20:10:00.029  1300  1300 D Zygote  : Forked child process 28665
08-08 20:10:00.029  4047  4047 D SubsysBroadcastManager: onReceive action:android.intent.action.TIME_TICK
08-08 20:10:00.049  3009  3009 D NotificationService--OplusNotificationManagerServiceExtImpl: notifyDelayRemovedLocked,reason:10020 isGroup:false
08-08 20:10:00.050  3680  3680 I SystemUi--SystemUi--: Clock-->smallTime: 8:10
08-08 20:10:00.051  3680  3680 I SystemUi--SystemUi--: Clock-->smallTime: 8:10
08-08 20:10:00.050  3009  3009 D NotificationService--OplusNotificationManagerServiceExtImpl: notifyDelayRemovedLocked,reason:10020 isGroup:false
08-08 20:10:00.052  3009  3009 D NotificationService--OplusNotificationManagerServiceExtImpl: notifyDelayRemovedLocked sbnList isEmpty
08-08 20:10:00.052  3009  3009 D NotificationService--OplusNotificationManagerServiceExtImpl: notifyDelayRemovedLocked sbnList isEmpty
08-08 20:10:00.054 28601 28601 I Quality : GetResourcesInfo:106330573,/data/app/~~-B27F7NMkL2vwSQPz6p_ug==/com.android.vending-_wMtkAldrUaws9Jn03dg5A==/base.apk
08-08 20:10:00.058 28551 28551 V GraphicsEnvironment: Currently set values for:
08-08 20:10:00.058 28551 28551 V GraphicsEnvironment:   angle_gl_driver_selection_pkgs=[]
08-08 20:10:00.058 28551 28551 V GraphicsEnvironment:   angle_gl_driver_selection_values=[]
08-08 20:10:00.058 28551 28551 V GraphicsEnvironment: Global.Settings values are invalid: number of packages: 0, number of values: 0
08-08 20:10:00.058 28551 28551 V GraphicsEnvironment: Neither updatable production driver nor prerelease driver is supported.
08-08 20:10:00.061  6966  7005 D PhoneScreenOnTime: affairType:231
08-08 20:10:00.063  3009  3097 W ActivityManager: Slow operation: 143ms so far, now at startProcess: returned from zygote!
08-08 20:10:00.064 28551 28551 D ResourcesManagerExtImpl: applyConfigurationToAppResourcesLocked app.getDisplayId() return callback.displayId:-1
08-08 20:10:00.064  3009  3097 W ActivityManager: Slow operation: 143ms so far, now at startProcess: done updating battery stats
08-08 20:10:00.065  3009  3097 W ActivityManager: Slow operation: 144ms so far, now at startProcess: building log message
08-08 20:10:00.065  3009  3097 I ActivityManager: Start proc 28665:com.hypernova.phone/u0a495 for next-top-activity {com.hypernova.phone/com.hypernova.phone.MainActivity}
08-08 20:10:00.065  3009  3097 W ActivityManager: Slow operation: 144ms so far, now at startProcess: starting to update pids map
08-08 20:10:00.065  3009  3097 W ActivityManager: Slow operation: 144ms so far, now at startProcess: done updating pids map
08-08 20:10:00.066 28549 28549 I AbstractModuleApplication: AbstractModuleApplication attachBaseContext com.heytap.mcs.appservice
08-08 20:10:00.066 28554 28554 I AbstractModuleApplication: AbstractModuleApplication attachBaseContext com.heytap.mcs.statistics
08-08 20:10:00.067 28665 28665 I hypernova.phone: Late-enabling -Xcheck:jni
08-08 20:10:00.076 28623 28623 I Quality : GetResourcesInfo:107368177,/data/app/~~-B27F7NMkL2vwSQPz6p_ug==/com.android.vending-_wMtkAldrUaws9Jn03dg5A==/base.apk
08-08 20:10:00.085 28554 28554 I Quality : ActivityThread: makeApplication delay 671 com.heytap.mcs 28554
08-08 20:10:00.111 28549 28549 I Quality : ActivityThread: makeApplication delay 775 com.heytap.mcs 28549
08-08 20:10:00.126   896   896 E lowmemorykiller: device memory 236058 free 3231 file 237527
08-08 20:10:00.135 28519 28519 I Quality : GetResourcesInfo:538614896,/data/app/~~EsNpwGD837guHCj-1cUl5A==/com.coloros.phonemanager-JwI06LGjP5WhRdQCZ1EldQ==/com.coloros.phonemanager_17000001.apk
08-08 20:10:00.141  6966  7005 D PhoneUsageTime: affairType:231
08-08 20:10:00.146 28623 28623 V GraphicsEnvironment: Currently set values for:
08-08 20:10:00.146 28623 28623 V GraphicsEnvironment:   angle_gl_driver_selection_pkgs=[]
08-08 20:10:00.146 28623 28623 V GraphicsEnvironment:   angle_gl_driver_selection_values=[]
08-08 20:10:00.146 28623 28623 V GraphicsEnvironment: Global.Settings values are invalid: number of packages: 0, number of values: 0
08-08 20:10:00.146 28623 28623 V GraphicsEnvironment: Neither updatable production driver nor prerelease driver is supported.
08-08 20:10:00.154 28554 28554 I MspBaseApplication: current processName:com.heytap.mcs.statistics,pid:28554
08-08 20:10:00.154 28554 28554 I AbstractModuleApplication: AbstractModuleApplication init com.heytap.mcs.statistics
08-08 20:10:00.163 28519 28519 V GraphicsEnvironment: Currently set values for:
08-08 20:10:00.163 28519 28519 V GraphicsEnvironment:   angle_gl_driver_selection_pkgs=[]
08-08 20:10:00.163 28519 28519 V GraphicsEnvironment:   angle_gl_driver_selection_values=[]
08-08 20:10:00.163 28519 28519 V GraphicsEnvironment: Global.Settings values are invalid: number of packages: 0, number of values: 0
08-08 20:10:00.164 28519 28519 V GraphicsEnvironment: Neither updatable production driver nor prerelease driver is supported.
08-08 20:10:00.172 28665 28665 E hypernova.phone: Unknown bits set in runtime_flags: 0x40000000
08-08 20:10:00.172 28665 28665 I hypernova.phone: Using generational CollectorTypeCMC GC.
08-08 20:10:00.196  3009  8167 E AppSearchAppIndxrImpl: Certificate not found for package: org.chromium.webapk.a84c15358d15f9964_v2
08-08 20:10:00.197 28549 28549 I MspBaseApplication: current processName:com.heytap.mcs.appservice,pid:28549
08-08 20:10:00.197 28549 28549 I AbstractModuleApplication: AbstractModuleApplication init com.heytap.mcs.appservice
08-08 20:10:00.201 28623 28623 D ResourcesManagerExtImpl: applyConfigurationToAppResourcesLocked app.getDisplayId() return callback.displayId:-1
08-08 20:10:00.205 26103 26103 I ImeTracker: com.android.mms:61a97f9d: onRequestHide at ORIGIN_CLIENT reason HIDE_SOFT_INPUT fromUser false
08-08 20:10:00.222 28665 28665 D nativeloader: Load libframework-connectivity-tiramisu-jni.so using APEX ns com_android_tethering for caller /apex/com.android.tethering/javalib/framework-connectivity-t.jar: ok
08-08 20:10:00.224 28554 28554 I McsForMspApplication: metaData key = mspcore_push_prxoy_com.nearme.instant.platform, value = instant:30
08-08 20:10:00.225 28554 28554 I MspBaseApplication: app version:5.24.2,52402
08-08 20:10:00.226 28549 28549 I McsForMspApplication: metaData key = mspcore_push_prxoy_com.nearme.instant.platform, value = instant:30
08-08 20:10:00.226 28549 28549 I MspBaseApplication: app version:5.24.2,52402
08-08 20:10:00.228   896   896 E lowmemorykiller: device memory 234326 free 3641 file 235388
08-08 20:10:00.229  3009  4131 I ActivityManager: Flag disabled. Ignoring finishAttachApplication from uid: 1000. pid: 28554
08-08 20:10:00.230 28601 28601 V GraphicsEnvironment: Currently set values for:
08-08 20:10:00.230 28601 28601 V GraphicsEnvironment:   angle_gl_driver_selection_pkgs=[]
08-08 20:10:00.230 28601 28601 V GraphicsEnvironment:   angle_gl_driver_selection_values=[]
08-08 20:10:00.230 28601 28601 V GraphicsEnvironment: Global.Settings values are invalid: number of packages: 0, number of values: 0
08-08 20:10:00.230 28601 28601 V GraphicsEnvironment: Neither updatable production driver nor prerelease driver is supported.
08-08 20:10:00.231 28554 28554 W ServiceManagerCppClient: Failed to get isDeclared for vendor.qti.hardware.perf2.IPerf/default: Status(-1, EX_SECURITY): 'SELinux denied.'
08-08 20:10:00.231 28549 28676 I MMKV    : Disable checkProcessMode()
08-08 20:10:00.233 28552 28552 W thor_recovery_crash: init
08-08 20:10:00.233  3009  4135 I ActivityManager: Flag disabled. Ignoring finishAttachApplication from uid: 1000. pid: 28549
08-08 20:10:00.238 28549 28549 W ServiceManagerCppClient: Failed to get isDeclared for vendor.qti.hardware.perf2.IPerf/default: Status(-1, EX_SECURITY): 'SELinux denied.'
08-08 20:10:00.249 22186 22226 I adbd    : jdwp connection from 28665
08-08 20:10:00.250  3979  4446 D CommonApp-741-10120: transport layer data is invalid
08-08 20:10:00.251 28665 28665 D OplusActivityThreadExtImpl: java.lang.NoSuchMethodException: dalvik.system.VMRuntime.SupressionGC [int, int]
08-08 20:10:00.253   896   896 E lowmemorykiller: device memory 232253 free 3137 file 233818
08-08 20:10:00.254 28665 28665 W libc    : Access denied finding property "persist.vendor.sys.activitylog"
08-08 20:10:00.255 28665 28665 I OneTrace: Mark active for pid=28665? true
08-08 20:10:00.255  3009  3712 I Osense-PsiDetector: 907,12,2919,4607,37,165,117,695,1189,456,457,0,4,5642
08-08 20:10:00.255 28665 28665 D cutils-dev: otrace_set_tracing_enabled? true tag:0
08-08 20:10:00.255 19189 19251 I HealthLife.full: BaseWearableDevice, Infinix XWatch N4, CA:C6, 0x000000041f0310102d, trigger scheduledQueryWatchData
08-08 20:10:00.256 19189 19251 I HealthLife.full: BaseWearableDevice, Infinix XWatch N4, CA:C6, 0x000000041f0310102d, Infinix XWatch N4, #scheduledQueryWatchData
08-08 20:10:00.256 19189 19251 I HealthLife.full: BaseWearableDevice, Infinix XWatch N4, CA:C6, 0x000000041f0310102d, resetDate
08-08 20:10:00.257 28601 28601 D ResourcesManagerExtImpl: applyConfigurationToAppResourcesLocked app.getDisplayId() return callback.displayId:-1
08-08 20:10:00.257 19189 19251 I HealthLife.full: BaseWearableDevice, Infinix XWatch N4, CA:C6, 0x000000041f0310102d, mTodayDate = 1786136400000, yesterday = 1786050000000, mTheDayBeforeYesterdayDate = 1785963600000
08-08 20:10:00.259 28665 28665 D cutils-dev: properties changed in otrace_seq_number_changed!
08-08 20:10:00.274  3009  3089 I UserAwareMgr: fg app status not changed, beforeVisible: true, currentVisible: true
08-08 20:10:00.278 12944 27522 D bt_btif_gattc: [btif_gatt_client.cc:494] btif_gattc_read_char: 
08-08 20:10:00.284  3009  3603 E OplusUIFirst_TS: Failed to connect bpf bin: -1
08-08 20:10:00.288  3009  4135 D RGBNormalizeServer: OplusRGBNormalize feature enabled ? false
08-08 20:10:00.288  3009  4135 D ResourcesManagerCache: For package com.hypernova.phone we got cacheList [null] appInfoExt is null ? false hasFeature ? false
08-08 20:10:00.291  3009  3603 E OplusUIFirst_TS: Failed to connect bpf bin: -1
08-08 20:10:00.291  3009  3603 E OplusUIFirst_TS: Failed to connect bpf bin: -1
08-08 20:10:00.297  3009  3074 W ActivityTaskManager: Activity pause timeout for ActivityRecord{7242bb2 u0 com.android.mms/.ui.conversation.ConversationActivity t8092}
08-08 20:10:00.300  3009  3074 D ITheiaManagerExt: [sendEvent] TheiaEvent:[id:0x00000002 name:activityPauseTimeout type:java enable:false reportFreq:1800000 logType:4099 delay:30000 condition:0 recoveryId:0 extraInfo:] versionId:202312280900 INCREMENTAL:U.R4T2.23c0e85-1_2
08-08 20:10:00.301  3009  3074 W ITheiaManagerExt: [sendEvent] the event state is disable: 2
08-08 20:10:00.301 12944 12969 D bluetooth: [att_protocol.cc:515] attp_cl_send_cmd: Sending ATT command to l2cap cid:0x0004 eatt_channels:0 transport:BT_TRANSPORT_LE
08-08 20:10:00.302 12944 12969 D bluetooth: [att_protocol.cc:389] attp_send_msg_to_l2cap: Sending ATT message on att fixed channel
08-08 20:10:00.304 12944 12969 D bt_l2cap: [l2c_api.cc:1545] L2CA_SendFixedChnlData: Enqueued data for CID: 0x0004 len:3
08-08 20:10:00.305 12944 12969 D l2c_link: [l2c_link.cc:1222] l2c_link_send_to_lower_ble: TotalWin=15,Hndl=0x4,Quota=16,Unack=1,RRQuota=0,RRUnack=0
08-08 20:10:00.306 12944 12969 I oplus_bt_stack_ble_event: report_stack_ble_last_data_transfer, 20:**:**:**:ca:c6
08-08 20:10:00.306  3009  3074 I AppsFilter: interaction: PackageSetting{a082159 com.android.microdroid.empty_payload/10271} -> PackageSetting{3417fdf com.hypernova.phone/10495} BLOCKED
08-08 20:10:00.306  3009  3074 I AppsFilter: interaction: PackageSetting{1934dff com.caf.fmradio/10099} -> PackageSetting{3417fdf com.hypernova.phone/10495} BLOCKED
08-08 20:10:00.306  3009  3074 I AppsFilter: interaction: PackageSetting{fb617cc com.hypernova.media.phone.debug/10487} -> PackageSetting{3417fdf com.hypernova.phone/10495} BLOCKED
08-08 20:10:00.306  3009  3074 I AppsFilter: interaction: PackageSetting{f907a15 com.example.lab3/10449} -> PackageSetting{3417fdf com.hypernova.phone/10495} BLOCKED
08-08 20:10:00.306 12944 12969 D bluetooth: [att_protocol.cc:530] attp_cl_send_cmd: Starting ATT response timer 0xb400007428910bf0 conn_id=0x0007, cid=4
08-08 20:10:00.306  3009  3074 I AppsFilter: interaction: PackageSetting{6f4912a com.example.lab2/10448} -> PackageSetting{3417fdf com.hypernova.phone/10495} BLOCKED
08-08 20:10:00.306  3009  3074 I AppsFilter: interaction: PackageSetting{ad8cb1b com.example.lab1/10447} -> PackageSetting{3417fdf com.hypernova.phone/10495} BLOCKED
08-08 20:10:00.306  3009  3074 I AppsFilter: interaction: PackageSetting{e12e4b8 com.example.calculator/10442} -> PackageSetting{3417fdf com.hypernova.phone/10495} BLOCKED
08-08 20:10:00.306  3009  3074 I AppsFilter: interaction: PackageSetting{e0ba291 com.example.test1/10436} -> PackageSetting{3417fdf com.hypernova.phone/10495} BLOCKED
08-08 20:10:00.306  3009  3074 I AppsFilter: interaction: PackageSetting{3a295f6 com.oplus.locationproxy/10168} -> PackageSetting{3417fdf com.hypernova.phone/10495} BLOCKED
08-08 20:10:00.307  3009  3074 I AppsFilter: interaction: PackageSetting{82efdf7 com.android.certinstaller/10211} -> PackageSetting{3417fdf com.hypernova.phone/10495} BLOCKED
08-08 20:10:00.307  3009  3074 I AppsFilter: interaction: PackageSetting{16d9464 com.oplus.location/10225} -> PackageSetting{3417fdf com.hypernova.phone/10495} BLOCKED
08-08 20:10:00.307  3009  3074 I AppsFilter: interaction: PackageSetting{836d6cd com.example.salarysystem/10443} -> PackageSetting{3417fdf com.hypernova.phone/10495} BLOCKED
08-08 20:10:00.307  1399  1399 D vendor.qti.bluetooth@1.0-ibs_handler: [ibs_handler.cpp:372] SerialClockVote: vote for UART CLK ON
08-08 20:10:00.313  1399  1399 D vendor.qti.bluetooth@1.0-uart_transport: [hci_uart_transport.cpp:975] SocRxDWakeup: Flow off->Change UART baudrate to 38.4kbs->send 0x00->Change UART baudrate to max->Flow on
08-08 20:10:00.313  1399  1399 I vendor.qti.bluetooth@1.0-uart_transport: [hci_uart_transport.cpp:529] ## userial_vendor_ioctl: UART Flow Off 
08-08 20:10:00.315 28552 28552 I StartLog: start
08-08 20:10:00.315  1399  1399 I vendor.qti.bluetooth@1.0-uart_transport: [hci_uart_transport.cpp:643] ## userial_vendor_set_baud: 17
08-08 20:10:00.316  3009  4709 D ConnectivityService: requestNetwork for uid/pid:1000/28554 activeRequest: null callbackRequest: 105138 [NetworkRequest [ REQUEST id=105139, [ Capabilities: INTERNET&NOT_RESTRICTED&TRUSTED&NOT_VCN_MANAGED&NOT_BANDWIDTH_CONSTRAINED Uid: 1000 RequestorUid: 1000 RequestorPkg: com.heytap.mcs UnderlyingNetworks: Null] ]] callback flags: 0 order: 2147483647 isUidTracked: false declaredMethods: AVAIL|LOST|NC
08-08 20:10:00.318  5345  5374 D OplusAtlas.OplusAtlasEventDispatch: setEvent:atlas_event_on_foreground_activities_changed info:pid:28665,uid:10495,hasForegroundActivities:1
08-08 20:10:00.320  3009  4135 W ActivityManager: Slow operation: 52ms so far, now at attachApplicationLocked: after updateOomAdjLocked
08-08 20:10:00.316  3979  4433 I ProcessManager: onForegroundActivitiesChanged pid:28665, uid:10495, foregroundActivities:true
08-08 20:10:00.321  1435  1435 E ANDR-PERF-MPCTL: ANDR-PERF-MPCTL: internal_perf_lock_acq_verification() 388: Perflock Submit request limit reached.
08-08 20:10:00.322  3009  3074 V SensorManager: call sensorServiceCommonInterface name: setScreenShotDisable
08-08 20:10:00.322  3009  3074 D SensorServiceExtImpl: sensorServiceCommonInterface funcName = setScreenShotDisable, flag = 0, status = 0
08-08 20:10:00.322  5345  8814 D OplusAtlas.OplusAudioScene: callback success event:atlas_event_on_foreground_activities_changed eventInfo:pid:28665,uid:10495,hasForegroundActivities:1
08-08 20:10:00.323  5345  8816 D OplusAtlas.OplusMessageHandler: handleMessage: Msg { when=-1ms what=0 obj=com.oplus.atlas.OplusAtlasEvent@cab099c target=com.oplus.atlas.OplusMessageHandler$MyHandler }
08-08 20:10:00.323  5345  8991 D OplusAtlas.OplusMessageHandler: handleMessage: Msg { when=-1ms what=2 obj=com.oplus.atlas.OplusAtlasEvent@cab099c target=com.oplus.atlas.OplusMessageHandler$MyHandler }
08-08 20:10:00.324  1536  1536 D AudioFlingerExtImpl: AudioFlingerExtImpl oplusSetParameters: keyvalue onForegroundActivitiesChanged=com.hypernova.phone:foreground:1
08-08 20:10:00.325  1536  1536 D AudioFlingerExtImpl: updateForegroundInfo mForegroundMap(2)|[com.hypernova.phone]=1|[com.android.mms]=1
08-08 20:10:00.325  1399  1399 I vendor.qti.bluetooth@1.0-uart_transport: [hci_uart_transport.cpp:670] SetBaudRate: in BOTHER
08-08 20:10:00.325  1399  1399 I vendor.qti.bluetooth@1.0-uart_transport: [hci_uart_transport.cpp:519] ## userial_vendor_ioctl: UART Flow On 
08-08 20:10:00.326  3009  3074 I OplusHansManager : front pkg: com.hypernova.phone, uid: 10495, prev pkg: com.android.mms, prev uid: 10120
08-08 20:10:00.326  3009  3442 D WifiNetworkFactory: got request NetworkRequest [ REQUEST id=105139, [ Capabilities: INTERNET&NOT_RESTRICTED&TRUSTED&NOT_VCN_MANAGED&NOT_BANDWIDTH_CONSTRAINED Uid: 1000 RequestorUid: 1000 RequestorPkg: com.heytap.mcs UnderlyingNetworks: Null] ]
08-08 20:10:00.326  3009  3074 I ActivityTaskManager: The Process com.hypernova.phone Already Exists in BG. So sending its PID: 28665
08-08 20:10:00.326  3009  3442 D UntrustedWifiNetworkFactory: got request NetworkRequest [ REQUEST id=105139, [ Capabilities: INTERNET&NOT_RESTRICTED&TRUSTED&NOT_VCN_MANAGED&NOT_BANDWIDTH_CONSTRAINED Uid: 1000 RequestorUid: 1000 RequestorPkg: com.heytap.mcs UnderlyingNetworks: Null] ]
08-08 20:10:00.326  3009  3442 D OemPaidWifiNetworkFactory: got request NetworkRequest [ REQUEST id=105139, [ Capabilities: INTERNET&NOT_RESTRICTED&TRUSTED&NOT_VCN_MANAGED&NOT_BANDWIDTH_CONSTRAINED Uid: 1000 RequestorUid: 1000 RequestorPkg: com.heytap.mcs UnderlyingNetworks: Null] ]
08-08 20:10:00.326  3009  3442 D MultiInternetWifiNetworkFactory: got request NetworkRequest [ REQUEST id=105139, [ Capabilities: INTERNET&NOT_RESTRICTED&TRUSTED&NOT_VCN_MANAGED&NOT_BANDWIDTH_CONSTRAINED Uid: 1000 RequestorUid: 1000 RequestorPkg: com.heytap.mcs UnderlyingNetworks: Null] ]
08-08 20:10:00.328  3009  3074 D ActivityTaskManager: setAppVisibility(Token{e5e9b6c ActivityRecord{8a40b40 u0 com.hypernova.phone/.MainActivity t8093}}, visible=true): mNextAppTransitionRequests=[], mNextAppTransitionFlags=,mAppTransitionState=APP_STATE_IDLE visible=false mVisibleRequested=false
08-08 20:10:00.328  3009  3706 I Osense-BaseDecisionMaker: notifySceneToAthenaPolicy: SCENE_APP_SWITCH, bundle: Bundle[{prevPkgName=com.android.mms, curUid=10495, curPkgName=com.hypernova.phone, prevUid=10120}]
08-08 20:10:00.328  3009  3074 D ActivityTaskManager: setVisibility(Token{e5e9b6c ActivityRecord{8a40b40 u0 com.hypernova.phone/.MainActivity t8093}}, visible=true) defer commitVisibility for transition collecting
08-08 20:10:00.329  1399 13000 I vendor.qti.bluetooth@1.0-ibs_handler: [ibs_handler.cpp:854] ProcessIbsCmd: Received IBS_WAKE_ACK: 0xFC
08-08 20:10:00.329  1399 13000 I vendor.qti.bluetooth@1.0-ibs_handler: [ibs_handler.cpp:856] ProcessIbsCmd: Signal wack_cond_
08-08 20:10:00.329   896   896 E lowmemorykiller: device memory 232564 free 4183 file 232688
08-08 20:10:00.329  1399  1399 D vendor.qti.bluetooth@1.0-wake_lock: [wake_lock.cpp:135] Acquire wakelock is acquired 
08-08 20:10:00.329  1399  1399 I vendor.qti.bluetooth@1.0-ibs_handler: [ibs_handler.cpp:668] DeviceWakeUp: Writing IBS_WAKE_IND
08-08 20:10:00.329  3009  3074 D ActivityTaskManager: setAppVisibility(Token{e85105f ActivityRecord{7242bb2 u0 com.android.mms/.ui.conversation.ConversationActivity t8092}}, visible=false): mNextAppTransitionRequests=[], mNextAppTransitionFlags=,mAppTransitionState=APP_STATE_IDLE visible=true mVisibleRequested=true
08-08 20:10:00.330  3009  3074 D ActivityTaskManager: setVisibility(Token{e85105f ActivityRecord{7242bb2 u0 com.android.mms/.ui.conversation.ConversationActivity t8092}}, visible=false) defer commitVisibility for transition collecting
08-08 20:10:00.330  3979  4433 D RunningProcessManager: update process info end, cost(ms) = 9
08-08 20:10:00.330  1399 13000 I vendor.qti.bluetooth@1.0-ibs_handler: [ibs_handler.cpp:854] ProcessIbsCmd: Received IBS_WAKE_ACK: 0xFC
08-08 20:10:00.330  1399 13000 I vendor.qti.bluetooth@1.0-ibs_handler: [ibs_handler.cpp:856] ProcessIbsCmd: Signal wack_cond_
08-08 20:10:00.330  1399  1399 D vendor.qti.bluetooth@1.0-ibs_handler: [ibs_handler.cpp:700] DeviceWakeUp: Unblocked from waiting for FC, pthread_cond_timedwait ret = 0
08-08 20:10:00.330  3009  3706 I Osense-BaseDecisionMaker: scene: SCENE_APP_SWITCH, excutingPolicy: freezer
08-08 20:10:00.331  3009  3074 D WindowManager: rotation(ROTATION_0) no changed  displayId = 0, lastOrientation = 1
08-08 20:10:00.331  3979  4303 E PackageUidManager: pkgs is empty for uid 10495
08-08 20:10:00.331  3009  3706 D Osense-BaseDecisionMaker: invoke freezer policy,type: fast
08-08 20:10:00.331  3009  3074 D ActivityTaskManager: setAppVisibility(Token{e5e9b6c ActivityRecord{8a40b40 u0 com.hypernova.phone/.MainActivity t8093}}, visible=true): mNextAppTransitionRequests=[], mNextAppTransitionFlags=,mAppTransitionState=APP_STATE_IDLE visible=false mVisibleRequested=true
08-08 20:10:00.332  3009  3074 D ActivityTaskManager: setVisibility(Token{e5e9b6c ActivityRecord{8a40b40 u0 com.hypernova.phone/.MainActivity t8093}}, visible=true) defer commitVisibility for transition collecting
08-08 20:10:00.332  3009  3074 D OplusDexOptimizeManager: pkgSetting null!
08-08 20:10:00.332  3009  3074 D OplusCameraStartupOptimization: cameraPreopenIfNeed, r = ActivityRecord{8a40b40 u0 com.hypernova.phone/.MainActivity t8093}
08-08 20:10:00.332  3009  3074 D OplusCameraStartupOptimization: needOptimizeForCamera bNeedOptimize:false clsName: com.hypernova.phone/.MainActivity
08-08 20:10:00.335  3009  4134 I OplusHansManager : onUidActive() update stay time, uid=10495, pkgName=com.hypernova.phone, U stay=352
08-08 20:10:00.335 28519 28519 D ResourcesManagerExtImpl: applyConfigurationToAppResourcesLocked app.getDisplayId() return callback.displayId:-1
08-08 20:10:00.335  3009  3450 D ConnectivityService: NetReassign [105139 : null → 741] [c 0] [a 1] [i 15]
08-08 20:10:00.337  3009  4015 D NativeFreezeManager: freezeForAppSwitchScene mAppLaunchFzDxEnable enter, mFgAppPkgname com.hypernova.phone
08-08 20:10:00.339  3009  3089 I UserAwareMgr: handleTopAppChanged: com.hypernova.phone, pid: 28665, uid: 10495
08-08 20:10:00.339  3009  3074 D ActivityTaskManager: onWindowFocusChanged Task{c6933be #8093 type=standard A=10495:com.hypernova.phone} would transfer to compact
08-08 20:10:00.339  3009  3074 I InputDispatcher: setFocusedApplication displayId=0 ActivityRecord{8a40b40 u0 com.hypernova.phone/.MainActivity t8093}
08-08 20:10:00.340  3009  3074 D ActivityTaskManager: NFW_setLastResumedActivityUncheckLocked:true r:ActivityRecord{8a40b40 u0 com.hypernova.phone/.MainActivity t8093} currentFocus:Window{137a12b u0 com.android.mms/com.android.mms.ui.conversation.ConversationActivity}
08-08 20:10:00.340  3009  3074 D WindowManager: NFW_findFocusedWindowIfNeeded:null mCurrentFocus:Window{137a12b u0 com.android.mms/com.android.mms.ui.conversation.ConversationActivity}
08-08 20:10:00.340  3979  4433 D RunningProcessManager: dispatch process change end, cost(ms) = 0
08-08 20:10:00.343  3979  4433 I RunningProcessManager: onProcessAdded: pid = 27977
08-08 20:10:00.343  3979  4433 I RunningProcessManager: onProcessAdded: pid = 28185
08-08 20:10:00.343  3979  4433 I RunningProcessManager: onProcessAdded: pid = 28519
08-08 20:10:00.343  3979  4433 I RunningProcessManager: onProcessAdded: pid = 28549
08-08 20:10:00.343  3979  4433 I RunningProcessManager: onProcessAdded: pid = 28551
08-08 20:10:00.343  3979  4433 I RunningProcessManager: onProcessAdded: pid = 28552
08-08 20:10:00.343  3979  4433 I RunningProcessManager: onProcessAdded: pid = 28554
08-08 20:10:00.343  3979  4433 I RunningProcessManager: onProcessAdded: pid = 28601
08-08 20:10:00.343  3979  4433 I RunningProcessManager: onProcessAdded: pid = 28623
08-08 20:10:00.343  3979  4433 I RunningProcessManager: onProcessAdded: pid = 28665
08-08 20:10:00.343  3979  4433 I RunningProcessManager: onUidSilent: uid = 10164
08-08 20:10:00.343  3979  4433 I ConferenceScene: preconditionChanged 10164 false
08-08 20:10:00.343  3979  4433 I RunningProcessManager: onUidSilent: uid = 10173
08-08 20:10:00.343  3979  4433 I ConferenceScene: preconditionChanged 10173 false
08-08 20:10:00.343  3979  4433 I RunningProcessManager: onUidSilent: uid = 10181
08-08 20:10:00.343  3979  4433 I ConferenceScene: preconditionChanged 10181 false
08-08 20:10:00.343  3979  4433 I RunningProcessManager: onUidSilent: uid = 10250
08-08 20:10:00.343  3979  4433 I ConferenceScene: preconditionChanged 10250 false
08-08 20:10:00.343  3979  4433 I RunningProcessManager: onUidSilent: uid = 10259
08-08 20:10:00.343  3979  4433 I ConferenceScene: preconditionChanged 10259 false
08-08 20:10:00.343  3979  4433 I RunningProcessManager: onUidSilent: uid = 10488
08-08 20:10:00.343  3979  4433 I ConferenceScene: preconditionChanged 10488 false
08-08 20:10:00.343  3979  4433 I RunningProcessManager: onUidAdded: uid = 10117
08-08 20:10:00.343  3979  4433 I RunningProcessManager: onUidAdded: uid = 10130
08-08 20:10:00.343  3979  4433 I RunningProcessManager: onUidAdded: uid = 10262
08-08 20:10:00.343  3979  4433 I RunningProcessManager: onUidAdded: uid = 10279
08-08 20:10:00.343  3979  4433 I RunningProcessManager: onUidAdded: uid = 10398
08-08 20:10:00.343  3979  4433 I RunningProcessManager: onUidAdded: uid = 10495
08-08 20:10:00.346  1598  1767 D SurfaceFlinger: captureLayers from pid 3009 uid -1
08-08 20:10:00.349 28549 28676 D nativeloader: Load /data/app/~~ZePPVqYeCx3Zzv-H338gow==/com.heytap.mcs-m-TXN5AccAb6Qb4urXoOTg==/base.apk!/lib/arm64-v8a/libmmkv.so using class loader ns clns-7 (caller=/data/app/~~ZePPVqYeCx3Zzv-H338gow==/com.heytap.mcs-m-TXN5AccAb6Qb4urXoOTg==/base.apk!classes3.dex): ok
08-08 20:10:00.354 28665 28678 D OplusAppHeapManager: java.lang.NoSuchMethodException: dalvik.system.VMRuntime.updateProcessValue [int, int, int]
08-08 20:10:00.357 28549 28676 I MMKV    : current API level = 35, libc++_shared=0
08-08 20:10:00.358   896   896 E lowmemorykiller: device memory 233315 free 4309 file 233632
08-08 20:10:00.359 28549 28676 I MMKV    : <MMKV.cpp:166::initialize> version v1.3.14, page size 4096, arch arm64-v8a
08-08 20:10:00.359 28549 28676 I MMKV    : <MMKV.cpp:177::initialize> armv8 AES instructions is supported
08-08 20:10:00.359 28549 28676 I MMKV    : <MMKV.cpp:185::initialize> armv8 CRC32 instructions is supported
08-08 20:10:00.359 28549 28676 I MMKV    : <MMKV.cpp:225::initializeMMKV> root dir: /data/user_de/0/com.heytap.mcs/files/mmkv
08-08 20:10:00.359 28549 28676 I MMKV    : <MemoryFile.cpp:98::open> open fd[0x7f], /data/user_de/0/com.heytap.mcs/files/mmkv/mmkv_com.heytap.mcs.env.config
08-08 20:10:00.359 28549 28676 I MMKV    : <MemoryFile.cpp:203::mmap> mmap to address [0x758bde5000], oldPtr [0x0], [/data/user_de/0/com.heytap.mcs/files/mmkv/mmkv_com.heytap.mcs.env.config]
08-08 20:10:00.360 28549 28676 I MMKV    : <MemoryFile.cpp:98::open> open fd[0x80], /data/user_de/0/com.heytap.mcs/files/mmkv/mmkv_com.heytap.mcs.env.config.crc
08-08 20:10:00.360 28549 28676 I MMKV    : <MemoryFile.cpp:203::mmap> mmap to address [0x758b606000], oldPtr [0x0], [/data/user_de/0/com.heytap.mcs/files/mmkv/mmkv_com.heytap.mcs.env.config.crc]
08-08 20:10:00.360 28549 28676 I MMKV    : <MemoryFile.cpp:98::open> open fd[0x81], /data/user_de/0/com.heytap.mcs/files/mmkv/mmkv_shared_prefs_alert_status_result
08-08 20:10:00.360 28549 28676 I MMKV    : <MemoryFile.cpp:203::mmap> mmap to address [0x758b605000], oldPtr [0x0], [/data/user_de/0/com.heytap.mcs/files/mmkv/mmkv_shared_prefs_alert_status_result]
08-08 20:10:00.360 28549 28676 I MMKV    : <MemoryFile.cpp:98::open> open fd[0x82], /data/user_de/0/com.heytap.mcs/files/mmkv/mmkv_shared_prefs_alert_status_result.crc
08-08 20:10:00.360 28549 28676 I MMKV    : <MemoryFile.cpp:203::mmap> mmap to address [0x758b604000], oldPtr [0x0], [/data/user_de/0/com.heytap.mcs/files/mmkv/mmkv_shared_prefs_alert_status_result.crc]
08-08 20:10:00.361 28549 28676 I MMKV    : <MemoryFile.cpp:98::open> open fd[0x83], /data/user_de/0/com.heytap.mcs/files/mmkv/mmkv_com.heytap.mcs.cloudconfig
08-08 20:10:00.361 28549 28676 I MMKV    : <MemoryFile.cpp:203::mmap> mmap to address [0x758b603000], oldPtr [0x0], [/data/user_de/0/com.heytap.mcs/files/mmkv/mmkv_com.heytap.mcs.cloudconfig]
08-08 20:10:00.361 28549 28676 I MMKV    : <MemoryFile.cpp:98::open> open fd[0x84], /data/user_de/0/com.heytap.mcs/files/mmkv/mmkv_com.heytap.mcs.cloudconfig.crc
08-08 20:10:00.361 28549 28676 I MMKV    : <MemoryFile.cpp:203::mmap> mmap to address [0x758b602000], oldPtr [0x0], [/data/user_de/0/com.heytap.mcs/files/mmkv/mmkv_com.heytap.mcs.cloudconfig.crc]
08-08 20:10:00.361 28549 28676 I MMKV    : <MemoryFile.cpp:98::open> open fd[0x85], /data/user_de/0/com.heytap.mcs/files/mmkv/mmkv_com.heytap.mcs.externalconfig
08-08 20:10:00.361 28549 28676 I MMKV    : <MemoryFile.cpp:203::mmap> mmap to address [0x758a7a3000], oldPtr [0x0], [/data/user_de/0/com.heytap.mcs/files/mmkv/mmkv_com.heytap.mcs.externalconfig]
08-08 20:10:00.361 28549 28676 I MMKV    : <MemoryFile.cpp:98::open> open fd[0x86], /data/user_de/0/com.heytap.mcs/files/mmkv/mmkv_com.heytap.mcs.externalconfig.crc
08-08 20:10:00.361 28549 28676 I MMKV    : <MemoryFile.cpp:203::mmap> mmap to address [0x758a7a2000], oldPtr [0x0], [/data/user_de/0/com.heytap.mcs/files/mmkv/mmkv_com.heytap.mcs.externalconfig.crc]
08-08 20:10:00.361 28549 28676 I MMKV    : <MemoryFile.cpp:98::open> open fd[0x87], /data/user_de/0/com.heytap.mcs/files/mmkv/mmkv_com.heytap.mcs.expfunctionconfig
08-08 20:10:00.361 28549 28676 I MMKV    : <MemoryFile.cpp:203::mmap> mmap to address [0x758a7a1000], oldPtr [0x0], [/data/user_de/0/com.heytap.mcs/files/mmkv/mmkv_com.heytap.mcs.expfunctionconfig]
08-08 20:10:00.361 28549 28676 I MMKV    : <MemoryFile.cpp:98::open> open fd[0x88], /data/user_de/0/com.heytap.mcs/files/mmkv/mmkv_com.heytap.mcs.expfunctionconfig.crc
08-08 20:10:00.361 28549 28676 I MMKV    : <MemoryFile.cpp:203::mmap> mmap to address [0x758a605000], oldPtr [0x0], [/data/user_de/0/com.heytap.mcs/files/mmkv/mmkv_com.heytap.mcs.expfunctionconfig.crc]
08-08 20:10:00.362  3009  3712 I Osense-PsiDetector: 911,16,2922,4607,37,165,117,694,1189,454,458,0,4,5646
08-08 20:10:00.364  1416 10610 I WifiHAL : event received NL80211_CMD_VENDOR, vendor_id = 0x1374, subcmd = 0xd
08-08 20:10:00.365 28549 28676 I MMKV    : <MMKV_IO.cpp:214::loadMetaInfoAndCheck> meta file [mmkv_com.heytap.mcs.env.config] has flag [0]
08-08 20:10:00.365  2259  2259 I cnss-daemon: nl80211 response handler invoked
08-08 20:10:00.365  2259  2259 I cnss-daemon: nl80211_response_handler: cmd 103, vendorID 4980, subcmd 13  received
08-08 20:10:00.365  3009  3705 I Osense-BaseDecisionMaker: notifySceneToAthenaPolicy: SCENE_RES_MEM_PSI_NORMAL, bundle: Bundle[{memLevel=4}]
08-08 20:10:00.367 19189 19251 I HealthLife.full: BaseWearableDevice, Infinix XWatch N4, CA:C6, 0x000000041f0310102d, syncBloodOxygen queryHistoryBloodOxygen
08-08 20:10:00.370  3009  3705 I Osense-BaseDecisionMaker: scene: SCENE_RES_MEM_PSI_NORMAL, excutingPolicy: clear
08-08 20:10:00.370  3009  3705 D Osense-BaseDecisionMaker: invoke clear policy,type: cached
08-08 20:10:00.370  3009  3705 I Osense-BaseDecisionMaker: notifySceneToAthenaPolicy: SCENE_RES_MEM_PSI_LEAK, bundle: Bundle[{memLevel=4}]
08-08 20:10:00.372 28549 28676 I MMKV    : <MMKV_IO.cpp:84::loadFromFile> loading [mmkv_com.heytap.mcs.env.config] with 4073 actual size, file size 4096, InterProcess 1, meta info version:4
08-08 20:10:00.372 28549 28676 I MMKV    : <MMKV_IO.cpp:89::loadFromFile> loading [mmkv_com.heytap.mcs.env.config] with crc 4071116761 sequence 3 version 4
08-08 20:10:00.372 28549 28676 I MMKV    : <MMKV_IO.cpp:133::loadFromFile> loaded [mmkv_com.heytap.mcs.env.config] with 2 key-values
08-08 20:10:00.373  3009  3710 I OsenseKillAction: KillAction: [atomic clean] start name=lowmem, requestId=122317, startAvail=910, startFreeMB=14, purposeAvailMB=1200, purposeFreeMB=-1, anonRssTarget=290, minBgCount=0, swapTarget=0, scene=SCENE_RES_MEM_PSI_NORMAL, type=cached, qb=false, cchOnly=true, urgency=false, hoggingCpuPids={}, invalid-cnt=0
08-08 20:10:00.374  3009  3710 I OsenseKillAction: KillAction: last: 876mb, 542795214, 1200mb, now: 910mb, 542796193, 1200mb
08-08 20:10:00.374  3009  3710 I OsenseKillAction: KillAction: [atomic clean] end: skip for reclaim-continuously
08-08 20:10:00.374  3009  3710 I OsenseKillAction: KillAction: 290mb more anonRss to reclaim, 0mb more swapMb to reclaim, <skip> mem guard, cur avail=0mb, bundle: Bundle[{appcareThreshold=0, triggerMemory=1000, qbmode=false, memLevel=4, type=cached, level=1, scene=SCENE_RES_MEM_PSI_NORMAL, requestId=122317, purposeMemory=1200}]
08-08 20:10:00.413 19189 19251 I HealthLife.full: BaseWearableDevice, Infinix XWatch N4, CA:C6, 0x000000041f0310102d, syncHeartRate() thread: DefaultDispatcher-worker-8
08-08 20:10:00.414 19189 19251 D MoYoung : queryHeartRateData: Sat Aug 08 20:10:00 GMT+03:00 2026
08-08 20:10:00.424 28552 28552 W HomeTimeRecorderManager: applicationCreate: 1786209000418
08-08 20:10:00.430  1598  1767 D OplusLayer: setProcInfo (125462,IME-snapshot-surface#125462,system_server,0x6B7B3E53)
08-08 20:10:00.436 18939 18939 D EventBus: No subscribers registered for event class p4.h
08-08 20:10:00.436 18939 18939 D EventBus: No subscribers registered for event class org.greenrobot.eventbus.h
08-08 20:10:00.440 28554 28596 I MMKV    : Disable checkProcessMode()
08-08 20:10:00.449 19189 19251 D MoYoung : queryHeartRateData historyDay: TODAY
08-08 20:10:00.451  3009  3074 V WindowManager: Changing focus from Window{137a12b u0 com.android.mms/com.android.mms.ui.conversation.ConversationActivity} to null,diplayid=0
08-08 20:10:00.458   896   896 E lowmemorykiller: device memory 230559 free 2977 file 232168
08-08 20:10:00.458 26103 26217 W CursorEntityList@49808870: release: cursor closed
08-08 20:10:00.461  3009  3074 D FlexibleTaskController: onTaskFocusChanged prevTask:Task{77f1654 #8092 type=standard A=10120:com.android.mms} ,currentTask:Task{c6933be #8093 type=standard A=10495:com.hypernova.phone}, reason: realStartActivityLocked - onActivityStateChanged
08-08 20:10:00.461  3009  3074 D OplusFlexibleDCSManager: onNextPkgChanged pkg = com.hypernova.phone
08-08 20:10:00.462  3009  3538 I [UAH_CLIENT]: UahEventAcquire, cmdid:0, pkg:com.hypernova.phone, identity:com.android.server.wm
08-08 20:10:00.462  3009  3074 D OplusAppStartupConfigExt: ActivityChangedListener prePkg = com.android.mms  nextPkg = com.hypernova.phone
08-08 20:10:00.462  3009  3074 I OplusJoystickManager: handleApplicationSwitch deprecated!
08-08 20:10:00.466  3935  3935 E SmsApplication: com.android.mms lost android:read_cell_broadcasts:  (fixing)
08-08 20:10:00.467  3009  3249 W AppOpService: Ignored setUidMode call for runtime permission app op: uid = 10120, code = READ_CELL_BROADCASTS, mode = allow, callingUid = 1001, oldMode = allow
08-08 20:10:00.473  3009  3074 I TaskOrganizerController: onTaskInfoChanged taskid 8092 config { mBounds=Rect(0, 0 - 720, 1604) mAppBounds=Rect(0, 0 - 720, 1604) mMaxBounds=Rect(0, 0 - 720, 1604) mDisplayRotation=ROTATION_0 mWindowingMode=fullscreen mActivityType=standard mAlwaysOnTop=undefined mRotation=ROTATION_0}
08-08 20:10:00.474  3009  4177 D OplusAppSwitchListener: Detect com.android.mms switch to background
08-08 20:10:00.474  3009  4177 D OplusFeatureReduceBrightness: onAppExit , info = com.android.mms
08-08 20:10:00.478  3009  4177 D OplusEapManager: mTargetExitName :com.android.mms
08-08 20:10:00.482  3979  4348 D ActivityAdapter: onCommonAppExit: OplusAppExitInfo = {  targetName = com.android.mms hasResumingActivity = true resumingPackageName = com.hypernova.phone resumingActivityName = com.hypernova.phone.MainActivity resumingWindowMode = 1 isResumingMultiApp = false isResumingFirstStart = false extension = Bundle[mParcelledData.dataSize=128]}
08-08 20:10:00.482  3009  4177 D OplusAppSwitchListener: Detect com.hypernova.phone switch to foreground
08-08 20:10:00.482  3009  4177 D OplusFeatureRiderMode: onAppEnter , info = com.hypernova.phone
08-08 20:10:00.482  3009  3134 I OplusSmartBrightnessController: handleMessage MSG_POWER_BRIGHTNESS_CHANGED.
08-08 20:10:00.483 19189 19251 I HealthLife.full: BaseWearableDevice, Infinix XWatch N4, CA:C6, 0x000000041f0310102d, syncHeartRate() yesterdayHeartRateBean: null
08-08 20:10:00.483 19189 19251 I HealthLife.full: BaseWearableDevice, Infinix XWatch N4, CA:C6, 0x000000041f0310102d, syncSleep() thread: DefaultDispatcher-worker-8
08-08 20:10:00.483 19189 19251 D MoYoung : queryTodaySleepData
08-08 20:10:00.483  3009  4177 D OplusEapManager: mTargetEnterName :com.hypernova.phone
08-08 20:10:00.484  3009  4177 D OplusLatencyOptimizerManager: enter pkg: com.hypernova.phone isPrevBlackAppTop: false mIsBlackAppTop: false
08-08 20:10:00.484  3009  4177 D VRR [OPlusFrontAppManager]: OnAppSwitchObserver: onAppEnter , info.targetName = com.hypernova.phone
08-08 20:10:00.484  3610  3622 V DCSEX-AppSwitchManager: OnAppSwitchObserver: onAppExit, resuming = com.hypernova.phone, target = com.android.mms, is ResumingFirstStart =  false, is ResumingMultiApp =  false, extensionInfo =  Bundle[mParcelledData.dataSize=128]
08-08 20:10:00.485  3009  3074 D OplusFlexibleWindowMinimizedManagerHelper: onTaskInfoChanged taskInfo:TaskInfo{userId=0 taskId=8092 displayId=0 isRunning=true baseIntent=Intent { act=android.intent.action.MAIN cat=[android.intent.category.LAUNCHER] flg=0x10200000 cmp=com.android.mms/.ui.ConversationList mCallingUid=10198 } baseActivity=ComponentInfo{com.android.mms/com.android.mms.ui.ConversationList} topActivity=ComponentInfo{com.android.mms/com.android.mms.ui.conversation.ConversationActivity} origActivity=null realActivity=ComponentInfo{com.android.mms/com.android.mms.ui.ConversationList} numActivities=2 lastActiveTime=895695748 supportsSplitScreenMultiWindow=true supportsMultiWindow=true supportsPocketStudioMultiWindow=true isInFlexibleEmbedded = false uid = 10120 pid = 26103 resizeMode=1 isResizeable=true minWidth=-1 minHeight=-1 defaultMinSize=220 token=WCT{RemoteToken{2f54f6f Task{77f1654 #8092 type=standard A=10120:com.android.mms}}} topActivityType=1 pictureInPictureParams=null shouldDockBigOverlays=false launchIntoPipHostTaskId=-1 lastParentTaskIdBeforePip=-1 displayCutoutSafeInsets=Rect(0, 65 - 0, 0) topActivityInfo=ActivityInfo{e1ae562 com.android.mms.ui.conversation.ConversationActivity} launchCookies=[android.os.BinderProxy@ce054ac] positionInParent=Point(0, 0) parentTaskId=-1 isFocused=false isVisible=true isVisibleRequested=false isSleeping=false locusId=null displayAreaFeatureId=1 isTopActivityTransparent=false appCompatTaskInfo=AppCompatTaskInfo { topActivityInSizeCompat=false topActivityInOplusCompatMode=false topActivityEligibleForLetterboxEducation= falseisLetterboxEducationEnabled= false isLetterboxDoubleTapEnabled= false topActivityEligibleForUserAspectRatioButton= false topActivityBoundsLetterboxed= false isFromLetterboxDoubleTap= false topActivityLetterboxVerticalPosition= -1 topActivityLetterboxHorizontalPosition= -1 topActivityLetterboxWidth=720 topActivityLetterboxHeight=1604 isUserFullscreenOverrideEnabled=false isSystemFullscreenOverrideEnabled=false cameraCompatTaskInfo=CameraCompatTaskInfo { cameraCompatControlState=hidden freeformCameraCompatMode=inactive}} topActivityLetterboxInsets=Rect(0, 0 - 0, 0) mOplusExtraBundle = Bundle[{androidx.flexible.taskFrame=Rect(0, 0 - 0, 0), key_flexible_task_state=0, androidx.activity.LaunchScenario=0, androidx.activity.LaunchScale=1.0}]} task:Task{77f1654 #8092 type=standard A=10120:com.android.mms}
08-08 20:10:00.485  3009  3074 D OplusFlexibleDragToSplitAnimController: visibleFlexibleTaskInfos delete:8092
08-08 20:10:00.484  4088  4112 I ndroid.launcher: Background concurrent mark compact GC freed 5022KB AllocSpace bytes, 25(1340KB) LOS objects, 49% free, 24MB/48MB, paused 37.009ms,35.775ms total 2.376s
08-08 20:10:00.485  3009  3124 D ColorAutomaticBrightnessController: MSG_UPDATE_BRIGHTNESS
08-08 20:10:00.485  3009  3074 D ActivityTaskManager: isStartingWindowDisplayed: data.mIsDisplayed = true, mStartingWindow.isDrawn = true
08-08 20:10:00.485  3009  3074 D ActivityTaskManager: isStartingWindowDisplayed: data.mIsDisplayed = true, mStartingWindow.isDrawn = true
08-08 20:10:00.485  3009  3142 D VRR [OPlusRefreshRateService]: handleFrontAppChange pkgName: null
08-08 20:10:00.486  3009  3142 D VRR [OPlusRefreshRateService]: handleFrontAppChange pkgName: com.hypernova.phone
08-08 20:10:00.486  3009  3142 D VRR [OPlusSurfaceFlingerController]:  setTouchIdleShouldPause : false
08-08 20:10:00.486  3009  3074 D ActivityTaskManager: commitVisibility: ActivityRecord{8a40b40 u0 com.hypernova.phone/.MainActivity t8093}: visible=true visibleRequested=true, isInTransition=true, runningAnimation=true 
08-08 20:10:00.486  3009  3074 I WindowManager: Window{7d03d7a u0 Splash Screen com.hypernova.phone} state from READY_TO_SHOW to HAS_DRAWN; reason: performShowLocked
08-08 20:10:00.486  3009  3074 I WindowStateExtImpl: onSurfaceShowChange show = true mPackageName = com.hypernova.phone parentPkgName = com.hypernova.phone
08-08 20:10:00.488 28554 28596 D nativeloader: Load /data/app/~~ZePPVqYeCx3Zzv-H338gow==/com.heytap.mcs-m-TXN5AccAb6Qb4urXoOTg==/base.apk!/lib/arm64-v8a/libmmkv.so using class loader ns clns-7 (caller=/data/app/~~ZePPVqYeCx3Zzv-H338gow==/com.heytap.mcs-m-TXN5AccAb6Qb4urXoOTg==/base.apk!classes3.dex): ok
08-08 20:10:00.489 28554 28596 I MMKV    : current API level = 35, libc++_shared=0
08-08 20:10:00.489 28554 28596 I MMKV    : <MMKV.cpp:166::initialize> version v1.3.14, page size 4096, arch arm64-v8a
08-08 20:10:00.489 28554 28596 I MMKV    : <MMKV.cpp:177::initialize> armv8 AES instructions is supported
08-08 20:10:00.489 28554 28596 I MMKV    : <MMKV.cpp:185::initialize> armv8 CRC32 instructions is supported
08-08 20:10:00.489 28554 28596 I MMKV    : <MMKV.cpp:225::initializeMMKV> root dir: /data/user_de/0/com.heytap.mcs/files/mmkv
08-08 20:10:00.489 28554 28596 I MMKV    : <MemoryFile.cpp:98::open> open fd[0x7d], /data/user_de/0/com.heytap.mcs/files/mmkv/mmkv_com.heytap.mcs.config
08-08 20:10:00.489 28554 28596 I MMKV    : <MemoryFile.cpp:203::mmap> mmap to address [0x758bde6000], oldPtr [0x0], [/data/user_de/0/com.heytap.mcs/files/mmkv/mmkv_com.heytap.mcs.config]
08-08 20:10:00.490 28554 28596 I MMKV    : <MemoryFile.cpp:98::open> open fd[0x7e], /data/user_de/0/com.heytap.mcs/files/mmkv/mmkv_com.heytap.mcs.config.crc
08-08 20:10:00.490 28554 28596 I MMKV    : <MemoryFile.cpp:203::mmap> mmap to address [0x758bde5000], oldPtr [0x0], [/data/user_de/0/com.heytap.mcs/files/mmkv/mmkv_com.heytap.mcs.config.crc]
08-08 20:10:00.490 28554 28596 I MMKV    : <MMKV_IO.cpp:214::loadMetaInfoAndCheck> meta file [mmkv_com.heytap.mcs.config] has flag [0]
08-08 20:10:00.490 28554 28596 I MMKV    : <MMKV_IO.cpp:84::loadFromFile> loading [mmkv_com.heytap.mcs.config] with 2683 actual size, file size 4096, InterProcess 1, meta info version:4
08-08 20:10:00.490 28554 28596 I MMKV    : <MMKV_IO.cpp:89::loadFromFile> loading [mmkv_com.heytap.mcs.config] with crc 3924461604 sequence 1289 version 4
08-08 20:10:00.490 28554 28596 I MMKV    : <MMKV_IO.cpp:133::loadFromFile> loaded [mmkv_com.heytap.mcs.config] with 53 key-values
08-08 20:10:00.491  1598  1854 D VRR [OTI]: handleIdle from 1 to 0
08-08 20:10:00.491  1598  1854 D VRR [OTI-HW]: isStateReady 0
08-08 20:10:00.491  1598  1854 D VRR [OTI-HW]: rate range: min {id=1, hwcId=1, resolution=720x1604, vsyncRate=60.00 Hz, dpi=265.04x262.85, group=0, vrrConfig=N/A} cur {id=1, hwcId=1, resolution=720x1604, vsyncRate=60.00 Hz, dpi=265.04x262.85, group=0, vrrConfig=N/A} max {id=1, hwcId=1, resolution=720x1604, vsyncRate=60.00 Hz, dpi=265.04x262.85, group=0, vrrConfig=N/A}
08-08 20:10:00.491  1598  1854 D VRR [OTI-HW]: keep rate.
08-08 20:10:00.492  6966  6975 W Battery : AppSwitchDetectorV2: OnAppSwitchObserver: onAppExit , info = OplusAppExitInfo = {  targetName = com.android.mms hasResumingActivity = true resumingPackageName = com.hypernova.phone resumingActivityName = com.hypernova.phone.MainActivity resumingWindowMode = 1 isResumingMultiApp = false isResumingFirstStart = false extension = Bundle[mParcelledData.dataSize=128]}
08-08 20:10:00.493 18939 18939 D ViewRootImplExtImpl: wrapConfigInfoIntoFlags rotation=0, smallestScreenWidthDp=424, relayoutAsync=false, flags=1, newFlags=27787265, residentWS=false, title=InputMethod
08-08 20:10:00.494  3009  3074 E OplusAppQuickStart_AppQuickStartController: not start from launcher transition:TransitionRecord{c63179a id=8956 track=0 type=OPEN flags=0x0 state=1}
08-08 20:10:00.495  3009  3074 D Transition: collectOrderChanges onTopTasksEnd: [Task{c6933be #8093 type=standard A=10495:com.hypernova.phone}], reportedOnTop:null, mOnTopTasksStart: [Task{c6933be #8093 type=standard A=10495:com.hypernova.phone}], TDA child: [Task{16cdd64 #2 type=undefined}, Task{e68fb09 #1 type=home}, Task{ad00ff #8090 type=standard A=10131:com.oppo.gallery3d.app.Gallery}, Task{9f55b3a #8091 type=standard A=10147:com.oplus.camera}, Task{77f1654 #8092 type=standard A=10120:com.android.mms}, Task{c6933be #8093 type=standard A=10495:com.hypernova.phone}]
08-08 20:10:00.495  3009  3074 D OplusTransitionAnimationManager: Transition replace type from OPEN to OPEN, mNextAppTransitionRequests : [1, 1]
08-08 20:10:00.497  3680  3753 D ShellTaskOrganizerExt: visibleFlexibleTaskInfos delete:8092
08-08 20:10:00.496  3009  3074 D OplusFlexibleActivityTransitionManager: fixTransitType type result:1, targets: [Task{c6933be #8093 type=standard A=10495:com.hypernova.phone}, Task{77f1654 #8092 type=standard A=10120:com.android.mms}]
08-08 20:10:00.498  3680  3753 D ShellTaskOrganizerExt: isOnCanvas size:0
08-08 20:10:00.498  3680  3753 D ShellTaskOrganizerExt: isOnThreeFlexibleCanvas size:0
08-08 20:10:00.503  3009  4717 D CompatChangeReporter: Compat change id reported: 297989574; UID 1000; state: ENABLED
08-08 20:10:00.507  3009  3074 D OplusTransitionAnimationManager: markLaunchFromDriveIfNeed: isFromDrive = false
08-08 20:10:00.507  3009  3074 D OplusTransitionAnimationManager: markLaunchFromDriveIfNeed: isFromDrive = false
08-08 20:10:00.507  3009  3074 D QuickBackInputPolicy: resetInputInterceptState for remoteTransition
08-08 20:10:00.507  6966  6975 W Battery : ThermalControlUtils: mForegroundPkg=com.hypernova.phone mLastWindowMode=1
08-08 20:10:00.507  4034  5963 I Athena  : AthenaDynamicReceiver: pre_app:com.android.mms, next_app:com.hypernova.phone(10495|28665)
08-08 20:10:00.507  3009  3074 D OplusTransitionController: onTransactionReady, transition: 8956, 
08-08 20:10:00.507  3009  3074 D OplusTransitionController:  info: {id=8956 t=OPEN f=0x0 trk=0 r=[0@Point(0, 0)] c=[{WCT{RemoteToken{5c486a7 Task{c6933be #8093 type=standard A=10495:com.hypernova.phone}}} m=OPEN f=NONE leash=Surface(name=Task=8093)/@0x1de6754 sb=Rect(0, 0 - 720, 1604) eb=Rect(0, 0 - 720, 1604) d=0 taskParent=-1},{WCT{RemoteToken{2f54f6f Task{77f1654 #8092 type=standard A=10120:com.android.mms}}} m=TO_BACK f=NONE leash=Surface(name=Task=8092)/@0xc0e88f9 sb=Rect(0, 0 - 720, 1604) eb=Rect(0, 0 - 720, 1604) d=0 taskParent=-1}] extendInfo=[OplusTransitionExtendedInfo{mTmpFinishT=null, mInOplusCompatMode=false, mIsProcessRunning=true, mHasMismatchBoundsTarget=false, mRecentsController=null, mIsTranslucentActivityToHome=false, mAvoidInterceptKeyEventToHome=false, mIsFromHome=false, mParentLeash=null, mIsOplusAnimRes=false, mIsFromOverlay=false, mIsBalAllow=true, mTaskNotInRecent=false, mIsLaunchFromSpruce=false, mIsLaunchFromDrive=false, mAssistScreenShowing=false, mAbortTransitionOnShell=false, mUserIdTransition=0, mInRemoteScene=false, mInPreReady=false, mToken=null, mShellApplyToken=null, mRequestTransitionTaskId=8093, mAnimStartingPosition=[0, 0, 0, 0], mIsOpeningStkDialogActivity=false}]}, 
08-08 20:10:00.507  3009  3074 D OplusTransitionController:  targets : [Task{c6933be #8093 type=standard A=10495:com.hypernova.phone}, Task{77f1654 #8092 type=standard A=10120:com.android.mms}], 
08-08 20:10:00.507  3009  3074 D OplusTransitionController:  participants: {ActivityRecord{7242bb2 u0 com.android.mms/.ui.conversation.ConversationActivity t8092}, ActivityRecord{8a40b40 u0 com.hypernova.phone/.MainActivity t8093}, Task{c6933be #8093 type=standard A=10495:com.hypernova.phone}}, 
08-08 20:10:00.507  3009  3074 D OplusTransitionController:  playings:[TransitionRecord{c63179a id=8956 track=0 type=OPEN flags=0x0 state=2}]
08-08 20:10:00.509  3610  3622 V DCSEX-AppSwitchManager: OnAppSwitchObserver: onAppEnter, launchedFrom =  com.android.shell, target =  com.hypernova.phone, is firstStart =  false, is multiApp =  false, extensionInfo =  Bundle[mParcelledData.dataSize=188]
08-08 20:10:00.514  3979  4446 D OplusLinkBoostSceneManager: onAppExit:com.android.mms
08-08 20:10:00.514  3610 12304 D DCSEX-AppLaunchEventRecorder: onAppSwitch from = com.android.mms to = com.hypernova.phone
08-08 20:10:00.514  3979  4446 D OplusLinkBoostSceneManager: onCommonAppExit: reset foreground app
08-08 20:10:00.514  3610 12304 D DCSEX-AppLaunchEventRecorder: recordExitApp = com.android.mms
08-08 20:10:00.521  3009  3030 W AppOpService: Ignored setUidMode call for runtime permission app op: uid = 1001, code = READ_SMS, mode = allow, callingUid = 1001, oldMode = allow
08-08 20:10:00.522  6966  6975 I DeepThinkerSDK: [APP] ClientConnection: getDeepThinkerBridge start
08-08 20:10:00.522  3979  4348 D AppSwitchObserver: EventId=21	INPUT_PROCESS_FRONT	TimeStamp =1786209000522	Intent =null	Content =null	Pid =28665	PkgName =com.hypernova.phone
08-08 20:10:00.523  3979  4348 D ActivityAdapter: onCommonAppEnter: OplusAppEnterInfo = {  windowMode = 1 targetName = com.hypernova.phone multiApp = false firstStart = false launchedFromPackage = com.android.shell intent = Intent { act=com.hypernova.phone.action.OPEN flg=0x10000000 pkg=com.hypernova.phone cmp=com.hypernova.phone/.MainActivity mCallingUid=2000 } extension = Bundle[mParcelledData.dataSize=188]}
08-08 20:10:00.524  3009  3030 W AppOpService: Ignored setUidMode call for runtime permission app op: uid = 1001, code = RECEIVE_SMS, mode = allow, callingUid = 1001, oldMode = allow
08-08 20:10:00.525  3979  4433 D AppSceneEventManager: handleMessage: 101
08-08 20:10:00.525  3979  4433 I DispatcherPolicy: onBaseEvent EventId=21	INPUT_PROCESS_FRONT	TimeStamp =1786209000522	Intent =null	Content =null	Pid =28665	PkgName =com.hypernova.phone
08-08 20:10:00.525  3979  4433 I LiveScene: onInputEvent : INPUT_PROCESS_FRONT
08-08 20:10:00.525  3979  4433 I ConferenceScene: event.eventId: 21
08-08 20:10:00.525  3979  4433 I ConferenceScene: uidGroups_contains_uid : false
08-08 20:10:00.525  3979  4433 I GamingScene: onInputEvent : INPUT_PROCESS_FRONT
08-08 20:10:00.525  3979  4433 I GamingScene: isGamePkg : false  pkg: com.hypernova.phone
08-08 20:10:00.525  3979  4433 I GamingScene: checkSceneStatus inScene : false  reason : scene_process_front  gameScene : 0
08-08 20:10:00.526  3979  4446 D OplusLinkBoostSceneManager: onAppEnter:com.hypernova.phone
08-08 20:10:00.530  3009  4709 W AppOpService: Ignored setUidMode call for runtime permission app op: uid = 1001, code = RECEIVE_WAP_PUSH, mode = allow, callingUid = 1001, oldMode = allow
08-08 20:10:00.530  3979  4446 D OplusLinkBoostSceneManager: sceneStateUpdate: 5002,com.hypernova.phone,switch:[false, true, true]
08-08 20:10:00.531  3979  4446 D OplusLinkBoostCommon: onSceneUpdated: 5002,com.hypernova.phone
08-08 20:10:00.531  3009  4709 W AppOpService: Ignored setUidMode call for runtime permission app op: uid = 1001, code = SEND_SMS, mode = allow, callingUid = 1001, oldMode = allow
08-08 20:10:00.531  3979  4433 I GamingScene: screenOn : true
08-08 20:10:00.531  3979  4433 I GamingScene: topPackage is equal to mInScenePackage : false  topPackage : com.hypernova.phone mInScenePackage : 
08-08 20:10:00.531  3979  4433 I GamingScene: mGamingPkgSet contains topPackage : false  mGamingPkgSet : {}
08-08 20:10:00.534  3009  4786 W AppOpService: Ignored setUidMode call for runtime permission app op: uid = 1001, code = READ_CELL_BROADCASTS, mode = allow, callingUid = 1001, oldMode = allow
08-08 20:10:00.534 11686 10701 V TopActivityMonitor: OnAppSwitchObserver: onActivityExit , info = OplusAppExitInfo = {  targetName = com.android.mms.ui.conversation.ConversationActivity hasResumingActivity = true resumingPackageName = com.hypernova.phone resumingActivityName = com.hypernova.phone.MainActivity resumingWindowMode = 1 isResumingMultiApp = false isResumingFirstStart = false extension = Bundle[mParcelledData.dataSize=128]}
08-08 20:10:00.537 11686 11871 D GestureMonitorController: update top = onActivityExit
08-08 20:10:00.537 11686 11871 V GestureMonitorController: updateGestureForGroundState no such gesture
08-08 20:10:00.538 11686 11871 V GestureMonitorController: updateGestureForGroundState no such gesture
08-08 20:10:00.538 11686 11871 V GestureMonitorController: updateGestureForGroundState no such gesture
08-08 20:10:00.538 11686 11871 V GestureMonitorController: updateGestureForGroundState no such gesture
08-08 20:10:00.538 11686 11871 V GestureMonitorController: updateGestureForGroundState no such gesture
08-08 20:10:00.546 28554 28596 I MMKV    : <MemoryFile.cpp:98::open> open fd[0x7f], /data/user_de/0/com.heytap.mcs/files/mmkv/mmkv_com.heytap.mcs.static.backup
08-08 20:10:00.546 28554 28596 I MMKV    : <MemoryFile.cpp:203::mmap> mmap to address [0x758b606000], oldPtr [0x0], [/data/user_de/0/com.heytap.mcs/files/mmkv/mmkv_com.heytap.mcs.static.backup]
08-08 20:10:00.547 28554 28596 I MMKV    : <MemoryFile.cpp:98::open> open fd[0x80], /data/user_de/0/com.heytap.mcs/files/mmkv/mmkv_com.heytap.mcs.static.backup.crc
08-08 20:10:00.547 28554 28596 I MMKV    : <MemoryFile.cpp:203::mmap> mmap to address [0x758b605000], oldPtr [0x0], [/data/user_de/0/com.heytap.mcs/files/mmkv/mmkv_com.heytap.mcs.static.backup.crc]
08-08 20:10:00.549  1479  5654 D charge_time: type=cdp/dcp,reserve_soc=1,soc=60,ui_soc=61,current=447,avg=989,not_chg_cnt=0,stable_cnt=7,fcc=4423,fcc_ratio=92,delta=114,debug=0,region=12,ttf=6188(01:43:08),ui_ttf=5149(01:25:49)
08-08 20:10:00.549 28554 28596 I MMKV    : <MMKV_IO.cpp:214::loadMetaInfoAndCheck> meta file [mmkv_com.heytap.mcs.static.backup] has flag [0]
08-08 20:10:00.551 28554 28596 I MMKV    : <MMKV_IO.cpp:84::loadFromFile> loading [mmkv_com.heytap.mcs.static.backup] with 244 actual size, file size 4096, InterProcess 1, meta info version:4
08-08 20:10:00.551 28554 28596 I MMKV    : <MMKV_IO.cpp:89::loadFromFile> loading [mmkv_com.heytap.mcs.static.backup] with crc 4170916738 sequence 278 version 4
08-08 20:10:00.551 28554 28596 I MMKV    : <MMKV_IO.cpp:133::loadFromFile> loaded [mmkv_com.heytap.mcs.static.backup] with 0 key-values
08-08 20:10:00.559   896   896 E lowmemorykiller: device memory 229780 free 2932 file 231523
08-08 20:10:00.561 19189 19251 I HealthLife.full: BaseWearableDevice, Infinix XWatch N4, CA:C6, 0x000000041f0310102d, syncSleep() yesterdaySleepBean: WatchSleepListEntity(time=1786050000000, sleepList=[SleepBean(startTime=109, endTime=244, totalTime=135, type=1, sleepCategory=0), SleepBean(startTime=244, endTime=353, totalTime=109, type=2, sleepCategory=0), SleepBean(startTime=353, endTime=358, totalTime=5, type=1, sleepCategory=0), SleepBean(startTime=358, endTime=448, totalTime=90, type=2, sleepCategory=0), SleepBean(startTime=448, endTime=449, totalTime=1, type=1, sleepCategory=0)], mac='20:EC:98:01:CA:C6', complete=true)
08-08 20:10:00.569 19189 19251 I HealthLife.full: BaseWearableDevice, Infinix XWatch N4, CA:C6, 0x000000041f0310102d, syncSleep() yesterdayNapBean: null
08-08 20:10:00.569 19189 19251 I HealthLife.full: BaseWearableDevice, Infinix XWatch N4, CA:C6, 0x000000041f0310102d, syncStep() thread: DefaultDispatcher-worker-8
08-08 20:10:00.596 19189 19251 I HealthLife.full: BaseWearableDevice, Infinix XWatch N4, CA:C6, 0x000000041f0310102d, syncStep() yesterdayStepData: WatchStepListEntity(time=1786050000000, mac=20:EC:98:01:CA:C6, stepList=[0, 0, 0, 0, 0, 0, 0, 0, 0, 0, 0, 0, 0, 0, 0, 0, 0, 0, 740, 495, 98, 0, 0, 0], complete=true, deviceName=Infinix XWatch N4, openId=, did=0004102D20EC9801CAC6)
08-08 20:10:00.596 19189 19251 I HealthLife.full: BaseWearableDevice, Infinix XWatch N4, CA:C6, 0x000000041f0310102d, syncPressure() thread: DefaultDispatcher-worker-8
08-08 20:10:00.597  3009  3074 W WindowManager: captureTaskSnapshot mSnapshotMode= 0 source=Task{77f1654 #8092 type=standard A=10120:com.android.mms}
08-08 20:10:00.599  3009  3074 D TaskSnapshotControllerExtImpl: createTaskSnapshot isCompatMode:false, isCompactWindow:false
08-08 20:10:00.599  3009  3074 W AbsAppSnapshotControllerExtImpl: updateExcludeLayers, addExcludeLayerList is null or empty, return excludeLayers
08-08 20:10:00.605  3680  3693 V WindowManagerShell: onTransitionReady(transaction=12923557487209)
08-08 20:10:00.605  3680  3753 V WindowManagerShell: onTransitionReady (#8956) android.os.BinderProxy@2079c62: {id=8956 t=OPEN f=0x0 trk=0 r=[0@Point(0, 0)] c=[{WCT{android.window.IWindowContainerToken$Stub$Proxy@7f0365b} m=OPEN f=NONE leash=Surface(name=Task=8093)/@0xf821e0c sb=Rect(0, 0 - 720, 1604) eb=Rect(0, 0 - 720, 1604) d=0 taskParent=-1},{WCT{android.window.IWindowContainerToken$Stub$Proxy@7390ef8} m=TO_BACK f=NONE leash=Surface(name=Task=8092)/@0x8d6a355 sb=Rect(0, 0 - 720, 1604) eb=Rect(0, 0 - 720, 1604) d=0 taskParent=-1}] extendInfo=[OplusTransitionExtendedInfo{mTmpFinishT=null, mInOplusCompatMode=false, mIsProcessRunning=true, mHasMismatchBoundsTarget=false, mRecentsController=null, mIsTranslucentActivityToHome=false, mAvoidInterceptKeyEventToHome=false, mIsFromHome=false, mParentLeash=null, mIsOplusAnimRes=false, mIsFromOverlay=false, mIsBalAllow=true, mTaskNotInRecent=false, mIsLaunchFromSpruce=false, mIsLaunchFromDrive=false, mAssistScreenShowing=false, mAbortTransitionOnShell=false, mUserIdTransition=0, mInRemoteScene=false, mInPreReady=false, mToken=null, mShellApplyToken=null, mRequestTransitionTaskId=8093, mAnimStartingPosition=[0, 0, 0, 0], mIsOpeningStkDialogActivity=false}]}
08-08 20:10:00.606  3680  3753 D OplusShellTransition: dispatchReady, active:(#8956) android.os.BinderProxy@2079c62@0, isSync=false, track:com.android.wm.shell.transition.Transitions$Track@401a0d7
08-08 20:10:00.610 19189 19251 I HealthLife.full: BaseWearableDevice, Infinix XWatch N4, CA:C6, 0x000000041f0310102d, syncPressure() yesterdayPressureBean: null
08-08 20:10:00.610  3680  3753 V WindowManagerShell: Playing animation for (#8956) android.os.BinderProxy@2079c62@0
08-08 20:10:00.610 19189 19251 I HealthLife.full: BaseWearableDevice, Infinix XWatch N4, CA:C6, 0x000000041f0310102d, syncHrv() thread: DefaultDispatcher-worker-8
08-08 20:10:00.610  3680  3753 V WindowManagerShell:  try handler com.android.wm.shell.transition.DefaultMixedHandler@fd2dc4
08-08 20:10:00.611  3680  3753 V WindowManagerShell:  try handler com.android.wm.shell.keyguard.KeyguardTransitionHandler@95664ad
08-08 20:10:00.611  3680  3753 V WindowManagerShell:  try handler com.android.wm.shell.activityembedding.ActivityEmbeddingController@5a89ebb
08-08 20:10:00.611  3680  3753 V WindowManagerShell:  try handler com.android.wm.shell.recents.RecentsTransitionHandler@8cabfd8
08-08 20:10:00.611  3680  3753 V ShellRecents: RecentsTransitionHandler.startAnimation: no controller found
08-08 20:10:00.611  3680  3753 V WindowManagerShell:  try handler com.oplus.zoom.transition.ZoomTransitionController@dd7af31
08-08 20:10:00.611  3680  3753 V WindowManagerShell:  try handler com.android.wm.shell.pip.PipTransition@d1cb616
08-08 20:10:00.611  3680  3753 V WindowManagerShell:  try handler com.android.wm.shell.splitscreen.StageCoordinator@fb86b97
08-08 20:10:00.611  3680  3753 V WindowManagerShell:  try handler com.oplus.flexibleactivity.FlexibleActivityTransitionHandler@180184
08-08 20:10:00.611  3680  3753 V WindowManagerShell:  try handler com.android.wm.shell.flexiblewindow.FlexibleWindowTransitionHandler@ac70d6d
08-08 20:10:00.611  3680  3753 V WindowManagerShell:  try handler OnePuttTransitionHandler
08-08 20:10:00.611  3680  3753 D OnePuttTransitionHandler:  startAnimation= android.os.BinderProxy@2079c62 startTransaction= android.view.SurfaceControl$Transaction@1ab1fd1 finishTransaction= android.view.SurfaceControl$Transaction@6346a36 finishCallback= com.android.wm.shell.transition.Transitions$$ExternalSyntheticLambda8@871dd37 TransitionInfo ={id=8956 t=OPEN f=0x0 trk=0 r=[0@Point(0, 0)] c=[{WCT{android.window.IWindowContainerToken$Stub$Proxy@7f0365b} m=OPEN f=NONE leash=Surface(name=Task=8093)/@0xf821e0c sb=Rect(0, 0 - 720, 1604) eb=Rect(0, 0 - 720, 1604) d=0 taskParent=-1},{WCT{android.window.IWindowContainerToken$Stub$Proxy@7390ef8} m=TO_BACK f=NONE leash=Surface(name=Task=8092)/@0x8d6a355 sb=Rect(0, 0 - 720, 1604) eb=Rect(0, 0 - 720, 1604) d=0 taskParent=-1}] extendInfo=[OplusTransitionExtendedInfo{mTmpFinishT=null, mInOplusCompatMode=false, mIsProcessRunning=true, mHasMismatchBoundsTarget=false, mRecentsController=null, mIsTranslucentActivityToHome=false, mAvoidInterceptKeyEventToHome=false, mIsFromHome=false, mParentLeash=null, mIsOplusAnimRes=false, mIsFromOverlay=false, mIsBalAllow=true, mTaskNotInRecent=false, mIsLaunchFromSpruce=false, mIsLaunchFromDrive=false, mAssistScreenShowing=false, mAbortTransitionOnShell=false, mUserIdTransition=0, mInRemoteScene=false, mInPreReady=false, mToken=null, mShellApplyToken=null, mRequestTransitionTaskId=8093, mAnimStartingPosition=[0, 0, 0, 0], mIsOpeningStkDialogActivity=false}]}
08-08 20:10:00.611  3680  3753 V WindowManagerShell:  try handler com.android.wm.shell.flexibletask.FlexibleTaskTransitionHandler@3d41369
08-08 20:10:00.612  3680  3753 D FlexibleTaskTransitionHandler:  performAnimation transition:android.os.BinderProxy@2079c62 ,info:{id=8956 t=OPEN f=0x0 trk=0 r=[0@Point(0, 0)] c=[{WCT{android.window.IWindowContainerToken$Stub$Proxy@7f0365b} m=OPEN f=NONE leash=Surface(name=Task=8093)/@0xf821e0c sb=Rect(0, 0 - 720, 1604) eb=Rect(0, 0 - 720, 1604) d=0 taskParent=-1},{WCT{android.window.IWindowContainerToken$Stub$Proxy@7390ef8} m=TO_BACK f=NONE leash=Surface(name=Task=8092)/@0x8d6a355 sb=Rect(0, 0 - 720, 1604) eb=Rect(0, 0 - 720, 1604) d=0 taskParent=-1}] extendInfo=[OplusTransitionExtendedInfo{mTmpFinishT=null, mInOplusCompatMode=false, mIsProcessRunning=true, mHasMismatchBoundsTarget=false, mRecentsController=null, mIsTranslucentActivityToHome=false, mAvoidInterceptKeyEventToHome=false, mIsFromHome=false, mParentLeash=null, mIsOplusAnimRes=false, mIsFromOverlay=false, mIsBalAllow=true, mTaskNotInRecent=false, mIsLaunchFromSpruce=false, mIsLaunchFromDrive=false, mAssistScreenShowing=false, mAbortTransitionOnShell=false, mUserIdTransition=0, mInRemoteScene=false, mInPreReady=false, mToken=null, mShellApplyToken=null, mRequestTransitionTaskId=8093, mAnimStartingPosition=[0, 0, 0, 0], mIsOpeningStkDialogActivity=false}]}
08-08 20:10:00.612  3680  3753 D FlexibleTaskTransitionHandler:  no need handler this transitionInfo: {id=8956 t=OPEN f=0x0 trk=0 r=[0@Point(0, 0)] c=[{WCT{android.window.IWindowContainerToken$Stub$Proxy@7f0365b} m=OPEN f=NONE leash=Surface(name=Task=8093)/@0xf821e0c sb=Rect(0, 0 - 720, 1604) eb=Rect(0, 0 - 720, 1604) d=0 taskParent=-1},{WCT{android.window.IWindowContainerToken$Stub$Proxy@7390ef8} m=TO_BACK f=NONE leash=Surface(name=Task=8092)/@0x8d6a355 sb=Rect(0, 0 - 720, 1604) eb=Rect(0, 0 - 720, 1604) d=0 taskParent=-1}] extendInfo=[OplusTransitionExtendedInfo{mTmpFinishT=null, mInOplusCompatMode=false, mIsProcessRunning=true, mHasMismatchBoundsTarget=false, mRecentsController=null, mIsTranslucentActivityToHome=false, mAvoidInterceptKeyEventToHome=false, mIsFromHome=false, mParentLeash=null, mIsOplusAnimRes=false, mIsFromOverlay=false, mIsBalAllow=true, mTaskNotInRecent=false, mIsLaunchFromSpruce=false, mIsLaunchFromDrive=false, mAssistScreenShowing=false, mAbortTransitionOnShell=false, mUserIdTransition=0, mInRemoteScene=false, mInPreReady=false, mToken=null, mShellApplyToken=null, mRequestTransitionTaskId=8093, mAnimStartingPosition=[0, 0, 0, 0], mIsOpeningStkDialogActivity=false}]}
08-08 20:10:00.612  3680  3753 V WindowManagerShell:  try handler com.android.wm.shell.transition.RemoteTransitionHandler@2ca00ef
08-08 20:10:00.612  3680  3753 V WindowManagerShell: Transition doesn't have explicit remote, search filters for match for {id=8956 t=OPEN f=0x0 trk=0 r=[0@Point(0, 0)] c=[{WCT{android.window.IWindowContainerToken$Stub$Proxy@7f0365b} m=OPEN f=NONE leash=Surface(name=Task=8093)/@0xf821e0c sb=Rect(0, 0 - 720, 1604) eb=Rect(0, 0 - 720, 1604) d=0 taskParent=-1},{WCT{android.window.IWindowContainerToken$Stub$Proxy@7390ef8} m=TO_BACK f=NONE leash=Surface(name=Task=8092)/@0x8d6a355 sb=Rect(0, 0 - 720, 1604) eb=Rect(0, 0 - 720, 1604) d=0 taskParent=-1}] extendInfo=[OplusTransitionExtendedInfo{mTmpFinishT=null, mInOplusCompatMode=false, mIsProcessRunning=true, mHasMismatchBoundsTarget=false, mRecentsController=null, mIsTranslucentActivityToHome=false, mAvoidInterceptKeyEventToHome=false, mIsFromHome=false, mParentLeash=null, mIsOplusAnimRes=false, mIsFromOverlay=false, mIsBalAllow=true, mTaskNotInRecent=false, mIsLaunchFromSpruce=false, mIsLaunchFromDrive=false, mAssistScreenShowing=false, mAbortTransitionOnShell=false, mUserIdTransition=0, mInRemoteScene=false, mInPreReady=false, mToken=null, mShellApplyToken=null, mRequestTransitionTaskId=8093, mAnimStartingPosition=[0, 0, 0, 0], mIsOpeningStkDialogActivity=false}]}
08-08 20:10:00.613  3680  3753 V WindowManagerShell:  Checking filter Pair{{types=[] flags=0x0] notFlags=0x100 checks=[{atype=home independent=true modes=[OPEN,TO_FRONT] flags=NONE mustBeTask=false order=TOP topActivity=ComponentInfo{com.android.launcher/com.android.launcher.Launcher} launchCookie=null},{atype=standard independent=true modes=[CLOSE,TO_BACK] flags=NONE mustBeTask=false order=ANY topActivity=null launchCookie=null}]} RemoteTransition { remoteTransition = android.window.IRemoteTransition$Stub$Proxy@f2155c5, recentAnimRunner = null, appThread = android.app.IApplicationThread$Stub$Proxy@4b1bb1a, debugName = QuickstepLaunchHome }}
08-08 20:10:00.614  3680  3753 V WindowManagerShell:  Delegate animation for (#8956) to null
08-08 20:10:00.614  3680  3753 V WindowManagerShell:  try handler com.android.wm.shell.transition.DefaultTransitionHandler@b6c71ee
08-08 20:10:00.614  3680  3753 V WindowManagerShell: start default transition animation, info = {id=8956 t=OPEN f=0x0 trk=0 r=[0@Point(0, 0)] c=[{WCT{android.window.IWindowContainerToken$Stub$Proxy@7f0365b} m=OPEN f=NONE leash=Surface(name=Task=8093)/@0xf821e0c sb=Rect(0, 0 - 720, 1604) eb=Rect(0, 0 - 720, 1604) d=0 taskParent=-1},{WCT{android.window.IWindowContainerToken$Stub$Proxy@7390ef8} m=TO_BACK f=NONE leash=Surface(name=Task=8092)/@0x8d6a355 sb=Rect(0, 0 - 720, 1604) eb=Rect(0, 0 - 720, 1604) d=0 taskParent=-1}] extendInfo=[OplusTransitionExtendedInfo{mTmpFinishT=null, mInOplusCompatMode=false, mIsProcessRunning=true, mHasMismatchBoundsTarget=false, mRecentsController=null, mIsTranslucentActivityToHome=false, mAvoidInterceptKeyEventToHome=false, mIsFromHome=false, mParentLeash=null, mIsOplusAnimRes=false, mIsFromOverlay=false, mIsBalAllow=true, mTaskNotInRecent=false, mIsLaunchFromSpruce=false, mIsLaunchFromDrive=false, mAssistScreenShowing=false, mAbortTransitionOnShell=false, mUserIdTransition=0, mInRemoteScene=false, mInPreReady=false, mToken=null, mShellApplyToken=null, mRequestTransitionTaskId=8093, mAnimStartingPosition=[0, 0, 0, 0], mIsOpeningStkDialogActivity=false}]}
08-08 20:10:00.620  3009  3712 I Osense-PsiDetector: 906,21,2934,4607,37,166,117,697,1179,450,451,0,4,5656
08-08 20:10:00.622  3009  3705 I Osense-BaseDecisionMaker: notifySceneToAthenaPolicy: SCENE_RES_MEM_PSI_NORMAL, bundle: Bundle[{memLevel=3}]
08-08 20:10:00.622  3680  3753 D OplusShellTransition: getPlatformAnimation platformLevel 1 LEVEL_LOW 1 needAnimForLowEndDevice false
08-08 20:10:00.622  3680  3753 D OplusShellTransition: Using resId 7f01024b for animResId 7f01024a
08-08 20:10:00.622  3680  3753 D OplusShellTransition: load oplus transition, type: 1, isTask: true , wallpaperTransit: 0
08-08 20:10:00.630  3009  3705 I Osense-BaseDecisionMaker: scene: SCENE_RES_MEM_PSI_NORMAL, excutingPolicy: clear
08-08 20:10:00.631  3009  3705 D Osense-BaseDecisionMaker: invoke clear policy,type: cached
08-08 20:10:00.634  1598  1768 D SurfaceFlinger: captureLayers from pid 3009 uid -1
08-08 20:10:00.634  3009  3710 I OsenseKillAction: KillAction: [atomic clean] start name=lowmem, requestId=122318, startAvail=898, startFreeMB=14, purposeAvailMB=1200, purposeFreeMB=-1, anonRssTarget=302, minBgCount=0, swapTarget=0, scene=SCENE_RES_MEM_PSI_NORMAL, type=cached, qb=false, cchOnly=true, urgency=false, hoggingCpuPids={}, invalid-cnt=0
08-08 20:10:00.634  3009  3710 I OsenseKillAction: KillAction: last: 876mb, 542795214, 1200mb, now: 898mb, 542796453, 1200mb
08-08 20:10:00.634  3009  3710 I OsenseKillAction: KillAction: [atomic clean] end: skip for reclaim-continuously
08-08 20:10:00.634  3009  3710 I OsenseKillAction: KillAction: 302mb more anonRss to reclaim, 0mb more swapMb to reclaim, <skip> mem guard, cur avail=0mb, bundle: Bundle[{appcareThreshold=0, triggerMemory=1000, qbmode=false, memLevel=3, type=cached, level=1, scene=SCENE_RES_MEM_PSI_NORMAL, requestId=122318, purposeMemory=1200}]
08-08 20:10:00.637  4088  4114 W ndroid.launcher: ApkAssets: Deleting an ApkAssets object '<empty> and /data/app/~~xnk0wVSZszlZuDDxMLM37A==/com.whatsapp-O4Bs89N8MhcVg8ypBa_egw==/base.apk' with 1 weak references
08-08 20:10:00.638  4088  4114 W ndroid.launcher: ApkAssets: Deleting an ApkAssets object '<empty> and /data/app/~~xnk0wVSZszlZuDDxMLM37A==/com.whatsapp-O4Bs89N8MhcVg8ypBa_egw==/split_config.arm64_v8a.apk' with 1 weak references
08-08 20:10:00.639  4088  4114 W ndroid.launcher: ApkAssets: Deleting an ApkAssets object '<empty> and /data/app/~~xnk0wVSZszlZuDDxMLM37A==/com.whatsapp-O4Bs89N8MhcVg8ypBa_egw==/split_config.xhdpi.apk' with 1 weak references
08-08 20:10:00.639  4088  4114 W ndroid.launcher: ApkAssets: Deleting an ApkAssets object '<empty> and /data/app/~~xnk0wVSZszlZuDDxMLM37A==/com.whatsapp-O4Bs89N8MhcVg8ypBa_egw==/split_i18n_ar.apk' with 1 weak references
08-08 20:10:00.643 19189 19251 I HealthLife.full: BaseWearableDevice, Infinix XWatch N4, CA:C6, 0x000000041f0310102d, syncHrv() yesterdayHrvBean: null
08-08 20:10:00.660   896   896 E lowmemorykiller: device memory 230318 free 4324 file 230505
08-08 20:10:00.664  4088  4114 W ndroid.launcher: ApkAssets: Deleting an ApkAssets object '<empty> and /data/app/~~-OpKw_gfh_X834-LLtlOZA==/com.emeint.android.myservices-lyNWy-83Zzv3TNc6lStC5w==/base.apk' with 1 weak references
08-08 20:10:00.665  4088  4114 W ndroid.launcher: ApkAssets: Deleting an ApkAssets object '<empty> and /data/app/~~-OpKw_gfh_X834-LLtlOZA==/com.emeint.android.myservices-lyNWy-83Zzv3TNc6lStC5w==/split_config.arm64_v8a.apk' with 1 weak references
08-08 20:10:00.665  4088  4114 W ndroid.launcher: ApkAssets: Deleting an ApkAssets object '<empty> and /data/app/~~-OpKw_gfh_X834-LLtlOZA==/com.emeint.android.myservices-lyNWy-83Zzv3TNc6lStC5w==/split_config.xhdpi.apk' with 1 weak references
08-08 20:10:00.668  1479  1567 D BatteryChargeControl: bcc get no support from charging protocol
08-08 20:10:00.701  3009  3074 D TaskSnapshotCache: putSnapshot mRunningCache top= ActivityRecord{7242bb2 u0 com.android.mms/.ui.conversation.ConversationActivity t8092}, mTaskId=8092, snapshot=TaskSnapshot{ mId=1786209000598 mCaptureTime=895696654500545 mTopActivityComponent=com.android.mms/.ui.conversation.ConversationActivity mSnapshot=android.hardware.HardwareBuffer@e67e8ab (504x1122) mColorSpace=sRGB IEC61966-2.1 (id=0, model=RGB) mOrientation=1 mRotation=0 mTaskSize=Point(720, 1604) mOplusCompatMode=false mTopActivityBounds=[0,65][720,1604] mContentInsets=[0,65][0,0] mLetterboxInsets=[0,0][0,0] mIsLowResolution=false mIsRealSnapshot=true mWindowingMode=1 mAppearance=0 mIsTranslucent=false mHasImeSurface=true mInternalReferences=2 mUiMode=21, mAppIdMap size= 4
08-08 20:10:00.714  3009  3071 V WindowManager: Sent Transition (#8956) createdAt=08-08 20:09:59.694 via request=TransitionRequestInfo { type = OPEN, triggerTask = TaskInfo{userId=0 taskId=8093 displayId=0 isRunning=true baseIntent=Intent { act=com.hypernova.phone.action.OPEN flg=0x10000000 pkg=com.hypernova.phone cmp=com.hypernova.phone/.MainActivity mCallingUid=2000 } baseActivity=ComponentInfo{com.hypernova.phone/com.hypernova.phone.MainActivity} topActivity=ComponentInfo{com.hypernova.phone/com.hypernova.phone.MainActivity} origActivity=null realActivity=ComponentInfo{com.hypernova.phone/com.hypernova.phone.MainActivity} numActivities=1 lastActiveTime=895695774 supportsSplitScreenMultiWindow=true supportsMultiWindow=true supportsPocketStudioMultiWindow=true isInFlexibleEmbedded = false uid = 10495 pid = 0 resizeMode=1 isResizeable=true minWidth=-1 minHeight=-1 defaultMinSize=220 token=WCT{RemoteToken{5c486a7 Task{c6933be #8093 type=standard A=10495:com.hypernova.phone}}} topActivityType=1 pictureInPictureParams=null shouldDockBigOverlays=false launchIntoPipHostTaskId=-1 lastParentTaskIdBeforePip=-1 displayCutoutSafeInsets=Rect(0, 65 - 0, 0) topActivityInfo=ActivityInfo{a762a1 com.hypernova.phone.MainActivity} launchCookies=[] positionInParent=Point(0, 0) parentTaskId=-1 isFocused=false isVisible=false isVisibleRequested=false isSleeping=false locusId=null displayAreaFeatureId=1 isTopActivityTransparent=false appCompatTaskInfo=AppCompatTaskInfo { topActivityInSizeCompat=false topActivityInOplusCompatMode=false topActivityEligibleForLetterboxEducation= falseisLetterboxEducationEnabled= false isLetterboxDoubleTapEnabled= false topActivityEligibleForUserAspectRatioButton= false topActivityBoundsLetterboxed= false isFromLetterboxDoubleTap= false topActivityLetterboxVerticalPosition= -1 topActivityLetterboxHorizontalPosition= -1 topActivityLetterboxWidth=720 topActivityLetterboxHeight=1604 isUserFullscreenOverrideEnabled=false isSystemFullscreenOverrideEnabled=false cameraCompatTaskInfo=CameraCompatTaskInfo { cameraCompatControlState=hidden freeformCameraCompatMode=inactive}} topActivityLetterboxInsets=Rect(0, 0 - 0, 0) mOplusExtraBundle = Bundle[{androidx.flexible.taskFrame=Rect(0, 0 - 0, 0), key_flexible_task_state=0, androidx.activity.LaunchScenario=0, androidx.activity.LaunchScale=1.0}]}, pipTask = null, remoteTransition = null, displayChange = null, flags = 0, debugId = 8956 }
08-08 20:10:00.714  3009  3071 V WindowManager:     startWCT=WindowContainerTransaction { changes = {} hops = [] errorCallbackToken=null taskFragmentOrganizer=null }
08-08 20:10:00.714  3009  3071 V WindowManager:     info={id=8956 t=OPEN f=0x0 trk=0 r=[0@Point(0, 0)] c=[
08-08 20:10:00.714  3009  3071 V WindowManager:         {WCT{RemoteToken{5c486a7 Task{c6933be #8093 type=standard A=10495:com.hypernova.phone}}} m=OPEN f=NONE leash=Surface(name=Task=8093)/@0x1de6754 sb=Rect(0, 0 - 720, 1604) eb=Rect(0, 0 - 720, 1604) d=0 taskParent=-1},
08-08 20:10:00.714  3009  3071 V WindowManager:         {WCT{RemoteToken{2f54f6f Task{77f1654 #8092 type=standard A=10120:com.android.mms}}} m=TO_BACK f=NONE leash=Surface(name=Task=8092)/@0xc0e88f9 sb=Rect(0, 0 - 720, 1604) eb=Rect(0, 0 - 720, 1604) d=0 taskParent=-1}
08-08 20:10:00.714  3009  3071 V WindowManager:     ] extendInfo=[OplusTransitionExtendedInfo{mTmpFinishT=null, mInOplusCompatMode=false, mIsProcessRunning=true, mHasMismatchBoundsTarget=false, mRecentsController=null, mIsTranslucentActivityToHome=false, mAvoidInterceptKeyEventToHome=false, mIsFromHome=false, mParentLeash=null, mIsOplusAnimRes=false, mIsFromOverlay=false, mIsBalAllow=true, mTaskNotInRecent=false, mIsLaunchFromSpruce=false, mIsLaunchFromDrive=false, mAssistScreenShowing=false, mAbortTransitionOnShell=false, mUserIdTransition=0, mInRemoteScene=false, mInPreReady=false, mToken=null, mShellApplyToken=null, mRequestTransitionTaskId=8093, mAnimStartingPosition=[0, 0, 0, 0], mIsOpeningStkDialogActivity=false}]}
08-08 20:10:00.726 19189 19251 I HealthLife.full: BaseWearableDevice, Infinix XWatch N4, CA:C6, 0x000000041f0310102d, uploadAthenaBuriedActive() lastUploadTime: 1786137065859, today: 1786209000726
08-08 20:10:00.728 19189 19251 D HealthLife.full: isSameDay true,1786137065859,1786209000726
08-08 20:10:00.728 19189 19251 I HealthLife.full: BaseWearableDevice, Infinix XWatch N4, CA:C6, 0x000000041f0310102d, uploadAthenaBuriedActive() isSameDay: true
08-08 20:10:00.729  3009  3074 D callGcDesupression: java.lang.NullPointerException: Attempt to invoke virtual method 'java.lang.Object java.lang.reflect.Method.invoke(java.lang.Object, java.lang.Object[])' on a null object reference
08-08 20:10:00.739  3009  4135 W ActivityManager: Slow operation: 419ms so far, now at finishAttachApplicationInner: after mServices.attachApplicationLocked
08-08 20:10:00.739  3009  4135 W ActivityManager: Slow operation: 419ms so far, now at finishAttachApplicationInner: after dispatching broadcasts
08-08 20:10:00.744  3009  3249 D WindowManagerServiceExtImpl: extractConfigInfoAndRealFlags rotation=0, screenDp=424, residentWS:0, win=Window{8d1140a u0 InputMethod}
08-08 20:10:00.745  3009  3249 V WindowManager: Relayout Window{8d1140a u0 InputMethod}: viewVisibility=0, oldvis=0, req=720x1539, vsysui=, x=0, y=0
08-08 20:10:00.748  3009  4135 W ActivityManager: Slow operation: 428ms so far, now at finishAttachApplicationInner: after updateOomAdjLocked
08-08 20:10:00.750  3680  3689 I ndroid.systemui: Background concurrent mark compact GC freed 15MB AllocSpace bytes, 45(1540KB) LOS objects, 39% free, 36MB/60MB, paused 30.795ms,46.042ms total 2.532s
08-08 20:10:00.752  3009  3105 E OplusThermalStats: Error getting package info: com.hypernova.phone
08-08 20:10:00.758  3009  3249 D WindowManager: setFrameRateStart invalid typeId return!
08-08 20:10:00.761   896   896 E lowmemorykiller: device memory 235357 free 6044 file 229377
08-08 20:10:00.764 28665 28665 I Quality : ActivityThread: attach delay 509 attach 28665
08-08 20:10:00.766 28665 28665 I Quality : ActivityThread: activityThreadMain delay 540 activityThreadMain 28665
08-08 20:10:00.768  3009  3249 D FlexibleWindowManagerService: onFlexibleWindowTaskAppeared: task = 8093
08-08 20:10:00.768  3009  3249 D OplusFlexibleWindowMinimizedManagerHelper: onTaskAppered taskInfo:8093
08-08 20:10:00.768  3009  3249 D OplusFlexibleDragToSplitAnimController: visibleFlexibleTaskInfos delete:8093
08-08 20:10:00.769 28665 28665 D OplusActivityManager: get AMS extension: android.os.BinderProxy@c7dd74c
08-08 20:10:00.770 28519 28519 I Quality : ActivityThread: makeApplication delay 476 com.coloros.phonemanager 28519
08-08 20:10:00.772  3009  3603 E OplusUIFirst_TS: Failed to connect bpf bin: -1
08-08 20:10:00.773 31047  3500 D CustomLogManagerService: WorkHandler msg.what :5
08-08 20:10:00.777 22186 22186 I adbd    : adbd service requested 'jdwp:28665'
08-08 20:10:00.785 26103 26103 I Quality : ActivityThread: activityPause delay 883 com.android.mms 26103
08-08 20:10:00.790 18939 18939 W VRI[InputMethod]: updateBlastSurfaceIfNeeded, surfaceSize:Point(720, 1539), lastSurfaceSize:Point(720, 1539), format:-2, blastBufferQueue:android.graphics.BLASTBufferQueue@51b8309
08-08 20:10:00.796 28519 28701 I PhoneManager: OplusLog, qELogOn = false, qELogOnMTK = false, loggable = false
08-08 20:10:00.797 26103 26103 D InsetsController: hide(ime(), fromIme=true)
08-08 20:10:00.805 18939 18939 I SurfaceControl:  setExtendedRangeBrightness sc=Surface(name=InputMethod)/@0xcfc9177,currentBufferRatio=1.0,desiredRatio=1.0
08-08 20:10:00.806  1598  1876 D SurfaceFlinger: updateWinowInfo=1, setFocusedWindow timestamp=542796562522156, windowName=<null>
08-08 20:10:00.807  3009  4131 I InputDispatcher: NFW_setFocusedWindow, <null> on display 0, same as the previous:0
08-08 20:10:00.807  3009  4131 I InputDispatcher: updateFocusedWindow,  on display 0, reason: Waiting for window because NO_WINDOW, result:   FocusedWindows: <none>
08-08 20:10:00.807  3009  3571 W UserManagerService: Requested status bar icon for non-badged user 0
08-08 20:10:00.816  3009  4131 D WindowManager: setFrameRateStart invalid typeId return!
08-08 20:10:00.818  3680  3753 D OplusShellTransition: default transition handler transfer value refresh rate rect:Rect(0, 0 - 720, 1604)
08-08 20:10:00.828 26103 26103 D VRI[ConversationActivity]: onFocusEvent false
08-08 20:10:00.834 31047  3500 D CustomLogManagerService: curTemp:322 limit:390
08-08 20:10:00.835 31047  3500 D CustomLogManagerService: checkUploadStatus: isSceenOn=true activeNetType=1 isCharging=true isUploading:false temperatureLimit:false
08-08 20:10:00.836 31047  3500 D CustomLogManagerService: sys.log.customer=false
08-08 20:10:00.836 31047  3500 D CustomLogManagerService: isHaveCustomLogCollecting :false
08-08 20:10:00.844 28665 28665 D callGcSupression: java.lang.NullPointerException: Attempt to invoke virtual method 'java.lang.Object java.lang.reflect.Method.invoke(java.lang.Object, java.lang.Object[])' on a null object reference
08-08 20:10:00.845  3009  3251 W ActivityManager: Unable to start service Intent { act=deepthinker.intent.action.BIND_INTERFACE_SERVER pkg=com.oplus.deepthinker mCallingUid=1000 } U=0: not found
08-08 20:10:00.846  3680  3680 D callGcSupression: java.lang.NullPointerException: Attempt to invoke virtual method 'java.lang.Object java.lang.reflect.Method.invoke(java.lang.Object, java.lang.Object[])' on a null object reference
08-08 20:10:00.846  3680  3680 W VRI[StatusBar]: handleResized abandoned!
08-08 20:10:00.849  3680  3753 D OplusShellTransition: getPlatformAnimation platformLevel 1 LEVEL_LOW 1 needAnimForLowEndDevice false
08-08 20:10:00.849  3680  3753 D OplusShellTransition: Using resId 7f010249 for animResId 7f010248
08-08 20:10:00.849  3680  3753 D OplusShellTransition: load oplus transition, type: 1, isTask: true , wallpaperTransit: 0
08-08 20:10:00.849 28665 28665 D CompactWindowAppManager: initCompactApplicationInfo CompactMode: , NormalMode: 
08-08 20:10:00.851  3680  3753 D OplusShellTransition: default transition handler transfer value refresh rate rect:Rect(0, 0 - 720, 1604)
08-08 20:10:00.847  3680  3680 W VRI[NavigationBar_displayId_0]: handleResized abandoned!
08-08 20:10:00.854  3680  3753 V WindowManagerShell:  animated by com.android.wm.shell.transition.DefaultTransitionHandler@b6c71ee
08-08 20:10:00.854  3680  3753 D OplusShellTransition: dispatchTransition, animated mHandler: com.android.wm.shell.transition.DefaultTransitionHandler@b6c71ee
08-08 20:10:00.855  6966  7015 W DeepThinkerSDK: [APP] ClientConnection: tryConnect: Bind Algorithm Service Failed!
08-08 20:10:00.855  3680  3816 D FSS_OplusFoldSwitchStateObserver: onAnimationStart reset mPendingFoldAnimationTrigger
08-08 20:10:00.857  6966  6975 I DeepThinkerSDK: [APP] ClientConnection: tryConnect: end. On Async Thread, connect timeout.
08-08 20:10:00.857  6966  6975 I DeepThinkerSDK: [APP] ClientConnection: getDeepThinkerBridge end
08-08 20:10:00.857  6966  6975 W DeepThinkerSDK: [APP] ServiceHolder: getRemote: call default!
08-08 20:10:00.862  3680  4249 W VRI[ScreenDecorOverlay]: handleResized abandoned!
08-08 20:10:00.862   896   896 E lowmemorykiller: device memory 234570 free 3398 file 231739
08-08 20:10:00.863  3680  4249 W VRI[ScreenDecorOverlayBottom]: handleResized abandoned!
08-08 20:10:00.863  3680  3816 D FSS_OplusFoldSwitchStateObserver: onAnimationStart reset mPendingFoldAnimationTrigger
08-08 20:10:00.864  3680  3753 D ShellTaskOrganizerExt: visibleFlexibleTaskInfos delete:8093
08-08 20:10:00.864  6966  6975 W Battery : ThermalControllerCenter: mSafetyState=10000,  mSafetyTestConfigList=01111,10111,11011,11101,11110,00111,01011,01101,01110,10011,10101,10110,11001,11010,11100,11111,10100
08-08 20:10:00.864  3680  3753 D ShellTaskOrganizerExt: isOnCanvas size:0
08-08 20:10:00.864  3680  3753 D ShellTaskOrganizerExt: isOnThreeFlexibleCanvas size:0
08-08 20:10:00.864  3680  3753 D WindowManagerShell: onKeepClearAreasChanged: restricted={}, unrestricted={}
08-08 20:10:00.866  3009  4786 I BLASTSyncEngine: onCommitted syncId: 8956, timeout: falseran: false
08-08 20:10:00.866  3680  3753 D ZoomController: forAllRootTaskManagers  managerSize = 0
08-08 20:10:00.869  6966  6975 W Battery : ThermalControllHandler: tempLevel=[4],userMode=2,gameUserMode=-1,appType=0,envTempType=0,appStates=[],appSwitchSafetyMode=false,split=[],float=[],full=[com.hypernova.phone], tempGear=[4],configItemName=common_config
08-08 20:10:00.874 28665 28665 D OplusScrollToTopManager: setIsInWhiteList false
08-08 20:10:00.875 28665 28665 D OplusViewDebugManager: OplusViewDebugManager Constructor android.view.debug.OplusViewDebugManager@d151caa [mHasViewDebugProperty true] [mHasMsgDebugProperty false] [DEBUG false] [EXTRAINFOENABLE false] [LIGHT_OS true]
08-08 20:10:00.877 28554 28679 D NearX.CloudConfig: cloudInit sdk version : unspecified app name : com.heytap.mcs
08-08 20:10:00.889 14348 14461 W libc    : Access denied finding property "vendor.gsm.serial"
08-08 20:10:00.900 28554 28679 D CloudConfig_stgyHelper: mspVersionCanSupport mspKitVersion : 2031315
08-08 20:10:00.907  3009  4786 D OplusBatteryServiceFeature: setSmartCoolDown: coolDown = 6, normalCoolDown = 6, pkgName = com.hypernova.phone
08-08 20:10:00.909  1479  1479 D vendor.oplus.hardware.charger-V6-service: set cooldown:6,  normalCoolDown:6
08-08 20:10:00.913 28554 28679 I MSP-LOG-SDK-MSP-LOG-SDK-: isDebug=false ,IS_SYSOPEN=false
08-08 20:10:00.914  6966  7020 W Battery : ThermalControllHandler: MSG_THERMAL_CONTROL_CATEGORY_CHANGED
08-08 20:10:00.921 28665 28665 W libc    : Access denied finding property "ro.odm.prev.product.name"
08-08 20:10:00.925 28554 28679 E MSP-LOG-SDK-ColorOSVersionUtils: oplus ver:34
08-08 20:10:00.931  3009  4718 D NotificationService--NotificationRecord: isSupportRearLight , isRearLight = false mLedRM = false isMultilLed = false
08-08 20:10:00.933  6966  7000 W Battery : AppSceneCenter: PerfPolicy not enable!
08-08 20:10:00.944  3009  4718 I OplusStatusBarManagerServiceEnhance:  getTopIsFullscreen mTopIsFullscreen: false
08-08 20:10:00.945  3009  4718 W ActivityManager: Permission Denial: getTopApplicationInfo from pid=8044, uid=10326 requires oplus.permission.OPLUS_COMPONENT_SAFE
08-08 20:10:00.945  3009  4718 E OplusNotificationCenter: getForegroundApplication exception
08-08 20:10:00.950  3009  3009 D NotificationService--OplusNotificationManagerServiceExtImpl: isForwardToAssistants: true, case : Is local notification
08-08 20:10:00.951  3009  3009 D NotificationService: This application enqueue notifications is need postDelayed mcsAssistantDelayTime: 200
08-08 20:10:00.957 26103 26103 V AutofillManager: ignoring notifyViewEntered(flags=0, view=1073741825) on state FINISHED because view was already entered: {1073741824, 1073741825}
08-08 20:10:00.962   896   896 E lowmemorykiller: device memory 232746 free 6588 file 228253
08-08 20:10:00.975  3009  4718 D OplusWindowManagerServiceEnhance: setInsetAnimationTid: pid 26103 ,tid 26103 ,enable true ,uafEnable true
08-08 20:10:00.978 28554 28679 D CloudConfig_stgyHelper: 设置本地限频
08-08 20:10:01.002  1598  1598 I DispPerfService: updateLayerMask 8
08-08 20:10:01.024 28623 28623 I Finsky:background: [2] Process created at version: 52.6.26-34 [0] [PR] 959312099
08-08 20:10:01.025 28601 28601 I Finsky  : [2] Process created at version: 52.6.26-34 [0] [PR] 959312099
08-08 20:10:01.029  3009  3074 V WindowStateExtImpl: notifyWindowStateChange input show
08-08 20:10:01.045  3979  4442 D ActivityAdapter: notifyActivityQuery: [com.android.mms; com.android.mms; 1; COMMON; 10120, com.hypernova.phone; com.hypernova.phone; 1; COMMON; 10495]
08-08 20:10:01.047  1471  1471 D OplusTouch: in_deviceId = 0,in_nodeFlag = 8
08-08 20:10:01.048  1471  1471 D OplusTouch: path = /proc/touchpanel/kernel_grip_handle,len = 8192
08-08 20:10:01.049  3009  3086 D ColorTouchNodeManagerService: isTouchNodeSupport, nodeFlag: 8, dId:0, result:-1
08-08 20:10:01.050  1471  1471 D OplusTouch: in_deviceId = 1,in_nodeFlag = 8
08-08 20:10:01.050  1471  1471 D OplusTouch: path = /proc/touchpanel1/kernel_grip_handle,len = 8192
08-08 20:10:01.050  3009  3086 D ColorTouchNodeManagerService: isTouchNodeSupport, nodeFlag: 8, dId:1, result:-1
08-08 20:10:01.057  3979  4442 D OPlusFrontAppManager: decide -->> [com.android.mms; com.android.mms; 1; COMMON; 10120, com.hypernova.phone; com.hypernova.phone; 1; COMMON; 10495]
08-08 20:10:01.063   896   896 E lowmemorykiller: device memory 231393 free 9962 file 225326
08-08 20:10:01.065  3979  4446 D CommonApp-741-10495: init
08-08 20:10:01.075 28519 28701 I [Koin]  : [init] declare Android Context
08-08 20:10:01.076  3979  4446 D CommonApp-741-10495: choiceScoreWay
08-08 20:10:01.076  3979  4446 D CommonApp-741-10495: useTraditionalScore
08-08 20:10:01.076  3979  4446 D CommonApp-741-10495: initState
08-08 20:10:01.076  3979  4446 D CommonApp-741-10495: createScenarios
08-08 20:10:01.076  3979  4446 D CommonApp-741-10495: init end
08-08 20:10:01.085 28554 28710 I MSP-LOG-SDK-MspSdk: Sdk init start
08-08 20:10:01.086 28554 28710 I MSP-LOG-SDK-MspSdk: Sdk init finish, version:2.0.1.14
08-08 20:10:01.089  3979  4446 D CommonApp-741-10495: CommonState enter
08-08 20:10:01.089  3979  4446 D CommonApp-741-10120: DefaultState EVENT_SCENARIOS_CHANGE
08-08 20:10:01.089  3979  4446 D CommonApp-741-10120: scene=COMMON pn=com.android.mms
08-08 20:10:01.089  3979  4446 D CommonApp-741-10495: DefaultState EVENT_INIT_STATE_COMPLETE
08-08 20:10:01.089  3979  4446 D CommonApp-741-10495: startDataCollection
08-08 20:10:01.089  3979  4446 D CommonApp-741-10495: current network isn't cellular,not need enable modem report
08-08 20:10:01.095  3009  3442 D WifiStaIfaceHidlImpl: getCachedScanData is not implemented by HIDL
08-08 20:10:01.100 28551 28551 E FeatureFlagsImplExport: android.os.flagging.AconfigStorageReadException: ERROR_PACKAGE_NOT_FOUND: package com.android.permission.flags cannot be found on the device
08-08 20:10:01.109 28554 28684 D NearX.CloudConfig: cloudInit sdk version : unspecified app name : com.heytap.mcs
08-08 20:10:01.114 14348 17364 W libc    : Access denied finding property "vendor.gsm.serial"
08-08 20:10:01.137 28665 28665 D nativeloader: Configuring clns-7 for other apk /data/app/~~NbgPEIbcr666ia8mxzj5XA==/com.hypernova.phone-n5S1A0Gei29t60yYoFdqhA==/base.apk. target_sdk_version=36, uses_libraries=, library_path=/data/app/~~NbgPEIbcr666ia8mxzj5XA==/com.hypernova.phone-n5S1A0Gei29t60yYoFdqhA==/lib/arm64, permitted_path=/data:/mnt/expand:/data/user/0/com.hypernova.phone
08-08 20:10:01.141  3009  3457 D NotificationService--OplusNavigationManager: Notification--isSuppressedByDriveMode--userId:0,mode:false
08-08 20:10:01.141  3009  3457 D NotificationService--OplusNotificationTrackHelper: PostNotification : {channel_name=تنبيهات أخرى, notification_type=others, app_name=91b718ea9fd80d2c17626f24e640a56ba1a95d19c3dd7c2f8a901f2653b247f3, push_id=null, importance=3, notification_id=67552200, system_state=5|6, channel_id=foreground, pkg=e938f43ee3d3fb3abb812971486748c38699d2b6d1fa8f78ec44e74af7cc93a6, post_time=2026-08-08 20:10:00, notification_source=local}
08-08 20:10:01.146 28554 28684 D CloudConfig_stgyHelper: mspVersionCanSupport mspKitVersion : 2031315
08-08 20:10:01.157  3680  3753 V WindowManagerShell: Transition animation finished (aborted=false), notifying core (#8956) android.os.BinderProxy@2079c62@0
08-08 20:10:01.157  3680  3753 W OplusShellTransition: RecentsTransitionHandler.getRecentController: no controller found , token=android.os.BinderProxy@2079c62
08-08 20:10:01.159  3009  4816 W ActivityManager: Receiver with filter android.content.IntentFilter@8b5c84b already registered for pid 28554, callerPackage is com.heytap.mcs
08-08 20:10:01.160  3680  3753 D SplitScreen-->AppLockManager: setStartFromSafeControl mStartFromSafeControl=false
08-08 20:10:01.163 28554 28684 D CloudConfig_stgyHelper: 设置本地限频
08-08 20:10:01.166   896   896 E lowmemorykiller: device memory 228685 free 16613 file 216975
08-08 20:10:01.168  3009  3251 D Transition: finishTransition ar ActivityRecord{7242bb2 u0 com.android.mms/.ui.conversation.ConversationActivity t8092}, isVisibleRequested=false, state=PAUSED, visibleAtTransitionEndTokens={ActivityRecord{8a40b40 u0 com.hypernova.phone/.MainActivity t8093}}, this=TransitionRecord{c63179a id=8956 track=0 type=OPEN flags=0x0 state=2}
08-08 20:10:01.169  3009  3251 D ActivityTaskManager: commitVisibility: ActivityRecord{7242bb2 u0 com.android.mms/.ui.conversation.ConversationActivity t8092}: visible=false visibleRequested=false, isInTransition=false, runningAnimation=false 
08-08 20:10:01.169  3009  3251 D WindowManager: NFW_setClientVisible:ActivityRecord{7242bb2 u0 com.android.mms/.ui.conversation.ConversationActivity t8092} clientVisible:false
08-08 20:10:01.171  3009  3251 D Transition: finishTransition ar ActivityRecord{8a40b40 u0 com.hypernova.phone/.MainActivity t8093}, isVisibleRequested=true, state=RESUMED, visibleAtTransitionEndTokens={ActivityRecord{8a40b40 u0 com.hypernova.phone/.MainActivity t8093}}, this=TransitionRecord{c63179a id=8956 track=0 type=OPEN flags=0x0 state=2}
08-08 20:10:01.171  1598  1598 D OplusDEE: DEEonDispSceneExit
08-08 20:10:01.171  3009  3251 I OplusAppSwitchManagerService:  handleAppVisible , r = ActivityRecord{8a40b40 u0 com.hypernova.phone/.MainActivity t8093}
08-08 20:10:01.173 26103 26527 D VRI[ConversationActivity]: dispatchAppVisibility visible:false
08-08 20:10:01.178  3009  3251 D OplusTransitionController: finishTransition, transition: TransitionRecord{c63179a id=8956 track=0 type=OPEN flags=0x0 state=4}
08-08 20:10:01.178 26103 26103 I ConversationFragment: updateConversationDetailManager: mMenuViewModel: null, conversationMetadata: 51,0,true,0,true,2030,0, protocol: 0, conversationId: 51, chatType: 0
08-08 20:10:01.180  3009  3251 D TransitionController: NFW_send RECOMPUTE_FOCUS in finishTransition
08-08 20:10:01.181  3680  3753 D ShellTaskOrganizer: onTransitionFinish, isRecent:false
08-08 20:10:01.181  3680  3753 V WindowManagerShell: Track 0 became idle
08-08 20:10:01.183  3680  3753 E ReflectionUtils: methodInvoke DesupressionGC failed1
08-08 20:10:01.183  3680  3753 E ReflectionUtils: java.lang.NoSuchMethodException: dalvik.system.VMRuntime.DesupressionGC [int]
08-08 20:10:01.183  3680  3753 E ReflectionUtils: 	at java.lang.Class.getMethod(Class.java:2942)
08-08 20:10:01.183  3680  3753 E ReflectionUtils: 	at java.lang.Class.getDeclaredMethod(Class.java:2921)
08-08 20:10:01.183  3680  3753 E ReflectionUtils: 	at com.android.wm.shell.util.ReflectionUtils.methodInvoke(ReflectionUtils.java:32)
08-08 20:10:01.183  3680  3753 E ReflectionUtils: 	at com.oplus.transition.OplusTransitionReflectionHelper.callGcDesupression(OplusTransitionReflectionHelper.java:120)
08-08 20:10:01.183  3680  3753 E ReflectionUtils: 	at com.android.wm.shell.transition.Transitions.onFinish(Transitions.java:1587)
08-08 20:10:01.183  3680  3753 E ReflectionUtils: 	at com.android.wm.shell.transition.Transitions.lambda$playTransition$3(Transitions.java:1321)
08-08 20:10:01.183  3680  3753 E ReflectionUtils: 	at com.android.wm.shell.transition.Transitions.$r8$lambda$96XCaSAhJXxB3nlVJy1TNPeH46k(Transitions.java:0)
08-08 20:10:01.183  3680  3753 E ReflectionUtils: 	at com.android.wm.shell.transition.Transitions$$ExternalSyntheticLambda8.onTransitionFinished(R8$$SyntheticClass:0)
08-08 20:10:01.183  3680  3753 E ReflectionUtils: 	at com.android.wm.shell.transition.DefaultTransitionHandler.lambda$startAnimation$2(DefaultTransitionHandler.java:396)
08-08 20:10:01.183  3680  3753 E ReflectionUtils: 	at com.android.wm.shell.transition.DefaultTransitionHandler.$r8$lambda$dQGDCIj8oXu4Q3gE3IU3-TQE6Pc(DefaultTransitionHandler.java:0)
08-08 20:10:01.183  3680  3753 E ReflectionUtils: 	at com.android.wm.shell.transition.DefaultTransitionHandler$$ExternalSyntheticLambda4.run(R8$$SyntheticClass:0)
08-08 20:10:01.183  3680  3753 E ReflectionUtils: 	at com.android.wm.shell.transition.DefaultTransitionHandler.lambda$buildSurfaceAnimation$8(DefaultTransitionHandler.java:1171)
08-08 20:10:01.183  3680  3753 E ReflectionUtils: 	at com.android.wm.shell.transition.DefaultTransitionHandler.$r8$lambda$SibS6C6yE4_jWZJm9l8mh9KjTYk(DefaultTransitionHandler.java:0)
08-08 20:10:01.183  3680  3753 E ReflectionUtils: 	at com.android.wm.shell.transition.DefaultTransitionHandler$$ExternalSyntheticLambda14.run(R8$$SyntheticClass:0)
08-08 20:10:01.183  3680  3753 E ReflectionUtils: 	at android.os.Handler.handleCallback(Handler.java:959)
08-08 20:10:01.183  3680  3753 E ReflectionUtils: 	at android.os.Handler.dispatchMessage(Handler.java:100)
08-08 20:10:01.183  3680  3753 E ReflectionUtils: 	at android.os.Looper.loopOnce(Looper.java:282)
08-08 20:10:01.183  3680  3753 E ReflectionUtils: 	at android.os.Looper.loop(Looper.java:387)
08-08 20:10:01.183  3680  3753 E ReflectionUtils: 	at android.os.HandlerThread.run(HandlerThread.java:85)
08-08 20:10:01.190  4047  4047 D VendorWifiService: onEvent event:9,action:1
08-08 20:10:01.192  1483  1517 D DisplayPanel_Session: setDisplayPanelFeatureValue DP_FeatureId=184, display_id = 0
08-08 20:10:01.192  3009  3545 D OplusWifiPower_TriggerCenter: mComponentCallback: wifistat
08-08 20:10:01.194  3009  3075 D OplusAppQuickStart_AppQuickStartingSurface: removeQuickStartingSurface null, callers=com.android.server.wm.OplusAppQuickStartController.removeStartingSurfaceWhenVisibleChange:765 com.android.server.wm.TaskExtImpl.removeStartingSurfaceWhenVisibleChange:2996 com.android.server.wm.Task.prepareSurfaces:3716 com.android.server.wm.WindowContainer.prepareSurfaces:3232 com.android.server.wm.WindowContainer.prepareSurfaces:3232 com.android.server.wm.WindowContainer.prepareSurfaces:3232 com.android.server.wm.WindowContainer.prepareSurfaces:3232 com.android.server.wm.WindowContainer.prepareSurfaces:3232 
08-08 20:10:01.195 28554 28716 I MSP-LOG-SDK-MspSdk: Sdk has initialized! version:2.0.1.14
08-08 20:10:01.197  3009  3075 I TaskOrganizerController: onTaskInfoChanged taskid 8092 config { mBounds=Rect(0, 0 - 720, 1604) mAppBounds=Rect(0, 0 - 720, 1604) mMaxBounds=Rect(0, 0 - 720, 1604) mDisplayRotation=ROTATION_0 mWindowingMode=fullscreen mActivityType=standard mAlwaysOnTop=undefined mRotation=ROTATION_0}
08-08 20:10:01.198  3009  3075 D OplusFlexibleWindowMinimizedManagerHelper: onTaskInfoChanged taskInfo:TaskInfo{userId=0 taskId=8092 displayId=0 isRunning=true baseIntent=Intent { act=android.intent.action.MAIN cat=[android.intent.category.LAUNCHER] flg=0x10200000 cmp=com.android.mms/.ui.ConversationList mCallingUid=10198 } baseActivity=ComponentInfo{com.android.mms/com.android.mms.ui.ConversationList} topActivity=ComponentInfo{com.android.mms/com.android.mms.ui.conversation.ConversationActivity} origActivity=null realActivity=ComponentInfo{com.android.mms/com.android.mms.ui.ConversationList} numActivities=2 lastActiveTime=895695748 supportsSplitScreenMultiWindow=true supportsMultiWindow=true supportsPocketStudioMultiWindow=true isInFlexibleEmbedded = false uid = 10120 pid = 26103 resizeMode=1 isResizeable=true minWidth=-1 minHeight=-1 defaultMinSize=220 token=WCT{RemoteToken{2f54f6f Task{77f1654 #8092 type=standard A=10120:com.android.mms}}} topActivityType=1 pictureInPictureParams=null shouldDockBigOverlays=false launchIntoPipHostTaskId=-1 lastParentTaskIdBeforePip=-1 displayCutoutSafeInsets=Rect(0, 65 - 0, 0) topActivityInfo=ActivityInfo{e1ae562 com.android.mms.ui.conversation.ConversationActivity} launchCookies=[android.os.BinderProxy@ce054ac] positionInParent=Point(0, 0) parentTaskId=-1 isFocused=false isVisible=false isVisibleRequested=false isSleeping=false locusId=null displayAreaFeatureId=1 isTopActivityTransparent=false appCompatTaskInfo=AppCompatTaskInfo { topActivityInSizeCompat=false topActivityInOplusCompatMode=false topActivityEligibleForLetterboxEducation= falseisLetterboxEducationEnabled= false isLetterboxDoubleTapEnabled= false topActivityEligibleForUserAspectRatioButton= false topActivityBoundsLetterboxed= false isFromLetterboxDoubleTap= false topActivityLetterboxVerticalPosition= -1 topActivityLetterboxHorizontalPosition= -1 topActivityLetterboxWidth=720 topActivityLetterboxHeight=1604 isUserFullscreenOverrideEnabled=false isSystemFullscreenOverrideEnabled=false cameraCompatTaskInfo=CameraCompatTaskInfo { cameraCompatControlState=hidden freeformCameraCompatMode=inactive}} topActivityLetterboxInsets=Rect(0, 0 - 0, 0) mOplusExtraBundle = Bundle[{androidx.flexible.taskFrame=Rect(0, 0 - 0, 0), key_flexible_task_state=0, androidx.activity.LaunchScenario=0, androidx.activity.LaunchScale=1.0}]} task:Task{77f1654 #8092 type=standard A=10120:com.android.mms}
08-08 20:10:01.198  3009  3075 D OplusFlexibleDragToSplitAnimController: visibleFlexibleTaskInfos delete:8092
08-08 20:10:01.205  3680  3753 D ShellTaskOrganizerExt: visibleFlexibleTaskInfos delete:8092
08-08 20:10:01.205  3680  3753 D ShellTaskOrganizerExt: isOnCanvas size:0
08-08 20:10:01.205  3680  3753 D ShellTaskOrganizerExt: isOnThreeFlexibleCanvas size:0
08-08 20:10:01.207  1598  1849 I OplusDEE: handleCABC: mDispPanelHal hasValue, cabcValueInfo 1
08-08 20:10:01.213  3009  3074 D WindowManager: NFW_findFocusedWindowIfNeeded:null mCurrentFocus:null
08-08 20:10:01.227  3991  3991 I QImsService: ImsServiceSub : [0] queryCapabilityConfiguration :: capability=8 radioTech=1
08-08 20:10:01.228 25458 25494 W OplusExSystemServiceHelper: checkOplusExSystemService intent getComponent is null
08-08 20:10:01.228 28623 28623 I Finsky:background: [2] [BGP] Initializing early flags...
08-08 20:10:01.234 28554 28679 D CloudConfig_stgyHelper: mspVersionCanSupport mspKitVersion : 2031315
08-08 20:10:01.234 28623 28623 I Finsky:background: [2] [BGP] Initializing Gservices...
08-08 20:10:01.236 28554 28679 D CloudConfig_stgyHelper: getSupportKitMode strategyEntity : StrategyEntity(sdkInterval=1800000, strategyMode=1, minSDKVersion=1000, minKitVersion=2014122, validReqPeriod=7200000, maxReqProduct=100, forceKitIfKit=false, backoff=120000, enable=true, defaultLimit=RateLimitConfig{maxCalls=1, timeWindowSeconds=7200, callIntervalSeconds=0}, productLimits={global-domain_1281=RateLimitConfig{maxCalls=1, timeWindowSeconds=7200, callIntervalSeconds=0}, compass_20123=RateLimitConfig{maxCalls=1, timeWindowSeconds=7200, callIntervalSeconds=0}, 50351=RateLimitConfig{maxCalls=1, timeWindowSeconds=7200, callIntervalSeconds=0}, Push-Overseas=RateLimitConfig{maxCalls=1, timeWindowSeconds=7200, callIntervalSeconds=0}, compass_20142=RateLimitConfig{maxCalls=1, timeWindowSeconds=7200, callIntervalSeconds=0}})
08-08 20:10:01.237 28554 28679 D CloudConfig_stgyHelper: getSupportKitMode localSdkVersion : 1224
08-08 20:10:01.241 28554 28716 E MSP-LOG-SDK-RateLimitManager: not_allow_invoke because of time_window_not_allow queue = [1786192906933], config = RateLimitConfig{maxCalls=1, timeWindowSeconds=21600, callIntervalSeconds=0}, ipcInvokeTimeQueueMapKey = com.heytap.nearx.tangramconfig.kit.client.ICloudCtrlServiceModule?@?global-domain_1281?@?1?@?com.heytap.mcs.statistics, has already call 1 times in 21600 seconds before
08-08 20:10:01.241 28554 28710 E MSP-LOG-SDK-RateLimitManager: not_allow_invoke because of time_window_not_allow queue = [1786191689123], config = RateLimitConfig{maxCalls=1, timeWindowSeconds=21600, callIntervalSeconds=0}, ipcInvokeTimeQueueMapKey = com.heytap.nearx.tangramconfig.kit.client.ICloudCtrlServiceModule?@?50351?@?1?@?com.heytap.mcs.statistics, has already call 1 times in 21600 seconds before
08-08 20:10:01.244 28665 28665 V GraphicsEnvironment: Currently set values for:
08-08 20:10:01.245 28665 28665 V GraphicsEnvironment:   angle_gl_driver_selection_pkgs=[]
08-08 20:10:01.245 28665 28665 V GraphicsEnvironment:   angle_gl_driver_selection_values=[]
08-08 20:10:01.245 28665 28665 V GraphicsEnvironment: Global.Settings values are invalid: number of packages: 0, number of values: 0
08-08 20:10:01.245 28665 28665 V GraphicsEnvironment: Neither updatable production driver nor prerelease driver is supported.
08-08 20:10:01.249  3991  3991 I QImsService: ImsServiceSub : [1] queryCapabilityConfiguration :: capability=8 radioTech=1
08-08 20:10:01.250 28554 28684 D CloudConfig_stgyHelper: mspVersionCanSupport mspKitVersion : 2031315
08-08 20:10:01.250 28554 28710 E MSP-LOG-SDK-: MspSdkException{code=3014,message=com.heytap.mspsdk.ratelimit.MspRateLimitExceededException: ipc rate limit exceeded in time window}
08-08 20:10:01.250 28554 28710 E MSP-LOG-SDK-: 	at com.heytap.mspsdk.ratelimit.d.a(SourceFile:5)
08-08 20:10:01.250 28554 28710 E MSP-LOG-SDK-: 	at com.heytap.mspsdk.interceptor.c.proceed(SourceFile:5)
08-08 20:10:01.250 28554 28710 E MSP-LOG-SDK-: 	at com.heytap.mspsdk.proxy.c.a(SourceFile:7)
08-08 20:10:01.250 28554 28710 E MSP-LOG-SDK-: 	at com.heytap.mspsdk.interceptor.c.proceed(SourceFile:5)
08-08 20:10:01.250 28554 28710 E MSP-LOG-SDK-: 	at com.heytap.mspsdk.proxy.g.invoke(SourceFile:22)
08-08 20:10:01.250 28554 28710 E MSP-LOG-SDK-: 	at java.lang.reflect.Proxy.invoke(Proxy.java:1009)
08-08 20:10:01.250 28554 28710 E MSP-LOG-SDK-: 	at $Proxy8.getDynamicCondition(Unknown Source)
08-08 20:10:01.250 28554 28710 E MSP-LOG-SDK-: 	at com.heytap.nearx.tangramconfig.kit.client.KitProxy.getDynamicCondition$lambda$0(SourceFile:3)
08-08 20:10:01.250 28554 28710 E MSP-LOG-SDK-: 	at com.heytap.nearx.tangramconfig.kit.client.KitProxy.b(SourceFile:0)
08-08 20:10:01.250 28554 28710 E MSP-LOG-SDK-: 	at com.heytap.nearx.tangramconfig.kit.client.b.run(SourceFile:8)
08-08 20:10:01.250 28554 28710 E MSP-LOG-SDK-: 	at java.util.concurrent.ThreadPoolExecutor.runWorker(ThreadPoolExecutor.java:1100)
08-08 20:10:01.250 28554 28710 E MSP-LOG-SDK-: 	at java.util.concurrent.ThreadPoolExecutor$Worker.run(ThreadPoolExecutor.java:624)
08-08 20:10:01.250 28554 28710 E MSP-LOG-SDK-: 	at java.lang.Thread.run(Thread.java:1572)
08-08 20:10:01.251 28554 28684 D CloudConfig_stgyHelper: getSupportKitMode strategyEntity : StrategyEntity(sdkInterval=1800000, strategyMode=1, minSDKVersion=1000, minKitVersion=2014122, validReqPeriod=7200000, maxReqProduct=100, forceKitIfKit=false, backoff=120000, enable=true, defaultLimit=RateLimitConfig{maxCalls=1, timeWindowSeconds=7200, callIntervalSeconds=0}, productLimits={global-domain_1281=RateLimitConfig{maxCalls=1, timeWindowSeconds=7200, callIntervalSeconds=0}, compass_20123=RateLimitConfig{maxCalls=1, timeWindowSeconds=7200, callIntervalSeconds=0}, 50351=RateLimitConfig{maxCalls=1, timeWindowSeconds=7200, callIntervalSeconds=0}, Push-Overseas=RateLimitConfig{maxCalls=1, timeWindowSeconds=7200, callIntervalSeconds=0}, compass_20142=RateLimitConfig{maxCalls=1, timeWindowSeconds=7200, callIntervalSeconds=0}})
08-08 20:10:01.251 28554 28684 D CloudConfig_stgyHelper: getSupportKitMode localSdkVersion : 1224
08-08 20:10:01.255 28665 28665 D ResourcesManagerExtImpl: applyConfigurationToAppResourcesLocked app.getDisplayId() return callback.displayId:-1
08-08 20:10:01.257 28623 28623 I Finsky:background: [2] [BGP] Initializing flags...
08-08 20:10:01.257 28554 28716 E MSP-LOG-SDK-: MspSdkException{code=3014,message=com.heytap.mspsdk.ratelimit.MspRateLimitExceededException: ipc rate limit exceeded in time window}
08-08 20:10:01.257 28554 28716 E MSP-LOG-SDK-: 	at com.heytap.mspsdk.ratelimit.d.a(SourceFile:5)
08-08 20:10:01.257 28554 28716 E MSP-LOG-SDK-: 	at com.heytap.mspsdk.interceptor.c.proceed(SourceFile:5)
08-08 20:10:01.257 28554 28716 E MSP-LOG-SDK-: 	at com.heytap.mspsdk.proxy.c.a(SourceFile:7)
08-08 20:10:01.257 28554 28716 E MSP-LOG-SDK-: 	at com.heytap.mspsdk.interceptor.c.proceed(SourceFile:5)
08-08 20:10:01.257 28554 28716 E MSP-LOG-SDK-: 	at com.heytap.mspsdk.proxy.g.invoke(SourceFile:22)
08-08 20:10:01.257 28554 28716 E MSP-LOG-SDK-: 	at java.lang.reflect.Proxy.invoke(Proxy.java:1009)
08-08 20:10:01.257 28554 28716 E MSP-LOG-SDK-: 	at $Proxy8.getDynamicCondition(Unknown Source)
08-08 20:10:01.257 28554 28716 E MSP-LOG-SDK-: 	at com.heytap.nearx.tangramconfig.kit.client.KitProxy.getDynamicCondition$lambda$0(SourceFile:3)
08-08 20:10:01.257 28554 28716 E MSP-LOG-SDK-: 	at com.heytap.nearx.tangramconfig.kit.client.KitProxy.b(SourceFile:0)
08-08 20:10:01.257 28554 28716 E MSP-LOG-SDK-: 	at com.heytap.nearx.tangramconfig.kit.client.b.run(SourceFile:8)
08-08 20:10:01.257 28554 28716 E MSP-LOG-SDK-: 	at java.util.concurrent.ThreadPoolExecutor.runWorker(ThreadPoolExecutor.java:1100)
08-08 20:10:01.257 28554 28716 E MSP-LOG-SDK-: 	at java.util.concurrent.ThreadPoolExecutor$Worker.run(ThreadPoolExecutor.java:624)
08-08 20:10:01.257 28554 28716 E MSP-LOG-SDK-: 	at java.lang.Thread.run(Thread.java:1572)
08-08 20:10:01.267  1399 13000 I vendor.qti.bluetooth@1.0-ibs_handler: [ibs_handler.cpp:778] ProcessIbsCmd: Received IBS_WAKE_IND: 0xFD
08-08 20:10:01.267  1399 13000 I vendor.qti.bluetooth@1.0-ibs_handler: [ibs_handler.cpp:795] ProcessIbsCmd: Writing IBS_WAKE_ACK
08-08 20:10:01.267  3979  4446 D CommonApp-741-10495: transport layer data is invalid
08-08 20:10:01.268   896   896 E lowmemorykiller: device memory 227510 free 16527 file 215929
08-08 20:10:01.271  3979  4446 D CommonApp-741-10120: transport layer data is invalid
08-08 20:10:01.283 28519 28701 W [Koin]  : (+) override index 'android.content.Context::_root_' -> '[Singleton:'android.content.Context']'
08-08 20:10:01.283 28519 28701 I [Koin]  : loaded 2 definitions in 0.408229 ms
08-08 20:10:01.289  3009  4816 W UserManagerService: Requested status bar icon for non-badged user 0
08-08 20:10:01.293   896   896 E lowmemorykiller: device memory 226314 free 14954 file 216306
08-08 20:10:01.294  3009  4816 W UserManagerService: Requested status bar icon for non-badged user 0
08-08 20:10:01.306 12944 12969 D bluetooth: [acl_arbiter.cc:69] InterceptAttPacket: Intercepting ATT packet and forwarding to Rust
08-08 20:10:01.307 12944 12969 E Bluetooth: [gatt_main.cc:1078] gatt_data_process
08-08 20:10:01.307 12944 12969 I oplus_bt_stack_ble_event: report_stack_ble_last_data_transfer, 20:**:**:**:ca:c6
08-08 20:10:01.309  3009  4131 D OplusWindowManagerServiceEnhance: setInsetAnimationTid: pid 26103 ,tid 26103 ,enable false ,uafEnable true
08-08 20:10:01.311 26103 26103 I ImeTracker: com.android.mms:4f07cc47: onRequestHide at ORIGIN_CLIENT reason HIDE_SOFT_INPUT_ON_ANIMATION_STATE_CHANGED fromUser false
08-08 20:10:01.311 12944 12969 D oplus_bt_stack_gatt_manager: [oplus_bt_stack_gatt_manager.cc:789]  oplus_gatt_process_read_rsp 
08-08 20:10:01.314 26103 26103 I ImeTracker: com.android.mms:61a97f9d: onHidden
08-08 20:10:01.315  3009  3409 I ImeTracker: com.android.mms:4f07cc47: onCancelled at PHASE_SERVER_SHOULD_HIDE
08-08 20:10:01.317 25458 25458 D BoundBrokerSvc: onBind: Intent { act=com.google.android.gms.measurement.START pkg=com.google.android.gms mCallingUid=10329 }
08-08 20:10:01.317 25458 25458 D BoundBrokerSvc: Loading bound service for intent: Intent { act=com.google.android.gms.measurement.START pkg=com.google.android.gms mCallingUid=10329 }
08-08 20:10:01.320 28665 28665 D nativeloader: Load libSchedAssistJni.so using system ns (caller=/system/framework/oplus-framework.jar): ok
08-08 20:10:01.320 28665 28665 D ExtensionsLoader: createInstance(64bit) : createExtendedFactory
08-08 20:10:01.321 28665 28665 D ExtensionsLoader: Opened libSchedAssistExtImpl.so
08-08 20:10:01.322 28665 28665 E SchedAssist: sysOpen failed with error=Permission denied
08-08 20:10:01.322 28665 28665 E SchedAssist: open sharedFd failed with error=Permission denied
08-08 20:10:01.322 28665 28665 E SchedAssist: open sharedFd failed with error=Permission denied
08-08 20:10:01.322 28665 28665 E SchedAssist: open sharedFd failed with error=Permission denied
08-08 20:10:01.322 28665 28665 E SchedAssist: open sharedFd failed with error=No such file or directory
08-08 20:10:01.329  1299  1346 E TetherController: property_get sys.radio.data.modem_share_flag return 0, 1!
08-08 20:10:01.330 28665 28665 D OplusGraphicsEvent: OplusGraphicsEventListener create now!
08-08 20:10:01.330 12944 13018 I oplus_bt_stack_ble_event: report_stack_ble_gatt_read_write_operation_event enter
08-08 20:10:01.332  1399 13005 I vendor.qti.bluetooth@1.0-ibs_handler: [ibs_handler.cpp:905] DeviceSleep: TX Awake, Sending SLEEP_IND
08-08 20:10:01.332 28665 28665 D OplusGraphicsEvent: addEventListener success!
08-08 20:10:01.340 12944 13127 D bt_btif_gattc: [btif_gatt_client.cc:565] btif_gattc_write_char: 
08-08 20:10:01.342 19189 19197 D MoYoung : onDeviceBattery: 59
08-08 20:10:01.342  3009  4131 E ScrollOptim [OplusPerfService]: isScrollOptimEnable: mSoptBean = ScrollOptimBean, mOptEnable=true, mCommonOnly=false, mPreAnimStrategy=1, mPreAnimBlacklist=[com.kyk.world, com.shopify.arrive], mPreAnimWhitelist=[], mInsertNum=1, mFrameInsertList={com.shopify.arrive={}, com.sina.weibo={com.sina.weibo.VisitorMainTabActivity=3}, com.tencent.mm={com.tencent.mm.ui.AlbumUI=3, com.tencent.mm.plugin.sns.ui.SnsTimeLineUI=3, com.tencent.mm.plugin.sns.ui.improve.ImproveSnsTimelineUI=3}, com.taobao.idlefish={}, com.kyk.world={}}, mSCEnableList={com.ss.android.ugc.aweme=[com.ss.android.ugc.aweme.splash.SplashActivity], com.sankuai.meituan=[com.meituan.android.pt.homepage.activity.MainActivity], com.dragon.read=[com.dragon.read.pages.main.MainFragmentActivity], com.sina.weibo=[com.sina.weibo.VisitorMainTabActivity], com.xunmeng.pinduoduo=[com.xunmeng.pinduoduo.activity.NewPageActivity], com.tencent.qqmusic=[com.tencent.qqmusic.activity.AppStarterActivity], com.tencent.mobileqq=[com.qzone.feed.ui.activity.QZoneFriendFeedActivity], com.tencent.qqlive=[com.tencent.qqlive.ona.activity.SplashHomeActivity], com.ct.client=[com.ct.client.activity.MainActivity]}
08-08 20:10:01.342  3009  4131 E ScrollOptim [OplusPerfService]: isScrollOptimEnable: pkgName = com.hypernova.phone, output = Bundle[{pre_anim_enable=true, frame_insert_list=null, frame_insert_default_num=1, scroll_changed_enable_list=null}]
08-08 20:10:01.342  3009  3712 I Osense-PsiDetector: 873,43,2955,4607,36,169,117,740,1129,445,405,0,4,5689
08-08 20:10:01.343 28665 28665 D ScrollOptim [ConfigManager]: initOptConfig: pkg= com.hypernova.phone, mOptEnable= true, mAnimAheadEnable= true, mInsertDefaultNum= 1, mFrameInsertEnableList= {}, mSCEnableList= []
08-08 20:10:01.344 19189 19197 I HealthLife.full: BaseWearableDevice, Infinix XWatch N4, CA:C6, 0x000000041f0310102d, onBatteryChanged battery=59
08-08 20:10:01.344  1399 13000 I vendor.qti.bluetooth@1.0-ibs_handler: [ibs_handler.cpp:825] ProcessIbsCmd: Received IBS_SLEEP_IND: 0xFE
08-08 20:10:01.344  1399 13000 D vendor.qti.bluetooth@1.0-ibs_handler: [ibs_handler.cpp:391] SerialClockVote: vote for UART CLK OFF
08-08 20:10:01.346 25458 25494 W OplusExSystemServiceHelper: checkOplusExSystemService intent getComponent is null
08-08 20:10:01.349 12944 13018 I oplus_bt_stack_ble_event: stack_ble_gatt_read_write_operation_event_report address=20:**:**:**:ca:c6
08-08 20:10:01.352 12944 12969 D bluetooth: [att_protocol.cc:515] attp_cl_send_cmd: Sending ATT command to l2cap cid:0x0004 eatt_channels:0 transport:BT_TRANSPORT_LE
08-08 20:10:01.352 12944 12969 D bluetooth: [att_protocol.cc:389] attp_send_msg_to_l2cap: Sending ATT message on att fixed channel
08-08 20:10:01.352 12944 12969 D bt_l2cap: [l2c_api.cc:1545] L2CA_SendFixedChnlData: Enqueued data for CID: 0x0004 len:13
08-08 20:10:01.353 12944 12969 D l2c_link: [l2c_link.cc:1222] l2c_link_send_to_lower_ble: TotalWin=15,Hndl=0x4,Quota=16,Unack=1,RRQuota=0,RRUnack=0
08-08 20:10:01.353 12944 12969 I oplus_bt_stack_ble_event: report_stack_ble_last_data_transfer, 20:**:**:**:ca:c6
08-08 20:10:01.354 12944 12969 D bt_bta_gattc: [bta_gattc_act.cc:1272] bta_gattc_write_cmpl: Handling write response type: 1: handle 0x0045
08-08 20:10:01.354  1399  1399 D vendor.qti.bluetooth@1.0-ibs_handler: [ibs_handler.cpp:372] SerialClockVote: vote for UART CLK ON
08-08 20:10:01.354  1399  1399 D vendor.qti.bluetooth@1.0-uart_transport: [hci_uart_transport.cpp:975] SocRxDWakeup: Flow off->Change UART baudrate to 38.4kbs->send 0x00->Change UART baudrate to max->Flow on
08-08 20:10:01.354  1399  1399 I vendor.qti.bluetooth@1.0-uart_transport: [hci_uart_transport.cpp:529] ## userial_vendor_ioctl: UART Flow Off 
08-08 20:10:01.355  3009  3251 I ActivityManager: Flag disabled. Ignoring finishAttachApplication from uid: 10495. pid: 28665
08-08 20:10:01.357  1399  1399 I vendor.qti.bluetooth@1.0-uart_transport: [hci_uart_transport.cpp:643] ## userial_vendor_set_baud: 17
08-08 20:10:01.358 28665 28665 D callGcSupression: java.lang.NullPointerException: Attempt to invoke virtual method 'java.lang.Object java.lang.reflect.Method.invoke(java.lang.Object, java.lang.Object[])' on a null object reference
08-08 20:10:01.359 19189 19189 D HealthDeviceManager: battery = 59 ----- isCharge = false
08-08 20:10:01.359 19189 19189 D HealthDeviceManager: battery = 59 ----- isCharge = false
08-08 20:10:01.359 28554 28684 D NearX.CloudConfig: cloudInit sdk version : unspecified app name : com.heytap.mcs
08-08 20:10:01.364  3009  3251 I [UAH_CLIENT]: UahEventAcquire, cmdid:2, pkg:none, identity:OplusActivityManagerServiceEnhance
08-08 20:10:01.365 28554 28684 D CloudConfig_stgyHelper: mspVersionCanSupport mspKitVersion : 2031315
08-08 20:10:01.366   896   896 E lowmemorykiller: device memory 224954 free 11291 file 218609
08-08 20:10:01.367  1399  1399 I vendor.qti.bluetooth@1.0-uart_transport: [hci_uart_transport.cpp:670] SetBaudRate: in BOTHER
08-08 20:10:01.367  1399  1399 I vendor.qti.bluetooth@1.0-uart_transport: [hci_uart_transport.cpp:519] ## userial_vendor_ioctl: UART Flow On 
08-08 20:10:01.369  1399 13000 I vendor.qti.bluetooth@1.0-ibs_handler: [ibs_handler.cpp:854] ProcessIbsCmd: Received IBS_WAKE_ACK: 0xFC
08-08 20:10:01.369  1399  1399 I vendor.qti.bluetooth@1.0-ibs_handler: [ibs_handler.cpp:668] DeviceWakeUp: Writing IBS_WAKE_IND
08-08 20:10:01.369  1399 13000 I vendor.qti.bluetooth@1.0-ibs_handler: [ibs_handler.cpp:856] ProcessIbsCmd: Signal wack_cond_
08-08 20:10:01.369  1399  1399 D vendor.qti.bluetooth@1.0-ibs_handler: [ibs_handler.cpp:700] DeviceWakeUp: Unblocked from waiting for FC, pthread_cond_timedwait ret = 0
08-08 20:10:01.369  1399 13000 I vendor.qti.bluetooth@1.0-ibs_handler: [ibs_handler.cpp:854] ProcessIbsCmd: Received IBS_WAKE_ACK: 0xFC
08-08 20:10:01.369  1399 13000 I vendor.qti.bluetooth@1.0-ibs_handler: [ibs_handler.cpp:856] ProcessIbsCmd: Signal wack_cond_
08-08 20:10:01.372  3009  3251 W ActivityManager: Receiver with filter android.content.IntentFilter@bb12993 already registered for pid 28554, callerPackage is com.heytap.mcs
08-08 20:10:01.375  1566 22091 D GpuServiceExtImpl: getRUSWhiteList  size 0
08-08 20:10:01.375 28665 28665 I HWUI    : SupportApps size 0
08-08 20:10:01.376 28554 28684 D CloudConfig_stgyHelper: 设置本地限频
08-08 20:10:01.379  1399 13000 I vendor.qti.bluetooth@1.0-ibs_handler: [ibs_handler.cpp:778] ProcessIbsCmd: Received IBS_WAKE_IND: 0xFD
08-08 20:10:01.379  1399 13000 I vendor.qti.bluetooth@1.0-ibs_handler: [ibs_handler.cpp:795] ProcessIbsCmd: Writing IBS_WAKE_ACK
08-08 20:10:01.383 26103 26103 D VRI[ConversationActivity]: visibilityChanged oldVisibility=true newVisibility=false
08-08 20:10:01.386  3680  3680 E LockScreenNotificationDispatcherImp: updateNotificationListOnKg size:0
08-08 20:10:01.386  3680  3680 I SystemUi--Notification: LockScreenNotificationDispatcherImp-->updateNotificationListOnKg resultCode: 0
08-08 20:10:01.387 28554 28746 I MSP-LOG-SDK-MspSdk: Sdk has initialized! version:2.0.1.14
08-08 20:10:01.391 28665 28745 D ExtensionsLoader: createInstance(64bit) : createExtendedFactory
08-08 20:10:01.392 28665 28745 D ExtensionsLoader: Opened libSchedAssistExtImpl.so
08-08 20:10:01.392 26103 26103 D HWUI    : RenderProxy::destroy: this=0xb400007403d6e500, mContext=0xb40000737d8f8c00
08-08 20:10:01.394 26103 26223 D HWUI    : SkiaOpenGLPipeline::setSurface: this=0xb400007403d98800, surface=NULL
08-08 20:10:01.397   896   896 E lowmemorykiller: device memory 224270 free 9779 file 219437
08-08 20:10:01.400  3009  3712 I Osense-PsiDetector: 876,39,2956,4607,36,171,116,736,1135,446,411,0,4,5701
08-08 20:10:01.403 28665 28665 D ResourcesManagerExtImpl: applyConfigurationToAppResourcesLocked app.getDisplayId() return callback.displayId:0
08-08 20:10:01.405 28554 28746 E MSP-LOG-SDK-RateLimitManager: not_allow_invoke because of time_window_not_allow queue = [1786193806000], config = RateLimitConfig{maxCalls=1, timeWindowSeconds=21600, callIntervalSeconds=0}, ipcInvokeTimeQueueMapKey = com.heytap.nearx.tangramconfig.kit.client.ICloudCtrlServiceModule?@?compass_20123?@?1?@?com.heytap.mcs.statistics, has already call 1 times in 21600 seconds before
08-08 20:10:01.406 28554 28746 E MSP-LOG-SDK-: MspSdkException{code=3014,message=com.heytap.mspsdk.ratelimit.MspRateLimitExceededException: ipc rate limit exceeded in time window}
08-08 20:10:01.406 28554 28746 E MSP-LOG-SDK-: 	at com.heytap.mspsdk.ratelimit.d.a(SourceFile:5)
08-08 20:10:01.406 28554 28746 E MSP-LOG-SDK-: 	at com.heytap.mspsdk.interceptor.c.proceed(SourceFile:5)
08-08 20:10:01.406 28554 28746 E MSP-LOG-SDK-: 	at com.heytap.mspsdk.proxy.c.a(SourceFile:7)
08-08 20:10:01.406 28554 28746 E MSP-LOG-SDK-: 	at com.heytap.mspsdk.interceptor.c.proceed(SourceFile:5)
08-08 20:10:01.406 28554 28746 E MSP-LOG-SDK-: 	at com.heytap.mspsdk.proxy.g.invoke(SourceFile:22)
08-08 20:10:01.406 28554 28746 E MSP-LOG-SDK-: 	at java.lang.reflect.Proxy.invoke(Proxy.java:1009)
08-08 20:10:01.406 28554 28746 E MSP-LOG-SDK-: 	at $Proxy8.getDynamicCondition(Unknown Source)
08-08 20:10:01.406 28554 28746 E MSP-LOG-SDK-: 	at com.heytap.nearx.tangramconfig.kit.client.KitProxy.getDynamicCondition$lambda$0(SourceFile:3)
08-08 20:10:01.406 28554 28746 E MSP-LOG-SDK-: 	at com.heytap.nearx.tangramconfig.kit.client.KitProxy.b(SourceFile:0)
08-08 20:10:01.406 28554 28746 E MSP-LOG-SDK-: 	at com.heytap.nearx.tangramconfig.kit.client.b.run(SourceFile:8)
08-08 20:10:01.406 28554 28746 E MSP-LOG-SDK-: 	at java.util.concurrent.ThreadPoolExecutor.runWorker(ThreadPoolExecutor.java:1100)
08-08 20:10:01.406 28554 28746 E MSP-LOG-SDK-: 	at java.util.concurrent.ThreadPoolExecutor$Worker.run(ThreadPoolExecutor.java:624)
08-08 20:10:01.406 28554 28746 E MSP-LOG-SDK-: 	at java.lang.Thread.run(Thread.java:1572)
08-08 20:10:01.414  3009  3705 I Osense-BaseDecisionMaker: notifySceneToAthenaPolicy: SCENE_RES_MEM_PSI_NORMAL, bundle: Bundle[{memLevel=4}]
08-08 20:10:01.424  1399 13000 I vendor.qti.bluetooth@1.0-ibs_handler: [ibs_handler.cpp:825] ProcessIbsCmd: Received IBS_SLEEP_IND: 0xFE
08-08 20:10:01.426  3009  3705 I Osense-BaseDecisionMaker: scene: SCENE_RES_MEM_PSI_NORMAL, excutingPolicy: clear
08-08 20:10:01.428  3009  3705 D Osense-BaseDecisionMaker: invoke clear policy,type: cached
08-08 20:10:01.428 26103 28703 W MessagingAppNotif: cancelNotificationsByType: do nothing, cancelTypes is empty.
08-08 20:10:01.431  3009  3710 I OsenseKillAction: KillAction: [atomic clean] start name=lowmem, requestId=122319, startAvail=874, startFreeMB=34, purposeAvailMB=1200, purposeFreeMB=-1, anonRssTarget=326, minBgCount=0, swapTarget=0, scene=SCENE_RES_MEM_PSI_NORMAL, type=cached, qb=false, cchOnly=true, urgency=false, hoggingCpuPids={}, invalid-cnt=0
08-08 20:10:01.439  3009  3705 I Osense-BaseDecisionMaker: notifySceneToAthenaPolicy: SCENE_RES_MEM_PSI_LEAK, bundle: Bundle[{memLevel=4}]
08-08 20:10:01.446 28601 28731 W Finsky  : [16316] Failed to get the task info for cold start.
08-08 20:10:01.446  3009  3710 I OsenseKillAction: KillAction: group process done, total=4ms, firstLoop=2ms, updateProcessInfo=2ms, idleList=0ms, curBg=3
08-08 20:10:01.446 28601 28731 I Finsky  : [16316] Process started for unknown session.
08-08 20:10:01.447  3009  3710 W OplusAppStartupConfigExt_OplusAppStartupCommonSceneStrategy: Blacklist is Empty
08-08 20:10:01.447  3009  3710 D OplusAppStartupConfigExt: RestartService prevent pkg com.facebook.orca result = false
08-08 20:10:01.448  3009  3710 I OsenseKillAction: scanCchEmptyProc: +++++++ start double check +++++++
08-08 20:10:01.448  3009  3710 I OsenseKillAction: scanCchEmptyProc: cch check done: killablePss=0kb, killableAnonRss=0mb, time=2ms, candidate cnt: 0
08-08 20:10:01.448  3009  3710 I OsenseKillAction: scanNonUiProc: ----------start check non ui proc-----------
08-08 20:10:01.448  3009  3710 I OsenseKillAction: scanNonUiProc: done check non ui proc: killablePss=0kb, killableAnonRss=0mb, time=0ms, collected proc num: 0
08-08 20:10:01.448  3009  3710 I OsenseKillAction: scanOomAdj: skip scan oom adj for lowmem
08-08 20:10:01.448  3009  3710 I OsenseKillAction: scanAllProc: skip scan all proc for lowmem
08-08 20:10:01.448  3009  3710 I OsenseKillAction: KillAction: done execute kill, pi2app=0ms, monitor=0ms, kill=0ms, total=0ms, kill cnt=0, local cnt=0
08-08 20:10:01.449  3009  3710 I OsenseKillAction: KillAction: [atomic clean] end requestId=122319, endAvail=872mb, reclaimed: [pss=0mb, anonRss=0mb, swap=0mb, mem=0mb, Rss=0mb], timing: [total=19ms, update=5ms, readMem=5ms, group=4ms, cch=2ms, nonUi=0ms, oomadj=0ms, allProc=0ms, monitor=0ms, kill=0ms], sysinfo: [bgcount=3]
08-08 20:10:01.449  3009  3710 I OsenseKillAction: KillAction: 326mb more anonRss to reclaim, 0mb more swapMb to reclaim, <skip> mem guard, cur avail=872mb, bundle: Bundle[{appcareThreshold=0, triggerMemory=1000, qbmode=false, memLevel=4, type=cached, level=1, scene=SCENE_RES_MEM_PSI_NORMAL, requestId=122319, purposeMemory=1200}]
08-08 20:10:01.455 28551 28551 E FeatureFlagsImplExport: android.os.flagging.AconfigStorageReadException: ERROR_PACKAGE_NOT_FOUND: package android.permission.flags cannot be found on the device
08-08 20:10:01.456 28551 28551 E FeatureFlagsImplExport: android.os.flagging.AconfigStorageReadException: ERROR_PACKAGE_NOT_FOUND: package android.app.admin.flags cannot be found on the device
08-08 20:10:01.456 28551 28551 E FeatureFlagsImplExport: android.os.flagging.AconfigStorageReadException: ERROR_PACKAGE_NOT_FOUND: package android.companion cannot be found on the device
08-08 20:10:01.456 28551 28551 E FeatureFlagsImplExport: android.os.flagging.AconfigStorageReadException: ERROR_PACKAGE_NOT_FOUND: package android.content.pm cannot be found on the device
08-08 20:10:01.457 28554 28684 D CloudConfig_stgyHelper: mspVersionCanSupport mspKitVersion : 2031315
08-08 20:10:01.459 19189 19189 I HealthLife.full: MainService onNotificationPosted sbn:StatusBarNotification(pkg=org.hicham.salaat user=UserHandle{0} id=67552200 tag=null key=0|org.hicham.salaat|67552200|null|10326: Notification(channel=foreground shortcut=null contentView=null vibrate=null sound=null defaults=0 flags=ONGOING_EVENT|NO_CLEAR|FOREGROUND_SERVICE color=0x00000000 vis=PRIVATE))
08-08 20:10:01.459 19189 19189 I HealthLife.full: ServiceSpi#onNotificationPosted sbn:StatusBarNotification(pkg=org.hicham.salaat user=UserHandle{0} id=67552200 tag=null key=0|org.hicham.salaat|67552200|null|10326: Notification(channel=foreground shortcut=null contentView=null vibrate=null sound=null defaults=0 flags=ONGOING_EVENT|NO_CLEAR|FOREGROUND_SERVICE color=0x00000000 vis=PRIVATE))
08-08 20:10:01.460 19189 19189 D HealthLife.full: NotificationInspector: Package: org.hicham.salaat
08-08 20:10:01.460 19189 19189 D HealthLife.full: NotificationInspector: Tag: null
08-08 20:10:01.460 19189 19189 D HealthLife.full: NotificationInspector: Flags: 98
08-08 20:10:01.460 19189 19189 D HealthLife.full: NotificationInspector: Channel ID: foreground
08-08 20:10:01.460 19189 19189 D HealthLife.full: NotificationInspector: Notification Extras:
08-08 20:10:01.460 19189 19189 D HealthLife.full:   -> key=android.title, value=Salaat First
08-08 20:10:01.460 19189 19189 D HealthLife.full:   -> key=android.reduced.images, value=true
08-08 20:10:01.460 19189 19189 D HealthLife.full:   -> key=android.subText, value=null
08-08 20:10:01.460 19189 19189 D HealthLife.full:   -> key=android.showChronometer, value=false
08-08 20:10:01.460 19189 19189 D HealthLife.full:   -> key=android.text, value=صلاة العشاء بعد 59 دقيقة
08-08 20:10:01.460 19189 19189 D HealthLife.full:   -> key=android.progress, value=0
08-08 20:10:01.460 19189 19189 D HealthLife.full:   -> key=android.progressMax, value=0
08-08 20:10:01.460 19189 19189 D HealthLife.full:   -> key=android.appInfo, value=ApplicationInfo{f3e327e org.hicham.salaat}
08-08 20:10:01.460 19189 19189 D HealthLife.full:   -> key=android.showWhen, value=true
08-08 20:10:01.460 19189 19189 D HealthLife.full:   -> key=in_conference_scene_mode, value=false
08-08 20:10:01.460 19189 19189 D HealthLife.full:   -> key=android.largeIcon, value=null
08-08 20:10:01.460 19189 19189 D HealthLife.full:   -> key=android.infoText, value=null
08-08 20:10:01.460 19189 19189 D HealthLife.full:   -> key=android.progressIndeterminate, value=false
08-08 20:10:01.460 19189 19189 D HealthLife.full:   -> key=android.remoteInputHistory, value=null
08-08 20:10:01.460 19189 19189 D HealthLife.full:   -> key=in_full_screen_mode, value=false
08-08 20:10:01.461 26103 26258 I PagerExt@91999306: pagingDataExtFlow: new data -> PagingDataExt@135165315{{ItemViewDataList@48914152{CursorEntityList@192911749{size=51, invalid=false}}, type=10},isPreload=false}
08-08 20:10:01.462 19189 19189 I HealthLife.full: WatchMediaControlUtil,mRemoteController != null
08-08 20:10:01.463 19189 19189 D HealthLife.full: StepServiceImpl#onNotificationPosted, sbn: StatusBarNotification(pkg=org.hicham.salaat user=UserHandle{0} id=67552200 tag=null key=0|org.hicham.salaat|67552200|null|10326: Notification(channel=foreground shortcut=null contentView=null vibrate=null sound=null defaults=0 flags=ONGOING_EVENT|NO_CLEAR|FOREGROUND_SERVICE color=0x00000000 vis=PRIVATE))
08-08 20:10:01.463 19189 19189 I HealthLife.full: WatchMediaControlUtil,mRemoteController != null
08-08 20:10:01.466 22892 23239 D CosaServiceImpl: getABProjectName enter
08-08 20:10:01.466 22892 23239 D CosaServiceImpl: getABProjectName 
08-08 20:10:01.473 28554 28684 D CloudConfig_stgyHelper: getSupportKitMode strategyEntity : StrategyEntity(sdkInterval=1800000, strategyMode=1, minSDKVersion=1000, minKitVersion=2014122, validReqPeriod=7200000, maxReqProduct=100, forceKitIfKit=false, backoff=120000, enable=true, defaultLimit=RateLimitConfig{maxCalls=1, timeWindowSeconds=7200, callIntervalSeconds=0}, productLimits={global-domain_1281=RateLimitConfig{maxCalls=1, timeWindowSeconds=7200, callIntervalSeconds=0}, compass_20123=RateLimitConfig{maxCalls=1, timeWindowSeconds=7200, callIntervalSeconds=0}, 50351=RateLimitConfig{maxCalls=1, timeWindowSeconds=7200, callIntervalSeconds=0}, Push-Overseas=RateLimitConfig{maxCalls=1, timeWindowSeconds=7200, callIntervalSeconds=0}, compass_20142=RateLimitConfig{maxCalls=1, timeWindowSeconds=7200, callIntervalSeconds=0}})
08-08 20:10:01.474 28554 28684 D CloudConfig_stgyHelper: getSupportKitMode localSdkVersion : 1224
08-08 20:10:01.440 28519 28701 D PhoneManager.KoinRegister: getKoinModules end
08-08 20:10:01.474 19189 19189 I HealthLife.full: connectedDeviceList: [com.transsion.spi.devicemanager.device.HealthDeviceClient@bf47d57]
08-08 20:10:01.474 28519 28701 I [Koin]  : loaded 23 definitions in 0.52474 ms
08-08 20:10:01.477 19189 19189 I HealthLife.full: lastMac: CA:C6
08-08 20:10:01.487 19189 21185 V HealthLife.full: (cache == null) = false, cache.isEmpty()=false
08-08 20:10:01.488 19189 21185 D HealthLife.full: DeviceRepository,mConnectDeviceClientMap:{20:EC:98:01:CA:C6=com.transsion.spi.devicemanager.device.HealthDeviceClient@bf47d57}
08-08 20:10:01.488 19189 21185 V HealthLife.full: DeviceRepository, cache.size: 1, list.size: 1, map.size: 1
08-08 20:10:01.491 19189 19189 D HealthLife.full: MissingCallActivity getWatchConfigEntity is WatchConfigEntity(mac=20:EC:98:01:CA:C6, callIn=true, reject=false, appListEnable=true, appList=[NotificationAppBean(packageName=com.google.android.youtube, enable=false), NotificationAppBean(packageName=com.whatsapp, enable=true), NotificationAppBean(packageName=com.android.mms, enable=false), NotificationAppBean(packageName=com.facebook.orca, enable=false), NotificationAppBean(packageName=com.linkedin.android, enable=false), NotificationAppBean(packageName=xxx.others.application, enable=false), NotificationAppBean(packageName=org.telegram.messenger, enable=false), NotificationAppBean(packageName=com.twitter.android, enable=false)], zenMode=false, mirrorZen=false, zenImmediately=false, zenTiming=false, zenFromTimeHour=22, zenFromTimeMinute=0, zenToTimeHour=10, zenToTimeMinute=0, zenDisableTime=0, closeTimingDisableTime=0, missingCall=false)
08-08 20:10:01.491 19189 19189 V HealthLife.full: ServiceSpi, mWatchConfig = WatchConfigEntity(mac=20:EC:98:01:CA:C6, callIn=true, reject=false, appListEnable=true, appList=[NotificationAppBean(packageName=com.google.android.youtube, enable=false), NotificationAppBean(packageName=com.whatsapp, enable=true), NotificationAppBean(packageName=com.android.mms, enable=false), NotificationAppBean(packageName=com.facebook.orca, enable=false), NotificationAppBean(packageName=com.linkedin.android, enable=false), NotificationAppBean(packageName=xxx.others.application, enable=false), NotificationAppBean(packageName=org.telegram.messenger, enable=false), NotificationAppBean(packageName=com.twitter.android, enable=false)], zenMode=false, mirrorZen=false, zenImmediately=false, zenTiming=false, zenFromTimeHour=22, zenFromTimeMinute=0, zenToTimeHour=10, zenToTimeMinute=0, zenDisableTime=0, closeTimingDisableTime=0, missingCall=false)
08-08 20:10:01.491 19189 19189 I HealthLife.full: callInListener, enableCallReminder=true, isSupportMissedCall=null, isRinging=false, isListenerRegistered=true
08-08 20:10:01.492 28551 28551 E FeatureFlagsImplExport: android.os.flagging.AconfigStorageReadException: ERROR_PACKAGE_NOT_FOUND: package android.companion.virtualdevice.flags cannot be found on the device
08-08 20:10:01.494 19189 21185 V HealthLife.full: ServiceSpi, pkgChannelList = [{"channelId":["Other3"],"packageName":"org.telegram.messenger"},{"channelId":["silent_notifications_3","chat_history_backup","sending_media@1"],"packageName":"com.whatsapp"},{"channelId":["silent_notifications_3","chat_history_backup","sending_media@1"],"packageName":"com.whatsapp.w4b"},{"channelId":["VPN_CHANNEL_ID"],"packageName":"com.vpn.secure.proxy.guard"},{"channelId":["Playback Control shortcut"],"packageName":"com.afmobi.boomplayer"},{"channelId":["general_group_silent"],"packageName":"com.snapchat.android"},{"channelId":["download_channel"],"packageName":"ru.kinopoisk"},{"channelId":["com_tencent_qqmusic_player"],"packageName":"com.tencent.qqmusic"}]
08-08 20:10:01.495 19189 21185 V HealthLife.full: ServiceSpi, pkgIntervalList = [{"interval":3000,"packageName":"com.hihonor.mms"},{"interval":3000,"packageName":"com.vkontakte.android"},{"interval":3000,"packageName":"com.zing.zalo"},{"interval":500,"packageName":"com.zhiliaoapp.musically"},{"interval":10000,"packageName":"com.microsoft.teams"},{"interval":800,"packageName":"com.twitter.android"},{"interval":1000,"packageName":"com.whatsapp"},{"interval":1000,"packageName":"com.whatsapp.w4b"}]
08-08 20:10:01.495 19189 21185 V HealthLife.full: ServiceSpi, pkgFlagList = [{"flag":"FLAG_GROUP_SUMMARY","packageName":"jp.naver.line.android"},{"flag":"FLAG_GROUP_SUMMARY","packageName":"com.whatsapp"},{"flag":"FLAG_GROUP_SUMMARY","packageName":"com.whatsapp.w4b"},{"flag":"FLAG_FOREGROUND_SERVICE","packageName":"com.twitter.android"}]
08-08 20:10:01.495 19189 21185 V HealthLife.full: ServiceSpi, isNewScheme = false
08-08 20:10:01.495 19189 21185 I HealthLife.full: ServiceSpi, notificationPkg=org.hicham.salaat
08-08 20:10:01.496 19189 21185 I HealthLife.full: newNotificationMessageRecord: NotificationMessageRecord{packageName:com.whatsapp, notificationTime:1786208971730, notificationTitle:‎‫شلة ال iti‬‎: Youhana Beshay, notificationContent:هيبدا, channelId:120363402628797831@g.us_41} NotificationMessageRecord{packageName:org.hicham.salaat, notificationTime:1786209000930, notificationTitle:Salaat First, notificationContent:صلاة العشاء بعد 59 دقيقة, channelId:foreground}
08-08 20:10:01.498   896   896 E lowmemorykiller: device memory 222940 free 5999 file 221887
08-08 20:10:01.515 28665 28665 D AppCompatDelegate: Checking for metadata for AppLocalesMetadataHolderService : Service not found
08-08 20:10:01.521 12944 13127 D bt_btif_gattc: [btif_gatt_client.cc:565] btif_gattc_write_char: 
08-08 20:10:01.528 12944 12969 D bluetooth: [att_protocol.cc:515] attp_cl_send_cmd: Sending ATT command to l2cap cid:0x0004 eatt_channels:0 transport:BT_TRANSPORT_LE
08-08 20:10:01.529 12944 12969 D bluetooth: [att_protocol.cc:389] attp_send_msg_to_l2cap: Sending ATT message on att fixed channel
08-08 20:10:01.529 12944 12969 D bt_l2cap: [l2c_api.cc:1545] L2CA_SendFixedChnlData: Enqueued data for CID: 0x0004 len:9
08-08 20:10:01.529 12944 12969 D l2c_link: [l2c_link.cc:1222] l2c_link_send_to_lower_ble: TotalWin=15,Hndl=0x4,Quota=16,Unack=1,RRQuota=0,RRUnack=0
08-08 20:10:01.530 12944 12969 I oplus_bt_stack_ble_event: report_stack_ble_last_data_transfer, 20:**:**:**:ca:c6
08-08 20:10:01.530 12944 12969 D bt_bta_gattc: [bta_gattc_act.cc:1272] bta_gattc_write_cmpl: Handling write response type: 1: handle 0x0045
08-08 20:10:01.541 28552 28552 I CdoRouter: [ServiceLoader] init class invoked: com.heytap.cdo.component.generated.ServiceLoaderInit ,method: init
08-08 20:10:01.543  3009  3251 W PackageManager: package com.google.android.permissioncontroller uid 10279 pid 28551 call SetEnabledSetting(com.google.android.permissioncontroller component = com.android.permissioncontroller.role.ui.SpecialAppAccessListActivity, 2, 0)
08-08 20:10:01.546 19189 21185 I HealthLife.full: ServiceSpi, 1. newNotificationMessageRecord: NotificationMessageRecord{packageName:org.hicham.salaat, notificationTime:1786209000930, notificationTitle:Salaat First, notificationContent:صلاة العشاء بعد 59 دقيقة, channelId:foreground}
08-08 20:10:01.547 28554 28684 D CloudConfig_stgyHelper: mspVersionCanSupport mspKitVersion : 2031315
08-08 20:10:01.549 19189 21185 I HealthLife.full: ServiceSpi, packageInfo=PackageInfo{f2ea93c org.hicham.salaat}
08-08 20:10:01.551 28554 28684 D CloudConfig_stgyHelper: getSupportKitMode strategyEntity : StrategyEntity(sdkInterval=1800000, strategyMode=1, minSDKVersion=1000, minKitVersion=2014122, validReqPeriod=7200000, maxReqProduct=100, forceKitIfKit=false, backoff=120000, enable=true, defaultLimit=RateLimitConfig{maxCalls=1, timeWindowSeconds=7200, callIntervalSeconds=0}, productLimits={global-domain_1281=RateLimitConfig{maxCalls=1, timeWindowSeconds=7200, callIntervalSeconds=0}, compass_20123=RateLimitConfig{maxCalls=1, timeWindowSeconds=7200, callIntervalSeconds=0}, 50351=RateLimitConfig{maxCalls=1, timeWindowSeconds=7200, callIntervalSeconds=0}, Push-Overseas=RateLimitConfig{maxCalls=1, timeWindowSeconds=7200, callIntervalSeconds=0}, compass_20142=RateLimitConfig{maxCalls=1, timeWindowSeconds=7200, callIntervalSeconds=0}})
08-08 20:10:01.551 28554 28684 D CloudConfig_stgyHelper: getSupportKitMode localSdkVersion : 1224
08-08 20:10:01.553  1479  5654 D charge_time: type=cdp/dcp,reserve_soc=1,soc=60,ui_soc=61,current=435,avg=808,not_chg_cnt=0,stable_cnt=7,fcc=4423,fcc_ratio=92,delta=115,debug=0,region=12,ttf=7415(02:03:35),ui_ttf=5148(01:25:48)
08-08 20:10:01.565 28552 28552 I CdoRouter: [ServiceLoader] init feature class invoked: no exist: com.heytap.cdo.component.generated.FeatureServiceLoaderInit ,method: init
08-08 20:10:01.567 28552 28552 I CdoRouter: ServiceLoader init cost 433 ms
08-08 20:10:01.573  3009  3251 D NotificationService--OplusNavigationManager: Notification--isSuppressedByDriveMode--userId:-1,mode:false
08-08 20:10:01.576 28552 28552 I CdoRouter: [ProviderPool] >>> find provider with reflection: class a.a.a.z35
08-08 20:10:01.577 28967 24134 I NearbyMediums: No BLE Fast/GATT advertisements found in the latest cycle.
08-08 20:10:01.577 28967 24134 I NearbyMediums: Current Tracked Scanning Clients are : {NearbyConnections.EnvironmentMonitor, NearbySharing}
08-08 20:10:01.582 26103 26223 D BufferQueueProducer: [VRI[ConversationActivity]#1(BLAST Consumer)1](id:65f700000001,api:1,p:26103,c:26103) disconnect: api 1
08-08 20:10:01.584 26103 26103 D ViewRootImplExtImpl: wrapConfigInfoIntoFlags rotation=0, smallestScreenWidthDp=424, relayoutAsync=false, flags=0, newFlags=27787264, residentWS=false, title=com.android.mms/com.android.mms.ui.conversation.ConversationActivity
08-08 20:10:01.585  3009  4786 D WindowManagerServiceExtImpl: extractConfigInfoAndRealFlags rotation=0, screenDp=424, residentWS:0, win=Window{137a12b u0 com.android.mms/com.android.mms.ui.conversation.ConversationActivity}
08-08 20:10:01.585  3009  4786 V WindowManager: Relayout Window{137a12b u0 com.android.mms/com.android.mms.ui.conversation.ConversationActivity}: viewVisibility=8, oldvis=0, req=720x1604, vsysui=LAYOUT_FULLSCREEN
08-08 20:10:01.586 28601 28730 I Finsky  : [16315] Finished reading experiment flags from file [Se-xCc4LzNyh3UrKMIU2sUf-PUKz4oQEbpKZDMuaFno] numFlags=2055.
08-08 20:10:01.589  3009  4786 I TaskOrganizerController: onTaskInfoChanged taskid 8093 config { mBounds=Rect(0, 0 - 720, 1604) mAppBounds=Rect(0, 0 - 720, 1604) mMaxBounds=Rect(0, 0 - 720, 1604) mDisplayRotation=ROTATION_0 mWindowingMode=fullscreen mActivityType=standard mAlwaysOnTop=undefined mRotation=ROTATION_0}
08-08 20:10:01.591 19189 21185 D HealthLife.full: ServiceSpi, selfName is null, --- bundles.size is 0
08-08 20:10:01.591  3009  4786 D OplusVisibleTasks:  notifyTasksNumChange no need to notify.
08-08 20:10:01.591  3009  4786 D OplusFlexibleWindowMinimizedManagerHelper: onTaskInfoChanged taskInfo:TaskInfo{userId=0 taskId=8093 displayId=0 isRunning=true baseIntent=Intent { act=com.hypernova.phone.action.OPEN flg=0x10000000 pkg=com.hypernova.phone cmp=com.hypernova.phone/.MainActivity mCallingUid=2000 } baseActivity=ComponentInfo{com.hypernova.phone/com.hypernova.phone.MainActivity} topActivity=ComponentInfo{com.hypernova.phone/com.hypernova.phone.MainActivity} origActivity=null realActivity=ComponentInfo{com.hypernova.phone/com.hypernova.phone.MainActivity} numActivities=1 lastActiveTime=895696294 supportsSplitScreenMultiWindow=true supportsMultiWindow=true supportsPocketStudioMultiWindow=true isInFlexibleEmbedded = false uid = 10495 pid = 28665 resizeMode=1 isResizeable=true minWidth=-1 minHeight=-1 defaultMinSize=220 token=WCT{RemoteToken{5c486a7 Task{c6933be #8093 type=standard A=10495:com.hypernova.phone}}} topActivityType=1 pictureInPictureParams=null shouldDockBigOverlays=false launchIntoPipHostTaskId=-1 lastParentTaskIdBeforePip=-1 displayCutoutSafeInsets=null topActivityInfo=ActivityInfo{a762a1 com.hypernova.phone.MainActivity} launchCookies=[] positionInParent=Point(0, 0) parentTaskId=-1 isFocused=true isVisible=true isVisibleRequested=true isSleeping=false locusId=null displayAreaFeatureId=1 isTopActivityTransparent=false appCompatTaskInfo=AppCompatTaskInfo { topActivityInSizeCompat=false topActivityInOplusCompatMode=false topActivityEligibleForLetterboxEducation= falseisLetterboxEducationEnabled= false isLetterboxDoubleTapEnabled= false topActivityEligibleForUserAspectRatioButton= false topActivityBoundsLetterboxed= false isFromLetterboxDoubleTap= false topActivityLetterboxVerticalPosition= -1 topActivityLetterboxHorizontalPosition= -1 topActivityLetterboxWidth=720 topActivityLetterboxHeight=1604 isUserFullscreenOverrideEnabled=false isSystemFullscreenOverrideEnabled=false cameraCompatTaskInfo=CameraCompatTaskInfo { cameraCompatControlState=hidden freeformCameraCompatMode=inactive}} topActivityLetterboxInsets=Rect(0, 0 - 0, 0) mOplusExtraBundle = Bundle[{androidx.flexible.taskFrame=Rect(0, 0 - 0, 0), key_flexible_task_state=0, androidx.activity.LaunchScenario=0, androidx.activity.LaunchScale=1.0}]} task:Task{c6933be #8093 type=standard A=10495:com.hypernova.phone}
08-08 20:10:01.591 28601 28728 I Finsky  : [16314] Finished reading experiment flags from file [uVi_bYLMekj51k4umdplRDBnqt2jO4oZ2ysjGNrtUi8] numFlags=2067.
08-08 20:10:01.591  3009  4786 D OplusFlexibleDragToSplitAnimController: visibleFlexibleTaskInfos delete:8093
08-08 20:10:01.592  3009  4786 D WindowManager: NFW_findFocusedWindowIfNeeded:null mCurrentFocus:null
08-08 20:10:01.594 26103 26103 D VRI[ConversationActivity]: relayoutWindow result, sizeChanged:false, surfaceControlChanged:true, transformHintChanged:false, mSurfaceSize:Point(720, 1604), mLastSurfaceSize:Point(720, 1604), mWidth:720, mHeight:1604, requestedWidth:720, requestedHeight:1604, transformHint:0, installOrientation:0, displayRotation:0, isSurfaceValid:false, attr.flag:-2122252032, tmpFrames:ClientWindowFrames{frame=[0,0][720,1604] display=[0,0][720,1604] parentFrame=[0,0][0,0]}, relayoutAsync:false, mSyncSeqId:0
08-08 20:10:01.595 26103 26103 D BLASTBufferQueue: [VRI[ConversationActivity]#1](f:0,a:2) destructor()
08-08 20:10:01.595 26103 26103 D BufferQueueConsumer: [VRI[ConversationActivity]#1(BLAST Consumer)1](id:65f700000001,api:0,p:-1,c:26103) disconnect
08-08 20:10:01.599   896   896 E lowmemorykiller: device memory 224252 free 5397 file 222625
08-08 20:10:01.598  3680  3753 D ShellTaskOrganizerExt: visibleFlexibleTaskInfos delete:8093
08-08 20:10:01.599  3680  3753 D ShellTaskOrganizerExt: isOnCanvas size:0
08-08 20:10:01.599  3680  3753 D ShellTaskOrganizerExt: isOnThreeFlexibleCanvas size:0
08-08 20:10:01.607  3009  3712 I Osense-PsiDetector: 878,20,2960,4607,36,161,117,746,1147,442,426,0,4,5714
08-08 20:10:01.610 28601 28727 I Finsky  : [16313] Finished reading experiment flags from file [0tGUNCGIkbk4o6-fQ335kUYSKwVj4lusnHT-A5Dsy08] numFlags=2521.
08-08 20:10:01.614 28519 28519 I SwitchesProvider: com.oplus.PhoneManager.switch_provider
08-08 20:10:01.616  3009  3705 I Osense-BaseDecisionMaker: notifySceneToAthenaPolicy: SCENE_RES_MEM_PSI_NORMAL, bundle: Bundle[{memLevel=3}]
08-08 20:10:01.619 28552 28552 I CdoRouter: [ServiceLoader] [SingletonPool] >>> create instance: class a.a.a.z35, result = a.a.a.z35@e5a0c17, initializer = a.a.a.zh8$b@cd05804 
08-08 20:10:01.622 28665 28665 I oplus.android.OplusFrameworkFactoryImpl: Unknow feature:IOplusTextViewRTLUtilForUG
08-08 20:10:01.627  3009  3705 I Osense-BaseDecisionMaker: scene: SCENE_RES_MEM_PSI_NORMAL, excutingPolicy: clear
08-08 20:10:01.627  3009  3705 D Osense-BaseDecisionMaker: invoke clear policy,type: cached
08-08 20:10:01.629  3009  3710 I OsenseKillAction: KillAction: [atomic clean] start name=lowmem, requestId=122320, startAvail=872, startFreeMB=14, purposeAvailMB=1200, purposeFreeMB=-1, anonRssTarget=328, minBgCount=0, swapTarget=0, scene=SCENE_RES_MEM_PSI_NORMAL, type=cached, qb=false, cchOnly=true, urgency=false, hoggingCpuPids={}, invalid-cnt=1
08-08 20:10:01.630  3009  3710 I OsenseKillAction: KillAction: [atomic clean] end: skip for no-killable-cached-process
08-08 20:10:01.630  3009  3710 I OsenseKillAction: KillAction: 328mb more anonRss to reclaim, 0mb more swapMb to reclaim, <skip> mem guard, cur avail=0mb, bundle: Bundle[{appcareThreshold=0, triggerMemory=1000, qbmode=false, memLevel=3, type=cached, level=1, scene=SCENE_RES_MEM_PSI_NORMAL, requestId=122320, purposeMemory=1200}]
08-08 20:10:01.632  3680  3680 E LockScreenNotificationDispatcherImp: updateNotificationListOnKg size:0
08-08 20:10:01.632  3680  3680 I SystemUi--Notification: LockScreenNotificationDispatcherImp-->updateNotificationListOnKg resultCode: 0
08-08 20:10:01.635 28665 28665 D nativeloader: Load liboplushwui_jni.so using system ns (caller=/system/framework/oplus-framework.jar): ok
08-08 20:10:01.647 28552 28552 I CdoRouter: [ProviderPool] >>> find provider with reflection: class a.a.a.b12
08-08 20:10:01.655 28552 28552 I CdoRouter: [ServiceLoader] [SingletonPool] >>> create instance: class a.a.a.b12, result = a.a.a.b12@61e146e, initializer = a.a.a.zh8$b@cd05804 
08-08 20:10:01.671 28623 28623 I Finsky:background: [2] Finished reading experiment flags from file [0tGUNCGIkbk4o6-fQ335kUYSKwVj4lusnHT-A5Dsy08] numFlags=2521.
08-08 20:10:01.676  1479  1567 D BatteryChargeControl: bcc get no support from charging protocol
08-08 20:10:01.679 19189 21185 D HealthLife.full: MessageTitle=Salaat First
08-08 20:10:01.679 19189 21185 D HealthLife.full: MessageFilterTitle=Salaat First
08-08 20:10:01.679 19189 21185 V HealthLife.full: ServiceSpi, 2. receiveMessage → Salaat First:صلاة العشاء بعد 59 دقيقة, appName: Salaat First
08-08 20:10:01.682 28551 28551 E FeatureFlagsImplExport: android.os.flagging.AconfigStorageReadException: ERROR_PACKAGE_NOT_FOUND: package android.xr cannot be found on the device
08-08 20:10:01.684 28551 28551 I Quality : ActivityThread: callApplicationOnCreate delay 779 com.google.android.permissioncontroller 28551
08-08 20:10:01.688 28552 28552 I MMKV    : Disable checkProcessMode()
08-08 20:10:01.691  3009  4131 I ActivityManager: Flag disabled. Ignoring finishAttachApplication from uid: 10279. pid: 28551
08-08 20:10:01.693 28551 28551 W ServiceManagerCppClient: Failed to get isDeclared for vendor.qti.hardware.perf2.IPerf/default: Status(-1, EX_SECURITY): 'SELinux denied.'
08-08 20:10:01.700   896   896 E lowmemorykiller: device memory 226087 free 4639 file 222680
08-08 20:10:01.717 28552 28552 D nativeloader: Load /data/app/~~bGstoSPe0wjtOo2nUODH2A==/com.heytap.market-0G8Nw-NdAdcLoptQOPb9yQ==/lib/arm64/libmmkv.so using class loader ns clns-7 (caller=/data/app/~~bGstoSPe0wjtOo2nUODH2A==/com.heytap.market-0G8Nw-NdAdcLoptQOPb9yQ==/base.apk!classes3.dex): ok
08-08 20:10:01.723  3009  3590 I Quality : BitmapCompressInfo:360,801,3,95,197099427
08-08 20:10:01.734 28519 28519 D nativeloader: Load libSchedAssistJni.so using system ns (caller=/system/framework/oplus-framework.jar): ok
08-08 20:10:01.735 28519 28519 D ExtensionsLoader: createInstance(64bit) : createExtendedFactory
08-08 20:10:01.740 28519 28519 D ExtensionsLoader: Opened libSchedAssistExtImpl.so
08-08 20:10:01.741 28519 28519 E SchedAssist: sysOpen failed with error=Permission denied
08-08 20:10:01.742 28519 28519 E SchedAssist: open sharedFd failed with error=No such file or directory
08-08 20:10:01.742 12944 13127 D bt_btif_gattc: [btif_gatt_client.cc:565] btif_gattc_write_char: 
08-08 20:10:01.745 12944 12969 D bluetooth: [att_protocol.cc:515] attp_cl_send_cmd: Sending ATT command to l2cap cid:0x0004 eatt_channels:0 transport:BT_TRANSPORT_LE
08-08 20:10:01.746 12944 12969 D bluetooth: [att_protocol.cc:389] attp_send_msg_to_l2cap: Sending ATT message on att fixed channel
08-08 20:10:01.746 12944 12969 D bt_l2cap: [l2c_api.cc:1545] L2CA_SendFixedChnlData: Enqueued data for CID: 0x0004 len:9
08-08 20:10:01.746 12944 12969 D l2c_link: [l2c_link.cc:1222] l2c_link_send_to_lower_ble: TotalWin=14,Hndl=0x4,Quota=16,Unack=2,RRQuota=0,RRUnack=0
08-08 20:10:01.747 12944 12969 I oplus_bt_stack_ble_event: report_stack_ble_last_data_transfer, 20:**:**:**:ca:c6
08-08 20:10:01.747 12944 12969 D bt_bta_gattc: [bta_gattc_act.cc:1272] bta_gattc_write_cmpl: Handling write response type: 1: handle 0x0045
08-08 20:10:01.758 19189 19195 W sion.healthlife: ApkAssets: Deleting an ApkAssets object '<empty> and /data/app/~~xnk0wVSZszlZuDDxMLM37A==/com.whatsapp-O4Bs89N8MhcVg8ypBa_egw==/base.apk' with 1 weak references
08-08 20:10:01.759 28601 28768 D nativeloader: Load /data/app/~~-B27F7NMkL2vwSQPz6p_ug==/com.android.vending-_wMtkAldrUaws9Jn03dg5A==/split_config.arm64_v8a.apk!/lib/arm64-v8a/libmappedcountercacheversionjni.so using class loader ns clns-7 (caller=/data/app/~~-B27F7NMkL2vwSQPz6p_ug==/com.android.vending-_wMtkAldrUaws9Jn03dg5A==/base.apk): ok
08-08 20:10:01.759 19189 19195 W sion.healthlife: ApkAssets: Deleting an ApkAssets object '<empty> and /data/app/~~xnk0wVSZszlZuDDxMLM37A==/com.whatsapp-O4Bs89N8MhcVg8ypBa_egw==/split_config.arm64_v8a.apk' with 1 weak references
08-08 20:10:01.760 19189 19195 W sion.healthlife: ApkAssets: Deleting an ApkAssets object '<empty> and /data/app/~~xnk0wVSZszlZuDDxMLM37A==/com.whatsapp-O4Bs89N8MhcVg8ypBa_egw==/split_config.xhdpi.apk' with 1 weak references
08-08 20:10:01.760 19189 19195 W sion.healthlife: ApkAssets: Deleting an ApkAssets object '<empty> and /data/app/~~xnk0wVSZszlZuDDxMLM37A==/com.whatsapp-O4Bs89N8MhcVg8ypBa_egw==/split_i18n_ar.apk' with 1 weak references
08-08 20:10:01.761 19189 19195 W sion.healthlife: ApkAssets: Deleting an ApkAssets object '<empty> and /data/app/~~ZFuTeIX_BjD-GSKyl3GMJA==/org.hicham.salaat-vwNuAJhyU7zi6ss0prWbbQ==/base.apk' with 1 weak references
08-08 20:10:01.761 19189 19195 W sion.healthlife: ApkAssets: Deleting an ApkAssets object '<empty> and /data/app/~~ZFuTeIX_BjD-GSKyl3GMJA==/org.hicham.salaat-vwNuAJhyU7zi6ss0prWbbQ==/split_config.arm64_v8a.apk' with 1 weak references
08-08 20:10:01.761 19189 19195 W sion.healthlife: ApkAssets: Deleting an ApkAssets object '<empty> and /data/app/~~ZFuTeIX_BjD-GSKyl3GMJA==/org.hicham.salaat-vwNuAJhyU7zi6ss0prWbbQ==/split_config.xhdpi.apk' with 1 weak references
08-08 20:10:01.763 28623 28771 D nativeloader: Load /data/app/~~-B27F7NMkL2vwSQPz6p_ug==/com.android.vending-_wMtkAldrUaws9Jn03dg5A==/split_config.arm64_v8a.apk!/lib/arm64-v8a/libmappedcountercacheversionjni.so using class loader ns clns-7 (caller=/data/app/~~-B27F7NMkL2vwSQPz6p_ug==/com.android.vending-_wMtkAldrUaws9Jn03dg5A==/base.apk): ok
08-08 20:10:01.766 28519 28519 D OplusGraphicsEvent: OplusGraphicsEventListener create now!
08-08 20:10:01.769 28519 28519 D OplusGraphicsEvent: addEventListener success!
08-08 20:10:01.779  3009  4786 E ScrollOptim [OplusPerfService]: isScrollOptimEnable: mSoptBean = ScrollOptimBean, mOptEnable=true, mCommonOnly=false, mPreAnimStrategy=1, mPreAnimBlacklist=[com.kyk.world, com.shopify.arrive], mPreAnimWhitelist=[], mInsertNum=1, mFrameInsertList={com.shopify.arrive={}, com.sina.weibo={com.sina.weibo.VisitorMainTabActivity=3}, com.tencent.mm={com.tencent.mm.ui.AlbumUI=3, com.tencent.mm.plugin.sns.ui.SnsTimeLineUI=3, com.tencent.mm.plugin.sns.ui.improve.ImproveSnsTimelineUI=3}, com.taobao.idlefish={}, com.kyk.world={}}, mSCEnableList={com.ss.android.ugc.aweme=[com.ss.android.ugc.aweme.splash.SplashActivity], com.sankuai.meituan=[com.meituan.android.pt.homepage.activity.MainActivity], com.dragon.read=[com.dragon.read.pages.main.MainFragmentActivity], com.sina.weibo=[com.sina.weibo.VisitorMainTabActivity], com.xunmeng.pinduoduo=[com.xunmeng.pinduoduo.activity.NewPageActivity], com.tencent.qqmusic=[com.tencent.qqmusic.activity.AppStarterActivity], com.tencent.mobileqq=[com.qzone.feed.ui.activity.QZoneFriendFeedActivity], com.tencent.qqlive=[com.tencent.qqlive.ona.activity.SplashHomeActivity], com.ct.client=[com.ct.client.activity.MainActivity]}
08-08 20:10:01.779  3009  4786 E ScrollOptim [OplusPerfService]: isScrollOptimEnable: pkgName = com.coloros.phonemanager, output = Bundle[{pre_anim_enable=true, frame_insert_list=null, frame_insert_default_num=1, scroll_changed_enable_list=null}]
08-08 20:10:01.780  3009  3024 I system_server: Background concurrent mark compact GC freed 33MB AllocSpace bytes, 77(1920KB) LOS objects, 17% free, 116MB/140MB, paused 54.715ms,35.380ms total 2.742s
08-08 20:10:01.781 28552 28552 I MMKV    : current API level = 35, libc++_shared=0
08-08 20:10:01.785 28519 28519 D ScrollOptim [ConfigManager]: initOptConfig: pkg= com.coloros.phonemanager, mOptEnable= true, mAnimAheadEnable= true, mInsertDefaultNum= 1, mFrameInsertEnableList= {}, mSCEnableList= []
08-08 20:10:01.793 28665 28665 E OplusCustomizeRestrictionManager: sInstance is null, start a new sInstance
08-08 20:10:01.801   896   896 E lowmemorykiller: device memory 228758 free 8165 file 221941
08-08 20:10:01.803  3680  3680 D OplusNotificationDateTimeView: setTime mSettingTimeMillis 1786209000875, mSettingLocalDateTime 2026-08-08T20:10:00.875
08-08 20:10:01.823 18939 18939 D HWUI    : RenderProxy::destroy: this=0x74283bf100, mContext=0x740bb9a280
08-08 20:10:01.824 18939 19135 D HWUI    : SkiaOpenGLPipeline::setSurface: this=0x740bb6d640, surface=NULL
08-08 20:10:01.825 18939 19135 D BufferQueueProducer: [VRI[InputMethod]#25(BLAST Consumer)25](id:49fb00000019,api:1,p:18939,c:18939) disconnect: api 1
08-08 20:10:01.827 18939 18939 D ViewRootImplExtImpl: wrapConfigInfoIntoFlags rotation=0, smallestScreenWidthDp=424, relayoutAsync=false, flags=1, newFlags=27787265, residentWS=false, title=InputMethod
08-08 20:10:01.827 28551 28598 I PermissionControllerServiceImpl: Updating user sensitive for uid 10495
08-08 20:10:01.827  3009  3251 D WindowManagerServiceExtImpl: extractConfigInfoAndRealFlags rotation=0, screenDp=424, residentWS:0, win=Window{8d1140a u0 InputMethod}
08-08 20:10:01.828  3009  3251 V WindowManager: Relayout Window{8d1140a u0 InputMethod}: viewVisibility=8, oldvis=0, req=720x1539, vsysui=
08-08 20:10:01.829  3009  3251 I WindowManager: Window{8d1140a u0 InputMethod} state from HAS_DRAWN to NO_SURFACE; reason: destroySurface
08-08 20:10:01.829  3009  3089 I UserAwareMgr: handleFgAppChanged, pkgName: com.ziipin.softkeyboard.saudi, pid: 18939, isVisible: false, fgAppType: FG2
08-08 20:10:01.834  3680  3753 D ZoomController: forAllRootTaskManagers  managerSize = 0
08-08 20:10:01.836  3009  3251 D WindowManager: NFW_findFocusedWindowIfNeeded:null mCurrentFocus:null
08-08 20:10:01.841 18939 18939 D BLASTBufferQueue: [VRI[InputMethod]#25](f:0,a:2) destructor()
08-08 20:10:01.841 18939 18939 D BufferQueueConsumer: [VRI[InputMethod]#25(BLAST Consumer)25](id:49fb00000019,api:0,p:-1,c:18939) disconnect
08-08 20:10:01.845 19189 21185 V HealthLife.full: ServiceSpi, -------------------------------------------------------------------------------
08-08 20:10:01.860  3680  3902 I SystemUi--Statusbar: OplusNetworkSpeedControllExImpl-->updateNetworkSpeed: isConnected:true,isSwitchOn:true
08-08 20:10:01.867 28551 28551 I SafetyLabelChangedBroadcastReceiver: received broadcast packageName: com.hypernova.phone, current user: UserHandle{0}, packageChangeEvent: UPDATE, intent user: UserHandle{0}
08-08 20:10:01.879  3680  3902 I SystemUi--Statusbar: OplusNetworkSpeedControllExImpl-->getTotalByte: totalRxBytes:29285567574,totalTxBytes:2707689189,loopbackTxBytes:6853097,loopbackRxBytes:6853097 ,totalBytes:31979550569
08-08 20:10:01.881  3009  8167 W libc    : Access denied finding property "ro.bootimage.build.fingerprint"
08-08 20:10:01.884  3979  4446 I TcpSyn  : onIfNameChange: foregroundAppChange
08-08 20:10:01.885  3979  4446 I TcpSyn  : onIfNameChange: foregroundAppChange appUid=[10198]
08-08 20:10:01.885  3979  4446 I TcpSyn  : updateAllUids
08-08 20:10:01.899  3680  3680 E LockScreenNotificationDispatcherImp: updateNotificationListOnKg size:0
08-08 20:10:01.899  3680  3680 I SystemUi--Notification: LockScreenNotificationDispatcherImp-->updateNotificationListOnKg resultCode: 0
08-08 20:10:01.905   896   896 E lowmemorykiller: device memory 231680 free 7493 file 222262
08-08 20:10:01.910 12944 13127 D bt_btif_gattc: [btif_gatt_client.cc:565] btif_gattc_write_char: 
08-08 20:10:01.911 12944 12969 D bluetooth: [att_protocol.cc:515] attp_cl_send_cmd: Sending ATT command to l2cap cid:0x0004 eatt_channels:0 transport:BT_TRANSPORT_LE
08-08 20:10:01.911 12944 12969 D bluetooth: [att_protocol.cc:389] attp_send_msg_to_l2cap: Sending ATT message on att fixed channel
08-08 20:10:01.911 12944 12969 D bt_l2cap: [l2c_api.cc:1545] L2CA_SendFixedChnlData: Enqueued data for CID: 0x0004 len:9
08-08 20:10:01.912 12944 12969 D l2c_link: [l2c_link.cc:1222] l2c_link_send_to_lower_ble: TotalWin=13,Hndl=0x4,Quota=16,Unack=3,RRQuota=0,RRUnack=0
08-08 20:10:01.912 12944 12969 I oplus_bt_stack_ble_event: report_stack_ble_last_data_transfer, 20:**:**:**:ca:c6
08-08 20:10:01.913 12944 12969 D bt_bta_gattc: [bta_gattc_act.cc:1272] bta_gattc_write_cmpl: Handling write response type: 1: handle 0x0045
08-08 20:10:01.917  3680  3680 D callGcSupression: java.lang.NullPointerException: Attempt to invoke virtual method 'java.lang.Object java.lang.reflect.Method.invoke(java.lang.Object, java.lang.Object[])' on a null object reference
08-08 20:10:01.917  3680  3680 W VRI[StatusBar]: handleResized abandoned!
08-08 20:10:01.917  3680  3680 W VRI[NavigationBar_displayId_0]: handleResized abandoned!
08-08 20:10:01.918  3680  4249 W VRI[ScreenDecorOverlay]: handleResized abandoned!
08-08 20:10:01.919  3680  4249 W VRI[ScreenDecorOverlayBottom]: handleResized abandoned!
08-08 20:10:01.931 28519 28519 W PhoneManager.GrayProductProvider: onCreate with db instance: true
08-08 20:10:01.935 28623 28623 I Finsky:background: [2] Finished reading experiment flags from file [uVi_bYLMekj51k4umdplRDBnqt2jO4oZ2ysjGNrtUi8] numFlags=2067.
08-08 20:10:01.947 28601 28601 I Finsky  : [2] Profiling: Starting up (2)
08-08 20:10:01.953 25458 28761 D AdvertisingIdClient: AdvertisingIdClient already created.
08-08 20:10:01.953 25458 28761 D AdvertisingIdClient: AdvertisingIdClient is not bounded. Starting to bind it...
08-08 20:10:01.954 28623 28623 I Finsky:background: [2] [BGP] Initializing crash detector...
08-08 20:10:01.955  3009  3026 W system_server: ApkAssets: Deleting an ApkAssets object '<empty> and /system_ext/priv-app/OplusLauncher/OplusLauncher.apk' with 1 weak references
08-08 20:10:01.962 25458 28761 D AdvertisingIdClient: AdvertisingIdClient is bounded
08-08 20:10:01.972  3009  3026 W system_server: ApkAssets: Deleting an ApkAssets object '<empty> and /data/app/~~xnk0wVSZszlZuDDxMLM37A==/com.whatsapp-O4Bs89N8MhcVg8ypBa_egw==/base.apk' with 1 weak references
08-08 20:10:01.972  3009  3026 W system_server: ApkAssets: Deleting an ApkAssets object '<empty> and /data/app/~~xnk0wVSZszlZuDDxMLM37A==/com.whatsapp-O4Bs89N8MhcVg8ypBa_egw==/split_config.arm64_v8a.apk' with 1 weak references
08-08 20:10:01.972  3009  3026 W system_server: ApkAssets: Deleting an ApkAssets object '<empty> and /data/app/~~xnk0wVSZszlZuDDxMLM37A==/com.whatsapp-O4Bs89N8MhcVg8ypBa_egw==/split_config.xhdpi.apk' with 1 weak references
08-08 20:10:01.973  3009  3026 W system_server: ApkAssets: Deleting an ApkAssets object '<empty> and /data/app/~~xnk0wVSZszlZuDDxMLM37A==/com.whatsapp-O4Bs89N8MhcVg8ypBa_egw==/split_i18n_ar.apk' with 1 weak references
08-08 20:10:01.976  3009  3026 W system_server: ApkAssets: Deleting an ApkAssets object '<empty> and /data/app/~~RK9O7Q5cZEjlyHD7wv4FXw==/com.hypernova.phone-OwARAB2djpD9bhnyiXhPxQ==/base.apk' with 1 weak references
08-08 20:10:01.979 22892 23021 D COSA->GameServiceSyncUtil: [m] syncGameListToGMS
08-08 20:10:01.991 26103 26290 D OplusScrollToTopManager: com.android.mms/com.android.mms.ui.conversation.ConversationActivity,This com.android.internal.policy.DecorView{d6784b9 V.E...... R.....ID 0,0-720,1604 aid=1 alpha=1.0 viewInfo = }[ConversationActivity] change focus to false
08-08 20:10:01.996 28623 28623 I Finsky:background: [2] alse - Registering in memory receiver for android.intent.action.PACKAGE_ADDED and android.intent.action.PACKAGE_REMOVED
08-08 20:10:02.006   896   896 E lowmemorykiller: device memory 231076 free 3104 file 224719
08-08 20:10:02.007 28665 28665 I Quality : InflateViewInfo:279154271,androidx.constraintlayout.widget.ConstraintLayout
08-08 20:10:02.025 28665 28665 I hypernova.phone: hiddenapi: Accessing hidden method Landroid/view/ViewGroup;->makeOptionalFitsSystemWindows()V (runtime_flags=0, domain=platform, api=unsupported) from Landroidx/appcompat/widget/ViewUtils; (domain=app, TargetSdkVersion=36) using reflection: allowed
08-08 20:10:02.026  3009  3026 W system_server: ApkAssets: Deleting an ApkAssets object '<empty> and /system/priv-app/InputDevices/InputDevices.apk' with 1 weak references
08-08 20:10:02.026  3009  3026 W system_server: ApkAssets: Deleting an ApkAssets object '<empty> and /data/app/~~VCLPDaUEyQ-pd5jOXc1bHA==/com.hypernova.phone-YOHV5hwbkH-ht3kQXTf4EQ==/base.apk' with 1 weak references
08-08 20:10:02.043 25458 28761 I AdvertisingIdClient: shouldSendLog 895352328
08-08 20:10:02.043 25458 28761 I AdvertisingIdClient: GetInfoInternal elapse 89ms
08-08 20:10:02.054  1399 13000 I vendor.qti.bluetooth@1.0-ibs_handler: [ibs_handler.cpp:778] ProcessIbsCmd: Received IBS_WAKE_IND: 0xFD
08-08 20:10:02.054  1399 13000 I vendor.qti.bluetooth@1.0-ibs_handler: [ibs_handler.cpp:795] ProcessIbsCmd: Writing IBS_WAKE_ACK
08-08 20:10:02.058 28623 28623 I Quality : ActivityThread: callApplicationOnCreate delay 1216 com.android.vending:background 28623
08-08 20:10:02.058 12944 12969 D bluetooth: [acl_arbiter.cc:69] InterceptAttPacket: Intercepting ATT packet and forwarding to Rust
08-08 20:10:02.058 12944 12969 E Bluetooth: [gatt_main.cc:1078] gatt_data_process
08-08 20:10:02.058 12944 12969 I oplus_bt_stack_ble_event: report_stack_ble_last_data_transfer, 20:**:**:**:ca:c6
08-08 20:10:02.062 12944 13018 D bt_btif_gattc: [btif_gatt_client.cc:142] btif_gattc_upstreams_evt: Event BTA_GATTC_NOTIF_EVT [10]
08-08 20:10:02.062 12944 12969 D bluetooth: [acl_arbiter.cc:69] InterceptAttPacket: Intercepting ATT packet and forwarding to Rust
08-08 20:10:02.062 12944 12969 E Bluetooth: [gatt_main.cc:1078] gatt_data_process
08-08 20:10:02.062 12944 12969 I oplus_bt_stack_ble_event: report_stack_ble_last_data_transfer, 20:**:**:**:ca:c6
08-08 20:10:02.063 19189 20451 D MoYoung : onDeviceBattery: 59
08-08 20:10:02.063 19189 20451 I HealthLife.full: BaseWearableDevice, Infinix XWatch N4, CA:C6, 0x000000041f0310102d, onBatteryChanged battery=59
08-08 20:10:02.064 12944 13018 D bt_btif_gattc: [btif_gatt_client.cc:142] btif_gattc_upstreams_evt: Event BTA_GATTC_NOTIF_EVT [10]
08-08 20:10:02.067 19189 20451 D MoYoung : onDeviceBattery: 59
08-08 20:10:02.067 19189 20451 I HealthLife.full: BaseWearableDevice, Infinix XWatch N4, CA:C6, 0x000000041f0310102d, onBatteryChanged battery=59
08-08 20:10:02.068  3009  4816 I ActivityManager: Flag disabled. Ignoring finishAttachApplication from uid: 10105. pid: 28623
08-08 20:10:02.076 28601 28731 I Finsky  : [16316] also - Registering in memory receiver for android.intent.action.PACKAGE_ADDED and android.intent.action.PACKAGE_REMOVED
08-08 20:10:02.079 28552 28552 D HLog_Settings: Isolated Cache paths generated: /storage/emulated/0/Android/data/com.heytap.market/cache/HeyTap/HLog_cache/market_306/main/
08-08 20:10:02.080 28623 28623 W ServiceManagerCppClient: Failed to get isDeclared for vendor.qti.hardware.perf2.IPerf/default: Status(-1, EX_SECURITY): 'SELinux denied.'
08-08 20:10:02.094 12944 12969 D bluetooth: [acl_arbiter.cc:69] InterceptAttPacket: Intercepting ATT packet and forwarding to Rust
08-08 20:10:02.094 12944 12969 E Bluetooth: [gatt_main.cc:1078] gatt_data_process
08-08 20:10:02.094 12944 12969 I oplus_bt_stack_ble_event: report_stack_ble_last_data_transfer, 20:**:**:**:ca:c6
08-08 20:10:02.095 28967 28967 D BoundBrokerSvc: onRebind: Intent { act=com.google.android.gms.presencemanager.service.START dat=chimera-action:/... cmp=com.google.android.gms/.chimera.PersistentApiService mCallingUid=10114 }
08-08 20:10:02.097 12944 13018 D bt_btif_gattc: [btif_gatt_client.cc:142] btif_gattc_upstreams_evt: Event BTA_GATTC_NOTIF_EVT [10]
08-08 20:10:02.097  3009  3026 W System  : A resource failed to call close. 
08-08 20:10:02.098 12944 13127 D bt_btif_gattc: [btif_gatt_client.cc:565] btif_gattc_write_char: 
08-08 20:10:02.098 12944 12969 D bluetooth: [att_protocol.cc:515] attp_cl_send_cmd: Sending ATT command to l2cap cid:0x0004 eatt_channels:0 transport:BT_TRANSPORT_LE
08-08 20:10:02.098 12944 12969 D bluetooth: [att_protocol.cc:389] attp_send_msg_to_l2cap: Sending ATT message on att fixed channel
08-08 20:10:02.099 12944 12969 D bt_l2cap: [l2c_api.cc:1545] L2CA_SendFixedChnlData: Enqueued data for CID: 0x0004 len:9
08-08 20:10:02.099 19189 19189 D HealthDeviceManager: battery = 59 ----- isCharge = false
08-08 20:10:02.099 19189 19189 D HealthDeviceManager: battery = 59 ----- isCharge = false
08-08 20:10:02.099 12944 12969 D l2c_link: [l2c_link.cc:1222] l2c_link_send_to_lower_ble: TotalWin=15,Hndl=0x4,Quota=16,Unack=1,RRQuota=0,RRUnack=0
08-08 20:10:02.099 12944 12969 I oplus_bt_stack_ble_event: report_stack_ble_last_data_transfer, 20:**:**:**:ca:c6
08-08 20:10:02.100 12944 12969 D bt_bta_gattc: [bta_gattc_act.cc:1272] bta_gattc_write_cmpl: Handling write response type: 1: handle 0x0045
08-08 20:10:02.106 19189 20451 D MoYoung : onHistoryTrainingChange isQueryHistoryTraining: true
08-08 20:10:02.106 19189 20451 D MoYoung : onHistoryTrainingChange queryComplete: true
08-08 20:10:02.106 19189 20451 D MoYoung : onHistoryTrainingChange: []
08-08 20:10:02.106 19189 20451 D MoYoung : training queryConplete!
08-08 20:10:02.106 19189 20451 D MoYoung : onSportData: 0
08-08 20:10:02.106 19189 20451 I HealthLife.full: BaseWearableDevice, Infinix XWatch N4, CA:C6, 0x000000041f0310102d, onSportData size,0
08-08 20:10:02.106 19189 20451 I HealthLife.full: BaseWearableDevice, Infinix XWatch N4, CA:C6, 0x000000041f0310102d, onSportData sportData,[]
08-08 20:10:02.106 19189 20451 D MoYoung : continueQuery: false
08-08 20:10:02.107   896   896 E lowmemorykiller: device memory 228302 free 2964 file 222218
08-08 20:10:02.112  3009  3026 W system_server: ApkAssets: Deleting an ApkAssets object '<empty> and /data/app/~~hVf7On0fsvHU9phdRYxECg==/com.google.android.gms-x0rRHqPabOuPMWDK0CNhoA==/base.apk' with 1 weak references
08-08 20:10:02.113  3009  3026 W system_server: ApkAssets: Deleting an ApkAssets object '<empty> and /data/app/~~hVf7On0fsvHU9phdRYxECg==/com.google.android.gms-x0rRHqPabOuPMWDK0CNhoA==/split_AdsDynamite_installtime.apk' with 1 weak references
08-08 20:10:02.114  3009  3026 W system_server: ApkAssets: Deleting an ApkAssets object '<empty> and /data/app/~~hVf7On0fsvHU9phdRYxECg==/com.google.android.gms-x0rRHqPabOuPMWDK0CNhoA==/split_CronetDynamite_installtime.apk' with 1 weak references
08-08 20:10:02.114  3009  3026 W system_server: ApkAssets: Deleting an ApkAssets object '<empty> and /data/app/~~hVf7On0fsvHU9phdRYxECg==/com.google.android.gms-x0rRHqPabOuPMWDK0CNhoA==/split_DynamiteLoader_installtime.apk' with 1 weak references
08-08 20:10:02.115  3009  3026 W system_server: ApkAssets: Deleting an ApkAssets object '<empty> and /data/app/~~hVf7On0fsvHU9phdRYxECg==/com.google.android.gms-x0rRHqPabOuPMWDK0CNhoA==/split_DynamiteModulesA_installtime.apk' with 1 weak references
08-08 20:10:02.115  3009  3026 W system_server: ApkAssets: Deleting an ApkAssets object '<empty> and /data/app/~~hVf7On0fsvHU9phdRYxECg==/com.google.android.gms-x0rRHqPabOuPMWDK0CNhoA==/split_DynamiteModulesC_installtime.apk' with 1 weak references
08-08 20:10:02.116  3009  3026 W system_server: ApkAssets: Deleting an ApkAssets object '<empty> and /data/app/~~hVf7On0fsvHU9phdRYxECg==/com.google.android.gms-x0rRHqPabOuPMWDK0CNhoA==/split_GoogleCertificates_installtime.apk' with 1 weak references
08-08 20:10:02.116  3009  3026 W system_server: ApkAssets: Deleting an ApkAssets object '<empty> and /data/app/~~hVf7On0fsvHU9phdRYxECg==/com.google.android.gms-x0rRHqPabOuPMWDK0CNhoA==/split_MapsDynamite_installtime.apk' with 1 weak references
08-08 20:10:02.117  3009  3026 W system_server: ApkAssets: Deleting an ApkAssets object '<empty> and /data/app/~~hVf7On0fsvHU9phdRYxECg==/com.google.android.gms-x0rRHqPabOuPMWDK0CNhoA==/split_MeasurementDynamite_installtime.apk' with 1 weak references
08-08 20:10:02.117  3009  3026 W system_server: ApkAssets: Deleting an ApkAssets object '<empty> and /data/app/~~hVf7On0fsvHU9phdRYxECg==/com.google.android.gms-x0rRHqPabOuPMWDK0CNhoA==/split_config.ar.apk' with 1 weak references
08-08 20:10:02.118  3009  3026 W system_server: ApkAssets: Deleting an ApkAssets object '<empty> and /data/app/~~hVf7On0fsvHU9phdRYxECg==/com.google.android.gms-x0rRHqPabOuPMWDK0CNhoA==/split_config.en.apk' with 1 weak references
08-08 20:10:02.118  3009  3026 W system_server: ApkAssets: Deleting an ApkAssets object '<empty> and /data/app/~~hVf7On0fsvHU9phdRYxECg==/com.google.android.gms-x0rRHqPabOuPMWDK0CNhoA==/split_config.xhdpi.apk' with 1 weak references
08-08 20:10:02.119  3009  3026 W system_server: ApkAssets: Deleting an ApkAssets object '<empty> and /data/app/~~hVf7On0fsvHU9phdRYxECg==/com.google.android.gms-x0rRHqPabOuPMWDK0CNhoA==/split_maps_core_dynamite_ondemand.apk' with 1 weak references
08-08 20:10:02.121  3009  3026 W system_server: ApkAssets: Deleting an ApkAssets object '<empty> and /system_ext/app/AccessibilityMenu/AccessibilityMenu.apk' with 1 weak references
08-08 20:10:02.122  3009  3026 W system_server: ApkAssets: Deleting an ApkAssets object '<empty> and /data/app/~~60jZ7Ajkh-gIkTi66Apu0w==/com.google.android.inputmethod.latin-GxZ0y-X7DCL5xcIuw9EYBQ==/base.apk' with 1 weak references
08-08 20:10:02.124 28552 28552 I Logger  : hlog sdk version : 1.1.3.0
08-08 20:10:02.126 19189 19189 D HealthDeviceManager: battery = 59 ----- isCharge = false
08-08 20:10:02.126 19189 19189 D HealthDeviceManager: battery = 59 ----- isCharge = false
08-08 20:10:02.127  3009  3026 W system_server: ApkAssets: Deleting an ApkAssets object '<empty> and /data/app/~~jRdb-qVpR7AS-PYJQKCW1Q==/com.google.android.accessibility.switchaccess-wxiy6Oq19hrl5WZJZ_5kBg==/base.apk' with 1 weak references
08-08 20:10:02.128  3009  3026 W system_server: ApkAssets: Deleting an ApkAssets object '<empty> and /data/app/~~jRdb-qVpR7AS-PYJQKCW1Q==/com.google.android.accessibility.switchaccess-wxiy6Oq19hrl5WZJZ_5kBg==/split_config.arm64_v8a.apk' with 1 weak references
08-08 20:10:02.130  3009  3026 W system_server: ApkAssets: Deleting an ApkAssets object '<empty> and /data/app/~~_sI4_V_-Mzo9jf7lo3vREA==/com.google.android.marvin.talkback-6Riw-oGr9JtpHd_3XZ708Q==/base.apk' with 1 weak references
08-08 20:10:02.131  3009  3026 W system_server: ApkAssets: Deleting an ApkAssets object '<empty> and /data/app/~~60jZ7Ajkh-gIkTi66Apu0w==/com.google.android.inputmethod.latin-GxZ0y-X7DCL5xcIuw9EYBQ==/split_brella_feature_split.apk' with 1 weak references
08-08 20:10:02.131  3009  3026 W system_server: ApkAssets: Deleting an ApkAssets object '<empty> and /data/app/~~60jZ7Ajkh-gIkTi66Apu0w==/com.google.android.inputmethod.latin-GxZ0y-X7DCL5xcIuw9EYBQ==/split_config.xhdpi.apk' with 1 weak references
08-08 20:10:02.131  3009  3026 W system_server: ApkAssets: Deleting an ApkAssets object '<empty> and /data/app/~~60jZ7Ajkh-gIkTi66Apu0w==/com.google.android.inputmethod.latin-GxZ0y-X7DCL5xcIuw9EYBQ==/split_tenoranimation_feature_split.apk' with 1 weak references
08-08 20:10:02.131 28967 28967 D BoundBrokerSvc: onRebind: Intent { act=com.google.android.gms.presencemanager.service.INTERNAL_IDENTITY dat=chimera-action:/... cmp=com.google.android.gms/.chimera.PersistentApiService mCallingUid=10114 }
08-08 20:10:02.131  3009  3026 W system_server: ApkAssets: Deleting an ApkAssets object '<empty> and /data/app/~~00Oy2Hz0fxY2qwFLJ0sRaA==/com.google.android.tts-weawQOkpM2BlZTCQnwlJFw==/base.apk' with 1 weak references
08-08 20:10:02.132  3009  3026 W system_server: ApkAssets: Deleting an ApkAssets object '<empty> and /data/app/~~00Oy2Hz0fxY2qwFLJ0sRaA==/com.google.android.tts-weawQOkpM2BlZTCQnwlJFw==/split_config.ar.apk' with 1 weak references
08-08 20:10:02.132  3009  3026 W system_server: ApkAssets: Deleting an ApkAssets object '<empty> and /data/app/~~00Oy2Hz0fxY2qwFLJ0sRaA==/com.google.android.tts-weawQOkpM2BlZTCQnwlJFw==/split_config.arm64_v8a.apk' with 1 weak references
08-08 20:10:02.133  3009  3026 W system_server: ApkAssets: Deleting an ApkAssets object '<empty> and /data/app/~~00Oy2Hz0fxY2qwFLJ0sRaA==/com.google.android.tts-weawQOkpM2BlZTCQnwlJFw==/split_config.en.apk' with 1 weak references
08-08 20:10:02.133  3009  3026 W system_server: ApkAssets: Deleting an ApkAssets object '<empty> and /data/app/~~00Oy2Hz0fxY2qwFLJ0sRaA==/com.google.android.tts-weawQOkpM2BlZTCQnwlJFw==/split_config.xhdpi.apk' with 1 weak references
08-08 20:10:02.133 28665 28665 I Quality : ActivityThread: activityStart delay 774 com.hypernova.phone 28665
08-08 20:10:02.133  3009  3026 W system_server: ApkAssets: Deleting an ApkAssets object '<empty> and /product/app/OplusSecurityKeyboard/OplusSecurityKeyboard.apk' with 1 weak references
08-08 20:10:02.133  3009  3026 W system_server: ApkAssets: Deleting an ApkAssets object '<empty> and /data/app/~~cyy3nONKZTpwjfe1oTKHeg==/com.ziipin.softkeyboard.saudi-uMUhmnG5ykHQrs1d68YlXQ==/base.apk' with 1 weak references
08-08 20:10:02.134  3009  3026 W system_server: ApkAssets: Deleting an ApkAssets object '<empty> and /data/app/~~_sI4_V_-Mzo9jf7lo3vREA==/com.google.android.marvin.talkback-6Riw-oGr9JtpHd_3XZ708Q==/split_config.arm64_v8a.apk' with 1 weak references
08-08 20:10:02.134  3009  3026 W system_server: ApkAssets: Deleting an ApkAssets object '<empty> and /data/app/~~cyy3nONKZTpwjfe1oTKHeg==/com.ziipin.softkeyboard.saudi-uMUhmnG5ykHQrs1d68YlXQ==/split_config.arm64_v8a.apk' with 1 weak references
08-08 20:10:02.134  3009  3026 W system_server: ApkAssets: Deleting an ApkAssets object '<empty> and /data/app/~~Rer9Aoy56mxybBOCtL490g==/com.openai.chatgpt-YKBxt3dCuCXLKb5XZxjf4Q==/base.apk' with 1 weak references
08-08 20:10:02.134  3009  3026 W system_server: ApkAssets: Deleting an ApkAssets object '<empty> and /data/app/~~Rer9Aoy56mxybBOCtL490g==/com.openai.chatgpt-YKBxt3dCuCXLKb5XZxjf4Q==/split_config.arm64_v8a.apk' with 1 weak references
08-08 20:10:02.137  3009  3026 W system_server: ApkAssets: Deleting an ApkAssets object '<empty> and /data/app/~~Rer9Aoy56mxybBOCtL490g==/com.openai.chatgpt-YKBxt3dCuCXLKb5XZxjf4Q==/split_config.en.apk' with 1 weak references
08-08 20:10:02.137  3009  3026 W system_server: ApkAssets: Deleting an ApkAssets object '<empty> and /data/app/~~Rer9Aoy56mxybBOCtL490g==/com.openai.chatgpt-YKBxt3dCuCXLKb5XZxjf4Q==/split_config.xhdpi.apk' with 1 weak references
08-08 20:10:02.137  3009  3026 W system_server: ApkAssets: Deleting an ApkAssets object '<empty> and /data/app/~~7R4tVIsLJVyT9L7ojW2E0A==/com.google.android.apps.adm-BG_1vmficrHGNsG8tCB0SQ==/base.apk' with 1 weak references
08-08 20:10:02.138  3009  3026 W system_server: ApkAssets: Deleting an ApkAssets object '<empty> and /data/app/~~7R4tVIsLJVyT9L7ojW2E0A==/com.google.android.apps.adm-BG_1vmficrHGNsG8tCB0SQ==/split_config.ar.apk' with 1 weak references
08-08 20:10:02.138  3009  3026 W system_server: ApkAssets: Deleting an ApkAssets object '<empty> and /data/app/~~7R4tVIsLJVyT9L7ojW2E0A==/com.google.android.apps.adm-BG_1vmficrHGNsG8tCB0SQ==/split_config.arm64_v8a.apk' with 1 weak references
08-08 20:10:02.138  3009  3026 W system_server: ApkAssets: Deleting an ApkAssets object '<empty> and /data/app/~~7R4tVIsLJVyT9L7ojW2E0A==/com.google.android.apps.adm-BG_1vmficrHGNsG8tCB0SQ==/split_config.en.apk' with 1 weak references
08-08 20:10:02.138  3009  3026 W system_server: ApkAssets: Deleting an ApkAssets object '<empty> and /data/app/~~7R4tVIsLJVyT9L7ojW2E0A==/com.google.android.apps.adm-BG_1vmficrHGNsG8tCB0SQ==/split_config.xhdpi.apk' with 1 weak references
08-08 20:10:02.138  3009  3026 W system_server: ApkAssets: Deleting an ApkAssets object '<empty> and /data/app/~~qq-gHJXIC887hjWFfFHjgA==/com.google.android.googlequicksearchbox-0ruVQgJAdzzkDdjFSUbojQ==/base.apk' with 1 weak references
08-08 20:10:02.138  3009  8167 E AppSearchAppIndxrImpl: Certificate not found for package: org.chromium.webapk.a84c15358d15f9964_v2
08-08 20:10:02.139  3009  3026 W system_server: ApkAssets: Deleting an ApkAssets object '<empty> and /data/app/~~qq-gHJXIC887hjWFfFHjgA==/com.google.android.googlequicksearchbox-0ruVQgJAdzzkDdjFSUbojQ==/split_config.xhdpi.apk' with 1 weak references
08-08 20:10:02.139  3009  3026 W system_server: ApkAssets: Deleting an ApkAssets object '<empty> and /data/app/~~qq-gHJXIC887hjWFfFHjgA==/com.google.android.googlequicksearchbox-0ruVQgJAdzzkDdjFSUbojQ==/split_lens_ondevice_engine_feature_module.apk' with 1 weak references
08-08 20:10:02.139  3009  3026 W system_server: ApkAssets: Deleting an ApkAssets object '<empty> and /data/app/~~qq-gHJXIC887hjWFfFHjgA==/com.google.android.googlequicksearchbox-0ruVQgJAdzzkDdjFSUbojQ==/split_lens_ondevice_engine_play_ml_module.apk' with 1 weak references
08-08 20:10:02.146  3009  3026 W System  : A resource failed to call HardwareBuffer.close. 
08-08 20:10:02.169  1399 13000 I vendor.qti.bluetooth@1.0-ibs_handler: [ibs_handler.cpp:825] ProcessIbsCmd: Received IBS_SLEEP_IND: 0xFE
08-08 20:10:02.198 28552 28552 W BaseHostProvider: isMarketDependAccountRegionfalse,region: CN
08-08 20:10:02.198 28552 28552 W BaseHostProvider: isMarketDependAccountRegionfalse,region: CN
08-08 20:10:02.198 28552 28552 W BaseHostProvider: isMarketDependAccountRegionfalse,region: CN
08-08 20:10:02.203  3935  3935 D CarrierSvcBindHelper: onHandleForceStop: [com.hypernova.phone]
08-08 20:10:02.205  3935  3935 D CarrierSvcBindHelper: No carrier app for: 0
08-08 20:10:02.206   896   896 E lowmemorykiller: device memory 227527 free 3231 file 220965
08-08 20:10:02.210 28601 28601 I Quality : ActivityThread: callApplicationOnCreate delay 1354 com.android.vending 28601
08-08 20:10:02.212 28623 28623 I Finsky:background: [2] This process start was not selected for Play memory metrics collection.
08-08 20:10:02.212 28552 28798 D HLog_AppUtil: reloadRegionValue mRegion = EG tempRegion = EG
08-08 20:10:02.237 28552 28813 D nativeloader: Load /data/app/~~bGstoSPe0wjtOo2nUODH2A==/com.heytap.market-0G8Nw-NdAdcLoptQOPb9yQ==/lib/arm64/libheytaplog.so using class loader ns clns-7 (caller=<unknown>): ok
08-08 20:10:02.248 28665 28665 W MaterialButton: MaterialButton manages its own background to control elevation, shape, color and states. Consider using backgroundTint, shapeAppearance and other attributes where available. A custom background will ignore these attributes and you should consider handling interaction states such as pressed, focused and disabled
08-08 20:10:02.250 28665 28665 W MaterialButton: MaterialButton manages its own background to control elevation, shape, color and states. Consider using backgroundTint, shapeAppearance and other attributes where available. A custom background will ignore these attributes and you should consider handling interaction states such as pressed, focused and disabled
08-08 20:10:02.251 28665 28665 W MaterialButton: MaterialButton manages its own background to control elevation, shape, color and states. Consider using backgroundTint, shapeAppearance and other attributes where available. A custom background will ignore these attributes and you should consider handling interaction states such as pressed, focused and disabled
08-08 20:10:02.252 28665 28665 W MaterialButton: MaterialButton manages its own background to control elevation, shape, color and states. Consider using backgroundTint, shapeAppearance and other attributes where available. A custom background will ignore these attributes and you should consider handling interaction states such as pressed, focused and disabled
08-08 20:10:02.255 28552 28552 D ONET_NetworkHostManager: getGSLBHost:
08-08 20:10:02.257  3009  4816 I ActivityManager: Flag disabled. Ignoring finishAttachApplication from uid: 10105. pid: 28601
08-08 20:10:02.259 28601 28601 W ServiceManagerCppClient: Failed to get isDeclared for vendor.qti.hardware.perf2.IPerf/default: Status(-1, EX_SECURITY): 'SELinux denied.'
08-08 20:10:02.259 28552 28813 I NLogWriter: loganProtocolStatus: clogan_init,-1010
08-08 20:10:02.263 28665 28665 D ScrollOptimizationHelper: can't find the config file for optimizaiton
08-08 20:10:02.263 28665 28665 D ScrollOptimizationHelper: will not debug for debug is false
08-08 20:10:02.266 28665 28665 I oplus.android.OplusFrameworkFactoryImpl: get feature:IOplusDynamicVsyncFeature
08-08 20:10:02.267 28665 28665 I oplus.android.OplusFrameworkFactoryImpl: get feature:IOplusDynamicVsyncFeature
08-08 20:10:02.267 28665 28665 I oplus.android.OplusFrameworkFactoryImpl: get feature:IOplusDynamicVsyncFeature
08-08 20:10:02.282 28552 28552 W DeviceUtil: sDeviceWidth=720
08-08 20:10:02.283 28552 28552 W DeviceUtil: sDeviceHeight=1604
08-08 20:10:02.283 28552 28552 W ScreenAdapterUtil: ApplicationContext is null, using default font scale
08-08 20:10:02.288 28623 28623 I Finsky:background: [2] alse - Received: android.intent.action.PACKAGE_ADDED, [jmC29k4CufrjSphWLGkKPlcJJTKDVW0tyJwjm9v5yXU]
08-08 20:10:02.293  3009  4816 D ConnectivityService: requestNetwork for uid/pid:10117/28552 activeRequest: null callbackRequest: 105140 [NetworkRequest [ REQUEST id=105141, [ Capabilities: INTERNET&NOT_RESTRICTED&TRUSTED&NOT_VCN_MANAGED&NOT_BANDWIDTH_CONSTRAINED Uid: 10117 RequestorUid: 10117 RequestorPkg: com.heytap.market UnderlyingNetworks: Null] ]] callback flags: 0 order: 2147483647 isUidTracked: false declaredMethods: AVAIL|LOST|NC
08-08 20:10:02.296  3009  3450 D ConnectivityService: NetReassign [105141 : null → 741] [c 1] [a 1] [i 1]
08-08 20:10:02.301  3009  3442 D WifiNetworkFactory: got request NetworkRequest [ REQUEST id=105141, [ Capabilities: INTERNET&NOT_RESTRICTED&TRUSTED&NOT_VCN_MANAGED&NOT_BANDWIDTH_CONSTRAINED Uid: 10117 RequestorUid: 10117 RequestorPkg: com.heytap.market UnderlyingNetworks: Null] ]
08-08 20:10:02.301  3009  3442 D UntrustedWifiNetworkFactory: got request NetworkRequest [ REQUEST id=105141, [ Capabilities: INTERNET&NOT_RESTRICTED&TRUSTED&NOT_VCN_MANAGED&NOT_BANDWIDTH_CONSTRAINED Uid: 10117 RequestorUid: 10117 RequestorPkg: com.heytap.market UnderlyingNetworks: Null] ]
08-08 20:10:02.301  3009  3442 D OemPaidWifiNetworkFactory: got request NetworkRequest [ REQUEST id=105141, [ Capabilities: INTERNET&NOT_RESTRICTED&TRUSTED&NOT_VCN_MANAGED&NOT_BANDWIDTH_CONSTRAINED Uid: 10117 RequestorUid: 10117 RequestorPkg: com.heytap.market UnderlyingNetworks: Null] ]
08-08 20:10:02.301  3009  3442 D MultiInternetWifiNetworkFactory: got request NetworkRequest [ REQUEST id=105141, [ Capabilities: INTERNET&NOT_RESTRICTED&TRUSTED&NOT_VCN_MANAGED&NOT_BANDWIDTH_CONSTRAINED Uid: 10117 RequestorUid: 10117 RequestorPkg: com.heytap.market UnderlyingNetworks: Null] ]
08-08 20:10:02.303 28552 28820 W ONET_cdo_connect: onAvailable 741
08-08 20:10:02.307 28552 28820 W ONET_cdo_connect: onCapabilitiesChanged 741,cellular:false,wifi:true,isEthernetAvailable:false,metered:false
08-08 20:10:02.307   896   896 E lowmemorykiller: device memory 226975 free 8105 file 220296
08-08 20:10:02.309 28552 28818 I RemoteConfig: RemoteConfig init
08-08 20:10:02.312  3979  4446 D CommonApp-741-10495: transport layer data is invalid
08-08 20:10:02.313  3979  4446 D CommonApp-741-10120: transport layer data is invalid
08-08 20:10:02.319 28552 28818 I RemoteConfig: RemoteConfig loadLocalConfig: empty
08-08 20:10:02.321 28552 28552 W cdo_apm : [init] CdoApmInfo{debug=false, stat=false, statMap='null', log=a.a.a.pz1$a@f1cabea, sharedPreferencesOptimise=true, anrMonitor=false, anrMonitorIntervalTimestamp=0, anrMonitorMaxAnrTimestamp=0, crashMonitor=false, oomMonitor=false, oomPercent=0}
08-08 20:10:02.323 28552 28552 W cdo_apm : [sp_optimise] hook field: sFinishers ,result: true
08-08 20:10:02.329  3009  3706 D Osense-BaseDecisionMaker: notifyDelayedSceneToPolicy
08-08 20:10:02.331  3009  3706 I Osense-BaseDecisionMaker: scene: SCENE_APP_SWITCH, excutingPolicy: clear
08-08 20:10:02.332  1462  1462 D PerformanceService: find path null
08-08 20:10:02.333   896   896 E lowmemorykiller: device memory 225547 free 6495 file 220421
08-08 20:10:02.335  3009  3712 I Osense-PsiDetector: 880,25,2958,4607,36,138,117,767,1138,411,450,0,4,5763
08-08 20:10:02.347  5377  5417 E horae   : 0: back:32881,frame:31984,front:32598, 3, +(-681), 1 ,32200,38072,34852,34068, target_temp:32881, algo:0
08-08 20:10:02.353 28552 28813 E FileStrategy: java.io.IOException: Read-only file system
08-08 20:10:02.354 28552 28813 I NLogWriter: loganProtocolStatus: clogan_open,-2010
08-08 20:10:02.354  1462  1462 E PerformanceService: cant' find hpb lu, getUfsHpbNodePath, ret=-1, errno=13
08-08 20:10:02.358  3009  3706 D Osense-BaseDecisionMaker: invoke clear policy,type: smart-force
08-08 20:10:02.361  3009  3710 I OsenseKillAction: KillAction: [atomic clean] start name=lowmem, requestId=122321, startAvail=878, startFreeMB=23, purposeAvailMB=1300, purposeFreeMB=-1, anonRssTarget=422, minBgCount=0, swapTarget=0, scene=SCENE_APP_SWITCH, type=smart-force, qb=false, cchOnly=false, urgency=false, hoggingCpuPids={}, invalid-cnt=1
08-08 20:10:02.367 28552 28813 E FileStrategy: java.io.IOException: Read-only file system
08-08 20:10:02.367  3009  3710 I OsenseKillAction: KillAction: group process done, total=2ms, firstLoop=1ms, updateProcessInfo=1ms, idleList=0ms, curBg=3
08-08 20:10:02.367  3009  3710 W OplusAppStartupConfigExt_OplusAppStartupCommonSceneStrategy: Blacklist is Empty
08-08 20:10:02.367  3009  3710 D OplusAppStartupConfigExt: RestartService prevent pkg com.facebook.orca result = false
08-08 20:10:02.368  3009  3710 I OsenseKillAction: scanCchEmptyProc: +++++++ start double check +++++++
08-08 20:10:02.368  3009  3710 I OsenseKillAction: scanCchEmptyProc: cch check done: killablePss=0kb, killableAnonRss=0mb, time=1ms, candidate cnt: 0
08-08 20:10:02.368  3009  3710 I OsenseKillAction: scanNonUiProc: ----------start check non ui proc-----------
08-08 20:10:02.369  3009  3710 I OsenseKillAction: scanNonUiProc: done check non ui proc: killablePss=0kb, killableAnonRss=0mb, time=1ms, collected proc num: 0
08-08 20:10:02.369  3009  3710 I OsenseKillAction: scanOomAdj: skip scan oom adj for lowmem
08-08 20:10:02.369  3009  3710 I OsenseKillAction: scanAllProc: skip scan all proc for lowmem
08-08 20:10:02.369  3009  3710 I OsenseKillAction: KillAction: done execute kill, pi2app=0ms, monitor=0ms, kill=0ms, total=0ms, kill cnt=0, local cnt=0
08-08 20:10:02.369  3009  3710 I OsenseKillAction: KillAction: [atomic clean] end requestId=122321, endAvail=879mb, reclaimed: [pss=0mb, anonRss=0mb, swap=0mb, mem=0mb, Rss=0mb], timing: [total=9ms, update=1ms, readMem=3ms, group=2ms, cch=1ms, nonUi=1ms, oomadj=0ms, allProc=0ms, monitor=0ms, kill=0ms], sysinfo: [bgcount=3]
08-08 20:10:02.370  5377  5412 E horae   : Entering notifyCallback, binder clients size 8
08-08 20:10:02.370  3009  3710 W Athena  : AthenaLocalService: requestId:122321, type:smart-force, [available{878, 1300, 39, 800, 99, 878, true}]
08-08 20:10:02.372  1416 10610 I WifiHAL : event received NL80211_CMD_VENDOR, vendor_id = 0x1374, subcmd = 0xd
08-08 20:10:02.373  3009  3710 I OsenseKillAction: KillAction: 422mb more anonRss to reclaim, 0mb more swapMb to reclaim, <trigger> mem guard, cur avail=879mb, bundle: Bundle[{appcareThreshold=39, prevPkgName=com.android.mms, triggerMemory=1100, curUid=10495, curPkgName=com.hypernova.phone, qbmode=false, prevUid=10120, type=smart-force, level=2, scene=SCENE_APP_SWITCH, requestId=122321, purposeMemory=1300}]
08-08 20:10:02.374  2259  2259 I cnss-daemon: nl80211 response handler invoked
08-08 20:10:02.374  2259  2259 I cnss-daemon: nl80211_response_handler: cmd 103, vendorID 4980, subcmd 13  received
08-08 20:10:02.376  3009  3675 I Athena  : MemoryGuardAction: [START] clear_type=392[4010], available memory:878, fast=false, [available{878, 1300, 39, 800, 99, 878, true}]
08-08 20:10:02.379 28552 28818 W ONET_httpdns: HttpDns::performGslbCmd(0,true,false)
08-08 20:10:02.382 28552 28813 I NLogWriter: loganProtocolStatus: clogan_init,-1010
08-08 20:10:02.384 28601 28601 I Finsky  : [2] This process start was not selected for Play memory metrics collection.
08-08 20:10:02.386 28519 28519 I PhoneManager.PhoneManagerApp: ensureNoBackupDirectory result: false
08-08 20:10:02.396  3009  3675 D ActivityTaskManager: Skipping, invisible task: Task{7b50eef #5 type=home I=com.android.launcher/.Launcher}
08-08 20:10:02.396  3009  3675 D ActivityTaskManager: pre-Filtered:com.hypernova.phone # com.android.mms # com.oplus.camera # com.coloros.gallery3d # 
08-08 20:10:02.396  3009  3675 D ActivityTaskManager: after skip size 4
08-08 20:10:02.397  3935 28782 D HoraeHelper: mIThermalStatusListener info is:3
08-08 20:10:02.397 28552 28552 D activity_lifecycle: Instrumentation: base: android.app.Instrumentation@eb72bc1
08-08 20:10:02.398 28552 28552 D activity_lifecycle: Instrumentation: proxy: a.a.a.ipb@b989f66
08-08 20:10:02.398 28552 28552 I Quality : ActivityThread: makeApplication delay 2587 com.heytap.market 28552
08-08 20:10:02.398  3009  4131 D HoraeHelper: mIThermalStatusListener info is:3
08-08 20:10:02.400  3009  3675 I Process : Sending signal. PID: 27977 SIG: 9
08-08 20:10:02.400  3009  3675 I Athena  : OplusClearSystemService : K [0,27977,10262,com.google.android.cellbroadcastreceiver,905, reason: 392 o-kill(4010) K|null with 25MB, 50MB, 36MB]
08-08 20:10:02.403  3009  3675 D AudioServiceExtImpl: oplusGetParameters() keyValuePairs:OPLUS_AUDIO_GET_FOCUS_STACK, uid: 1000
08-08 20:10:02.406  3009  3675 E OplusAthenaAm: AthenaAmManagerInternal transact code hello:6,flags:0
08-08 20:10:02.406  3009  3675 E OplusAthenaAm: AthenaAmManagerInternal transact code hello:7,flags:0
08-08 20:10:02.406   896   896 E lowmemorykiller: device memory 224976 free 6114 file 220163
08-08 20:10:02.406  3009  3675 W Athena  : BaseAppCare: the number of recently used apps is less than 5
08-08 20:10:02.407  3009  3675 W Athena  : BaseAppCare: recently lock apps is null
08-08 20:10:02.409  3009  3675 W Athena  : BaseAppCare: downloading apps is null
08-08 20:10:02.409  3009  3675 W Athena  : BaseAppCare: high priority do not take effect on this memory machine
08-08 20:10:02.410 12944 13127 D bt_btif_gattc: [btif_gatt_client.cc:494] btif_gattc_read_char: 
08-08 20:10:02.411 12944 12969 D bluetooth: [att_protocol.cc:515] attp_cl_send_cmd: Sending ATT command to l2cap cid:0x0004 eatt_channels:0 transport:BT_TRANSPORT_LE
08-08 20:10:02.412 12944 12969 D bluetooth: [att_protocol.cc:389] attp_send_msg_to_l2cap: Sending ATT message on att fixed channel
08-08 20:10:02.412 12944 12969 D bt_l2cap: [l2c_api.cc:1545] L2CA_SendFixedChnlData: Enqueued data for CID: 0x0004 len:3
08-08 20:10:02.412 12944 12969 D l2c_link: [l2c_link.cc:1222] l2c_link_send_to_lower_ble: TotalWin=15,Hndl=0x4,Quota=16,Unack=1,RRQuota=0,RRUnack=0
08-08 20:10:02.412 12944 12969 I oplus_bt_stack_ble_event: report_stack_ble_last_data_transfer, 20:**:**:**:ca:c6
08-08 20:10:02.412 12944 12969 D bluetooth: [att_protocol.cc:530] attp_cl_send_cmd: Starting ATT response timer 0xb400007428910bf0 conn_id=0x0007, cid=4
08-08 20:10:02.415  3009  3675 I Athena  : OplusClearSystemService : APPCARE MemInfo: 0-19=281,128 40-49=107,44 80-100=633,331
08-08 20:10:02.416  3009  3675 I Athena  : OplusClearSystemService : OOM MemInfo: Native=698,188 System=326,218 Persistent=1309,621 PersistentService=134,61 Foreground=489,286 Visible=1617,788 Perceptible=472,218 PerceptibleMedium=193,91 AServices=87,49 BServices=206,111 Cached=160,77
08-08 20:10:02.416  3009  3675 I Athena  : OplusClearSystemService : OOM UidInfo: System={1000=null} Persistent={0=null, 1000=null, 1001=null, 1068=null, 1073=null, 10089=null, 10090=null, 10132=null, 10203=null, 10204=null, 10206=null, 10230=null, 10237=null} PersistentService={1002=null, 10277=null} Foreground={1000=null, 10105=null, 10106=null, 10117=null, 10130=null, 10334=null, 10495=C:[84, 100]|U:0} Visible={1000=null, 10063=null, 10102=null, 10113=null, 10114=null, 10170=null, 10187=null, 10198=null, 10225=null, 10226=null, 10249=null, 10270=null, 10279=null, 10283=null, 10334=null, 99760=null} Perceptible={1000=null, 10065=null, 10120=C:[84, 100]|U:1, 10147=C:[56, 92, 100]|U:2, 10326=null, 10329=C:[44]} PerceptibleMedium={10290=null, 10317=C:[82]} AServices={10320=C:[99]} BServices={1000=null, 10156=null, 10246=null} Cached={10262=null, 10398=C:[99]}
08-08 20:10:02.416  3009  3675 E OplusAthenaAm: AthenaAmManagerInternal transact code hello:4,flags:0
08-08 20:10:02.416  3009  3675 E OplusAthenaAm: AthenaAmManagerInternal transact code hello:4,flags:0
08-08 20:10:02.416  3009  3675 E OplusAthenaAm: AthenaAmManagerInternal transact code hello:4,flags:0
08-08 20:10:02.417 28601 28601 I Finsky  : [2] also - Received: android.intent.action.PACKAGE_ADDED, [jmC29k4CufrjSphWLGkKPlcJJTKDVW0tyJwjm9v5yXU]
08-08 20:10:02.419  3009  3675 I Process : Sending signal. PID: 27667 SIG: 9
08-08 20:10:02.421  3009  3675 I Athena  : OplusClearSystemService : K [0,27667,10290,com.fitbit.FitbitMobile,250, reason: 392 o-kill(4010) K|M:75,34 with Pair{0 0}, 34MB, 75MB, 62MB]
08-08 20:10:02.421 28552 28818 W NetworkModule: preInitEngine failed: java.lang.NullPointerException: Attempt to invoke virtual method 'java.lang.String com.nearme.network.internal.Request.getUrl()' on a null object reference
08-08 20:10:02.425  3009  3675 I Process : Sending signal. PID: 26934 SIG: 9
08-08 20:10:02.426  3009  3675 I Athena  : OplusClearSystemService : K [0,26934,10334,com.emeint.android.myservices,100, reason: 392 o-kill(4010) K|M:79,33 with Pair{0 0}, 33MB, 79MB, 66MB]
08-08 20:10:02.427  3009  3675 I Process : Sending signal. PID: 27111 SIG: 9
08-08 20:10:02.428  3009  3675 I Athena  : OplusClearSystemService : K [0,27111,99760,com.google.android.webview:sandboxed_process0:org.chromium.content.app.SandboxedProcessService0:0,100, reason: 392 o-kill(4010) K|M:58,27 with Pair{0 0}, 27MB, 58MB, 47MB]
08-08 20:10:02.430  3009  3675 I Process : Sending signal. PID: 22892 SIG: 9
08-08 20:10:02.431  3009  3675 I Athena  : OplusClearSystemService : K [0,22892,10156,com.oplus.cosa,800, reason: 392 o-kill(4010) K|null with 33MB, 56MB, 34MB]
08-08 20:10:02.435  3009  3675 I Process : Sending signal. PID: 23787 SIG: 9
08-08 20:10:02.436 28665 28665 I oplus.android.OplusFrameworkFactoryImpl: get feature:IOplusDynamicVsyncFeature
08-08 20:10:02.437 28665 28665 I oplus.android.OplusFrameworkFactoryImpl: get feature:IOplusDynamicVsyncFeature
08-08 20:10:02.437 28665 28665 I oplus.android.OplusFrameworkFactoryImpl: get feature:IOplusDynamicVsyncFeature
08-08 20:10:02.437  3009  3675 I Athena  : OplusClearSystemService : K [0,23787,1000,com.oplus.crashbox,800, reason: 392 o-kill(4010) K|null with 27MB, 50MB, 34MB]
08-08 20:10:02.438   896   896 E lowmemorykiller: device memory 224557 free 5642 file 220205
08-08 20:10:02.438  3009  3675 I Process : Sending signal. PID: 21641 SIG: 9
08-08 20:10:02.439  3009  3712 I Osense-PsiDetector: 877,22,2957,4607,36,138,117,769,1137,406,453,0,4,5625
08-08 20:10:02.439  3009  3675 I Athena  : OplusClearSystemService : K [0,21641,10246,com.facebook.services,800, reason: 392 o-kill(4010) K|null with 26MB, 51MB, 38MB]
08-08 20:10:02.439  3009  3705 I Osense-BaseDecisionMaker: notifySceneToAthenaPolicy: SCENE_RES_MEM_PSI_NORMAL, bundle: Bundle[{memLevel=4}]
08-08 20:10:02.440  3009  3675 I Process : Sending signal. PID: 23503 SIG: 9
08-08 20:10:02.441  3009  3675 I Athena  : OplusClearSystemService : K [0,23503,1000,com.oplus.sau,800, reason: 392 o-kill(4010) K|null with 25MB, 49MB, 36MB]
08-08 20:10:02.441  3009  3675 I Athena  : MemoryGuardAction: [4010] there are no more processes to release memory
08-08 20:10:02.441  3009  3675 I Athena  : MemoryGuardAction:  killed 8, reclaimed 230MB(468MB), 353
08-08 20:10:02.441  3009  3675 I Athena  : MemoryGuardAction: check & kill orphan process...
08-08 20:10:02.441  3009  3675 I Athena  : MemoryGuardAction: none orphan process found.
08-08 20:10:02.444  3009  4131 D HoraeHelper: mIThermalStatusListener info is:3
08-08 20:10:02.445  3009  4131 D HoraeHelper: mIThermalStatusListener info is:3
08-08 20:10:02.446  5345 29479 D HoraeHelper: mIThermalStatusListener info is:3
08-08 20:10:02.446  5345  5345 D OplusAtlasDecreaseVolumeforTemp:  LEVEL 3
08-08 20:10:02.447  3009  3675 I Athena  : MemoryGuardAction: [FINISH] clear_type: 392[4010], available memory:878MB, reclaimMem:0MB, fast:false, 65ms, [available{878, 1300, 39, 800, 99, 878, true}]
08-08 20:10:02.449  3009  3705 I Osense-BaseDecisionMaker: scene: SCENE_RES_MEM_PSI_NORMAL, excutingPolicy: clear
08-08 20:10:02.450  3009  3705 D Osense-BaseDecisionMaker: invoke clear policy,type: cached
08-08 20:10:02.450  3009  3705 I Osense-BaseDecisionMaker: notifySceneToAthenaPolicy: SCENE_RES_MEM_PSI_LEAK, bundle: Bundle[{memLevel=4}]
08-08 20:10:02.451  3009  3710 I OsenseKillAction: KillAction: [atomic clean] start name=lowmem, requestId=122322, startAvail=878, startFreeMB=22, purposeAvailMB=1200, purposeFreeMB=-1, anonRssTarget=322, minBgCount=0, swapTarget=0, scene=SCENE_RES_MEM_PSI_NORMAL, type=cached, qb=false, cchOnly=true, urgency=false, hoggingCpuPids={}, invalid-cnt=2
08-08 20:10:02.451  3009  3710 I OsenseKillAction: KillAction: [atomic clean] end: skip for no-killable-cached-process
08-08 20:10:02.451  3009  3710 I OsenseKillAction: KillAction: 322mb more anonRss to reclaim, 0mb more swapMb to reclaim, <skip> mem guard, cur avail=0mb, bundle: Bundle[{appcareThreshold=0, triggerMemory=1000, qbmode=false, memLevel=4, type=cached, level=1, scene=SCENE_RES_MEM_PSI_NORMAL, requestId=122322, purposeMemory=1200}]
08-08 20:10:02.451  3009  4131 I ActivityManager: Flag disabled. Ignoring finishAttachApplication from uid: 10130. pid: 28519
08-08 20:10:02.454  3979  4446 D Acc-OplusLinkBoostCommon: notifyThermalBroadCast level = 3 temp = 328,lastTemp: 339
08-08 20:10:02.455 28519 28519 W ServiceManagerCppClient: Failed to get isDeclared for vendor.qti.hardware.perf2.IPerf/default: Status(-1, EX_SECURITY): 'SELinux denied.'
08-08 20:10:02.455 28519 28784 D FBAudienceNetwork: SDK dex loading time: 501
08-08 20:10:02.461 28519 28828 I PhoneManager.EntryManager: addAndCheck core item init +++++
08-08 20:10:02.469  6966  7020 W Battery : ThermalControlUtils: setHighTempSafetyState same.
08-08 20:10:02.469  6966  7020 E Battery : Thermal.HeatSourceController: heat source string is null or empty
08-08 20:10:02.469  6966  7020 W Battery : ThermalControllHandler: MSG_THERMAL_CONTROL_TEMPGEAR_CHANGED,tempLevel=[3],mTemp=32, heatSourceMap={}
08-08 20:10:02.471  6966  7020 I DeepThinkerSDK: [APP] ClientConnection: getDeepThinkerBridge start
08-08 20:10:02.475  3009  4131 W ActivityManager: Unable to start service Intent { act=deepthinker.intent.action.BIND_INTERFACE_SERVER pkg=com.oplus.deepthinker mCallingUid=1000 } U=0: not found
08-08 20:10:02.476  6966  7017 W DeepThinkerSDK: [APP] ClientConnection: tryConnect: Bind Algorithm Service Failed!
08-08 20:10:02.477  6966  7020 I DeepThinkerSDK: [APP] ClientConnection: tryConnect: end. On Async Thread, connect timeout.
08-08 20:10:02.477  6966  7020 I DeepThinkerSDK: [APP] ClientConnection: getDeepThinkerBridge end
08-08 20:10:02.477  6966  7020 W DeepThinkerSDK: [APP] ServiceHolder: getRemote: call default!
08-08 20:10:02.477  6966  7020 W Battery : ThermalControllerCenter: mSafetyState=10000,  mSafetyTestConfigList=01111,10111,11011,11101,11110,00111,01011,01101,01110,10011,10101,10110,11001,11010,11100,11111,10100
08-08 20:10:02.477  6966  7020 W Battery : ThermalControllHandler: tempLevel=[3],userMode=2,gameUserMode=-1,appType=0,envTempType=0,appStates=[],appSwitchSafetyMode=false,split=[],float=[],full=[com.hypernova.phone], tempGear=[3],configItemName=common_config
08-08 20:10:02.477  6966  7020 E Battery : ThermalControlConfig: HeatSourceLevel featureConfig is null
08-08 20:10:02.478  6966  7020 W Battery : ThermalControllerCenter: Same as last cpu policy, gpu policy and thermalSerious
08-08 20:10:02.498 28519 28519 I Choreographer: Skipped 42 frames!  The application may be doing too much work on its main thread.
08-08 20:10:02.520 28519 28828 E AppFeatureProviderUtils: getInt: getStringForFeature return null
08-08 20:10:02.521  3009  4718 D VRR [OPlusExternalRefreshRateManager]: isPkgTfcEnable: pkgName = com.coloros.phonemanager, enable = false
08-08 20:10:02.521  3009  4718 D VRR [OPlusExternalRefreshRateManager]: getTfcMinFramerate: pkgName = com.coloros.phonemanager, min framerate = 0
08-08 20:10:02.524  3009  4718 I ActivityManager: Death received, pid = 23503, processName = com.oplus.sau for thread android.os.BinderProxy@915b741
08-08 20:10:02.525  1300  1300 I Zygote  : Process 23503 exited due to signal 9 (Killed)
08-08 20:10:02.525  3009  3779 I ActivityManager: Process com.oplus.sau (pid 23503) has died: svcb SVC 
08-08 20:10:02.526  3009  3098 I libprocessgroup: Removed cgroup /sys/fs/cgroup/uid_1000/pid_23503
08-08 20:10:02.526  3009  3779 W OplusAppStartupConfigExt_OplusAppStartupCommonSceneStrategy: Blacklist is Empty
08-08 20:10:02.526  3009  3779 D OplusAppStartupConfigExt: RestartService prevent pkg com.oplus.sau result = false
08-08 20:10:02.527  3009  3779 D OplusAppStartupManager: prevent restart service, pkgName = com.oplus.sau, scenePriority = -1
08-08 20:10:02.528 28519 28754 I PhoneManager.MMKVUtils: tryPrintCriticalInfo uid:10130 gid:10130 mode:16832
08-08 20:10:02.528 28519 28519 I DynamicFramerate [FRTCConfigManager]: initFrameRateConfig: 
08-08 20:10:02.528 28519 28519 I DynamicFramerate [FRTCConfigManager]: 	levels: [120, 60]
08-08 20:10:02.528 28519 28519 I DynamicFramerate [FRTCConfigManager]: 	thresholds: [200]
08-08 20:10:02.533  3979  4433 I ProcessManager: onProcessDied pid:23503, uid:1000
08-08 20:10:02.533  3979  4433 D AppSceneEventManager: handleMessage: 101
08-08 20:10:02.534  3979  4433 I DispatcherPolicy: onBaseEvent EventId=22	INPUT_PROCESS_DIED	TimeStamp =1786209002533	Intent =null	Content =null	Pid =23503	PkgName =com.oplus.sau
08-08 20:10:02.534 28519 28519 I DynamicFramerate [FRTCConfigManager]: FRTCConfigManager: FRTC_CAPABILITY = 120, package name = com.coloros.phonemanager, WINDOW_ANIMATION_SPEED_RATE = 10, SCROLL_ANIMATION_SPEED_RATE = 20, PACKAGE_ENABLE = false
08-08 20:10:02.534  3979  4433 I GamingScene: onInputEvent : INPUT_PROCESS_DIED
08-08 20:10:02.534 28519 28519 I DynamicFramerate [DynamicFrameRateController]: init info: mPackageName = com.coloros.phonemanager, mIsEnabled = false
08-08 20:10:02.538   896   896 E lowmemorykiller: device memory 226735 free 6865 file 221153
08-08 20:10:02.544  3009  3851 I ActivityManager: Death received, pid = 27977, processName = com.google.android.cellbroadcastreceiver for thread android.os.BinderProxy@e428972
08-08 20:10:02.544 28519 28828 E AppFeatureProviderUtils: getInt: getStringForFeature return null
08-08 20:10:02.544  1300  1300 I Zygote  : Process 27977 exited due to signal 9 (Killed)
08-08 20:10:02.545 22186 22186 I adbd    : Remote process closed the socket (on MSG_PEEK)
08-08 20:10:02.549  3009  3450 D ConnectivityService: releasing NetworkRequest [ REQUEST id=105068, [ Capabilities: INTERNET&NOT_RESTRICTED&TRUSTED&NOT_VCN_MANAGED&NOT_BANDWIDTH_CONSTRAINED Uid: 10334 RequestorUid: 10334 RequestorPkg: com.emeint.android.myservices UnderlyingNetworks: Null] ] (release request)
08-08 20:10:02.551  3009  4782 I ActivityManager: Death received, pid = 26934, processName = com.emeint.android.myservices for thread android.os.BinderProxy@291d15d
08-08 20:10:02.551 28665 28665 D ScrollOptim [SceneManager]: updateCurrentActivity: mCurrentActivityName=com.hypernova.phone.MainActivity, isOptEnable=true, isAnimAheadEnable=true, isFrameInsertEnable=true, InsertNum=1, isEnabledForScrollChanged=false
08-08 20:10:02.551 28665 28665 D ActivityThread: ComponentInfo{com.hypernova.phone/com.hypernova.phone.MainActivity} checkFinished=false 2
08-08 20:10:02.552  3009  3781 I ActivityManager: Process com.google.android.cellbroadcastreceiver (pid 27977) has died: cch+5 CEM 
08-08 20:10:02.552 28665 28665 D ResourcesManagerExtImpl: applyConfigurationToAppResourcesLocked app.getDisplayId() return callback.displayId:0
08-08 20:10:02.552  3009  3098 I libprocessgroup: Removed cgroup /sys/fs/cgroup/uid_10262/pid_27977
08-08 20:10:02.552  3009  3450 D ConnectivityService: releasing NetworkRequest [ REQUEST id=105065, [ Capabilities: INTERNET&NOT_RESTRICTED&TRUSTED&NOT_VCN_MANAGED&NOT_BANDWIDTH_CONSTRAINED Uid: 10334 RequestorUid: 10334 RequestorPkg: com.emeint.android.myservices UnderlyingNetworks: Null] ] (release request)
08-08 20:10:02.554  3935  3935 D CarrierSvcBindHelper: Disconnected from carrier app: com.emeint.android.myservices/com.vodafone.netperform.runtime.NetPerformCarrierService
08-08 20:10:02.555  3009  3668 E libprocessgroup: Could not read cgroup.events: : No such device
08-08 20:10:02.556  3009  3668 W libprocessgroup: RemoveCgroup: /sys/fs/cgroup/uid_10262/pid_27977 does not exist.
08-08 20:10:02.556  1479  5654 D charge_time: type=cdp/dcp,reserve_soc=1,soc=60,ui_soc=61,current=459,avg=632,not_chg_cnt=0,stable_cnt=7,fcc=4423,fcc_ratio=92,delta=116,debug=0,region=12,ttf=9363(02:36:03),ui_ttf=5147(01:25:47)
08-08 20:10:02.557  3009  3781 W OplusAppStartupConfigExt_OplusAppStartupCommonSceneStrategy: Blacklist is Empty
08-08 20:10:02.557  3009  3781 D OplusAppStartupConfigExt: RestartService prevent pkg com.google.android.cellbroadcastreceiver result = false
08-08 20:10:02.557  3009  3668 I libprocessgroup: Removed cgroup /sys/fs/cgroup/uid_10262/pid_27977
08-08 20:10:02.562  5345 29479 D OplusAtlas.OplusAtlasEventDispatch: setEvent:atlas_event_on_process_died info:pid:27977,uid:10262
08-08 20:10:02.563 28665 28665 D OplusInputMethodUtil: init sDebug to false, init sDebugIme to false, init sAlwaysOn to false
08-08 20:10:02.563  3979  4433 I ProcessManager: onProcessDied pid:27977, uid:10262
08-08 20:10:02.563  3979  4433 D AppSceneEventManager: handleMessage: 101
08-08 20:10:02.563  3979  4433 I DispatcherPolicy: onBaseEvent EventId=22	INPUT_PROCESS_DIED	TimeStamp =1786209002563	Intent =null	Content =null	Pid =27977	PkgName =com.google.android.cellbroadcastreceiver
08-08 20:10:02.563 28665 28665 D OplusInputMethodUtil: updateDebugToClass InputMethodManager.DEBUG = false
08-08 20:10:02.563  3979  4433 I GamingScene: onInputEvent : INPUT_PROCESS_DIED
08-08 20:10:02.563 28665 28665 D OplusInputMethodUtil: updateDebugToClass ImeFocusController.DEBUG = false
08-08 20:10:02.563 28665 28665 D OplusInputMethodUtil: updateDebugToClass InsetsController.DEBUG = false
08-08 20:10:02.563 28665 28665 D OplusInputMethodUtil: updateDebugToClass BaseInputConnection.DEBUG = false
08-08 20:10:02.565  5345  8987 D OplusAtlas.OplusMessageHandler: handleMessage: Msg { when=-1ms what=1 obj=com.oplus.atlas.OplusAtlasEvent@c68cfa5 target=com.oplus.atlas.OplusMessageHandler$MyHandler }
08-08 20:10:02.565  5345  8816 D OplusAtlas.OplusMessageHandler: handleMessage: Msg { when=-1ms what=1 obj=com.oplus.atlas.OplusAtlasEvent@c68cfa5 target=com.oplus.atlas.OplusMessageHandler$MyHandler }
08-08 20:10:02.572 28519 28828 E AppFeatureProviderUtils: getInt: getStringForFeature return null
08-08 20:10:02.574  3009  3072 D DisplayManagerService: Drop pending events for gone uid 10262
08-08 20:10:02.579  1598  1768 I SurfaceFlinger: [SF client] NEW(0xb400007c9b170000) for (28665:com.hypernova.phone)
08-08 20:10:02.603 28665 28665 D WindowManager: Add to mViews: com.android.internal.policy.DecorView{7285bc I.E...... R.....ID 0,0-0,0 alpha=1.0 viewInfo = }[MainActivity],pkg= com.hypernova.phone
08-08 20:10:02.606 28665 28665 W HWUI    : Unknown dataspace 0
08-08 20:10:02.607 28665 28745 D ExtensionsLoader: createInstance(64bit) : createExtendedFactory
08-08 20:10:02.613  1299  1346 E TetherController: property_get sys.radio.data.modem_share_flag return 0, 1!
08-08 20:10:02.617  3009  3779 I ActivityManager: Process com.emeint.android.myservices (pid 26934) has died: vis BFGS
08-08 20:10:02.617  3009  3779 W OplusAppStartupConfigExt_OplusAppStartupCommonSceneStrategy: Blacklist is Empty
08-08 20:10:02.617  3009  3779 D OplusAppStartupConfigExt: RestartService prevent pkg com.emeint.android.myservices result = false
08-08 20:10:02.619 28665 28745 D ExtensionsLoader: Opened libhwuiextimpl.so
08-08 20:10:02.619 28665 28745 D skia    : setRusSupported enable 0
08-08 20:10:02.619 28665 28665 D ExtensionsLoader: createInstance(64bit) : createExtendedFactory
08-08 20:10:02.620 28665 28665 D ExtensionsLoader: Opened libSchedAssistExtImpl.so
08-08 20:10:02.622 25458 25458 D BoundBrokerSvc: onUnbind: Intent { act=com.google.android.gms.safebrowsing.SafeBrowsingService.START dat=chimera-action:/... cmp=com.google.android.gms/.chimera.GmsBoundBrokerService mCallingUid=10334 }
08-08 20:10:02.623  3009  3089 W UserAwareMgr: process owner is not matched: 10, threadName: RenderThread, pid: 28665,tid=28745,owner=fg1
08-08 20:10:02.625  3009  3611 D OAppNetControlService: Hans update:[10334=false][0|0] blackList:[10290]
08-08 20:10:02.626  3009  3779 I OplusHansManager : unfreeze uid: 10334 com.emeint.android.myservices pids: [26934, 27020, 27111] reason: BumpService scene: LcdOn
08-08 20:10:02.627  3009  4766 I ActivityManager: Death received, pid = 27111, processName = com.google.android.webview:sandboxed_process0:org.chromium.content.app.SandboxedProcessService0:0 for thread android.os.BinderProxy@cbe5f6e
08-08 20:10:02.629  3766  3766 I Zygote  : Process 27111 exited due to signal 9 (Killed)
08-08 20:10:02.636  3009  3998 I OplusHansManager : uid=10334, pkg=com.emeint.android.myservices F exit(), F stay=322, reason=BumpService
08-08 20:10:02.641   896   896 E lowmemorykiller: device memory 231095 free 9578 file 222457
08-08 20:10:02.641  1598  1768 I SurfaceFlinger: [SF client] NEW(0xb400007cab566200) for (3009:system_server)
08-08 20:10:02.643  3009  3779 W ActivityManager: pid 3009 system sent binder code 13 with flags 1 to frozen apps and got error -32
08-08 20:10:02.645 28552 28552 D WM-WrkMgrInitializer: Initializing WorkManager with default configuration.
08-08 20:10:02.647  3009  4766 I WindowManager: addWindow: New client android.os.BinderProxy@b36560f : window=Window{2f5669c u0 com.hypernova.phone/com.hypernova.phone.MainActivity}
08-08 20:10:02.652  3009  3779 W ActivityManager: Exception when unbinding service com.emeint.android.myservices/org.chromium.content.app.SandboxedProcessService0:0
08-08 20:10:02.652  3009  3779 W ActivityManager: android.os.DeadObjectException
08-08 20:10:02.652  3009  3779 W ActivityManager: 	at android.os.BinderProxy.transactNative(Native Method)
08-08 20:10:02.652  3009  3779 W ActivityManager: 	at android.os.BinderProxy.transact(BinderProxy.java:679)
08-08 20:10:02.652  3009  3779 W ActivityManager: 	at android.app.IApplicationThread$Stub$Proxy.scheduleUnbindService(IApplicationThread.java:1634)
08-08 20:10:02.652  3009  3779 W ActivityManager: 	at com.android.server.am.ActiveServices.removeConnectionLocked(ActiveServices.java:7135)
08-08 20:10:02.652  3009  3779 W ActivityManager: 	at com.android.server.am.ActiveServices.killServicesLocked(ActiveServices.java:7746)
08-08 20:10:02.652  3009  3779 W ActivityManager: 	at com.android.server.am.ActivityManagerService.cleanUpApplicationRecordLocked(ActivityManagerService.java:14822)
08-08 20:10:02.652  3009  3779 W ActivityManager: 	at com.android.server.am.ActivityManagerService.handleAppDiedLocked(ActivityManagerService.java:3783)
08-08 20:10:02.652  3009  3779 W ActivityManager: 	at com.android.server.am.ActivityManagerService.appDiedLocked(ActivityManagerService.java:3991)
08-08 20:10:02.652  3009  3779 W ActivityManager: 	at com.android.server.am.ActivityManagerServiceExtImpl$2.run(ActivityManagerServiceExtImpl.java:2329)
08-08 20:10:02.652  3009  3779 W ActivityManager: 	at java.util.concurrent.ThreadPoolExecutor.runWorker(ThreadPoolExecutor.java:1100)
08-08 20:10:02.652  3009  3779 W ActivityManager: 	at java.util.concurrent.ThreadPoolExecutor$Worker.run(ThreadPoolExecutor.java:624)
08-08 20:10:02.652  3009  3779 W ActivityManager: 	at com.android.server.DeathRecipientTaskExecutors$1.lambda$newThread$0(DeathRecipientTaskExecutors.java:48)
08-08 20:10:02.652  3009  3779 W ActivityManager: 	at com.android.server.DeathRecipientTaskExecutors$1$$ExternalSyntheticLambda0.run(D8$$SyntheticClass:0)
08-08 20:10:02.652  3009  3779 W ActivityManager: 	at java.lang.Thread.run(Thread.java:1572)
08-08 20:10:02.655 28665 28665 D ViewRootImplExtImpl: onDisplayChanged -1 for VRI android.view.ViewRootImpl@8c041a8
08-08 20:10:02.656  3009  3712 I Osense-PsiDetector: 906,42,3068,4607,34,138,116,755,1146,402,466,0,4,5418
08-08 20:10:02.658  3009  3705 I Osense-BaseDecisionMaker: notifySceneToAthenaPolicy: SCENE_RES_MEM_PSI_NORMAL, bundle: Bundle[{memLevel=3}]
08-08 20:10:02.660 28665 28665 D callGcSupression: java.lang.NullPointerException: Attempt to invoke virtual method 'java.lang.Object java.lang.reflect.Method.invoke(java.lang.Object, java.lang.Object[])' on a null object reference
08-08 20:10:02.661 28665 28665 D ResourcesManagerExtImpl: applyConfigurationToAppResourcesLocked app.getDisplayId() return callback.displayId:0
08-08 20:10:02.664  3009  3249 I ActivityManager: Death received, pid = 21641, processName = com.facebook.services for thread android.os.BinderProxy@c442b
08-08 20:10:02.664  1300  1300 I Zygote  : Process 21641 exited due to signal 9 (Killed)
08-08 20:10:02.665 28665 28665 I Choreographer: Skipped 78 frames!  The application may be doing too much work on its main thread.
08-08 20:10:02.668  3009  4782 I ActivityManager: Death received, pid = 22892, processName = com.oplus.cosa for thread android.os.BinderProxy@abeee46
08-08 20:10:02.669  3009  3884 V OplusMiragerDisplaySession: remove mUid: 10156 mPid: 22892 com.android.server.display.OplusMiragerDisplaySession@23e5f85
08-08 20:10:02.670  3009  3450 D ConnectivityService: releasing NetworkRequest [ REQUEST id=104989, [ Capabilities: INTERNET&NOT_RESTRICTED&TRUSTED&NOT_VCN_MANAGED&NOT_BANDWIDTH_CONSTRAINED Uid: 10156 RequestorUid: 10156 RequestorPkg: com.oplus.cosa UnderlyingNetworks: Null] ] (release request)
08-08 20:10:02.670  1300  1300 I Zygote  : Process 22892 exited due to signal 9 (Killed)
08-08 20:10:02.672 28665 28665 E OplusBracketLog: [OplusViewMirrorManager] updateHostViewRootIfNeeded, not support android.view.ViewRootImpl@8c041a8
08-08 20:10:02.673  3009  4134 I OplusHansManager : FastFreeze enter, freeze uids: [10320, 10334]
08-08 20:10:02.673  3009  4134 I OplusHansManager : enter FastFreezer, frontApp: 10495, frozen uids: [10320, 10334], important uids: {10317=bt, 10326=fg-service, 10329=input}, reason: skip-frame
08-08 20:10:02.678  3009  3668 I libprocessgroup: Removed cgroup /sys/fs/cgroup/uid_10290/pid_27667
08-08 20:10:02.679  3009  4816 I ActivityManager: Death received, pid = 27667, processName = com.fitbit.FitbitMobile for thread android.os.BinderProxy@c708fdf
08-08 20:10:02.680  1300  1300 I Zygote  : Process 27667 exited due to signal 9 (Killed)
08-08 20:10:02.682  3009  3009 V NotificationListeners: 0 notification listener connection lost: ComponentInfo{com.fitbit.FitbitMobile/com.fitbit.dncs.observers.AllAppNotificationListenerService}
08-08 20:10:02.683  1479  1567 D BatteryChargeControl: bcc get no support from charging protocol
08-08 20:10:02.687  3009  3571 D NotificationListeners: Removing active service ComponentInfo{com.fitbit.FitbitMobile/com.fitbit.dncs.observers.AllAppNotificationListenerService}
08-08 20:10:02.687   896   896 W lowmemorykiller: Failed to open /proc/27111/oom_score_adj; errno=2: process 27111 might have been killed
08-08 20:10:02.688  3009  3779 W ActivityManager: pid 3009 system sent binder code 32 with flags 1 to frozen apps and got error -32
08-08 20:10:02.689  3009  3779 D ActivityManager: Too many transaction errors, throttling freezer binder callback.
08-08 20:10:02.690  3009  3450 D ConnectivityService: releasing NetworkRequest [ REQUEST id=105097, [ Capabilities: INTERNET&NOT_RESTRICTED&TRUSTED&NOT_VCN_MANAGED&NOT_BANDWIDTH_CONSTRAINED Uid: 10290 RequestorUid: 10290 RequestorPkg: com.fitbit.FitbitMobile UnderlyingNetworks: Null] ] (release request)
08-08 20:10:02.693  3009  3705 I Osense-BaseDecisionMaker: scene: SCENE_RES_MEM_PSI_NORMAL, excutingPolicy: clear
08-08 20:10:02.694  3009  3779 W ActivityManager: pid 3009 system sent binder code 42 with flags 1 to frozen apps and got error -32
08-08 20:10:02.694  3009  3779 D ActivityManager: Too many transaction errors, throttling freezer binder callback.
08-08 20:10:02.697  3009  3779 I ActivityManager: Killing 27111:com.google.android.webview:sandboxed_process0:org.chromium.content.app.SandboxedProcessService0:0/u0a334i760 (adj 905): isolated not needed
08-08 20:10:02.697  3009  3779 W Process : Unable to open /proc/27111/status
08-08 20:10:02.697  3009  3779 W ActivityManager: mPid = 27111tgid = -1 is reused by others, skip kill [27111]
08-08 20:10:02.698  3009  3705 D Osense-BaseDecisionMaker: invoke clear policy,type: cached
08-08 20:10:02.698  3009  3571 I ActivityManager: Death received, pid = 23787, processName = com.oplus.crashbox for thread android.os.BinderProxy@3d8c351
08-08 20:10:02.699  1300  1300 I Zygote  : Process 23787 exited due to signal 9 (Killed)
08-08 20:10:02.701  3009  3098 W libprocessgroup: RemoveCgroup: /sys/fs/cgroup/uid_10334/pid_26934 does not exist.
08-08 20:10:02.701  3009  3668 I libprocessgroup: Removed cgroup /sys/fs/cgroup/uid_10334/pid_26934
08-08 20:10:02.701  3009  3098 I libprocessgroup: Removed cgroup /sys/fs/cgroup/uid_10334/pid_26934
08-08 20:10:02.702  3009  3668 I libprocessgroup: Removed cgroup /sys/fs/cgroup/uid_99760/pid_27111
08-08 20:10:02.703  3009  3881 D CoreBackPreview: Window{2f5669c u0 com.hypernova.phone/com.hypernova.phone.MainActivity}: Setting back callback OnBackInvokedCallbackInfo{mCallback=android.window.IOnBackInvokedCallback$Stub$Proxy@ee630a2, mPriority=0, mIsAnimationCallback=false}
08-08 20:10:02.703  3009  3668 I libprocessgroup: Removed cgroup /sys/fs/cgroup/uid_10156/pid_22892
08-08 20:10:02.704  3009  3668 I libprocessgroup: Removed cgroup /sys/fs/cgroup/uid_1000/pid_23787
08-08 20:10:02.704  3009  3098 I ActivityManager: Process PhantomProcessRecord {a204133 27020:26934:webview_zygote/u0a334} died
08-08 20:10:02.707  1300  1300 I Zygote  : Process 26934 exited due to signal 9 (Killed)
08-08 20:10:02.707  3009  4134 I OplusHansManager : onUidGone(), 10334 com.emeint.android.myservices exit SM
08-08 20:10:02.708  3009  4134 I OplusHansManager : onUidGone(),  keep: 10334 com.emeint.android.myservices alarm
08-08 20:10:02.709  3009  3998 I OplusHansManager : uid=10334, pkg=com.emeint.android.myservices M exit SM
08-08 20:10:02.709  3009  3998 I OplusHansManager : uid=10334, pkg=com.emeint.android.myservices M exit(), M stay=0
08-08 20:10:02.709  3009  3998 I OplusHansManager : uid=10334, pkg=com.emeint.android.myservices R exit(), R stay=0
08-08 20:10:02.709 25458 25458 D BoundBrokerSvc: onUnbind: Intent { act=com.google.android.gms.safetynet.service.START pkg=com.google.android.gms mCallingUid=10334 }
08-08 20:10:02.712  3009  3781 I ActivityManager: Process com.google.android.webview:sandboxed_process0:org.chromium.content.app.SandboxedProcessService0:0 (pid 27111) has died: cch+5 CEM 
08-08 20:10:02.712  3009  3098 E libprocessgroup: Failed to write 1 to /sys/fs/cgroup/uid_99760/pid_27111/cgroup.kill: No such file or directory
08-08 20:10:02.713  3009  3098 E libprocessgroup: Failed to open /sys/fs/cgroup/uid_99760/pid_27111/cgroup.procs: No such file or directory
08-08 20:10:02.713  3009  3072 D DisplayManagerService: Drop pending events for gone uid 10334
08-08 20:10:02.714  3009  3668 I libprocessgroup: Removed cgroup /sys/fs/cgroup/uid_10246/pid_21641
08-08 20:10:02.715  5345 29479 D OplusAtlas.OplusAtlasEventDispatch: setEvent:atlas_event_on_process_died info:pid:26934,uid:10334
08-08 20:10:02.715  3009  3668 E libprocessgroup: Failed to write 1 to /sys/fs/cgroup/uid_1000/pid_23503/cgroup.kill: No such file or directory
08-08 20:10:02.715  3009  3781 W OplusAppStartupConfigExt_OplusAppStartupCommonSceneStrategy: Blacklist is Empty
08-08 20:10:02.715  5345  8816 D OplusAtlas.OplusMessageHandler: handleMessage: Msg { when=0 what=1 obj=com.oplus.atlas.OplusAtlasEvent@682df7a target=com.oplus.atlas.OplusMessageHandler$MyHandler }
08-08 20:10:02.715  3009  3668 E libprocessgroup: Failed to open /sys/fs/cgroup/uid_1000/pid_23503/cgroup.procs: No such file or directory
08-08 20:10:02.715  5345  8987 D OplusAtlas.OplusMessageHandler: handleMessage: Msg { when=-1ms what=1 obj=com.oplus.atlas.OplusAtlasEvent@682df7a target=com.oplus.atlas.OplusMessageHandler$MyHandler }
08-08 20:10:02.716  3009  3781 D OplusAppStartupConfigExt: RestartService prevent pkg com.emeint.android.myservices result = false
08-08 20:10:02.716  3979  4433 I ProcessManager: onProcessDied pid:26934, uid:10334
08-08 20:10:02.716  3979  4433 D AppSceneEventManager: handleMessage: 101
08-08 20:10:02.716  3979  4433 I DispatcherPolicy: onBaseEvent EventId=22	INPUT_PROCESS_DIED	TimeStamp =1786209002716	Intent =null	Content =null	Pid =26934	PkgName =com.emeint.android.myservices
08-08 20:10:02.716  3979  4433 I GamingScene: onInputEvent : INPUT_PROCESS_DIED
08-08 20:10:02.724  3009  3710 I OsenseKillAction: KillAction: [atomic clean] start name=lowmem, requestId=122323, startAvail=915, startFreeMB=49, purposeAvailMB=1200, purposeFreeMB=-1, anonRssTarget=285, minBgCount=0, swapTarget=0, scene=SCENE_RES_MEM_PSI_NORMAL, type=cached, qb=false, cchOnly=true, urgency=false, hoggingCpuPids={}, invalid-cnt=2
08-08 20:10:02.724  3009  3072 D DisplayManagerService: Drop pending events for gone uid 99760
08-08 20:10:02.724  3009  3710 I OsenseKillAction: KillAction: [atomic clean] end: skip for no-killable-cached-process
08-08 20:10:02.724  3009  3710 I OsenseKillAction: KillAction: 285mb more anonRss to reclaim, 0mb more swapMb to reclaim, <skip> mem guard, cur avail=0mb, bundle: Bundle[{appcareThreshold=0, triggerMemory=1000, qbmode=false, memLevel=3, type=cached, level=1, scene=SCENE_RES_MEM_PSI_NORMAL, requestId=122323, purposeMemory=1200}]
08-08 20:10:02.726  3979  4032 E PackageUidManager: pkgs is empty for uid 99760
08-08 20:10:02.726  3009  3450 D InetDiagMessage: Destroyed 0 sockets, proto=IPPROTO_TCP, family=AF_INET, states=14
08-08 20:10:02.727  3979  4433 I ProcessManager: onProcessDied pid:27111, uid:10334
08-08 20:10:02.728  3979  4433 D AppSceneEventManager: handleMessage: 101
08-08 20:10:02.728  3979  4433 I DispatcherPolicy: onBaseEvent EventId=22	INPUT_PROCESS_DIED	TimeStamp =1786209002727	Intent =null	Content =null	Pid =27111	PkgName =com.emeint.android.myservices
08-08 20:10:02.728  3979  4433 I GamingScene: onInputEvent : INPUT_PROCESS_DIED
08-08 20:10:02.728  5345 29479 D OplusAtlas.OplusAtlasEventDispatch: setEvent:atlas_event_on_process_died info:pid:27111,uid:10334
08-08 20:10:02.729  5345  8816 D OplusAtlas.OplusMessageHandler: handleMessage: Msg { when=-1ms what=1 obj=com.oplus.atlas.OplusAtlasEvent@82c832b target=com.oplus.atlas.OplusMessageHandler$MyHandler }
08-08 20:10:02.729  3009  3450 D InetDiagMessage: Destroyed 0 sockets, proto=IPPROTO_TCP, family=AF_INET6, states=14
08-08 20:10:02.729  5345  8987 D OplusAtlas.OplusMessageHandler: handleMessage: Msg { when=-1ms what=1 obj=com.oplus.atlas.OplusAtlasEvent@82c832b target=com.oplus.atlas.OplusMessageHandler$MyHandler }
08-08 20:10:02.729  3009  3450 D InetDiagMessage: Destroyed live tcp sockets for uids={10334} in 11ms
08-08 20:10:02.733  3009  3450 D InetDiagMessage: Destroyed 0 sockets, proto=IPPROTO_TCP, family=AF_INET, states=14
08-08 20:10:02.734  3009  3450 D InetDiagMessage: Destroyed 0 sockets, proto=IPPROTO_TCP, family=AF_INET6, states=14
08-08 20:10:02.734  3009  3450 D InetDiagMessage: Destroyed live tcp sockets for uids={20334} in 3ms
08-08 20:10:02.737  3009  3571 W PackageManager: package com.heytap.market uid 10117 pid 28552 call SetEnabledSetting(com.heytap.market component = androidx.work.impl.background.systemjob.SystemJobService, 1, 0)
08-08 20:10:02.743  3009  3781 I ActivityManager: Process com.oplus.cosa (pid 22892) has died: svcb SVC 
08-08 20:10:02.743   896   896 E lowmemorykiller: device memory 234167 free 11148 file 223572
08-08 20:10:02.744  3009  3781 W OplusAppStartupConfigExt_OplusAppStartupCommonSceneStrategy: Blacklist is Empty
08-08 20:10:02.744  3009  3098 E libprocessgroup: Failed to write 1 to /sys/fs/cgroup/uid_10156/pid_22892/cgroup.kill: No such file or directory
08-08 20:10:02.744  3009  3781 D OplusAppStartupConfigExt: RestartService prevent pkg com.oplus.cosa result = false
08-08 20:10:02.744  3009  3098 E libprocessgroup: Failed to open /sys/fs/cgroup/uid_10156/pid_22892/cgroup.procs: No such file or directory
08-08 20:10:02.744  3009  3781 D OplusAppStartupManager: prevent restart service, pkgName = com.oplus.cosa, scenePriority = -1
08-08 20:10:02.746  3009  3781 D CompatChangeReporter: Compat change id reported: 311208629; UID 10156; state: ENABLED
08-08 20:10:02.749  3009  3781 I ActivityManager: Process com.fitbit.FitbitMobile (pid 27667) has died: prcl BFGS
08-08 20:10:02.749  3009  3781 W OplusAppStartupConfigExt_OplusAppStartupCommonSceneStrategy: Blacklist is Empty
08-08 20:10:02.749  3009  3781 D OplusAppStartupConfigExt: RestartService prevent pkg com.fitbit.FitbitMobile result = false
08-08 20:10:02.750  3009  3098 E libprocessgroup: Failed to write 1 to /sys/fs/cgroup/uid_10290/pid_27667/cgroup.kill: No such file or directory
08-08 20:10:02.750  3009  3098 E libprocessgroup: Failed to open /sys/fs/cgroup/uid_10290/pid_27667/cgroup.procs: No such file or directory
08-08 20:10:02.754  3009  3072 D DisplayManagerService: Drop pending events for gone uid 10156
08-08 20:10:02.759  3009  4134 I OplusHansManager : onUidGone(), 10290 com.fitbit.FitbitMobile exit SM
08-08 20:10:02.759  3009  3998 I OplusHansManager : uid=10290, pkg=com.fitbit.FitbitMobile F exit SM
08-08 20:10:02.759  3009  4134 I OplusHansManager : onUidGone(),  keep: 10290 com.fitbit.FitbitMobile alarm
08-08 20:10:02.759  3009  3998 I OplusHansManager : uid=10290, pkg=com.fitbit.FitbitMobile F exit(), F stay=174, reason=UidGone
08-08 20:10:02.760 28552 28552 D nativeloader: Load libSchedAssistJni.so using system ns (caller=/system/framework/oplus-framework.jar): ok
08-08 20:10:02.761 28552 28552 D ExtensionsLoader: createInstance(64bit) : createExtendedFactory
08-08 20:10:02.761  3009  3611 D OAppNetControlService: Hans update:[10290=false][0|0] blackList:[]
08-08 20:10:02.761  3009  3998 I OplusHansManager : unfreeze uid: 10290 com.fitbit.FitbitMobile pids: [27667] reason: UidGone scene: LcdOn|FastFreezer
08-08 20:10:02.762  3009  3998 I OplusHansManager : uid=10290, pkg=com.fitbit.FitbitMobile M exit(), M stay=0
08-08 20:10:02.762 28552 28552 D ExtensionsLoader: Opened libSchedAssistExtImpl.so
08-08 20:10:02.762  3009  3998 I OplusHansManager : uid=10290, pkg=com.fitbit.FitbitMobile R exit(), R stay=0
08-08 20:10:02.762 28552 28552 E SchedAssist: sysOpen failed with error=Permission denied
08-08 20:10:02.762 28552 28552 E SchedAssist: open sharedFd failed with error=No such file or directory
08-08 20:10:02.762  3009  3072 D DisplayManagerService: Drop pending events for gone uid 10290
08-08 20:10:02.769 28552 28552 D OplusGraphicsEvent: OplusGraphicsEventListener create now!
08-08 20:10:02.769  3009  3450 D InetDiagMessage: Destroyed 0 sockets, proto=IPPROTO_TCP, family=AF_INET, states=14
08-08 20:10:02.770 28552 28552 D OplusGraphicsEvent: addEventListener success!
08-08 20:10:02.773  3009  5276 E ScrollOptim [OplusPerfService]: isScrollOptimEnable: mSoptBean = ScrollOptimBean, mOptEnable=true, mCommonOnly=false, mPreAnimStrategy=1, mPreAnimBlacklist=[com.kyk.world, com.shopify.arrive], mPreAnimWhitelist=[], mInsertNum=1, mFrameInsertList={com.shopify.arrive={}, com.sina.weibo={com.sina.weibo.VisitorMainTabActivity=3}, com.tencent.mm={com.tencent.mm.ui.AlbumUI=3, com.tencent.mm.plugin.sns.ui.SnsTimeLineUI=3, com.tencent.mm.plugin.sns.ui.improve.ImproveSnsTimelineUI=3}, com.taobao.idlefish={}, com.kyk.world={}}, mSCEnableList={com.ss.android.ugc.aweme=[com.ss.android.ugc.aweme.splash.SplashActivity], com.sankuai.meituan=[com.meituan.android.pt.homepage.activity.MainActivity], com.dragon.read=[com.dragon.read.pages.main.MainFragmentActivity], com.sina.weibo=[com.sina.weibo.VisitorMainTabActivity], com.xunmeng.pinduoduo=[com.xunmeng.pinduoduo.activity.NewPageActivity], com.tencent.qqmusic=[com.tencent.qqmusic.activity.AppStarterActivity], com.tencent.mobileqq=[com.qzone.feed.ui.activity.QZoneFriendFeedActivity], com.tencent.qqlive=[com.tencent.qqlive.ona.activity.SplashHomeActivity], com.ct.client=[com.ct.client.activity.MainActivity]}
08-08 20:10:02.773  3009  5276 E ScrollOptim [OplusPerfService]: isScrollOptimEnable: pkgName = com.heytap.market, output = Bundle[{pre_anim_enable=true, frame_insert_list=null, frame_insert_default_num=1, scroll_changed_enable_list=null}]
08-08 20:10:02.773  3009  3450 D InetDiagMessage: Destroyed 0 sockets, proto=IPPROTO_TCP, family=AF_INET6, states=14
08-08 20:10:02.773 28552 28552 D ScrollOptim [ConfigManager]: initOptConfig: pkg= com.heytap.market, mOptEnable= true, mAnimAheadEnable= true, mInsertDefaultNum= 1, mFrameInsertEnableList= {}, mSCEnableList= []
08-08 20:10:02.775  3009  3450 D InetDiagMessage: Destroyed live tcp sockets for uids={10290} in 8ms
08-08 20:10:02.776  3009  3098 E libprocessgroup: Failed to write 1 to /sys/fs/cgroup/uid_1000/pid_23787/cgroup.kill: No such file or directory
08-08 20:10:02.776  3009  3098 E libprocessgroup: Failed to open /sys/fs/cgroup/uid_1000/pid_23787/cgroup.procs: No such file or directory
08-08 20:10:02.778  5345 29479 D OplusAtlas.OplusAtlasEventDispatch: setEvent:atlas_event_on_process_died info:pid:22892,uid:10156
08-08 20:10:02.779  5345 29479 D OplusAtlas.OplusAtlasEventDispatch: setEvent:atlas_event_on_process_died info:pid:27667,uid:10290
08-08 20:10:02.780  3979  4433 I ProcessManager: onProcessDied pid:22892, uid:10156
08-08 20:10:02.780  3979  4433 I ProcessManager: onProcessDied pid:27667, uid:10290
08-08 20:10:02.780  3979  4433 D AppSceneEventManager: handleMessage: 101
08-08 20:10:02.780  3979  4433 I DispatcherPolicy: onBaseEvent EventId=22	INPUT_PROCESS_DIED	TimeStamp =1786209002780	Intent =null	Content =null	Pid =22892	PkgName =com.oplus.cosa
08-08 20:10:02.780  3979  4433 D AppSceneEventManager: handleMessage: 101
08-08 20:10:02.780  3979  4433 I DispatcherPolicy: onBaseEvent EventId=22	INPUT_PROCESS_DIED	TimeStamp =1786209002780	Intent =null	Content =null	Pid =27667	PkgName =com.fitbit.FitbitMobile
08-08 20:10:02.780  3979  4433 I GamingScene: onInputEvent : INPUT_PROCESS_DIED
08-08 20:10:02.780  3979  4433 I GamingScene: onInputEvent : INPUT_PROCESS_DIED
08-08 20:10:02.780  3009  3781 I ActivityManager: Process com.oplus.crashbox (pid 23787) has died: svcb SVC 
08-08 20:10:02.781  5345  8987 D OplusAtlas.OplusMessageHandler: handleMessage: Msg { when=-1ms what=1 obj=com.oplus.atlas.OplusAtlasEvent@92d2388 target=com.oplus.atlas.OplusMessageHandler$MyHandler }
08-08 20:10:02.781  3009  3781 W OplusAppStartupConfigExt_OplusAppStartupCommonSceneStrategy: Blacklist is Empty
08-08 20:10:02.781  5345  8816 D OplusAtlas.OplusMessageHandler: handleMessage: Msg { when=-1ms what=1 obj=com.oplus.atlas.OplusAtlasEvent@92d2388 target=com.oplus.atlas.OplusMessageHandler$MyHandler }
08-08 20:10:02.781  3009  3781 D OplusAppStartupConfigExt: RestartService prevent pkg com.oplus.crashbox result = false
08-08 20:10:02.782  3009  3781 D OplusAppStartupManager: prevent restart service, pkgName = com.oplus.crashbox, scenePriority = -1
08-08 20:10:02.783  5345  8816 D OplusAtlas.OplusMessageHandler: handleMessage: Msg { when=-1ms what=1 obj=com.oplus.atlas.OplusAtlasEvent@c3bc121 target=com.oplus.atlas.OplusMessageHandler$MyHandler }
08-08 20:10:02.783  5345  8987 D OplusAtlas.OplusMessageHandler: handleMessage: Msg { when=0 what=1 obj=com.oplus.atlas.OplusAtlasEvent@c3bc121 target=com.oplus.atlas.OplusMessageHandler$MyHandler }
08-08 20:10:02.785  3979  4433 I ProcessManager: onProcessDied pid:23787, uid:1000
08-08 20:10:02.785  3979  4433 D AppSceneEventManager: handleMessage: 101
08-08 20:10:02.785  3979  4433 I DispatcherPolicy: onBaseEvent EventId=22	INPUT_PROCESS_DIED	TimeStamp =1786209002785	Intent =null	Content =null	Pid =23787	PkgName =com.oplus.crashbox
08-08 20:10:02.785  3979  4433 I GamingScene: onInputEvent : INPUT_PROCESS_DIED
08-08 20:10:02.791  3009  3450 D InetDiagMessage: Destroyed 0 sockets, proto=IPPROTO_TCP, family=AF_INET, states=14
08-08 20:10:02.795  3009  4015 I OplusHansManager : up_BC uid=10334 pkg=com.emeint.android.myservices
08-08 20:10:02.795  3009  4015 I OplusHansManager : OplusProxyBroadcast: pid 27667 has died, drop :BroadcastRecord{c6b31b4 android.intent.action.BATTERY_CHANGED/u-1}
08-08 20:10:02.795  3009  4015 I OplusHansManager : rm p_bc uid 10290, r: uidGone
08-08 20:10:02.798  3009  3450 D InetDiagMessage: Destroyed 0 sockets, proto=IPPROTO_TCP, family=AF_INET6, states=14
08-08 20:10:02.799  3009  3450 D InetDiagMessage: Destroyed live tcp sockets for uids={20290} in 21ms
08-08 20:10:02.800  3009  3779 I ActivityManager: Process com.facebook.services (pid 21641) has died: svcb SVC 
08-08 20:10:02.800  3009  3098 E libprocessgroup: Failed to write 1 to /sys/fs/cgroup/uid_10246/pid_21641/cgroup.kill: No such file or directory
08-08 20:10:02.800  3009  3098 E libprocessgroup: Failed to open /sys/fs/cgroup/uid_10246/pid_21641/cgroup.procs: No such file or directory
08-08 20:10:02.800  3009  3779 W OplusAppStartupConfigExt_OplusAppStartupCommonSceneStrategy: Blacklist is Empty
08-08 20:10:02.800  3009  3779 D OplusAppStartupConfigExt: RestartService prevent pkg com.facebook.services result = false
08-08 20:10:02.803  3979  4433 I ProcessManager: onProcessDied pid:21641, uid:10246
08-08 20:10:02.803  5345 29479 D OplusAtlas.OplusAtlasEventDispatch: setEvent:atlas_event_on_process_died info:pid:21641,uid:10246
08-08 20:10:02.803  3979  4433 D AppSceneEventManager: handleMessage: 101
08-08 20:10:02.803  3979  4433 I DispatcherPolicy: onBaseEvent EventId=22	INPUT_PROCESS_DIED	TimeStamp =1786209002803	Intent =null	Content =null	Pid =21641	PkgName =com.facebook.services
08-08 20:10:02.803  3979  4433 I GamingScene: onInputEvent : INPUT_PROCESS_DIED
08-08 20:10:02.804  5345  8816 D OplusAtlas.OplusMessageHandler: handleMessage: Msg { when=0 what=1 obj=com.oplus.atlas.OplusAtlasEvent@acf7946 target=com.oplus.atlas.OplusMessageHandler$MyHandler }
08-08 20:10:02.804  5345  8987 D OplusAtlas.OplusMessageHandler: handleMessage: Msg { when=0 what=1 obj=com.oplus.atlas.OplusAtlasEvent@acf7946 target=com.oplus.atlas.OplusMessageHandler$MyHandler }
08-08 20:10:02.813  3009  3072 D DisplayManagerService: Drop pending events for gone uid 10246
08-08 20:10:02.820 28665 28665 D ViewRootImplExtImpl: wrapConfigInfoIntoFlags rotation=0, smallestScreenWidthDp=424, relayoutAsync=false, flags=0, newFlags=27787264, residentWS=false, title=com.hypernova.phone/com.hypernova.phone.MainActivity
08-08 20:10:02.822  3009  3251 D WindowManagerServiceExtImpl: extractConfigInfoAndRealFlags rotation=0, screenDp=424, residentWS:0, win=Window{2f5669c u0 com.hypernova.phone/com.hypernova.phone.MainActivity}
08-08 20:10:02.822  3009  3251 V WindowManager: Relayout Window{2f5669c u0 com.hypernova.phone/com.hypernova.phone.MainActivity}: viewVisibility=0, oldvis=4, req=720x1604, vsysui=, x=0, y=0
08-08 20:10:02.823  3009  3251 I WindowManager: Window{2f5669c u0 com.hypernova.phone/com.hypernova.phone.MainActivity} state from NO_SURFACE to DRAW_PENDING; reason: resetDrawState
08-08 20:10:02.823  1598  1768 D OplusLayer: setProcInfo (125468,com.hypernova.phone/com.hypernova.phone.MainActivity#125468,com.hypernova.phone,0x17C8B8B)
08-08 20:10:02.832  3009  3251 D WindowManager: NFW_findFocusedWindowIfNeeded:Window{2f5669c u0 com.hypernova.phone/com.hypernova.phone.MainActivity} mCurrentFocus:null
08-08 20:10:02.835 28519 28828 E ActivityThread: Failed to find provider info for com.oplus.safecenter.provider.security_lock
08-08 20:10:02.835  3009  3251 V WindowManager: Changing focus from null to Window{2f5669c u0 com.hypernova.phone/com.hypernova.phone.MainActivity},diplayid=0
08-08 20:10:02.837  3009  3251 D WindowManager: setFrameRateStart invalid typeId return!
08-08 20:10:02.839  3009  3251 D WindowManager: setFrameRateStart invalid typeId return!
08-08 20:10:02.839  3009  3251 D Theia.NoFocusWindow: FocusWindowErrorScene cancelCheckFreezeScreen
08-08 20:10:02.840  3009  3251 W TheiaWindowMonitor: [check] focusedWindow is null or enable is false
08-08 20:10:02.844   896   896 E lowmemorykiller: device memory 234467 free 10302 file 224979
08-08 20:10:02.847 28665 28665 D VRI[MainActivity]: relayoutWindow result, sizeChanged:true, surfaceControlChanged:true, transformHintChanged:false, mSurfaceSize:Point(720, 1604), mLastSurfaceSize:Point(0, 0), mWidth:-1, mHeight:-1, requestedWidth:720, requestedHeight:1604, transformHint:0, installOrientation:0, displayRotation:0, isSurfaceValid:true, attr.flag:-2122252032, tmpFrames:ClientWindowFrames{frame=[0,0][720,1604] display=[0,0][720,1604] parentFrame=[0,0][0,0]}, relayoutAsync:false, mSyncSeqId:0
08-08 20:10:02.848  3009  4718 W PackageManager: package com.android.vending uid 10105 pid 28601 call SetEnabledSetting(com.android.vending component = com.google.android.finsky.systemupdateactivity.SystemUpdateActivity, 1, 0)
08-08 20:10:02.848 28665 28665 W VRI[MainActivity]: updateBlastSurfaceIfNeeded, surfaceSize:Point(720, 1604), lastSurfaceSize:Point(0, 0), format:-1, blastBufferQueue:null
08-08 20:10:02.850 28601 28796 I Finsky  : [16327] SysUA: Set SystemUpdateActivity enabled state to 1
08-08 20:10:02.858  3009  3881 W PackageManager: package com.android.vending uid 10105 pid 28601 call SetEnabledSetting(com.android.vending component = com.google.android.finsky.hibernation.impl.UnhibernateActivity, 1, 0)
08-08 20:10:02.860 28601 28802 I Finsky  : [16328] Set UnhibernateActivity enabled state to 1
08-08 20:10:02.864 28665 28665 D BufferQueueConsumer: [](id:6ff900000000,api:0,p:-1,c:28665) connect: controlledByApp=false
08-08 20:10:02.871 28665 28745 I AdrenoGLES-0: QUALCOMM build                   : a800de1061, I09c0ebfd3c
08-08 20:10:02.871 28665 28745 I AdrenoGLES-0: Build Date                       : 10/22/24
08-08 20:10:02.871 28665 28745 I AdrenoGLES-0: OpenGL ES Shader Compiler Version: EV031.36.08.30
08-08 20:10:02.871 28665 28745 I AdrenoGLES-0: Local Branch                     : 
08-08 20:10:02.871 28665 28745 I AdrenoGLES-0: Remote Branch                    : refs/tags/AU_LINUX_ANDROID_LA.VENDOR.1.0.11.00.00.770.073
08-08 20:10:02.871 28665 28745 I AdrenoGLES-0: Remote Branch                    : NONE
08-08 20:10:02.871 28665 28745 I AdrenoGLES-0: Reconstruct Branch               : NOTHING
08-08 20:10:02.871 28665 28745 I AdrenoGLES-0: Build Config                     : S P 12.1.1 AArch64
08-08 20:10:02.872 28665 28745 I AdrenoGLES-0: Driver Path                      : /vendor/lib64/egl/libGLESv2_adreno.so
08-08 20:10:02.872 28665 28745 I AdrenoGLES-0: Driver Version                   : 0615.92
08-08 20:10:02.872  1598  1876 D SurfaceFlinger: updateWinowInfo=1, setFocusedWindow timestamp=542798661746687, windowName=2f5669c com.hypernova.phone/com.hypernova.phone.MainActivity
08-08 20:10:02.873  3009  4718 I InputDispatcher: NFW_setFocusedWindow, 2f5669c com.hypernova.phone/com.hypernova.phone.MainActivity on display 0, same as the previous:0
08-08 20:10:02.874 28601 28728 I Finsky  : [16314] VerifyApps: Setup app restrictions monitor
08-08 20:10:02.879 28552 28867 I network_conscrypt: init conscrypt
08-08 20:10:02.891 28665 28745 I AdrenoGLES-0: PFP: 0x016ee206, ME: 0x00000000
08-08 20:10:02.901 28601 28728 I Finsky  : [16314] VerifyApps: Device wide unknown source restriction updated
08-08 20:10:02.906  3009  3107 D KernelCpuUidUserSysTimeReader: Removing uids 90000-90000
08-08 20:10:02.907  3009  3107 D KernelCpuUidUserSysTimeReader: Removing uids 99759-99759
08-08 20:10:02.907  3009  3107 D KernelCpuUidUserSysTimeReader: Removing uids 90000-90000
08-08 20:10:02.921  3009  3881 W PackageManager: package com.android.vending uid 10105 pid 28601 call SetEnabledSetting(com.android.vending component = com.google.android.finsky.systemcomponentupdateui.common.SystemComponentUpdateActivity, 0, 0)
08-08 20:10:02.922 28601 28781 I Finsky  : [16326] SysCUA: Set {com.android.vending/com.google.android.finsky.systemcomponentupdateui.common.SystemComponentUpdateActivity} enabled state to 0
08-08 20:10:02.940  3009  3251 W PackageManager: package com.heytap.market uid 10117 pid 28552 call SetEnabledSetting(com.heytap.market component = com.oplus.market.search.desktopcard.widget.DesktopSearchWidget, 1, 0)
08-08 20:10:02.941 28552 28874 W libc    : Access denied finding property "ro.vendor.oppo.regionmark"
08-08 20:10:02.941 28552 28874 W libc    : Access denied finding property "ro.vendor.oppo.regionmark"
08-08 20:10:02.941 28552 28874 W libc    : Access denied finding property "ro.vendor.oppo.regionmark"
08-08 20:10:02.945 28552 28552 E DesktopCard_Widget: setComponentEnabledSetting failed: Component class com.oplus.market.search.desktopcard.widget.DesktopSearchWidget does not exist in com.heytap.market
08-08 20:10:02.945   896   896 E lowmemorykiller: device memory 234439 free 11631 file 226144
08-08 20:10:02.953 28665 28745 D BufferQueueProducer: [VRI[MainActivity]#0(BLAST Consumer)0](id:6ff900000000,api:1,p:28665,c:28665) connect: api=1 producerControlledByApp=true
08-08 20:10:02.957 28665 28665 I SurfaceControl:  setExtendedRangeBrightness sc=Surface(name=com.hypernova.phone/com.hypernova.phone.MainActivity)/@0x3b26316,currentBufferRatio=1.0,desiredRatio=1.0
08-08 20:10:02.961 28552 28552 W market_info: isMainProcess:true, processName:com.heytap.market, debug: false
08-08 20:10:02.988  1598  1854 D VRR [OTI]: handleIdle from 0 to 1
08-08 20:10:02.988  1598  1854 D VRR [OTI-HW]: isStateReady 0
08-08 20:10:02.988  1598  1854 D VRR [OTI-HW]: rate range: min {id=1, hwcId=1, resolution=720x1604, vsyncRate=60.00 Hz, dpi=265.04x262.85, group=0, vrrConfig=N/A} cur {id=1, hwcId=1, resolution=720x1604, vsyncRate=60.00 Hz, dpi=265.04x262.85, group=0, vrrConfig=N/A} max {id=1, hwcId=1, resolution=720x1604, vsyncRate=60.00 Hz, dpi=265.04x262.85, group=0, vrrConfig=N/A}
08-08 20:10:02.988  1598  1854 D VRR [OTI-HW]: keep rate.
08-08 20:10:02.989 28552 28818 D mcssdk---: MCS-->addCommandToMap :appBean is null
08-08 20:10:02.989 28552 28818 D PushService: MCS-->getMcsPackageNameInner -- 
08-08 20:10:02.995 28552 28818 D PushService: MCS-->getMcsPackageNameInner packageUid = 1000, systemUid = 1000, userId = 0
08-08 20:10:02.997  3009  3571 W PackageManager: package com.android.vending uid 10105 pid 28601 call SetEnabledSetting(com.android.vending component = com.google.android.finsky.activities.DebugActivity, 2, 0)
08-08 20:10:03.002 28552 28818 D PushService: MCS-->isSupportLiquidBatch -- false
08-08 20:10:03.014 28552 28884 W [THOR_APP]-ThorPlugin: init：false#true#true#306#312
08-08 20:10:03.015 28552 28884 W [THOR_APP]-ThorPlugin: setUsePlugin:false
08-08 20:10:03.015 28552 28884 W [THOR_APP]-ThorPlugin: do not use p
08-08 20:10:03.017 28552 28886 W [THOR_APP]-ThorPlugin: clearPluginInfo
08-08 20:10:03.020 28552 28818 W dc_dl   : DUAL_CHANNEL_DOWNLOAD_ENABLE read config: true
08-08 20:10:03.020 28552 28818 W dc_dl   : add sla notification interceptor when init
08-08 20:10:03.021  3009  3571 W OplusAppStartupConfigExt_OplusAppStartupCommonSceneStrategy: Blacklist is Empty
08-08 20:10:03.021  3009  3571 D OplusAppStartupConfigExt: StartProvider prevent pkg com.oplus.securitypermission result = false
08-08 20:10:03.022 28552 28818 W dc_dl   : DUAL_WIFI_DOWNLOAD_ENABLE read config: false
08-08 20:10:03.022 28552 28884 E [THOR_APP]-ThorApk: parse json empty
08-08 20:10:03.022 28552 28884 W [THOR_APP]-ThorPlugin: loadPlugin:null#306#312
08-08 20:10:03.022 28552 28884 W [THOR_APP]-ThorPlugin: preLoad p:true:nullnull
08-08 20:10:03.022 28552 28884 W [THOR_APP]-ThorPlugin: use local download
08-08 20:10:03.022  3009  3571 D CompatChangeReporter: Compat change id reported: 151861875; UID 1000; state: ENABLED
08-08 20:10:03.025 28552 28886 W [THOR_APP]-ThorPlugin: clearPluginInfo
08-08 20:10:03.027 28552 28887 W [THOR_APP]-ThorPlugin: already init
08-08 20:10:03.027 28552 28887 W [THOR_APP]-ThorPlugin: already preLoadPlugin
08-08 20:10:03.027 28552 28887 W [THOR_APP]-ThorPlugin: use local download
08-08 20:10:03.031 28552 28884 W [THOR_APP]-DownloadClient: start init engine
08-08 20:10:03.033 28552 28887 W [THOR_APP]-DownloadClient: start init engine
08-08 20:10:03.035 28552 28884 W [THOR_APP]-[THOR_P]-DownloadPoolExecutor: setWorkExecutor # null
08-08 20:10:03.035 28552 28884 W [THOR_APP]-ThorPlugin: use local install
08-08 20:10:03.037 28552 28887 W [THOR_APP]-[THOR_P]-DownloadPoolExecutor: setWorkExecutor # null
08-08 20:10:03.040 28552 28887 W InstallMaxCountExperiment: Experiment not found, use default max install count: 1
08-08 20:10:03.040 28552 28867 D nativeloader: Load /data/app/~~bGstoSPe0wjtOo2nUODH2A==/com.heytap.market-0G8Nw-NdAdcLoptQOPb9yQ==/lib/arm64/libconscrypt_jni.so using class loader ns clns-7 (caller=/data/app/~~bGstoSPe0wjtOo2nUODH2A==/com.heytap.market-0G8Nw-NdAdcLoptQOPb9yQ==/base.apk!classes11.dex): ok
08-08 20:10:03.043 28601 28728 I Finsky  : [16314] VerifyApps: Updating ADI Warn Mode activity enabled state
08-08 20:10:03.043  1300  1300 D Zygote  : Forked child process 28896
08-08 20:10:03.043 28552 28887 W SessionResumeExperiment: Experiment not found or empty param, use 0|0 (both off)
08-08 20:10:03.043 28552 28887 W [THOR_APP]-ThorPlugin: use local install
08-08 20:10:03.044 28552 28867 V NativeCrypto: Registering org/conscrypt/NativeCrypto's 288 native methods...
08-08 20:10:03.045  3009  3097 I ActivityManager: Start proc 28896:com.oplus.securitypermission/1000 for content provider {com.oplus.securitypermission/com.oplusos.securitypermission.appcontrolcenter.provider.AppControlCenterProvider}
08-08 20:10:03.046   896   896 E lowmemorykiller: device memory 231353 free 7803 file 227663
08-08 20:10:03.050 28552 28884 W [THOR_APP]-ApkInstallThermalManager: ThermalManager thermalInfo:[]
08-08 20:10:03.051 28552 28887 W [THOR_APP]-ApkInstallThermalManager: ThermalManager thermalInfo:[]
08-08 20:10:03.055 28552 28884 E m.heytap.market: hiddenapi: Accessing hidden field Landroid/provider/Settings$Global;->DEFAULT_INSTALL_LOCATION:Ljava/lang/String; (runtime_flags=0, domain=platform, api=max-target-o) from La/a/a/hoc; (domain=app, TargetSdkVersion=36) using reflection: denied
08-08 20:10:03.055 28552 28884 E m.heytap.market: hiddenapi: Accessing hidden field Landroid/provider/Settings$Global;->DEFAULT_INSTALL_LOCATION:Ljava/lang/String; (runtime_flags=0, domain=platform, api=max-target-o) from La/a/a/hoc; (domain=app, TargetSdkVersion=36) using reflection: denied
08-08 20:10:03.056 28552 28552 W libc    : Access denied finding property "ro.vendor.oppo.regionmark"
08-08 20:10:03.058 28552 28884 W [THOR_APP]-download_install: setEnableCleanupOldSession :false
08-08 20:10:03.058 28552 28887 E m.heytap.market: hiddenapi: Accessing hidden field Landroid/provider/Settings$Global;->DEFAULT_INSTALL_LOCATION:Ljava/lang/String; (runtime_flags=0, domain=platform, api=max-target-o) from La/a/a/hoc; (domain=app, TargetSdkVersion=36) using reflection: denied
08-08 20:10:03.058 28552 28884 W [THOR_APP]-download_install: setEnableAbandonOnInsufficientStorage :false
08-08 20:10:03.058 28552 28887 E m.heytap.market: hiddenapi: Accessing hidden field Landroid/provider/Settings$Global;->DEFAULT_INSTALL_LOCATION:Ljava/lang/String; (runtime_flags=0, domain=platform, api=max-target-o) from La/a/a/hoc; (domain=app, TargetSdkVersion=36) using reflection: denied
08-08 20:10:03.058 28552 28887 W [THOR_APP]-download_install: setEnableCleanupOldSession :false
08-08 20:10:03.058 28552 28887 W [THOR_APP]-download_install: setEnableAbandonOnInsufficientStorage :false
08-08 20:10:03.060 28601 28796 I Finsky  : [16327] VerifyApps: Resolving target for ADI Warn Mode activity
08-08 20:10:03.060 28552 28892 E TBLSdk  : Core path not exists!
08-08 20:10:03.062 28601 28743 I Finsky  : [16317] Enqueuing libraries load for 1044842857
08-08 20:10:03.062 28601 28796 I Finsky  : [16327] VerifyApps: Feature flag disabled, ADI Warn Mode activity target not resolved
08-08 20:10:03.063 28601 28802 I Finsky  : [16328] Starting libraries load for 1044842857
08-08 20:10:03.071 28552 28887 W [THOR_APP]-ThorPlugin: use local patch
08-08 20:10:03.072 28552 28552 W market_app_scan: [ExpRiskAppManager] CloudScanSdk init deferred, isDebug=false, env=RELEASE
08-08 20:10:03.074 28552 28887 W [THOR_APP]-ThorPlugin: use local compress
08-08 20:10:03.075 28552 28887 W [THOR_APP]-ThorPlugin: use local incfs
08-08 20:10:03.075  3009  3574 D OplusNetKit: in getLpByInterface name from LP: [rmnet_data1]
08-08 20:10:03.075  3009  3574 D OplusNetKit: in getLpByInterface name from LP: [wlan0]
08-08 20:10:03.077 28665 28665 I Quality : UISlowBinder:115782395
08-08 20:10:03.080  3009  3089 W UserAwareMgr: process owner is not matched: 10, threadName: HwUiTask, pid: 28665,tid=28921,owner=fg1
08-08 20:10:03.082  3009  3089 W UserAwareMgr: process owner is not matched: 10, threadName: HwUiTask, pid: 28665,tid=28924,owner=fg1
08-08 20:10:03.085 28552 28552 D HLog_Settings: Isolated Cache paths generated: /storage/emulated/0/Android/data/com.heytap.market/cache/HeyTap/HLog_cache/market_306/main/
08-08 20:10:03.085 28552 28884 W [THOR_APP]-ThorPlugin: use local patch
08-08 20:10:03.085 28552 28884 W [THOR_APP]-ThorPlugin: use local compress
08-08 20:10:03.085 28552 28884 W [THOR_APP]-ThorPlugin: use local incfs
08-08 20:10:03.087 28552 28877 W System.err: android.content.pm.PackageManager$NameNotFoundException: com.coloros.mcs
08-08 20:10:03.089 28552 28877 W System.err: 	at android.app.ApplicationPackageManager.getPackageInfoAsUser(ApplicationPackageManager.java:290)
08-08 20:10:03.089 28552 28877 W System.err: 	at android.app.ApplicationPackageManager.getPackageInfo(ApplicationPackageManager.java:245)
08-08 20:10:03.089 28552 28877 W System.err: 	at android.app.ApplicationPackageManager.getPackageInfo(ApplicationPackageManager.java:237)
08-08 20:10:03.089 28552 28877 W System.err: 	at com.nearme.common.util.AppUtil.getAppVersionCode(SourceFile:7)
08-08 20:10:03.089 28552 28877 W System.err: 	at a.a.a.ac5.extraOPushEnableCheck(SourceFile:29)
08-08 20:10:03.089 28552 28877 W System.err: 	at a.a.a.cc5.ԩ(SourceFile:7)
08-08 20:10:03.089 28552 28877 W System.err: 	at a.a.a.a35.ޅ(SourceFile:7)
08-08 20:10:03.089 28552 28877 W System.err: 	at a.a.a.l6c.isOPushSdkSupport(SourceFile:13)
08-08 20:10:03.089 28552 28877 W System.err: 	at a.a.a.l6c.init(SourceFile:11)
08-08 20:10:03.089 28552 28877 W System.err: 	at a.a.a.apb.Ϳ(SourceFile:13)
08-08 20:10:03.089 28552 28877 W System.err: 	at a.a.a.zob.run(SourceFile:1)
08-08 20:10:03.089 28552 28877 W System.err: 	at a.a.a.caf$c.onTask(SourceFile:3)
08-08 20:10:03.089 28552 28877 W System.err: 	at com.nearme.transaction.BaseTransaction.run(SourceFile:25)
08-08 20:10:03.089 28552 28877 W System.err: 	at java.util.concurrent.Executors$RunnableAdapter.call(Executors.java:520)
08-08 20:10:03.089 28552 28877 W System.err: 	at java.util.concurrent.FutureTask.run(FutureTask.java:328)
08-08 20:10:03.091 28552 28552 W ONET_network_AndroidNetworkMonitor: init NetworkCallbackWrapper cellular
08-08 20:10:03.091 28552 28552 W ONET_network_AndroidNetworkMonitor: init NetworkCallbackWrapper wifi
08-08 20:10:03.091 28552 28552 W ONET_network_AndroidNetworkMonitor: init NetworkCallbackWrapper subWifi
08-08 20:10:03.089 28552 28877 W System.err: 	at java.util.concurrent.ScheduledThreadPoolExecutor$ScheduledFutureTask.run(ScheduledThreadPoolExecutor.java:323)
08-08 20:10:03.094 28552 28877 W System.err: 	at java.util.concurrent.ThreadPoolExecutor.runWorker(ThreadPoolExecutor.java:1100)
08-08 20:10:03.094 28552 28877 W System.err: 	at java.util.concurrent.ThreadPoolExecutor$Worker.run(ThreadPoolExecutor.java:624)
08-08 20:10:03.094 28552 28877 W System.err: 	at java.lang.Thread.run(Thread.java:1572)
08-08 20:10:03.095 28552 28877 W System.err: android.content.pm.PackageManager$NameNotFoundException: com.coloros.mcs
08-08 20:10:03.095 28552 28877 W System.err: 	at android.app.ApplicationPackageManager.getPackageInfoAsUser(ApplicationPackageManager.java:290)
08-08 20:10:03.095 28552 28877 W System.err: 	at android.app.ApplicationPackageManager.getPackageInfo(ApplicationPackageManager.java:245)
08-08 20:10:03.095 28552 28877 W System.err: 	at android.app.ApplicationPackageManager.getPackageInfo(ApplicationPackageManager.java:237)
08-08 20:10:03.095 28552 28877 W System.err: 	at com.nearme.common.util.AppUtil.getAppVersionCode(SourceFile:7)
08-08 20:10:03.095 28552 28877 W System.err: 	at a.a.a.ac5.extraOPushEnableCheck(SourceFile:29)
08-08 20:10:03.095 28552 28877 W System.err: 	at a.a.a.cc5.ԩ(SourceFile:7)
08-08 20:10:03.095 28552 28877 W System.err: 	at a.a.a.a35.ޅ(SourceFile:7)
08-08 20:10:03.095 28552 28877 W System.err: 	at a.a.a.l6c.isOPushSdkSupport(SourceFile:13)
08-08 20:10:03.095 28552 28877 W System.err: 	at a.a.a.l6c.registerPushIfNeed(SourceFile:104)
08-08 20:10:03.095 28552 28877 W System.err: 	at a.a.a.l6c.init(SourceFile:15)
08-08 20:10:03.095 28552 28877 W System.err: 	at a.a.a.apb.Ϳ(SourceFile:13)
08-08 20:10:03.095 28552 28877 W System.err: 	at a.a.a.zob.run(SourceFile:1)
08-08 20:10:03.095 28552 28877 W System.err: 	at a.a.a.caf$c.onTask(SourceFile:3)
08-08 20:10:03.095 28552 28877 W System.err: 	at com.nearme.transaction.BaseTransaction.run(SourceFile:25)
08-08 20:10:03.096 28552 28877 W System.err: 	at java.util.concurrent.Executors$RunnableAdapter.call(Executors.java:520)
08-08 20:10:03.096 28552 28877 W System.err: 	at java.util.concurrent.FutureTask.run(FutureTask.java:328)
08-08 20:10:03.096 28552 28877 W System.err: 	at java.util.concurrent.ScheduledThreadPoolExecutor$ScheduledFutureTask.run(ScheduledThreadPoolExecutor.java:323)
08-08 20:10:03.096 28552 28877 W System.err: 	at java.util.concurrent.ThreadPoolExecutor.runWorker(ThreadPoolExecutor.java:1100)
08-08 20:10:03.096 28552 28877 W System.err: 	at java.util.concurrent.ThreadPoolExecutor$Worker.run(ThreadPoolExecutor.java:624)
08-08 20:10:03.096 28552 28877 W System.err: 	at java.lang.Thread.run(Thread.java:1572)
08-08 20:10:03.096 28552 28877 W nearme_opush: register push fail, isSDKSupport = true, isPushSdkSupport = true, isForeground = false, isCurTimeOver = false
08-08 20:10:03.098  3009  3998 I OplusHansManager : uid=10320, pkg=com.whatsapp M FastFreeze is on, delay the transition to F until FastFreezerExit
08-08 20:10:03.106  1479  1479 D vendor.oplus.hardware.charger-V6-service: get_ui_charge_icon_type 0 0 0 0 0
08-08 20:10:03.107  3009  4806 W PackageManager: package com.android.vending uid 10105 pid 28601 call SetEnabledSetting(com.android.vending component = com.google.android.finsky.verifier.impl.scan.adi.AdiWarnModeTrampolineActivity, 0, 0)
08-08 20:10:03.108  1479  1479 D vendor.oplus.hardware.charger-V6-service: oplus_chg_get_cpa_power 7500 charge_online 1 retention_topic 0
08-08 20:10:03.109  1479  1479 D vendor.oplus.hardware.charger-V6-service: oplus_chg_get_cpa_power 7500 charge_online 1 retention_topic 0
08-08 20:10:03.109 28601 28796 I Finsky  : [16327] VerifyApps: Successfully updated the ADI Warn Mode activity to disabled
08-08 20:10:03.110  1479  1479 D vendor.oplus.hardware.charger-V6-service: getIsSingleHyperSupport=2, cpa_power=7
08-08 20:10:03.110  1479  1479 E vendor.oplus.hardware.charger-V6-service: Failed to open the file: /sys/class/oplus_chg/common/plc. Error 2: No such file or directory
08-08 20:10:03.110 28896 28896 E uritypermission: Unknown bits set in runtime_flags: 0x40000000
08-08 20:10:03.111 28896 28896 I uritypermission: Using generational CollectorTypeCMC GC.
08-08 20:10:03.113  3009  3009 D NotificationService--OplusNotificationManagerServiceExtImpl: notifyDelayRemovedLocked,reason:20 isGroup:false
08-08 20:10:03.113  3009  3009 D NotificationService--OplusNotificationManagerServiceExtImpl: notifyDelayRemovedLocked,reason:20 isGroup:false
08-08 20:10:03.116 28601 28601 W Settings: Setting download_manager_max_bytes_over_mobile has moved from android.provider.Settings.Secure to android.provider.Settings.Global.
08-08 20:10:03.116  3009  4718 W NotificationHistory: Attempted to remove channel for locked/gone/disabled user 0
08-08 20:10:03.119  3009  3009 D NotificationService--OplusNotificationManagerServiceExtImpl: notifyDelayRemovedLocked sbnList isEmpty
08-08 20:10:03.121  3009  3009 D NotificationService--OplusNotificationManagerServiceExtImpl: notifyDelayRemovedLocked sbnList isEmpty
08-08 20:10:03.127 28552 28873 W [THOR_APP]-ThermalUtil: THERMAL DESCRIPTOR:com.oplus.horae.IHoraeService
08-08 20:10:03.130  4047  4047 D SubsysBroadcastManager: onReceive action:android.intent.action.BATTERY_CHANGED
08-08 20:10:03.132 19189 19189 D HealthDeviceManager: updateDevice DisplayTemplateBean(controlId='health-20:EC:98:01:CA:C6',packageName='com.transsion.healthlife'，title='Infinix XWatch N4', mCustomIcon=null, subTitle=, deviceTypeId=2, pid = 0x000000041f0310102d,deviceConnectedStatus=true, deviceConnectedDesc='Connected', extraInfoOneIcon=Icon(typ=RESOURCE pkg=com.transsion.healthlife id=0x7f10000d), extraInfoOneDesc=59%, extraInfoTwoIcon=null, extraInfoTwoDesc=, deviceLastConnectedTime=1786209002126, targetPackageName=com.transsion.healthlife, targetClassName=com.transsion.module.sport.view.ActionActivity,isSupportClickCard=true,deviceSingleId=,deviceShowLevel=0),cardDisplay=null,displayMessage=59,displayCustomIcon=null, sortLevel=0, boxBattery:null, deviceServiceMap:{find_watch={}, message_send={=feature_enable}}
08-08 20:10:03.133  1479  1479 D vendor.oplus.hardware.charger-V6-service: get_ui_charge_icon_type 0 0 0 0 0
08-08 20:10:03.134 19189 19189 D DeviceProviderService: updateDevice DisplayTemplateBean(controlId='health-20:EC:98:01:CA:C6',packageName='com.transsion.healthlife'，title='Infinix XWatch N4', mCustomIcon=null, subTitle=, deviceTypeId=2, pid = 0x000000041f0310102d,deviceConnectedStatus=true, deviceConnectedDesc='Connected', extraInfoOneIcon=Icon(typ=RESOURCE pkg=com.transsion.healthlife id=0x7f10000d), extraInfoOneDesc=59%, extraInfoTwoIcon=null, extraInfoTwoDesc=, deviceLastConnectedTime=1786209002126, targetPackageName=com.transsion.healthlife, targetClassName=com.transsion.module.sport.view.ActionActivity,isSupportClickCard=true,deviceSingleId=,deviceShowLevel=0),cardDisplay=null,displayMessage=59,displayCustomIcon=null, sortLevel=0, boxBattery:null, deviceServiceMap:{find_watch={}, message_send={=feature_enable}} 
08-08 20:10:03.136  1479  1479 D vendor.oplus.hardware.charger-V6-service: oplus_chg_get_cpa_power 7500 charge_online 1 retention_topic 0
08-08 20:10:03.138 28665 28745 D BLASTBufferQueue: [VRI[MainActivity]#0](f:0,a:1) acquireNextBufferLocked size=720x1604 mFrameNumber=1 applyTransaction=true mTimestamp=542798955668770(auto) mPendingTransactions.size=0 graphicBufferId=123115237539843 transform=0
08-08 20:10:03.138  1479  1479 D vendor.oplus.hardware.charger-V6-service: oplus_chg_get_cpa_power 7500 charge_online 1 retention_topic 0
08-08 20:10:03.138  1479  1479 D vendor.oplus.hardware.charger-V6-service: getIsSingleHyperSupport=2, cpa_power=7
08-08 20:10:03.138 28665 28745 D VRI[MainActivity]: Received frameCommittedCallback lastAttemptedDrawFrameNum=1 didProduceBuffer=true syncBuffer=false
08-08 20:10:03.139  1479  1479 E vendor.oplus.hardware.charger-V6-service: Failed to open the file: /sys/class/oplus_chg/common/plc. Error 2: No such file or directory
08-08 20:10:03.139 19189 19189 D TCHelper: writeSettingProvider:[{"boxBattery":"","cardDisplayType":-1,"cardType":1,"controlId":"health-20:EC:98:01:CA:C6","deviceConnectedDesc":"Connected","deviceConnectedStatus":true,"deviceLastConnectedTime":1786209002126,"deviceServiceMap":{"find_watch":{},"message_send":{"":"feature_enable"}},"deviceShowLevel":0,"deviceSwitch":false,"deviceTypeId":2,"displayMessage":"59","extraInfoOneDesc":"59%","extraInfoTwoDesc":"","isAppDisconnected":true,"isSupportClickCard":true,"packageName":"com.transsion.healthlife","pid":"0x000000041f0310102d","sortLevel":0,"subTitle":"","switchActionType":0,"targetClassName":"com.transsion.module.sport.view.ActionActivity","targetPackageName":"com.transsion.module.sport.view.ActionActivity","title":"Infinix XWatch N4"}]
08-08 20:10:03.139 19189 19189 E TCHelper: writeSettingProvider error 
08-08 20:10:03.139  1598  1782 I ClientCache: add: Cache owner=0xb400007cab3d36c0
08-08 20:10:03.141 28665 28665 D VRI[MainActivity]: draw finished. seqId=0
08-08 20:10:03.143  3009  3881 I WindowManager: Window{2f5669c u0 com.hypernova.phone/com.hypernova.phone.MainActivity} state from DRAW_PENDING to COMMIT_DRAW_PENDING; reason: finishDrawingLocked
08-08 20:10:03.143 28665 28665 D ViewRootImplExtImpl: setMaxDequeuedBufferCount: 2
08-08 20:10:03.143  3009  3881 D OplusTransitionAnimationManager: skipFinishDrawingIfNeed clientRotation=0, currentRotation=0, hasFixedRotationApp=false, requestedOrientation=1, win=Window{2f5669c u0 com.hypernova.phone/com.hypernova.phone.MainActivity}, activity=ActivityRecord{8a40b40 u0 com.hypernova.phone/.MainActivity t8093}, currentConfig={1.15 ??mcc??mnc [en_EG,ar_EG] ldltr sw424dp w424dp h944dp 272dpi nrml long port night finger -keyb/v/h -nav/h winConfig={ mBounds=Rect(0, 0 - 720, 1604) mAppBounds=Rect(0, 0 - 720, 1604) mMaxBounds=Rect(0, 0 - 720, 1604) mDisplayRotation=ROTATION_0 mWindowingMode=fullscreen mActivityType=standard mAlwaysOnTop=undefined mRotation=ROTATION_0} s.2 fontWeightAdjustment=0mThemeChanged= 0, mThemeChangedFlags= 0, mFlipFont= 0, mScenario= 0, mAccessibleChanged= -1, mUxIconConfig= 3468921665085243489, mMaterialColor= 0, mUserId= 0, mFontUserId= 0, mFontVariationSettings= 122b, mFoldingAngle = -1.0, mIconPackName= , mDarkModeBackgroundMaxL= 0.0, mDarkModeDialogBgMaxL= 27.0, mDarkModeForegroundMinL= 100.0, mOplusConfigType= 1, mOplusChangedConfigs= 0, OpSans= -1, mBurmeseFontFlag= 2, mFlag= 0, mFlexibleActivitySuitable= -1, mPuttDisplayFlag= -1}
08-08 20:10:03.146   896   896 E lowmemorykiller: device memory 229566 free 5582 file 228594
08-08 20:10:03.147 28909 28909 D DeviceStatisticsService: onReceive: action= android.intent.action.BATTERY_CHANGED
08-08 20:10:03.150  3009  3251 D VRR [OPlusExternalRefreshRateManager]: isPkgTfcEnable: pkgName = com.hypernova.phone, enable = false
08-08 20:10:03.150  3009  3251 D VRR [OPlusExternalRefreshRateManager]: getTfcMinFramerate: pkgName = com.hypernova.phone, min framerate = 0
08-08 20:10:03.151 28665 28665 I DynamicFramerate [FRTCConfigManager]: initFrameRateConfig: 
08-08 20:10:03.151 28665 28665 I DynamicFramerate [FRTCConfigManager]: 	levels: [120, 60]
08-08 20:10:03.151 28665 28665 I DynamicFramerate [FRTCConfigManager]: 	thresholds: [200]
08-08 20:10:03.151 28665 28665 I DynamicFramerate [FRTCConfigManager]: FRTCConfigManager: FRTC_CAPABILITY = 120, package name = com.hypernova.phone, WINDOW_ANIMATION_SPEED_RATE = 10, SCROLL_ANIMATION_SPEED_RATE = 20, PACKAGE_ENABLE = false
08-08 20:10:03.151  3009  3075 I WindowManager: Window{2f5669c u0 com.hypernova.phone/com.hypernova.phone.MainActivity} state from COMMIT_DRAW_PENDING to READY_TO_SHOW; reason: commitFinishDrawingLocked
08-08 20:10:03.151 28665 28665 I DynamicFramerate [DynamicFrameRateController]: init info: mPackageName = com.hypernova.phone, mIsEnabled = false
08-08 20:10:03.151  3009  3075 D ActivityTaskManager: Finish StartingWindow: ActivityRecord{8a40b40 u0 com.hypernova.phone/.MainActivity t8093}first real window is shown
08-08 20:10:03.152 28896 28896 D nativeloader: Load libframework-connectivity-tiramisu-jni.so using APEX ns com_android_tethering for caller /apex/com.android.tethering/javalib/framework-connectivity-t.jar: ok
08-08 20:10:03.155 28552 28877 W nearme_opush: register push activity life
08-08 20:10:03.159 19189 19189 D IotcardConverter: convertToIotCardBean: health-20:EC:98:01:CA:C6
08-08 20:10:03.160 19189 19189 D DeviceProviderService: checkChannelEnable channel state:TRANSIENT_FAILURE
08-08 20:10:03.162 31047 31047 D CustomLogManagerService: onReceive android.intent.action.BATTERY_CHANGED
08-08 20:10:03.162 28665 28665 D callGcSupression: java.lang.NullPointerException: Attempt to invoke virtual method 'java.lang.Object java.lang.reflect.Method.invoke(java.lang.Object, java.lang.Object[])' on a null object reference
08-08 20:10:03.163 28552 28867 I network_conscrypt: init conscrypt end
08-08 20:10:03.163 28665 28665 W VRI[MainActivity]: handleResized, msg:, frameChanged:false, configChanged:false, displayChanged:false, attachedFrameChanged:false, compatScaleChanged:false, pendingDragResizing=false
08-08 20:10:03.164  3009  3881 D OplusSlaNetworkManager: isPrimaryWifi:false network:737
08-08 20:10:03.165 28601 28601 I Finsky  : [2] SettingNotFoundException, fall through to G.downloadBytesOverMobileMaximum
08-08 20:10:03.166 28601 28601 W Settings: Setting download_manager_recommended_max_bytes_over_mobile has moved from android.provider.Settings.Secure to android.provider.Settings.Global.
08-08 20:10:03.169 28665 28685 I HWUI    : Davey! duration=1791ms; Flags=1, FrameTimelineVsyncId=160665655, IntendedVsync=542797168957150, Vsync=542798483346928, InputEventId=0, HandleInputStart=542798486886791, AnimationStart=542798486908354, PerformTraversalsStart=542798487470906, DrawStart=542798778450176, FrameDeadline=542797185623816, FrameInterval=542798484957520, FrameStartTime=16851151, SyncQueued=542798897581895, SyncStart=542798897843770, IssueDrawCommandsStart=542798901947729, SwapBuffers=542798953981479, FrameCompleted=542798960666062, DequeueBufferDuration=2272291, QueueBufferDuration=1728750, GpuCompleted=542798960666062, SwapBuffersCompleted=542798957723510, DisplayPresentTime=0, CommandSubmissionCompleted=542798953981479, 
08-08 20:10:03.172  3009  3075 D ActivityTaskManager: removeStartingWindowAnimation starting ActivityRecord{8a40b40 u0 com.hypernova.phone/.MainActivity t8093} startingWindow=null ,startingView=com.android.server.wm.StartingSurfaceController$StartingSurface@1b72a8f,Callers=com.android.server.wm.ActivityRecord.removeStartingWindow:3558 com.android.server.wm.ActivityRecord.onFirstWindowDrawn:8539 com.android.server.wm.WindowState.performShowLocked:5055 com.android.server.wm.WindowStateAnimator.commitFinishDrawingLocked:342 com.android.server.wm.DisplayContent.lambda$new$8:1141 
08-08 20:10:03.172  3009  3075 D OplusStartingWindowManager: interceptRemoveStartingWindow: packageName=com.hypernova.phone,  componentName=com.hypernova.phone/.MainActivity, isSnapshot=false, startingSurfaceRunnable=null, isDrawCompleted=false, hasSurfaceView=false, inTransition=false
08-08 20:10:03.172  3009  3075 D OplusSplitScreenManagerService: notifyRemoveStartingWindow mOplusSpiltScreenDnDUI is null, just return!
08-08 20:10:03.172  3009  3075 D OplusStartingWindowManager: interceptRemoveStartingWindow: hasSplashWindowFlag() return false for activity=ActivityRecord{8a40b40 u0 com.hypernova.phone/.MainActivity t8093}
08-08 20:10:03.175 28665 28745 D VRI[MainActivity]: Received frameCommittedCallback lastAttemptedDrawFrameNum=2 didProduceBuffer=false syncBuffer=false
08-08 20:10:03.176 28665 28665 D VRI[MainActivity]: draw finished. seqId=0
08-08 20:10:03.179 19189 19189 D DeviceProviderService: build channel state:IDLE
08-08 20:10:03.180  3009  3075 D WindowManager: setFrameRateStart invalid typeId return!
08-08 20:10:03.180  3009  3075 D TaskOrganizerController: TaskOrganizerController.removeStartingWindow: call wmshell to removeStartingWindow
08-08 20:10:03.181  3009  3089 I UserAwareMgr: event is already released: SceneEvent{id=5004, maxWorkDurationMs=2000, caller='[android]', eventFlags=0, fbPriority=1, keyThreads=[KeyThread{name=ll.splashscreen, owner=systemui, schedPolicy=ux, priority=ANIMATOR}, KeyThread{name=ll.splashworker, owner=systemui, schedPolicy=ux, priority=ANIMATOR}, KeyThread{name=HwUiTask, owner=systemui, schedPolicy=ux, priority=LIGHT}, KeyThread{name=RenderThread, owner=systemui, schedPolicy=ux, priority=HEAVY}], vipBinderGroup=null}, callingPid: 3009, appPid: 0
08-08 20:10:03.182 28601 28601 I Finsky  : [2] SettingNotFoundException, fall through to G.downloadBytesOverMobileRecommended
08-08 20:10:03.186  3009  3075 I Quality : LaunchTime2.0: com.hypernova.phone/.MainActivity 1 3310 com.android.shell 388 680
08-08 20:10:03.186  3009  3075 D QuickBackInputPolicy: setAppLaunchEndTime update timePair=Pair{ActivityRecord{8a40b40 u0 com.hypernova.phone/.MainActivity t8093} 542799005}
08-08 20:10:03.186  3009  3075 I WindowManager: Window{2f5669c u0 com.hypernova.phone/com.hypernova.phone.MainActivity} state from READY_TO_SHOW to HAS_DRAWN; reason: performShowLocked
08-08 20:10:03.192  3009  3251 D OplusTransitionAnimationManager: skipFinishDrawingIfNeed clientRotation=0, currentRotation=0, hasFixedRotationApp=false, requestedOrientation=1, win=Window{2f5669c u0 com.hypernova.phone/com.hypernova.phone.MainActivity}, activity=ActivityRecord{8a40b40 u0 com.hypernova.phone/.MainActivity t8093}, currentConfig={1.15 ??mcc??mnc [en_EG,ar_EG] ldltr sw424dp w424dp h944dp 272dpi nrml long port night finger -keyb/v/h -nav/h winConfig={ mBounds=Rect(0, 0 - 720, 1604) mAppBounds=Rect(0, 0 - 720, 1604) mMaxBounds=Rect(0, 0 - 720, 1604) mDisplayRotation=ROTATION_0 mWindowingMode=fullscreen mActivityType=standard mAlwaysOnTop=undefined mRotation=ROTATION_0} s.2 fontWeightAdjustment=0mThemeChanged= 0, mThemeChangedFlags= 0, mFlipFont= 0, mScenario= 0, mAccessibleChanged= -1, mUxIconConfig= 3468921665085243489, mMaterialColor= 0, mUserId= 0, mFontUserId= 0, mFontVariationSettings= 122b, mFoldingAngle = -1.0, mIconPackName= , mDarkModeBackgroundMaxL= 0.0, mDarkModeDialogBgMaxL= 27.0, mDarkModeForegroundMinL= 100.0, mOplusConfigType= 1, mOplusChangedConfigs= 0, OpSans= -1, mBurmeseFontFlag= 2, mFlag= 0, mFlexibleActivitySuitable= -1, mPuttDisplayFlag= -1}
08-08 20:10:03.193  3009  3134 D OplusDisplayBrightnessBroadcastReceiver: onReceive action = android.intent.action.BATTERY_CHANGED , listeners = [com.android.server.display.OplusFeatureHDREnhanceBrightness$PhoneInfoReceiver@1d811b8, com.android.server.display.OplusFeatureEdrEnhanceBrightness$PhoneInfoReceiver@ab5cb91]
08-08 20:10:03.195  3009  3089 I UserAwareMgr: event is already released: SceneEvent{id=5007, maxWorkDurationMs=200, caller='[android]', eventFlags=256, fbPriority=1, keyThreads=[KeyThread{name=binder, owner=android, schedPolicy=ux, priority=HEAVY}], vipBinderGroup=null}, callingPid: 3009, appPid: 0
08-08 20:10:03.207  1598  1598 I DispPerfService: updateLayerMask 0
08-08 20:10:03.209  6966  7029 E Battery : a: getAISleepDuration: predictResult is null.
08-08 20:10:03.210 26103 26103 D callGcSupression: java.lang.NullPointerException: Attempt to invoke virtual method 'java.lang.Object java.lang.reflect.Method.invoke(java.lang.Object, java.lang.Object[])' on a null object reference
08-08 20:10:03.211 26103 26103 D VRI[ConversationActivity]: setWindowStopped stopped:true
08-08 20:10:03.213  3009  4719 I InputDispatcher: updateFocusedWindow, 2f5669c com.hypernova.phone/com.hypernova.phone.MainActivity on display 0, reason: Window became focusable. Previous reason: NOT_VISIBLE, result:   FocusedWindows:
08-08 20:10:03.213  3009  4719 I InputDispatcher:     displayId=0, name='2f5669c com.hypernova.phone/com.hypernova.phone.MainActivity'
08-08 20:10:03.213  3009  3705 I Osense-BaseDecisionMaker: notifySceneToAthenaPolicy: SCENE_ACTIVITY_IDLE, bundle: Bundle[{scene=SCENE_ACTIVITY_IDLE}]
08-08 20:10:03.213  3009  3705 I Osense-BaseDecisionMaker: OSense not supported scene! SCENE_ACTIVITY_IDLE
08-08 20:10:03.215  3009  4718 D OplusSlaNetworkManager: isPrimaryWifi:false network:737
08-08 20:10:03.216 22186 22186 I adbd    : adbd service requested 'shell,v2,TERM=xterm-256color,raw:sleep 2'
08-08 20:10:03.216  6966  7029 E Battery : ChargeProtectionUtils: mCanlendarTmp.isEmpty()!
08-08 20:10:03.216 28665 28665 D VRI[MainActivity]: onFocusEvent true
08-08 20:10:03.229  3009  3574 D OplusNetRttKit: getIcmpEchoRtt addr:10.145.0.*** avgRtt: 41
08-08 20:10:03.233 26103 26103 V AutofillManager: updateSessionLocked(): id=null, bounds=null, value=null, action=5, flags=0
08-08 20:10:03.233 28552 28905 W mk_broadcast: register receiver:android.intent.action.BATTERY_CHANGED
08-08 20:10:03.234 28552 28905 W mk_broadcast: real register receiver:android.intent.action.BATTERY_CHANGED
08-08 20:10:03.234  3009  3409 D InputMethodManagerService: isSecurity: attribute.packageName = com.hypernova.phone mCurMethodId = com.ziipin.softkeyboard.saudi/com.ziipin.ime.SoftKeyboard isSecurity = false ( enable = true needShow = false inBlackList = false isExist = true )
08-08 20:10:03.237  3009  3089 I UserAwareMgr: handleAppChangedToBg, pkgName: com.android.mms, pid: 26103
08-08 20:10:03.237  3009  3603 E OplusUIFirst_TS: Failed to connect bpf bin: -1
08-08 20:10:03.240  1598  1598 I DispPerfService: updateLayerMask 8
08-08 20:10:03.246   896   896 E lowmemorykiller: device memory 229278 free 4270 file 229744
08-08 20:10:03.248  3009  3071 I ActivityTaskManager: Displayed com.hypernova.phone/.MainActivity for user 0: +3s573ms
08-08 20:10:03.255  3009  4718 V AutofillManagerServiceImpl: updateSessionLocked(): session gone for 2147483647(10120)
08-08 20:10:03.256  3009  3409 I ImeTracker: com.hypernova.phone:20e63bdf: onRequestHide at ORIGIN_SERVER reason HIDE_UNSPECIFIED_WINDOW fromUser false
08-08 20:10:03.261  3009  3409 I ImeTracker: com.hypernova.phone:20e63bdf: onCancelled at PHASE_SERVER_SHOULD_HIDE
08-08 20:10:03.264 28967  2569 I FontLog : (REDACTED) Received query %s, URI %s
08-08 20:10:03.265 28967  2569 I FontLog : (REDACTED) Query [%s] resolved to %s
08-08 20:10:03.267 14348 14367 W OplusExSystemServiceHelper: checkOplusExSystemService intent getComponent is null
08-08 20:10:03.271 28552 28905 W mk_broadcast: register receiver:android.intent.action.BATTERY_CHANGED
08-08 20:10:03.275 25458 25458 D BoundBrokerSvc: onBind: Intent { act=com.google.android.gms.appset.service.START dat=chimera-action:/... cmp=com.google.android.gms/.chimera.GmsApiService mCallingUid=10130 }
08-08 20:10:03.275 28552 28905 W mk_broadcast: register receiver:android.intent.action.BATTERY_CHANGED
08-08 20:10:03.276 25458 25458 D BoundBrokerSvc: Loading bound service for intent: Intent { act=com.google.android.gms.appset.service.START dat=chimera-action:/... cmp=com.google.android.gms/.chimera.GmsApiService mCallingUid=10130 }
08-08 20:10:03.279  3009  3009 W Looper  : Slow dispatch took 107ms main h=android.os.Handler c=com.android.server.BatteryService$$ExternalSyntheticLambda8@6aa1902 m=0
08-08 20:10:03.281  3009  3251 D OplusSlaNetworkManager: isPrimaryWifi:false network:737
08-08 20:10:03.283 12944 12944 I OplusCustomScanStrategy: msg.what = 6
08-08 20:10:03.292  3009  4718 D WindowManager: setFrameRateStart invalid typeId return!
08-08 20:10:03.297 28909 28909 D DeviceStatisticsService: onReceive: action= android.intent.action.BATTERY_CHANGED
08-08 20:10:03.299  3009  3134 D OplusDisplayBrightnessBroadcastReceiver: onReceive action = android.intent.action.BATTERY_CHANGED , listeners = [com.android.server.display.OplusFeatureHDREnhanceBrightness$PhoneInfoReceiver@1d811b8, com.android.server.display.OplusFeatureEdrEnhanceBrightness$PhoneInfoReceiver@ab5cb91]
08-08 20:10:03.301 28552 28887 W [THOR_APP]-ThorPlugin: use local DataloaderApi
08-08 20:10:03.302  4047  4047 D SubsysBroadcastManager: onReceive action:android.intent.action.BATTERY_CHANGED
08-08 20:10:03.309 28967  2569 I FontLog : (REDACTED) Fetch %s end status %s
08-08 20:10:03.309  3009  4806 I OplusAppSwitchManagerService: appswitch registerAppSwitchObserver pName = com@@heytap@@market observer = com.oplus.app.IOplusAppSwitchObserver$Stub$Proxy@769108b config = OplusAppSwitchConfig = {  mConfigs = {2=[]} observerFingerPrint = 170158375}
08-08 20:10:03.310  3009  4806 I OplusAppSwitchStateDispatcher: registerAppSwitchObserver addDynamicListener OK, info = OplusAppSwitchRuleInfo = {  observer = com.oplus.app.IOplusAppSwitchObserver$Stub$Proxy@769108b observerFingerPrint = 170158375} rule size =0
08-08 20:10:03.313  3979  4446 D CommonApp-741-10495: transport layer data is invalid
08-08 20:10:03.321  3979  4446 D CommonApp-741-10120: transport layer data is invalid
08-08 20:10:03.322 31047 31047 D CustomLogManagerService: onReceive android.intent.action.BATTERY_CHANGED
08-08 20:10:03.322 28967 28977 I FontLog : (REDACTED) Pulling font file for id = %d, cache size = %d
08-08 20:10:03.323  3009  3251 D OplusSlaNetworkManager: isPrimaryWifi:false network:737
08-08 20:10:03.330  6966  7029 E Battery : a: getAISleepDuration: predictResult is null.
08-08 20:10:03.331  6966  7029 E Battery : ChargeProtectionUtils: mCanlendarTmp.isEmpty()!
08-08 20:10:03.336 14348 14348 I DCS>SdkProcessService[2]: onCreate
08-08 20:10:03.338 28552 28887 W InstallAppUtil: isInstallApp: com.alibaba.aliexpresshd result: true
08-08 20:10:03.339 28552 28887 W InstallAppUtil: isInstallApp: com.heytap.market result: true
08-08 20:10:03.339 28552 28887 W InstallAppUtil: init: false, isCanUseInstallAppsPermission:true
08-08 20:10:03.345 14348 14462 I DCS>SdkProcessService[15571]: init: appId=2
08-08 20:10:03.347 28967  2569 I FontLog : (REDACTED) Pulling font file for id = %d, cache size = %d
08-08 20:10:03.347   896   896 E lowmemorykiller: device memory 228246 free 3065 file 229989
08-08 20:10:03.353  3979  4303 D OLK-NAS : registerInternalCallback()
08-08 20:10:03.358 28552 28552 D OlkManager: OlkManager first new!
08-08 20:10:03.366  3979  4303 D OLK-NAS : isApiSupported pkgName:com.heytap.market capId:7
08-08 20:10:03.366  3979  4303 D OLK-NAS : isApiSupported supportApiBitmask:0 supportPermBits:0
08-08 20:10:03.373   896   896 E lowmemorykiller: device memory 227163 free 3042 file 228929
08-08 20:10:03.373 14348 14367 I DCS>ContentProvider[15567]: support
08-08 20:10:03.375  3009  3712 I Osense-PsiDetector: 887,12,3065,4607,34,152,121,778,1176,405,488,0,4,5489
08-08 20:10:03.384  6966  7047 W Battery : ThermalControlUtils: get temperature=32.881
08-08 20:10:03.389  3680  3680 I SystemUi--Statusbar: BatteryControllerExt-->updateBatteryChangeIntent():broadcast=android.intent.action.BATTERY_CHANGED,level=61,scale=100
08-08 20:10:03.389  3680  3680 I SystemUi--Statusbar: BatteryRepository-->level: 61 -- isSavingMode: false
08-08 20:10:03.389  3680  3680 I SystemUi--Statusbar: BatteryControllerExt-->updateBatteryChangeIntent():broadcast=android.intent.action.BATTERY_CHANGED,level=61,scale=100
08-08 20:10:03.389  3680  3680 I SystemUi--Statusbar: BatteryRepository-->level: 61 -- isSavingMode: false
08-08 20:10:03.398  3009  3450 D ConnectivityService: NetReassign [no changes] [c 0] [a 4] [i 1]
08-08 20:10:03.405  3979  4303 D OLK-NAS : request() isPrimaryCellularNetwork cap not supported
08-08 20:10:03.409 28552 28552 W ONET_network_AndroidNetworkMonitor: isPrimaryCellularNetwork : 0 # 737
08-08 20:10:03.412 25414 25414 W Service : setForeground: ignoring old API call on com.oplus.notification.NotificationCenterService
08-08 20:10:03.414  1399 13005 I vendor.qti.bluetooth@1.0-ibs_handler: [ibs_handler.cpp:905] DeviceSleep: TX Awake, Sending SLEEP_IND
08-08 20:10:03.415  1399 13005 D vendor.qti.bluetooth@1.0-ibs_handler: [ibs_handler.cpp:391] SerialClockVote: vote for UART CLK OFF
08-08 20:10:03.422 28896 28896 D OplusActivityThreadExtImpl: java.lang.NoSuchMethodException: dalvik.system.VMRuntime.SupressionGC [int, int]
08-08 20:10:03.423 28896 28896 W libc    : Access denied finding property "persist.vendor.sys.activitylog"
08-08 20:10:03.423 28896 28896 I OneTrace: Mark active for pid=28896? true
08-08 20:10:03.423 28896 28896 D cutils-dev: otrace_set_tracing_enabled? true tag:0
08-08 20:10:03.426  3009  3881 D OplusSlaNetworkManager: isPrimaryWifi:true network:741
08-08 20:10:03.446   896   896 E lowmemorykiller: device memory 226085 free 3494 file 227641
08-08 20:10:03.448 28896 28896 D cutils-dev: properties changed in otrace_seq_number_changed!
08-08 20:10:03.450 28552 28874 W InstallAppUtil: init: false, isCanUseInstallAppsPermission:true
08-08 20:10:03.455  3009  3251 D OplusSlaNetworkManager: isPrimaryWifi:false network:745
08-08 20:10:03.461 28623 28623 W AnrLogEnhancementHelperImpl: app side detected 28623 static_receiver cost time = 1339
08-08 20:10:03.463  3009  3881 D ActivityTaskManagerServiceExtImpl: preBindApplication record is null
08-08 20:10:03.464  3009  3881 D RGBNormalizeServer: OplusRGBNormalize feature enabled ? false
08-08 20:10:03.465  3009  3881 D ResourcesManagerCache: For package com.oplus.securitypermission we got cacheList [null] appInfoExt is null ? false hasFeature ? false
08-08 20:10:03.471 28896 28959 D OplusAppHeapManager: java.lang.NoSuchMethodException: dalvik.system.VMRuntime.updateProcessValue [int, int, int]
08-08 20:10:03.478  3009  4806 D OplusSlaNetworkManager: isPrimaryWifi:false network:745
08-08 20:10:03.478   896   896 E lowmemorykiller: device memory 225696 free 2858 file 227888
08-08 20:10:03.482  3009  3712 I Osense-PsiDetector: 882,12,3065,4607,34,152,121,782,1171,407,482,0,4,5490
08-08 20:10:03.483  3009  3705 I Osense-BaseDecisionMaker: notifySceneToAthenaPolicy: SCENE_RES_MEM_PSI_NORMAL, bundle: Bundle[{memLevel=4}]
08-08 20:10:03.493 28552 28952 W m.heytap.market: Monitor::Inflate: Install failed 0x71ea8320
08-08 20:10:03.497  3009  3705 I Osense-BaseDecisionMaker: scene: SCENE_RES_MEM_PSI_NORMAL, excutingPolicy: clear
08-08 20:10:03.497  3009  4718 D OplusSlaNetworkManager: isPrimaryWifi:false network:745
08-08 20:10:03.499  3009  3705 D Osense-BaseDecisionMaker: invoke clear policy,type: cached
08-08 20:10:03.500 28896 28896 D OplusActivityManager: get AMS extension: android.os.BinderProxy@c7dd74c
08-08 20:10:03.500  3009  3881 D OplusSlaNetworkManager: isPrimaryWifi:false network:745
08-08 20:10:03.505  3979  4303 D OLK-NAS : isApiSupported pkgName:com.heytap.market capId:7
08-08 20:10:03.505  3979  4303 D OLK-NAS : isApiSupported supportApiBitmask:0 supportPermBits:0
08-08 20:10:03.505  3979  4303 D OLK-NAS : request() isPrimaryCellularNetwork cap not supported
08-08 20:10:03.506  3009  3710 I OsenseKillAction: KillAction: [atomic clean] start name=lowmem, requestId=122324, startAvail=879, startFreeMB=12, purposeAvailMB=1200, purposeFreeMB=-1, anonRssTarget=321, minBgCount=0, swapTarget=0, scene=SCENE_RES_MEM_PSI_NORMAL, type=cached, qb=false, cchOnly=true, urgency=false, hoggingCpuPids={}, invalid-cnt=2
08-08 20:10:03.506 28552 28552 W ONET_network_AndroidNetworkMonitor: isPrimaryCellularNetwork : 0 # 745
08-08 20:10:03.505  3009  3705 I Osense-BaseDecisionMaker: notifySceneToAthenaPolicy: SCENE_RES_MEM_PSI_LEAK, bundle: Bundle[{memLevel=4}]
08-08 20:10:03.512  3009  3710 I OsenseKillAction: KillAction: group process done, total=2ms, firstLoop=1ms, updateProcessInfo=1ms, idleList=0ms, curBg=3
08-08 20:10:03.512  3009  3710 W OplusAppStartupConfigExt_OplusAppStartupCommonSceneStrategy: Blacklist is Empty
08-08 20:10:03.512  3009  3710 D OplusAppStartupConfigExt: RestartService prevent pkg com.facebook.orca result = false
08-08 20:10:03.513  3009  3710 I OsenseKillAction: scanCchEmptyProc: +++++++ start double check +++++++
08-08 20:10:03.513  3009  3710 I OsenseKillAction: scanCchEmptyProc: cch check done: killablePss=0kb, killableAnonRss=0mb, time=1ms, candidate cnt: 0
08-08 20:10:03.513  3009  3710 I OsenseKillAction: scanNonUiProc: ----------start check non ui proc-----------
08-08 20:10:03.513  3009  3710 I OsenseKillAction: scanNonUiProc: done check non ui proc: killablePss=0kb, killableAnonRss=0mb, time=1ms, collected proc num: 0
08-08 20:10:03.513  3009  3710 I OsenseKillAction: scanOomAdj: skip scan oom adj for lowmem
08-08 20:10:03.514  3009  3710 I OsenseKillAction: scanAllProc: skip scan all proc for lowmem
08-08 20:10:03.514  3009  3710 I OsenseKillAction: KillAction: done execute kill, pi2app=0ms, monitor=0ms, kill=0ms, total=0ms, kill cnt=0, local cnt=0
08-08 20:10:03.514  3009  3710 I OsenseKillAction: KillAction: [atomic clean] end requestId=122324, endAvail=880mb, reclaimed: [pss=0mb, anonRss=0mb, swap=0mb, mem=0mb, Rss=0mb], timing: [total=9ms, update=1ms, readMem=3ms, group=2ms, cch=1ms, nonUi=1ms, oomadj=0ms, allProc=0ms, monitor=0ms, kill=0ms], sysinfo: [bgcount=3]
08-08 20:10:03.514  3009  3710 I OsenseKillAction: KillAction: 321mb more anonRss to reclaim, 0mb more swapMb to reclaim, <skip> mem guard, cur avail=880mb, bundle: Bundle[{appcareThreshold=0, triggerMemory=1000, qbmode=false, memLevel=4, type=cached, level=1, scene=SCENE_RES_MEM_PSI_NORMAL, requestId=122324, purposeMemory=1200}]
08-08 20:10:03.518  1399 13000 I vendor.qti.bluetooth@1.0-ibs_handler: [ibs_handler.cpp:778] ProcessIbsCmd: Received IBS_WAKE_IND: 0xFD
08-08 20:10:03.518  1399 13000 D vendor.qti.bluetooth@1.0-ibs_handler: [ibs_handler.cpp:372] SerialClockVote: vote for UART CLK ON
08-08 20:10:03.518  1399 13000 I vendor.qti.bluetooth@1.0-ibs_handler: [ibs_handler.cpp:795] ProcessIbsCmd: Writing IBS_WAKE_ACK
08-08 20:10:03.520  3009  3450 D ConnectivityService: NetReassign [no changes] [c 0] [a 3] [i 2]
08-08 20:10:03.521 28552 28906 W [THOR_APP]-ThorPlugin: already init
08-08 20:10:03.522 28552 28906 W [THOR_APP]-ThorPlugin: already preLoadPlugin
08-08 20:10:03.522 28552 28906 W [THOR_APP]-ThorPlugin: use local download
08-08 20:10:03.523 28552 28820 W ONET_DualNetworkManager: onAvailable, network:741,  type:1
08-08 20:10:03.526  1598  1598 I DispPerfService: updateLayerMask 0
08-08 20:10:03.529 25414 25414 D NotificationCenter: NotificationCenterService-->onBind:21
08-08 20:10:03.530 25458 27453 W OplusExSystemServiceHelper: checkOplusExSystemService intent getComponent is null
08-08 20:10:03.531 28896 28896 D callGcSupression: java.lang.NullPointerException: Attempt to invoke virtual method 'java.lang.Object java.lang.reflect.Method.invoke(java.lang.Object, java.lang.Object[])' on a null object reference
08-08 20:10:03.532  3979  4442 D ActivityAdapter: notifyActivityQuery: [com.hypernova.phone; com.hypernova.phone; 1; COMMON; 10495]
08-08 20:10:03.532  3979  4442 D OPlusFrontAppManager: decide -->> [com.hypernova.phone; com.hypernova.phone; 1; COMMON; 10495]
08-08 20:10:03.533  3979  4446 D CommonApp-741-10120: destory
08-08 20:10:03.533  3979  4446 D CommonApp-741-10120: stopDataCollection
08-08 20:10:03.533  3979  4446 D CommonApp-741-10120: current network isn't cellular,not need disable modem report
08-08 20:10:03.533  3979  4446 D CommonApp-741-10120: CommonState exit
08-08 20:10:03.533  3979  4446 D CommonApp-741-10495: DefaultState EVENT_SCENARIOS_CHANGE
08-08 20:10:03.533  3979  4446 D CommonApp-741-10495: scene=COMMON pn=com.hypernova.phone
08-08 20:10:03.533 28623 28962 I Finsky:background: [16332] RECEIVER_PACKAGE_MONITOR_BACKGROUND#logWorkEndAndFinishGoAsync: SUCCESS
08-08 20:10:03.534 25458 25458 D BoundBrokerSvc: onBind: Intent { act=com.google.android.gms.safetynet.service.START pkg=com.google.android.gms mCallingUid=10105 }
08-08 20:10:03.534 28552 28906 W [THOR_APP]-DownloadClient: start init engine
08-08 20:10:03.535 28552 28906 W [THOR_APP]-[THOR_P]-DownloadPoolExecutor: setWorkExecutor # null
08-08 20:10:03.535 28552 28906 W [THOR_APP]-ThorPlugin: use local install
08-08 20:10:03.536 28552 28906 W [THOR_APP]-ApkInstallThermalManager: ThermalManager thermalInfo:[]
08-08 20:10:03.539 28552 28906 E m.heytap.market: hiddenapi: Accessing hidden field Landroid/provider/Settings$Global;->DEFAULT_INSTALL_LOCATION:Ljava/lang/String; (runtime_flags=0, domain=platform, api=max-target-o) from La/a/a/hoc; (domain=app, TargetSdkVersion=36) using reflection: denied
08-08 20:10:03.539 28552 28906 E m.heytap.market: hiddenapi: Accessing hidden field Landroid/provider/Settings$Global;->DEFAULT_INSTALL_LOCATION:Ljava/lang/String; (runtime_flags=0, domain=platform, api=max-target-o) from La/a/a/hoc; (domain=app, TargetSdkVersion=36) using reflection: denied
08-08 20:10:03.539 28552 28906 W [THOR_APP]-download_install: setEnableCleanupOldSession :false
08-08 20:10:03.539 28552 28906 W [THOR_APP]-download_install: setEnableAbandonOnInsufficientStorage :false
08-08 20:10:03.542 25458 25458 D BoundBrokerSvc: Loading bound service for intent: Intent { act=com.google.android.gms.safetynet.service.START pkg=com.google.android.gms mCallingUid=10105 }
08-08 20:10:03.544 28552 28906 W [THOR_APP]-ThorPlugin: use local patch
08-08 20:10:03.544 28552 28906 W [THOR_APP]-ThorPlugin: use local compress
08-08 20:10:03.544 28552 28906 W [THOR_APP]-ThorPlugin: use local incfs
08-08 20:10:03.545 28552 28906 W market_split_download: [install_down] repairDownload size:0
08-08 20:10:03.545 28552 28906 W market_split_download: [install_down] initDownload size:0
08-08 20:10:03.545 28552 28906 W [THOR_APP]-DownloadClient: already init
08-08 20:10:03.546 28552 28906 W [THOR_APP]-ThorPlugin: already init
08-08 20:10:03.546 28552 28906 W [THOR_APP]-ThorPlugin: already preLoadPlugin
08-08 20:10:03.546 28552 28906 W [THOR_APP]-ThorPlugin: use local download
08-08 20:10:03.548 28552 28906 W [THOR_APP]-DownloadClient: start init engine
08-08 20:10:03.548 28552 28552 W trashPush: 配置的开关为关闭
08-08 20:10:03.549 28552 28906 W [THOR_APP]-[THOR_P]-DownloadPoolExecutor: setWorkExecutor # null
08-08 20:10:03.549 28552 28906 W [THOR_APP]-ThorPlugin: use local install
08-08 20:10:03.556 12944 12969 D bluetooth: [acl_arbiter.cc:69] InterceptAttPacket: Intercepting ATT packet and forwarding to Rust
08-08 20:10:03.556 12944 12969 E Bluetooth: [gatt_main.cc:1078] gatt_data_process
08-08 20:10:03.557 12944 12969 I oplus_bt_stack_ble_event: report_stack_ble_last_data_transfer, 20:**:**:**:ca:c6
08-08 20:10:03.557 28896 28896 D CompactWindowAppManager: initCompactApplicationInfo CompactMode: , NormalMode: 
08-08 20:10:03.557 12944 12969 D oplus_bt_stack_gatt_manager: [oplus_bt_stack_gatt_manager.cc:789]  oplus_gatt_process_read_rsp 
08-08 20:10:03.558 12944 13018 I oplus_bt_stack_ble_event: report_stack_ble_gatt_read_write_operation_event enter
08-08 20:10:03.559 12944 13018 I oplus_bt_stack_ble_event: stack_ble_gatt_read_write_operation_event_report address=20:**:**:**:ca:c6
08-08 20:10:03.561 12944 13120 D bt_btif_gattc: [btif_gatt_client.cc:565] btif_gattc_write_char: 
08-08 20:10:03.562 12944 12969 D bluetooth: [att_protocol.cc:515] attp_cl_send_cmd: Sending ATT command to l2cap cid:0x0004 eatt_channels:0 transport:BT_TRANSPORT_LE
08-08 20:10:03.563 12944 12969 D bluetooth: [att_protocol.cc:389] attp_send_msg_to_l2cap: Sending ATT message on att fixed channel
08-08 20:10:03.563 12944 12969 D bt_l2cap: [l2c_api.cc:1545] L2CA_SendFixedChnlData: Enqueued data for CID: 0x0004 len:9
08-08 20:10:03.563 12944 12969 D l2c_link: [l2c_link.cc:1222] l2c_link_send_to_lower_ble: TotalWin=15,Hndl=0x4,Quota=16,Unack=1,RRQuota=0,RRUnack=0
08-08 20:10:03.564 12944 12969 I oplus_bt_stack_ble_event: report_stack_ble_last_data_transfer, 20:**:**:**:ca:c6
08-08 20:10:03.564 12944 12969 D bt_bta_gattc: [bta_gattc_act.cc:1272] bta_gattc_write_cmpl: Handling write response type: 1: handle 0x0045
08-08 20:10:03.564  1479  5654 D charge_time: write 5146s(01:25:46) to ttf, rc=6
08-08 20:10:03.565  1399  1399 I vendor.qti.bluetooth@1.0-ibs_handler: [ibs_handler.cpp:668] DeviceWakeUp: Writing IBS_WAKE_IND
08-08 20:10:03.566  1399 13000 I vendor.qti.bluetooth@1.0-ibs_handler: [ibs_handler.cpp:854] ProcessIbsCmd: Received IBS_WAKE_ACK: 0xFC
08-08 20:10:03.566  1399 13000 I vendor.qti.bluetooth@1.0-ibs_handler: [ibs_handler.cpp:856] ProcessIbsCmd: Signal wack_cond_
08-08 20:10:03.567 19189 19197 D MoYoung : onStepChange: 0
08-08 20:10:03.567  1399  1399 D vendor.qti.bluetooth@1.0-ibs_handler: [ibs_handler.cpp:700] DeviceWakeUp: Unblocked from waiting for FC, pthread_cond_timedwait ret = 0
08-08 20:10:03.569 28601 28601 I Finsky  : [2] DTU: Received onPackageAdded, replacing: true
08-08 20:10:03.570  1479  5654 D charge_time: type=cdp/dcp,reserve_soc=1,soc=60,ui_soc=61,current=494,avg=498,not_chg_cnt=0,stable_cnt=7,fcc=4423,fcc_ratio=92,delta=117,debug=0,region=12,ttf=11861(03:17:41),ui_ttf=5146(01:25:46)
08-08 20:10:03.573  3680  3836 D HWUI    : RenderProxy::destroy: this=0xb4000073512cff00, mContext=0xb4000073365d1dc0
08-08 20:10:03.576  3680  3872 D HWUI    : SkiaOpenGLPipeline::setSurface: this=0xb40000734cb92240, surface=NULL
08-08 20:10:03.577  3680  3872 D BufferQueueProducer: [VRI[phone]#11771(BLAST Consumer)11771](id:e6000002e2f,api:1,p:3680,c:3680) disconnect: api 1
08-08 20:10:03.579   896   896 E lowmemorykiller: device memory 224775 free 2975 file 227005
08-08 20:10:03.581  3680  3836 D ViewRootImplExtImpl: wrapConfigInfoIntoFlags rotation=0, smallestScreenWidthDp=424, relayoutAsync=false, flags=0, newFlags=27787264, residentWS=false, title=Splash Screen com.hypernova.phone
08-08 20:10:03.582  3009  3881 D WindowManagerServiceExtImpl: extractConfigInfoAndRealFlags rotation=0, screenDp=424, residentWS:0, win=Window{7d03d7a u0 Splash Screen com.hypernova.phone}
08-08 20:10:03.583  3009  3881 V WindowManager: Relayout Window{7d03d7a u0 Splash Screen com.hypernova.phone}: viewVisibility=8, oldvis=0, req=720x1604, vsysui=
08-08 20:10:03.583  3009  3881 D adaptiveSmoothAnim_Main: skip StartingWindow exit animation, win=Window{7d03d7a u0 Splash Screen com.hypernova.phone}
08-08 20:10:03.586  3009  3881 D WindowManager: setFrameRateStart invalid typeId return!
08-08 20:10:03.591   951   951 E KeymasterUtils: rsp_header->status: -28
08-08 20:10:03.592   951   951 E KeyMasterHalDevice: abort_operation
08-08 20:10:03.592   951   951 E KeyMasterHalDevice: ret: -28
08-08 20:10:03.595  3009  3881 D WindowManager: NFW_findFocusedWindowIfNeeded:Window{2f5669c u0 com.hypernova.phone/com.hypernova.phone.MainActivity} mCurrentFocus:Window{2f5669c u0 com.hypernova.phone/com.hypernova.phone.MainActivity}
08-08 20:10:03.597 28896 28896 D OplusScrollToTopManager: setIsInWhiteList false
08-08 20:10:03.601  3009  3077 D callGcSupression: java.lang.NullPointerException: Attempt to invoke virtual method 'java.lang.Object java.lang.reflect.Method.invoke(java.lang.Object, java.lang.Object[])' on a null object reference
08-08 20:10:03.602  3680  3836 D BLASTBufferQueue: [VRI[phone]#11771](f:0,a:2) destructor()
08-08 20:10:03.602  3680  3836 D BufferQueueConsumer: [VRI[phone]#11771(BLAST Consumer)11771](id:e6000002e2f,api:0,p:-1,c:3680) disconnect
08-08 20:10:03.602  3009  3077 D SurfaceAnimationRunner: onAnimationStart:Surface(name=Surface(name=7d03d7a Splash Screen com.hypernova.phone)/@0x8983bf0 - animation-leash of window_animation)/@0xd43013
08-08 20:10:03.603  3009  3077 D callGcDesupression: java.lang.NullPointerException: Attempt to invoke virtual method 'java.lang.Object java.lang.reflect.Method.invoke(java.lang.Object, java.lang.Object[])' on a null object reference
08-08 20:10:03.603  3009  3077 D SurfaceAnimationRunner: onAnimationEnd:Surface(name=Surface(name=7d03d7a Splash Screen com.hypernova.phone)/@0x8983bf0 - animation-leash of window_animation)/@0xd43013
08-08 20:10:03.603  3009  3075 I WindowStateExtImpl: onSurfaceShowChange show = false mPackageName = com.hypernova.phone parentPkgName = com.hypernova.phone
08-08 20:10:03.607  3680  3836 D OplusScrollToTopManager: Splash Screen com.hypernova.phone,window dying
08-08 20:10:03.607  3680  3836 D OplusScrollToTopManager: Splash Screen com.hypernova.phone,unregisterSystemUIBroadcastReceiver 
08-08 20:10:03.607  3680  3836 D OplusScrollToTopManager: Splash Screen com.hypernova.phone, unregisterSystemUIBroadcastReceiver failed java.lang.IllegalArgumentException: Receiver not registered: android.view.OplusScrollToTopManager$2@6bb481e
08-08 20:10:03.608  3680  3836 W WindowOnBackDispatcher: sendCancelIfRunning: isInProgress=false callback=android.view.ViewRootImpl$$ExternalSyntheticLambda11@9f8b474
08-08 20:10:03.608   951   951 E KeymasterUtils: rsp_header->status: -28
08-08 20:10:03.608   951   951 E KeyMasterHalDevice: abort_operation
08-08 20:10:03.608   951   951 E KeyMasterHalDevice: ret: -28
08-08 20:10:03.610 28896 28896 D OplusViewDebugManager: OplusViewDebugManager Constructor android.view.debug.OplusViewDebugManager@d151caa [mHasViewDebugProperty true] [mHasMsgDebugProperty false] [DEBUG false] [EXTRAINFOENABLE false] [LIGHT_OS true]
08-08 20:10:03.615 28552 28906 W [THOR_APP]-ApkInstallThermalManager: ThermalManager thermalInfo:[]
08-08 20:10:03.618 28519 28754 I PhoneManager.MMKVUtils: tryPrintCriticalInfo ls -Z /data/user/0/com.coloros.phonemanager/files/mmkv:u:object_r:privapp_data_file:s0:c512,c768 8f426224-e326-4d3c-817d-01fc2ed2d19d
08-08 20:10:03.619 28552 28906 E m.heytap.market: hiddenapi: Accessing hidden field Landroid/provider/Settings$Global;->DEFAULT_INSTALL_LOCATION:Ljava/lang/String; (runtime_flags=0, domain=platform, api=max-target-o) from La/a/a/hoc; (domain=app, TargetSdkVersion=36) using reflection: denied
08-08 20:10:03.619 28552 28906 E m.heytap.market: hiddenapi: Accessing hidden field Landroid/provider/Settings$Global;->DEFAULT_INSTALL_LOCATION:Ljava/lang/String; (runtime_flags=0, domain=platform, api=max-target-o) from La/a/a/hoc; (domain=app, TargetSdkVersion=36) using reflection: denied
08-08 20:10:03.620 28552 28906 W [THOR_APP]-download_install: setEnableCleanupOldSession :false
08-08 20:10:03.620 28552 28906 W [THOR_APP]-download_install: setEnableAbandonOnInsufficientStorage :false
08-08 20:10:03.627 28519 28754 D OppoUsbEnvironmentSys: getVolumes: sInternalSdDir=/storage/emulated/0
08-08 20:10:03.629  3009  3881 I InputDispatcher: channel '7d03d7a Splash Screen com.hypernova.phone (server)'~ abortBrokenDispatchCycleLocked - notify=false
08-08 20:10:03.632  3009  3881 W InputManager-JNI: Input channel object '7d03d7a Splash Screen com.hypernova.phone (client)' was disposed without first being removed with the input manager!
08-08 20:10:03.633 12944 12969 D bluetooth: [acl_arbiter.cc:69] InterceptAttPacket: Intercepting ATT packet and forwarding to Rust
08-08 20:10:03.633 12944 12969 E Bluetooth: [gatt_main.cc:1078] gatt_data_process
08-08 20:10:03.634 12944 12969 I oplus_bt_stack_ble_event: report_stack_ble_last_data_transfer, 20:**:**:**:ca:c6
08-08 20:10:03.634  3009  3881 I WindowManager: Window{7d03d7a u0 Splash Screen com.hypernova.phone} state from HAS_DRAWN to NO_SURFACE; reason: destroySurface
08-08 20:10:03.636 12944 13018 D bt_btif_gattc: [btif_gatt_client.cc:142] btif_gattc_upstreams_evt: Event BTA_GATTC_NOTIF_EVT [10]
08-08 20:10:03.644  1299  1346 E TetherController: property_get sys.radio.data.modem_share_flag return 0, 1!
08-08 20:10:03.644  3009  3009 D NotificationService--OplusNotificationManagerServiceExtImpl: notifyDelayRemovedLocked,reason:20 isGroup:false
08-08 20:10:03.644  3009  3009 D NotificationService--OplusNotificationManagerServiceExtImpl: notifyDelayRemovedLocked,reason:20 isGroup:false
08-08 20:10:03.644  3009  3251 W NotificationHistory: Attempted to remove channel for locked/gone/disabled user 0
08-08 20:10:03.644  3009  3009 D NotificationService--OplusNotificationManagerServiceExtImpl: notifyDelayRemovedLocked sbnList isEmpty
08-08 20:10:03.644  3009  3009 D NotificationService--OplusNotificationManagerServiceExtImpl: notifyDelayRemovedLocked sbnList isEmpty
08-08 20:10:03.655 28519 28754 D OppoUsbEnvironmentSys: update: hasPerm WRITE_MEDIA_STORAGE=false, contextApp=com.oplus.phonemanager.PhoneManagerApp@67f768b
08-08 20:10:03.663  3009  3881 D WindowManager: NFW_findFocusedWindowIfNeeded:Window{2f5669c u0 com.hypernova.phone/com.hypernova.phone.MainActivity} mCurrentFocus:Window{2f5669c u0 com.hypernova.phone/com.hypernova.phone.MainActivity}
08-08 20:10:03.670  3680  3836 W FrameTracker: Missed App frame:UNKNOWN: 12, 160665862, 221183529, CUJ=J<SPLASHSCREEN_EXIT_ANIM>
08-08 20:10:03.670  3680  3836 W FrameTracker: Missed SF frame:UNKNOWN: 12, 160665862, 221183529, CUJ=J<SPLASHSCREEN_EXIT_ANIM>
08-08 20:10:03.670  3680  3836 W FrameTracker: Missed App frame:UNKNOWN: 328, 160665879, 208236376, CUJ=J<SPLASHSCREEN_EXIT_ANIM>
08-08 20:10:03.670  3680  3836 W FrameTracker: Missed App frame:UNKNOWN: 328, 160665904, 0, CUJ=J<SPLASHSCREEN_EXIT_ANIM>
08-08 20:10:03.670  3680  3836 W FrameTracker: Missing HWUI jank callback for vsyncId: 160665904, CUJ=J<SPLASHSCREEN_EXIT_ANIM>
08-08 20:10:03.670  3680  3836 W FrameTracker: Missing HWUI jank callback for vsyncId: 160665984, CUJ=J<SPLASHSCREEN_EXIT_ANIM>
08-08 20:10:03.670  3680  3836 W FrameTracker: Missing SF jank callback for vsyncId: 160665991, CUJ=J<SPLASHSCREEN_EXIT_ANIM>
08-08 20:10:03.672  1399 13000 I vendor.qti.bluetooth@1.0-ibs_handler: [ibs_handler.cpp:825] ProcessIbsCmd: Received IBS_SLEEP_IND: 0xFE
08-08 20:10:03.673 28519 28754 D OppoUsbEnvironmentSys: update: registerListener sStorageListener
08-08 20:10:03.674  3009  4718 W WindowManager: Failed looking up window session=Session{12a4940 3680:u0a10203} callers=com.android.server.wm.WindowManagerService.windowForClientLocked:6784 com.android.server.wm.Session.setOnBackInvokedCallbackInfo:1060 android.view.IWindowSession$Stub.onTransact:1199 
08-08 20:10:03.674  3009  4718 I WindowManager: setOnBackInvokedCallback(): No window state for package:com.android.systemui
08-08 20:10:03.678 28519 28754 I PhoneManager.MMKVUtils: init mmkv initialize
08-08 20:10:03.680   896   896 E lowmemorykiller: device memory 226656 free 2952 file 226490
08-08 20:10:03.683 28552 28906 W [THOR_APP]-ThorPlugin: use local patch
08-08 20:10:03.683 28552 28906 W [THOR_APP]-ThorPlugin: use local compress
08-08 20:10:03.684 28552 28906 W [THOR_APP]-ThorPlugin: use local incfs
08-08 20:10:03.685  1479  1567 D BatteryChargeControl: bcc get no support from charging protocol
08-08 20:10:03.685  3009  3712 I Osense-PsiDetector: 884,12,3061,4607,34,143,121,784,1166,405,477,0,4,5503
08-08 20:10:03.686  3009  3705 I Osense-BaseDecisionMaker: notifySceneToAthenaPolicy: SCENE_RES_MEM_PSI_NORMAL, bundle: Bundle[{memLevel=3}]
08-08 20:10:03.702 28552 28552 W [THOR_APP]-ThorPlugin: already init
08-08 20:10:03.702 28552 28552 W thor_recovery_crash: register third handler:a.a.a.f1f@82182cb
08-08 20:10:03.703  3009  3705 I Osense-BaseDecisionMaker: scene: SCENE_RES_MEM_PSI_NORMAL, excutingPolicy: clear
08-08 20:10:03.704  3009  3705 D Osense-BaseDecisionMaker: invoke clear policy,type: cached
08-08 20:10:03.706  3009  3710 I OsenseKillAction: KillAction: [atomic clean] start name=lowmem, requestId=122325, startAvail=891, startFreeMB=12, purposeAvailMB=1200, purposeFreeMB=-1, anonRssTarget=309, minBgCount=0, swapTarget=0, scene=SCENE_RES_MEM_PSI_NORMAL, type=cached, qb=false, cchOnly=true, urgency=false, hoggingCpuPids={}, invalid-cnt=3
08-08 20:10:03.707  3009  3710 I OsenseKillAction: KillAction: [atomic clean] end: skip for no-killable-cached-process
08-08 20:10:03.707  3009  3710 I OsenseKillAction: KillAction: 309mb more anonRss to reclaim, 0mb more swapMb to reclaim, <skip> mem guard, cur avail=0mb, bundle: Bundle[{appcareThreshold=0, triggerMemory=1000, qbmode=false, memLevel=3, type=cached, level=1, scene=SCENE_RES_MEM_PSI_NORMAL, requestId=122325, purposeMemory=1200}]
08-08 20:10:03.716  9406  9412 W hbox:interactor: Suspending all threads took: 10.948ms
08-08 20:10:03.722 28552 28908 W InstallAppUtil: init: false, isCanUseInstallAppsPermission:true
08-08 20:10:03.728 28552 28877 W InstallAppUtil: init: false, isCanUseInstallAppsPermission:true
08-08 20:10:03.729 28519 28519 W PhoneManager.MMKVUtils: Wait for MMKV initialization timeout
08-08 20:10:03.730 28519 28519 W AnrLogEnhancementHelperImpl: app side detected 28519 static_receiver cost time = 1195
08-08 20:10:03.733 28552 28552 W GlideImageLoader: ImageUrlUtil: static_image_quality:l30-m50-h75
08-08 20:10:03.734 28552 28552 W GlideImageLoader: ImageUrlUtil: gif_image_quality:
08-08 20:10:03.738 28552 28552 W market_info: market_pid = 28552 , market_versionName = 26.2.2_GL , market_versionCode = 260202
08-08 20:10:03.738 28552 28552 I Quality : ActivityThread: callApplicationOnCreate delay 820 com.heytap.market 28552
08-08 20:10:03.740  3610  3610 I RemovableAppProvider: receive action oplus.intent.action.PACKAGE_REMOVED
08-08 20:10:03.742  3610  3610 D DistributedDeviceService: android.intent.action.PACKAGE_REMOVED
08-08 20:10:03.743 12944 13120 D bt_btif_gattc: [btif_gatt_client.cc:565] btif_gattc_write_char: 
08-08 20:10:03.745  3009  4718 I ActivityManager: Flag disabled. Ignoring finishAttachApplication from uid: 10117. pid: 28552
08-08 20:10:03.746 28519 28758 W PhoneManager.MMKVUtils: Wait for MMKV initialization timeout
08-08 20:10:03.746  3610  3646 I RemovableAppProvider: handleMessage what = 20190302
08-08 20:10:03.747 28519 28758 E PhoneManager.MultiProcessDataHelper:  getValue: mmkv is null
08-08 20:10:03.749  3610  3646 D RemovableAppProvider: onPackageRemoved
08-08 20:10:03.749  3610  3646 D RemovableAppProvider: package com.hy******a.phone isn't removable app
08-08 20:10:03.750 28519 28837 W PhoneManager.MMKVUtils: Wait for MMKV initialization timeout
08-08 20:10:03.750 28519 28837 E PhoneManager.MultiProcessDataHelper:  getValue: mmkv is null
08-08 20:10:03.751 12944 12969 D bluetooth: [att_protocol.cc:515] attp_cl_send_cmd: Sending ATT command to l2cap cid:0x0004 eatt_channels:0 transport:BT_TRANSPORT_LE
08-08 20:10:03.751 12944 12969 D bluetooth: [att_protocol.cc:389] attp_send_msg_to_l2cap: Sending ATT message on att fixed channel
08-08 20:10:03.751 12944 12969 D bt_l2cap: [l2c_api.cc:1545] L2CA_SendFixedChnlData: Enqueued data for CID: 0x0004 len:9
08-08 20:10:03.751 12944 12969 D l2c_link: [l2c_link.cc:1222] l2c_link_send_to_lower_ble: TotalWin=15,Hndl=0x4,Quota=16,Unack=1,RRQuota=0,RRUnack=0
08-08 20:10:03.751 12944 12969 I oplus_bt_stack_ble_event: report_stack_ble_last_data_transfer, 20:**:**:**:ca:c6
08-08 20:10:03.752 12944 12969 D bt_bta_gattc: [bta_gattc_act.cc:1272] bta_gattc_write_cmpl: Handling write response type: 1: handle 0x0045
08-08 20:10:03.753 28519 28519 I PhoneManager.RealTimeMonitorReceiver: installer=com.a*****d.shell
08-08 20:10:03.759 28601 28802 I Finsky  : [16328] Loaded library for account: [DmW5mP7Cok4abLgfX7e0QpMOT1BRCuNCn0JbKkEjiTw]
08-08 20:10:03.761 28601 28802 I Finsky  : [16328] Finished loading 1 libraries.
08-08 20:10:03.763 28552 28906 W [THOR_APP]-DownloadClient: already init
08-08 20:10:03.763  3979  3979 D SysBroadcastReceiver: oplus.intent.action.PACKAGE_REMOVED
08-08 20:10:03.763  3979  3979 D SysBroadcastReceiver: EventId=1010016	ID_PACKAGE_REMOVED	TimeStamp =1786209003763	Intent =Intent { act=oplus.intent.action.PACKAGE_REMOVED dat=package: flg=0x5000030 (has extras) }	Content =null	Pid =0	PkgName =null
08-08 20:10:03.764 28519 28829 W PhoneManager.MMKVUtils: Wait for MMKV initialization timeout
08-08 20:10:03.764 28519 28829 E PhoneManager.MultiProcessDataHelper:  getValue: mmkv is null
08-08 20:10:03.765 28552 28552 W ServiceManagerCppClient: Failed to get isDeclared for vendor.qti.hardware.perf2.IPerf/default: Status(-1, EX_SECURITY): 'SELinux denied.'
08-08 20:10:03.776  3979  4433 D AppSceneEventManager: handleMessage: 101
08-08 20:10:03.776  3979  4433 I DispatcherPolicy: onBaseEvent EventId=1010016	ID_PACKAGE_REMOVED	TimeStamp =1786209003763	Intent =Intent { act=oplus.intent.action.PACKAGE_REMOVED dat=package: flg=0x5000030 (has extras) }	Content =null	Pid =0	PkgName =null
08-08 20:10:03.781   896   896 E lowmemorykiller: device memory 227333 free 2828 file 226030
08-08 20:10:03.789  3979  4433 D SystemState: com.hypernova.phoneis removed.
08-08 20:10:03.793 28519 28754 D nativeloader: Load /data/app/~~EsNpwGD837guHCj-1cUl5A==/com.coloros.phonemanager-JwI06LGjP5WhRdQCZ1EldQ==/lib/arm64/libmmkv.so using class loader ns clns-7 (caller=/data/app/~~EsNpwGD837guHCj-1cUl5A==/com.coloros.phonemanager-JwI06LGjP5WhRdQCZ1EldQ==/com.coloros.phonemanager_17000001.apk!classes2.dex): ok
08-08 20:10:03.812 28552 28552 I Choreographer: Skipped 61 frames!  The application may be doing too much work on its main thread.
08-08 20:10:03.823 28967 28013 I NetworkScheduler: (REDACTED) Error inserting %s
08-08 20:10:03.825  3009  4718 D VRR [OPlusExternalRefreshRateManager]: isPkgTfcEnable: pkgName = com.heytap.market, enable = false
08-08 20:10:03.825  3009  4718 D VRR [OPlusExternalRefreshRateManager]: getTfcMinFramerate: pkgName = com.heytap.market, min framerate = 0
08-08 20:10:03.826 28552 28552 I DynamicFramerate [FRTCConfigManager]: initFrameRateConfig: 
08-08 20:10:03.826 28552 28552 I DynamicFramerate [FRTCConfigManager]: 	levels: [120, 60]
08-08 20:10:03.826 28552 28552 I DynamicFramerate [FRTCConfigManager]: 	thresholds: [200]
08-08 20:10:03.826 28552 28552 I DynamicFramerate [FRTCConfigManager]: FRTCConfigManager: FRTC_CAPABILITY = 120, package name = com.heytap.market, WINDOW_ANIMATION_SPEED_RATE = 10, SCROLL_ANIMATION_SPEED_RATE = 20, PACKAGE_ENABLE = false
08-08 20:10:03.827 28552 28552 I DynamicFramerate [DynamicFrameRateController]: init info: mPackageName = com.heytap.market, mIsEnabled = false
08-08 20:10:03.833 28896 28896 W libc    : Access denied finding property "ro.odm.prev.product.name"
08-08 20:10:03.834  1479  1562 D vendor.oplus.hardware.charger-V6-service: ret_value:159, read content:,324,328,4080,4078,-494,1500,2200,60,61,1,6,1430,4560,61,1,0,1,1,0,0,4470,0,6,0,6,0,0,0,-2740,0,1,1,0,0,41,41,41,0,0,0,0,0,0,0,0,0,0,4,0,1,0,100,0,0,0,0,0,0,0
08-08 20:10:03.834  1479  1562 D vendor.oplus.hardware.charger-V6-service: gmtime: 2026-08-08-20-10-03
08-08 20:10:03.836  1479  1562 D vendor.oplus.hardware.charger-V6-service: usb_online:1, ac_online:0, wireless_online:-2147483648
08-08 20:10:03.837 28519 28754 I MMKV    : Disable checkProcessMode()
08-08 20:10:03.841  8490 21369 I PTC.DISC.AndroidMultiLanServer: Watcher sysNif=[wlan0], userNif=[wlan0 state=(LISTEN JOIN(CEAB2B|63107)), ], clientNif=[wlan0 state=(LISTEN), ], tcpServer state=LISTEN, ipv4=10.145.0.24
08-08 20:10:03.832 28552 28905 W mk_broadcast: onReceive:android.intent.action.BATTERY_CHANGED,3
08-08 20:10:03.847 28552 28905 W mk_broadcast: onReceive:android.intent.action.BATTERY_CHANGED,3
08-08 20:10:03.848 28601 28601 I Finsky  : [2] Resetting scheduler db
08-08 20:10:03.857 28601 28601 I Finsky  : [2] AIM: AppInfoCacheUpdater -> invalidating apps: [com.hypernova.phone]
08-08 20:10:03.857 28601 28601 I Finsky  : [2] AIM: AppInfoManager-Perf > Creating AppInfoManager ...
08-08 20:10:03.861  3979  4446 I TcpCongestControl: onPackageChange:pkgname:com.hypernova.phone, uid:10495,action:android.intent.action.PACKAGE_REMOVED
08-08 20:10:03.861 28519 28754 I PhoneManager.MMKVUtils: mmkv root: /data/user/0/com.coloros.phonemanager/files/mmkv
08-08 20:10:03.862 28519 28754 I PhoneManager.MMKVUtils: mmkv init finish
08-08 20:10:03.863 25414 25516 D NotificationBackend: getClosedSuperFirewallByBinder: closedSuperFirewall=false,isCalledByBinder=true
08-08 20:10:03.867 28552 28552 W market_check_upgrade: isBrandOsV3 setAppBadgeCount, cnt = 14, tp = 1, upgradeSize = 14, isNumOpen = true
08-08 20:10:03.870 28552 29023 W ONET_oaps_host: safeCaller: 
08-08 20:10:03.870 28552 29023 W ONET_oaps_host: caller: 
08-08 20:10:03.870 28552 29023 W ONET_oaps_host: sharedUseId: 
08-08 20:10:03.870 28552 29023 W ONET_oaps_host: pkgsForUid: 
08-08 20:10:03.878 28552 28552 W market_check_upgrade: execute setAppBadgeCount insert cp !14_14
08-08 20:10:03.882   896   896 E lowmemorykiller: device memory 226602 free 3027 file 224946
08-08 20:10:03.888  3009  4134 I OplusHansManager : FastFreeze exit, unfreeze uids: [10320, 10334]
08-08 20:10:03.888  3009  4134 I OplusHansManager : exit FastFreezer, unfreeze uids: [10334, 10320] thaw: [], reason: exitFF
08-08 20:10:03.888  3009  4134 I OplusHansManager : notify state machine event=FF_EXIT to uids=[10495, 10317, 10320, 10326, 10329]
08-08 20:10:03.889  3009  3998 I OplusHansManager : FF exit, uid=10320, pkg=com.whatsapp M transition to F
08-08 20:10:03.891  3009  3998 I OplusHansManager : uid=10320, pkg=com.whatsapp F enter(), M stay=10
08-08 20:10:03.891 28552 29023 W oaps_host: checksum: false ck: 
08-08 20:10:03.894  3009  3998 I OplusHansManager : freeze uid: 10320 com.whatsapp pids: [27175] scene: LcdOn
08-08 20:10:03.895 28552 28552 W mk_broadcast: PackageReceiver onReceive Intent { act=oplus.intent.action.PACKAGE_REMOVED dat=package: flg=0x5000030 cmp=com.heytap.market/com.heytap.cdo.client.domain.receiver.PackageReceiver (has extras) }
08-08 20:10:03.898 28967 24134 I GetConfigSnapshotOp: (REDACTED) Succeeded but not registered: %s
08-08 20:10:03.906  7071 18718 D IHansComunication: HANS sendMessageToKernel: threadId = 517145082992, netLinkSetup = 1, type = PKG, targetUid = 10320, pkgCmd = ADD_ONE_UID
08-08 20:10:03.908 28552 28818 W ONET_network_AndroidNetworkMonitor: sim state changed, valid ? true
08-08 20:10:03.911 28552 28906 W ONET_DualNetworkManager: sim state changed, valid ? true
08-08 20:10:03.913  3009  4015 I OplusHansManager : p_BC uid=10320 pkg=com.whatsapp
08-08 20:10:03.913  3009  4015 I OplusBinderProxy: proxyBinder uid: 10320 pkg: com.whatsapp proxy: true calling: OFreezer
08-08 20:10:03.916  3009  3104 W OplusAppStartupConfigExt_OplusAppStartupCommonSceneStrategy: Blacklist is Empty
08-08 20:10:03.916  3009  3104 D OplusAppStartupConfigExt: SendReceiver prevent pkg com.oplus.safecenter result = false
08-08 20:10:03.917 28896 28896 D ApplicationLoaders: Returning zygote-cached class loader: /system_ext/framework/androidx.window.extensions.jar
08-08 20:10:03.917 28896 28896 D ApplicationLoaders: Returning zygote-cached class loader: /system_ext/framework/androidx.window.sidecar.jar
08-08 20:10:03.917  3009  3104 D CompatChangeReporter: Compat change id reported: 151861875; UID 1000; state: ENABLED
08-08 20:10:03.926 28552 28958 W [THOR_APP]-auto_download: Condition change condition:BatteryChargingCondtion#status:Phone charging statu:charging..
08-08 20:10:03.928  3009  4718 D CompatChangeReporter: Compat change id reported: 308670109; UID 1000; state: ENABLED
08-08 20:10:03.930 28601 28802 I Finsky  : [16328] SCH: Scheduling phonesky job Id: 1-1337, CT: 1786174375873, Constraints: [{ L: 42934429, D: 86134429, C: CHARGING_NONE, I: IDLE_NONE, N: NET_ANY, B: BATTERY_ANY }]
08-08 20:10:03.932 28601 28802 I Finsky  : [16328] SCH: Scheduling phonesky job Id: 26-1414141414, CT: 1786181205005, Constraints: [{ L: 43200000, D: 44100000, C: CHARGING_NONE, I: IDLE_NONE, N: NET_NONE, B: BATTERY_ANY }]
08-08 20:10:03.937 28601 28802 I Finsky  : [16328] SCH: Scheduling phonesky job Id: 34-1436, CT: 1786173655379, Constraints: [{ L: 604799958, D: 1900799958, C: CHARGING_NONE, I: IDLE_NONE, N: NET_UNMETERED, B: BATTERY_NOT_LOW }]
08-08 20:10:03.941 28601 28802 I Finsky  : [16328] SCH: Scheduling phonesky job Id: 34-1437, CT: 1786169695096, Constraints: [{ L: 79199805, D: 1375199805, C: CHARGING_NONE, I: IDLE_NONE, N: NET_ANY, B: BATTERY_ANY }]
08-08 20:10:03.942 28601 28802 I Finsky  : [16328] SCH: Scheduling phonesky job Id: 34-1438, CT: 1786169696029, Constraints: [{ L: 604800000, D: 2591999295, C: CHARGING_NONE, I: IDLE_NONE, N: NET_ANY, B: BATTERY_ANY }]
08-08 20:10:03.943  1300  1300 D Zygote  : Forked child process 29039
08-08 20:10:03.947  3009  3097 I ActivityManager: Start proc 29039:com.oplus.safecenter/1000 for broadcast {com.oplus.safecenter/com.oplus.safecenter.privacy.control.DeepProtectReceiver}
08-08 20:10:03.948 28601 28601 I Finsky  : [2] AIM: AppInfoManager-Perf > getApps > called for 1 apps
08-08 20:10:03.967 28552 29044 I m.heytap.market: Waiting for a blocking GC Explicit
08-08 20:10:03.982 28519 28758 W PhoneManager.TimeStampUtils: [saveFirstLaunchTime]
08-08 20:10:03.982 28519 28758 W PhoneManager.TimeStampUtils: [getTimeStamp] phonemanager_first_launch
08-08 20:10:03.982 28519 28758 W PhoneManager.TimeStampUtils: [getTimeStamp] phonemanager_first_launch from SharedPreferences
08-08 20:10:03.983 28519 28758 W PhoneManager.TimeStampUtils: [saveFirstLaunchTime] Already exists
08-08 20:10:03.985   896   896 E lowmemorykiller: device memory 225727 free 2987 file 223943
08-08 20:10:03.986 12944 13120 D bt_btif_gattc: [btif_gatt_client.cc:565] btif_gattc_write_char: 
08-08 20:10:03.989 12944 12969 D bluetooth: [att_protocol.cc:515] attp_cl_send_cmd: Sending ATT command to l2cap cid:0x0004 eatt_channels:0 transport:BT_TRANSPORT_LE
08-08 20:10:03.989 12944 12969 D bluetooth: [att_protocol.cc:389] attp_send_msg_to_l2cap: Sending ATT message on att fixed channel
08-08 20:10:03.989 12944 12969 D bt_l2cap: [l2c_api.cc:1545] L2CA_SendFixedChnlData: Enqueued data for CID: 0x0004 len:11
08-08 20:10:03.989 28967 28967 D BoundBrokerSvc: onRebind: Intent { act=com.google.android.gms.libs.gmscorelogger.service.START dat=chimera-action:/... cmp=com.google.android.gms/.chimera.PersistentDirectBootAwareApiService mCallingUid=10114 }
08-08 20:10:03.990 12944 12969 D l2c_link: [l2c_link.cc:1222] l2c_link_send_to_lower_ble: TotalWin=14,Hndl=0x4,Quota=16,Unack=2,RRQuota=0,RRUnack=0
08-08 20:10:03.990 12944 12969 I oplus_bt_stack_ble_event: report_stack_ble_last_data_transfer, 20:**:**:**:ca:c6
08-08 20:10:03.991 12944 12969 D bt_bta_gattc: [bta_gattc_act.cc:1272] bta_gattc_write_cmpl: Handling write response type: 1: handle 0x0045
08-08 20:10:03.996  3009  4719 D ConnectivityService: requestNetwork for uid/pid:10130/28519 activeRequest: null callbackRequest: 105144 [NetworkRequest [ REQUEST id=105145, [ Capabilities: INTERNET&NOT_RESTRICTED&TRUSTED&NOT_VCN_MANAGED&NOT_BANDWIDTH_CONSTRAINED Uid: 10130 RequestorUid: 10130 RequestorPkg: com.coloros.phonemanager UnderlyingNetworks: Null] ]] callback flags: 0 order: 2147483647 isUidTracked: false declaredMethods: AVAIL|LOST|NC
08-08 20:10:04.015 29039 29039 E plus.safecenter: Unknown bits set in runtime_flags: 0x40000000
08-08 20:10:04.015 29039 29039 I plus.safecenter: Using generational CollectorTypeCMC GC.
08-08 20:10:04.022  3009  3450 D ConnectivityService: NetReassign [105145 : null → 741] [c 0] [a 2] [i 1]
08-08 20:10:04.022  3009  3442 D WifiNetworkFactory: got request NetworkRequest [ REQUEST id=105145, [ Capabilities: INTERNET&NOT_RESTRICTED&TRUSTED&NOT_VCN_MANAGED&NOT_BANDWIDTH_CONSTRAINED Uid: 10130 RequestorUid: 10130 RequestorPkg: com.coloros.phonemanager UnderlyingNetworks: Null] ]
08-08 20:10:04.022  3009  3442 D UntrustedWifiNetworkFactory: got request NetworkRequest [ REQUEST id=105145, [ Capabilities: INTERNET&NOT_RESTRICTED&TRUSTED&NOT_VCN_MANAGED&NOT_BANDWIDTH_CONSTRAINED Uid: 10130 RequestorUid: 10130 RequestorPkg: com.coloros.phonemanager UnderlyingNetworks: Null] ]
08-08 20:10:04.022  3009  3442 D OemPaidWifiNetworkFactory: got request NetworkRequest [ REQUEST id=105145, [ Capabilities: INTERNET&NOT_RESTRICTED&TRUSTED&NOT_VCN_MANAGED&NOT_BANDWIDTH_CONSTRAINED Uid: 10130 RequestorUid: 10130 RequestorPkg: com.coloros.phonemanager UnderlyingNetworks: Null] ]
08-08 20:10:04.023  3009  3442 D MultiInternetWifiNetworkFactory: got request NetworkRequest [ REQUEST id=105145, [ Capabilities: INTERNET&NOT_RESTRICTED&TRUSTED&NOT_VCN_MANAGED&NOT_BANDWIDTH_CONSTRAINED Uid: 10130 RequestorUid: 10130 RequestorPkg: com.coloros.phonemanager UnderlyingNetworks: Null] ]
08-08 20:10:04.041 28623 28933 I Finsky:background: [16330] Wrote row to frosting DB: 23494
08-08 20:10:04.045  3979  3979 D SysBroadcastReceiver: oplus.intent.action.PACKAGE_ADDED
08-08 20:10:04.045  3979  3979 D SysBroadcastReceiver: EventId=1010000	ID_PACKAGE_ADDED	TimeStamp =1786209004045	Intent =Intent { act=oplus.intent.action.PACKAGE_ADDED dat=package: flg=0x5000030 (has extras) }	Content =null	Pid =0	PkgName =null
08-08 20:10:04.047  3979  4446 I TcpCongestControl: onPackageChange:pkgname:com.hypernova.phone, uid:10495,action:android.intent.action.PACKAGE_ADDED
08-08 20:10:04.048 26103 26103 I MessagingApp: BugleApplication onTrimMemory level = 20
08-08 20:10:04.049  3979  4433 D AppSceneEventManager: handleMessage: 101
08-08 20:10:04.049  3979  4433 I DispatcherPolicy: onBaseEvent EventId=1010000	ID_PACKAGE_ADDED	TimeStamp =1786209004045	Intent =Intent { act=oplus.intent.action.PACKAGE_ADDED dat=package: flg=0x5000030 (has extras) }	Content =null	Pid =0	PkgName =null
08-08 20:10:04.049  3979  4433 D SystemState: com.hypernova.phoneis added.
08-08 20:10:04.051  3610  3610 I RemovableAppProvider: receive action oplus.intent.action.PACKAGE_ADDED
08-08 20:10:04.058  3610  3749 D AppManager.AppServicesMonitor: receive :android.intent.action.PACKAGE_ADDED
08-08 20:10:04.058 28896 28896 D nativeloader: Configuring clns-shared-7 for other apk /system_ext/app/SecurityPermission/SecurityPermission.apk. target_sdk_version=35, uses_libraries=, library_path=/system_ext/app/SecurityPermission/lib/arm64:/system_ext/app/SecurityPermission/SecurityPermission.apk!/lib/arm64-v8a:/system/lib64:/system_ext/lib64, permitted_path=/data:/mnt/expand:/data/user/0/com.oplus.securitypermission:/system_ext/app/SecurityPermission:/system/lib64:/system_ext/lib64
08-08 20:10:04.059 29039 29039 D nativeloader: Load libframework-connectivity-tiramisu-jni.so using APEX ns com_android_tethering for caller /apex/com.android.tethering/javalib/framework-connectivity-t.jar: ok
08-08 20:10:04.063  3009  4718 I WindowManager: Window{137a12b u0 com.android.mms/com.android.mms.ui.conversation.ConversationActivity} state from HAS_DRAWN to NO_SURFACE; reason: destroySurface
08-08 20:10:04.065  3979  4446 I TcpCongestControl: onPackageChange:pkgname:com.hypernova.phone, uid:10495,action:android.intent.action.PACKAGE_REPLACED
08-08 20:10:04.066  3009  4718 D ActivityTaskManager: Clearing startingData for activity=ActivityRecord{7242bb2 u0 com.android.mms/.ui.conversation.ConversationActivity t8092} mStartingData=null mStartingSurface=null
08-08 20:10:04.076  3610  3646 I RemovableAppProvider: handleMessage what = 20190303
08-08 20:10:04.076  3610  3610 D DistributedDeviceService: android.intent.action.PACKAGE_REPLACED
08-08 20:10:04.076  3610  3646 D RemovableAppProvider: onPackageAdded
08-08 20:10:04.076  3610  3646 D RemovableAppProvider: package com.hy******a.phone isn't removable app
08-08 20:10:04.077  3610  3610 D DistributedDeviceService: android.intent.action.PACKAGE_RESTARTED
08-08 20:10:04.086   896   896 E lowmemorykiller: device memory 224965 free 3063 file 223358
08-08 20:10:04.091 29039 29039 D OplusActivityThreadExtImpl: java.lang.NoSuchMethodException: dalvik.system.VMRuntime.SupressionGC [int, int]
08-08 20:10:04.091 29039 29039 W libc    : Access denied finding property "persist.vendor.sys.activitylog"
08-08 20:10:04.092 29039 29039 I OneTrace: Mark active for pid=29039? true
08-08 20:10:04.092 29039 29039 D cutils-dev: otrace_set_tracing_enabled? true tag:0
08-08 20:10:04.096  5345  5374 D OplusAtlas.OplusAtlasEventDispatch: setEvent:atlas_event_on_foreground_activities_changed info:pid:26103,uid:10120,hasForegroundActivities:0
08-08 20:10:04.097  5345  8814 D OplusAtlas.OplusAudioScene: callback success event:atlas_event_on_foreground_activities_changed eventInfo:pid:26103,uid:10120,hasForegroundActivities:0
08-08 20:10:04.105  5345  8991 D OplusAtlas.OplusMessageHandler: handleMessage: Msg { when=-7ms what=2 obj=com.oplus.atlas.OplusAtlasEvent@36e2707 target=com.oplus.atlas.OplusMessageHandler$MyHandler }
08-08 20:10:04.105 29039 29067 D cutils-dev: properties changed in otrace_seq_number_changed!
08-08 20:10:04.109 28896 28896 D CompatChangeReporter: Compat change id reported: 202956589; UID 1000; state: ENABLED
08-08 20:10:04.112  3009  4718 D ActivityTaskManagerServiceExtImpl: preBindApplication record is null
08-08 20:10:04.112  3009  4718 D RGBNormalizeServer: OplusRGBNormalize feature enabled ? false
08-08 20:10:04.112  3009  4718 D ResourcesManagerCache: For package com.oplus.safecenter we got cacheList [null] appInfoExt is null ? false hasFeature ? false
08-08 20:10:04.115 28519 28758 I System.out: getConfigDir:index_rules
08-08 20:10:04.124 29039 29070 D OplusAppHeapManager: java.lang.NoSuchMethodException: dalvik.system.VMRuntime.updateProcessValue [int, int, int]
08-08 20:10:04.124 28519 28758 I System.out: getConfigDir:/data/user/0/com.coloros.phonemanager/files/rules/index_rules
08-08 20:10:04.129 28519 28758 I System.out: getConfigDir:index_video_rules
08-08 20:10:04.132 28519 28758 I System.out: getConfigDir:/data/user/0/com.coloros.phonemanager/files/video_rules/index_video_rules
08-08 20:10:04.142  5345  8816 D OplusAtlas.OplusMessageHandler: handleMessage: Msg { when=-45ms what=0 obj=com.oplus.atlas.OplusAtlasEvent@36e2707 target=com.oplus.atlas.OplusMessageHandler$MyHandler }
08-08 20:10:04.143 29039 29039 D OplusActivityManager: get AMS extension: android.os.BinderProxy@c7dd74c
08-08 20:10:04.144  1536  1732 D AudioFlingerExtImpl: AudioFlingerExtImpl oplusSetParameters: keyvalue onForegroundActivitiesChanged=com.android.mms:foreground:0
08-08 20:10:04.144  1536  1732 D AudioFlingerExtImpl: updateForegroundInfo mForegroundMap(1)|[com.hypernova.phone]=1
08-08 20:10:04.146 28519 28758 I System.out: getConfigDir:top_app_clean_rules
08-08 20:10:04.153  3979  4433 I ProcessManager: onForegroundActivitiesChanged pid:26103, uid:10120, foregroundActivities:false
08-08 20:10:04.154 12944 13120 D bt_btif_gattc: [btif_gatt_client.cc:565] btif_gattc_write_char: 
08-08 20:10:04.155 28601 28796 I Finsky  : [16327] AIM: AppInfoManager-Perf > OnDeviceAppInfo > cacheHitCount=0, cacheMissCount=1. Missed  in cache (limit 10) : [com.hypernova.phone]
08-08 20:10:04.156 29039 29039 D callGcSupression: java.lang.NullPointerException: Attempt to invoke virtual method 'java.lang.Object java.lang.reflect.Method.invoke(java.lang.Object, java.lang.Object[])' on a null object reference
08-08 20:10:04.157 12944 12969 D bluetooth: [att_protocol.cc:515] attp_cl_send_cmd: Sending ATT command to l2cap cid:0x0004 eatt_channels:0 transport:BT_TRANSPORT_LE
08-08 20:10:04.157 12944 12969 D bluetooth: [att_protocol.cc:389] attp_send_msg_to_l2cap: Sending ATT message on att fixed channel
08-08 20:10:04.157 12944 12969 D bt_l2cap: [l2c_api.cc:1545] L2CA_SendFixedChnlData: Enqueued data for CID: 0x0004 len:9
08-08 20:10:04.158 12944 12969 D l2c_link: [l2c_link.cc:1222] l2c_link_send_to_lower_ble: TotalWin=13,Hndl=0x4,Quota=16,Unack=3,RRQuota=0,RRUnack=0
08-08 20:10:04.158 12944 12969 I oplus_bt_stack_ble_event: report_stack_ble_last_data_transfer, 20:**:**:**:ca:c6
08-08 20:10:04.159 12944 12969 D bt_bta_gattc: [bta_gattc_act.cc:1272] bta_gattc_write_cmpl: Handling write response type: 1: handle 0x0045
08-08 20:10:04.163 28519 28758 I System.out: getConfigDir:/data/user/0/com.coloros.phonemanager/files/rules/top_app_clean_rules
08-08 20:10:04.165 28623 28933 I Finsky:background: [16330] Wrote row to frosting DB: 23495
08-08 20:10:04.180  3009  3442 D WifiStaIfaceHidlImpl: getCachedScanData is not implemented by HIDL
08-08 20:10:04.180 29039 29039 D CompactWindowAppManager: initCompactApplicationInfo CompactMode: , NormalMode: 
08-08 20:10:04.184  3009  3881 D UsageStatsService: User[0] type=3 b=1754673004163 e=1786209004163 cb=1760011847928 ce=1786209004062 disk=0 all=447
08-08 20:10:04.186   896   896 E lowmemorykiller: device memory 225663 free 2902 file 223041
08-08 20:10:04.198 25275 25275 I artd    : GetBestInfo: /data/app/~~NbgPEIbcr666ia8mxzj5XA==/com.hypernova.phone-n5S1A0Gei29t60yYoFdqhA==/base.apk has no usable artifacts
08-08 20:10:04.224 28665 28838 D OplusScrollToTopManager: com.hypernova.phone/com.hypernova.phone.MainActivity,This com.android.internal.policy.DecorView{7285bc V.E...... R....... 0,0-720,1604 aid=0 alpha=1.0 viewInfo = }[MainActivity] change focus to true
08-08 20:10:04.247 28601 28816 I Finsky  : [16329] SCH: Scheduling 0 system job(s)
08-08 20:10:04.276 28623 28869 W Settings: Setting download_manager_max_bytes_over_mobile has moved from android.provider.Settings.Secure to android.provider.Settings.Global.
08-08 20:10:04.277 28519 28758 D PhoneManagerAd: getRegion 2 :EG
08-08 20:10:04.283 28601 28601 W AnrLogEnhancementHelperImpl: app side detected 28601 static_receiver cost time = 2018
08-08 20:10:04.283 28601 28728 I Finsky  : [16314] RECEIVER_PACKAGE_MONITOR#logWorkEndAndFinishGoAsync: SUCCESS
08-08 20:10:04.287   896   896 E lowmemorykiller: device memory 225203 free 3613 file 221880
08-08 20:10:04.297 28519 28758 D PhoneManagerAd: getRegion 2 :EG
08-08 20:10:04.307  3680  3680 E LockScreenNotificationDispatcherImp: updateNotificationListOnKg size:0
08-08 20:10:04.308  3680  3680 I SystemUi--Notification: LockScreenNotificationDispatcherImp-->updateNotificationListOnKg resultCode: 0
08-08 20:10:04.325  3009  3545 D OplusWifiPower_TriggerCenter: mComponentCallback: wifistat
08-08 20:10:04.334 28601 28731 I Finsky  : [16316] Device is eligible for platform Cronet and will attempt to use it.
08-08 20:10:04.339 28601 29031 I Finsky  : [16340] SCH: Received scheduling request: Id: 12-1, Constraints: [{ L: 15000, D: 86400000, C: CHARGING_NONE, I: IDLE_NONE, N: NET_ANY, B: BATTERY_ANY }]
08-08 20:10:04.347  3979  4446 D CommonApp-741-10495: transport layer data is invalid
08-08 20:10:04.367  2259  2259 I cnss-daemon: nl80211 response handler invoked
08-08 20:10:04.368 28601 28730 I Finsky  : [16315] RECEIVER_SINGLE_USER_SETTINGS#logWorkEndAndFinishGoAsync: SUCCESS
08-08 20:10:04.367  2259  2259 I cnss-daemon: nl80211_response_handler: cmd 103, vendorID 4980, subcmd 13  received
08-08 20:10:04.372  1416 10610 I WifiHAL : event received NL80211_CMD_VENDOR, vendor_id = 0x1374, subcmd = 0xd
08-08 20:10:04.373  3009  3104 W OplusAppStartupConfigExt_OplusAppStartupCommonSceneStrategy: Blacklist is Empty
08-08 20:10:04.373  3009  3104 D OplusAppStartupConfigExt: SendReceiver prevent pkg com.oplus.sau result = false
08-08 20:10:04.373  3009  3104 D CompatChangeReporter: Compat change id reported: 151861875; UID 1000; state: ENABLED
08-08 20:10:04.384  4047  4047 D VendorWifiService: onEvent event:9,action:1
08-08 20:10:04.389   896   896 E lowmemorykiller: device memory 224345 free 3154 file 221381
08-08 20:10:04.398  1300  1300 D Zygote  : Forked child process 29096
08-08 20:10:04.401  3009  3097 I ActivityManager: Start proc 29096:com.oplus.sau/1000 for broadcast {com.oplus.sau/com.oplusos.sau.strategy.AppReceiver}
08-08 20:10:04.411 28601 28727 I Finsky  : [16313] Subscription detail: DataSubscriptionInfo{groupIdLevel1=null, serviceProviderName=[wJ3umZZzCbEsBmFDpmLv1fwB9LYo0zcDfc3zkxwGYbw], simCarrierId=676}
08-08 20:10:04.411 29039 29039 D OplusScrollToTopManager: setIsInWhiteList false
08-08 20:10:04.413 29039 29039 D OplusViewDebugManager: OplusViewDebugManager Constructor android.view.debug.OplusViewDebugManager@d151caa [mHasViewDebugProperty true] [mHasMsgDebugProperty false] [DEBUG false] [EXTRAINFOENABLE false] [LIGHT_OS true]
08-08 20:10:04.413   896   896 E lowmemorykiller: device memory 223853 free 5538 file 221543
08-08 20:10:04.414  3009  3712 I Osense-PsiDetector: 874,22,3047,4607,34,133,121,798,1147,404,461,0,4,5561
08-08 20:10:04.415 28601 29097 D HttpFlagsLoader: Not loading HTTP flags because they are disabled in the manifest
08-08 20:10:04.435 28896 28896 I Quality : GetResourcesInfo:323913698,/system_ext/app/SecurityPermission/SecurityPermission.apk
08-08 20:10:04.436 29039 29039 W libc    : Access denied finding property "ro.odm.prev.product.name"
08-08 20:10:04.445 28601 28601 I Finsky  : [2] onSubscriptionsChanged
08-08 20:10:04.451 29096 29096 E com.oplus.sau: Unknown bits set in runtime_flags: 0x40000000
08-08 20:10:04.452 29096 29096 I com.oplus.sau: Using generational CollectorTypeCMC GC.
08-08 20:10:04.463 28519 29016 I NearX.CloudConfig: cloudInit sdk version : 1227 app name : com.coloros.phonemanager
08-08 20:10:04.466 29096 29096 D nativeloader: Load libframework-connectivity-tiramisu-jni.so using APEX ns com_android_tethering for caller /apex/com.android.tethering/javalib/framework-connectivity-t.jar: ok
08-08 20:10:04.478 29096 29096 D OplusActivityThreadExtImpl: java.lang.NoSuchMethodException: dalvik.system.VMRuntime.SupressionGC [int, int]
08-08 20:10:04.479 29096 29096 W libc    : Access denied finding property "persist.vendor.sys.activitylog"
08-08 20:10:04.479 29096 29096 I OneTrace: Mark active for pid=29096? true
08-08 20:10:04.479 29096 29096 D cutils-dev: otrace_set_tracing_enabled? true tag:0
08-08 20:10:04.481 29096 29096 D cutils-dev: properties changed in otrace_seq_number_changed!
08-08 20:10:04.493  3009  4719 D ActivityTaskManagerServiceExtImpl: preBindApplication record is null
08-08 20:10:04.493  3009  4718 D ConnectivityService: requestNetwork for uid/pid:10105/28601 activeRequest: null callbackRequest: 105146 [NetworkRequest [ REQUEST id=105147, [ Capabilities: INTERNET&NOT_RESTRICTED&TRUSTED&NOT_VCN_MANAGED&NOT_BANDWIDTH_CONSTRAINED Uid: 10105 RequestorUid: 10105 RequestorPkg: com.android.vending UnderlyingNetworks: Null] ]] callback flags: 0 order: 2147483647 isUidTracked: false declaredMethods: AVAIL|LOST|NC|LP
08-08 20:10:04.494   896   896 E lowmemorykiller: device memory 222851 free 4210 file 221869
08-08 20:10:04.496  3009  3442 D WifiNetworkFactory: got request NetworkRequest [ REQUEST id=105147, [ Capabilities: INTERNET&NOT_RESTRICTED&TRUSTED&NOT_VCN_MANAGED&NOT_BANDWIDTH_CONSTRAINED Uid: 10105 RequestorUid: 10105 RequestorPkg: com.android.vending UnderlyingNetworks: Null] ]
08-08 20:10:04.497  3009  3442 D UntrustedWifiNetworkFactory: got request NetworkRequest [ REQUEST id=105147, [ Capabilities: INTERNET&NOT_RESTRICTED&TRUSTED&NOT_VCN_MANAGED&NOT_BANDWIDTH_CONSTRAINED Uid: 10105 RequestorUid: 10105 RequestorPkg: com.android.vending UnderlyingNetworks: Null] ]
08-08 20:10:04.497  3009  3450 D ConnectivityService: NetReassign [105147 : null → 741] [c 0] [a 2] [i 1]
08-08 20:10:04.497  3009  3442 D OemPaidWifiNetworkFactory: got request NetworkRequest [ REQUEST id=105147, [ Capabilities: INTERNET&NOT_RESTRICTED&TRUSTED&NOT_VCN_MANAGED&NOT_BANDWIDTH_CONSTRAINED Uid: 10105 RequestorUid: 10105 RequestorPkg: com.android.vending UnderlyingNetworks: Null] ]
08-08 20:10:04.497  3009  3442 D MultiInternetWifiNetworkFactory: got request NetworkRequest [ REQUEST id=105147, [ Capabilities: INTERNET&NOT_RESTRICTED&TRUSTED&NOT_VCN_MANAGED&NOT_BANDWIDTH_CONSTRAINED Uid: 10105 RequestorUid: 10105 RequestorPkg: com.android.vending UnderlyingNetworks: Null] ]
08-08 20:10:04.498  3009  4719 D RGBNormalizeServer: OplusRGBNormalize feature enabled ? false
08-08 20:10:04.498  3009  4719 D ResourcesManagerCache: For package com.oplus.sau we got cacheList [null] appInfoExt is null ? false hasFeature ? false
08-08 20:10:04.507 29096 29111 D OplusAppHeapManager: java.lang.NoSuchMethodException: dalvik.system.VMRuntime.updateProcessValue [int, int, int]
08-08 20:10:04.510 12944 13120 D bt_btif_gattc: [btif_gatt_client.cc:565] btif_gattc_write_char: 
08-08 20:10:04.513 12944 12969 D bluetooth: [att_protocol.cc:515] attp_cl_send_cmd: Sending ATT command to l2cap cid:0x0004 eatt_channels:0 transport:BT_TRANSPORT_LE
08-08 20:10:04.513 12944 12969 D bluetooth: [att_protocol.cc:389] attp_send_msg_to_l2cap: Sending ATT message on att fixed channel
08-08 20:10:04.513 12944 12969 D bt_l2cap: [l2c_api.cc:1545] L2CA_SendFixedChnlData: Enqueued data for CID: 0x0004 len:9
08-08 20:10:04.514 12944 12969 D l2c_link: [l2c_link.cc:1222] l2c_link_send_to_lower_ble: TotalWin=12,Hndl=0x4,Quota=16,Unack=4,RRQuota=0,RRUnack=0
08-08 20:10:04.514 12944 12969 I oplus_bt_stack_ble_event: report_stack_ble_last_data_transfer, 20:**:**:**:ca:c6
08-08 20:10:04.514 12944 12969 D bt_bta_gattc: [bta_gattc_act.cc:1272] bta_gattc_write_cmpl: Handling write response type: 1: handle 0x0045
08-08 20:10:04.517   896   896 E lowmemorykiller: device memory 222520 free 3774 file 221974
08-08 20:10:04.519  3009  3712 I Osense-PsiDetector: 868,14,3043,4607,34,133,121,804,1148,401,465,0,4,5567
08-08 20:10:04.522  3009  3705 I Osense-BaseDecisionMaker: notifySceneToAthenaPolicy: SCENE_RES_MEM_PSI_NORMAL, bundle: Bundle[{memLevel=4}]
08-08 20:10:04.526 28623 28623 I Finsky:background: [2] Memory trim requested to level 40
08-08 20:10:04.528 29096 29096 D OplusActivityManager: get AMS extension: android.os.BinderProxy@c7dd74c
08-08 20:10:04.530  3009  3450 D ConnectivityService: NetReassign [no changes] [c 0] [a 1] [i 2]
08-08 20:10:04.535  3009  3705 I Osense-BaseDecisionMaker: scene: SCENE_RES_MEM_PSI_NORMAL, excutingPolicy: clear
08-08 20:10:04.535  3009  3705 D Osense-BaseDecisionMaker: invoke clear policy,type: cached
08-08 20:10:04.540  3009  3710 I OsenseKillAction: KillAction: [atomic clean] start name=lowmem, requestId=122326, startAvail=867, startFreeMB=13, purposeAvailMB=1200, purposeFreeMB=-1, anonRssTarget=333, minBgCount=0, swapTarget=0, scene=SCENE_RES_MEM_PSI_NORMAL, type=cached, qb=false, cchOnly=true, urgency=false, hoggingCpuPids={}, invalid-cnt=3
08-08 20:10:04.546 28552 28552 W mk_broadcast: PackageReceiver onReceive Intent { act=oplus.intent.action.PACKAGE_ADDED dat=package: flg=0x5000030 cmp=com.heytap.market/com.heytap.cdo.client.domain.receiver.PackageReceiver (has extras) }
08-08 20:10:04.551  3009  3705 I Osense-BaseDecisionMaker: notifySceneToAthenaPolicy: SCENE_RES_MEM_PSI_LEAK, bundle: Bundle[{memLevel=4}]
08-08 20:10:04.553  3009  3710 I OsenseKillAction: KillAction: group process done, total=2ms, firstLoop=1ms, updateProcessInfo=1ms, idleList=0ms, curBg=3
08-08 20:10:04.554  3009  3710 W OplusAppStartupConfigExt_OplusAppStartupCommonSceneStrategy: Blacklist is Empty
08-08 20:10:04.554  3009  3710 D OplusAppStartupConfigExt: RestartService prevent pkg com.facebook.orca result = false
08-08 20:10:04.554  3009  3710 I OsenseKillAction: scanCchEmptyProc: +++++++ start double check +++++++
08-08 20:10:04.554  3009  3710 I OsenseKillAction: scanCchEmptyProc: cch check done: killablePss=0kb, killableAnonRss=0mb, time=1ms, candidate cnt: 0
08-08 20:10:04.554  3009  3710 I OsenseKillAction: scanNonUiProc: ----------start check non ui proc-----------
08-08 20:10:04.555  3009  3710 I OsenseKillAction: scanNonUiProc: done check non ui proc: killablePss=0kb, killableAnonRss=0mb, time=0ms, collected proc num: 0
08-08 20:10:04.555  3009  3710 I OsenseKillAction: scanOomAdj: skip scan oom adj for lowmem
08-08 20:10:04.555  3009  3710 I OsenseKillAction: scanAllProc: skip scan all proc for lowmem
08-08 20:10:04.555  3009  3710 I OsenseKillAction: KillAction: done execute kill, pi2app=0ms, monitor=0ms, kill=0ms, total=0ms, kill cnt=0, local cnt=0
08-08 20:10:04.555  3009  3710 I OsenseKillAction: KillAction: [atomic clean] end requestId=122326, endAvail=868mb, reclaimed: [pss=0mb, anonRss=0mb, swap=0mb, mem=0mb, Rss=0mb], timing: [total=16ms, update=2ms, readMem=4ms, group=2ms, cch=1ms, nonUi=0ms, oomadj=0ms, allProc=0ms, monitor=4ms, kill=0ms], sysinfo: [bgcount=3]
08-08 20:10:04.555  3009  3710 I OsenseKillAction: KillAction: 333mb more anonRss to reclaim, 0mb more swapMb to reclaim, <skip> mem guard, cur avail=868mb, bundle: Bundle[{appcareThreshold=0, triggerMemory=1000, qbmode=false, memLevel=4, type=cached, level=1, scene=SCENE_RES_MEM_PSI_NORMAL, requestId=122326, purposeMemory=1200}]
08-08 20:10:04.557 28552 28958 W [THOR_APP]-download_condition: NetworkCondition enabledBydeepsleep : false
08-08 20:10:04.565 28552 28958 W [THOR_APP]-download_condition: NetworkCondition enabledBydeepsleep : false
08-08 20:10:04.566 29096 29096 D callGcSupression: java.lang.NullPointerException: Attempt to invoke virtual method 'java.lang.Object java.lang.reflect.Method.invoke(java.lang.Object, java.lang.Object[])' on a null object reference
08-08 20:10:04.573  1479  5654 D charge_time: type=cdp/dcp,reserve_soc=1,soc=60,ui_soc=61,current=425,avg=452,not_chg_cnt=0,stable_cnt=7,fcc=4423,fcc_ratio=92,delta=118,debug=0,region=12,ttf=13078(03:37:58),ui_ttf=5145(01:25:45)
08-08 20:10:04.574  3009  3024 W system_server: Suspending all threads took: 9.437ms
08-08 20:10:04.575 28601 29086 E FeatureFlagsImplExport: android.os.flagging.AconfigStorageReadException: ERROR_PACKAGE_NOT_FOUND: package com.android.libcore cannot be found on the device
08-08 20:10:04.575 28519 29046 I PhoneManager.OplusVirusEngine: scanPackage() >>>>>>>>> 
08-08 20:10:04.584 28601 28731 I cn_CronetLibraryLoader: Cronet version: 147.0.7727.132, arch: aarch64
08-08 20:10:04.594  8090  8090 W MediaProvider: WorkProfileOwnerApps cache miss for package com.hypernova.phone
08-08 20:10:04.595 29039 29039 D nativeloader: Configuring clns-shared-7 for other apk /system/system_ext/framework/vendor.oplus.hardware.cryptoeng-V1.0-java.jar. target_sdk_version=35, uses_libraries=ALL, library_path=/system_ext/app/SafeCenter/lib/arm64:/system_ext/app/SafeCenter/SafeCenter.apk!/lib/arm64-v8a:/system/lib64:/system_ext/lib64, permitted_path=/data:/mnt/expand:/data/user/0/com.oplus.safecenter:/system_ext/app/SafeCenter:/system/lib64:/system_ext/lib64
08-08 20:10:04.599 29096 29096 D CompactWindowAppManager: initCompactApplicationInfo CompactMode: , NormalMode: 
08-08 20:10:04.602 28896 28896 V GraphicsEnvironment: Currently set values for:
08-08 20:10:04.605 28896 28896 V GraphicsEnvironment:   angle_gl_driver_selection_pkgs=[]
08-08 20:10:04.605 28896 28896 V GraphicsEnvironment:   angle_gl_driver_selection_values=[]
08-08 20:10:04.605 28896 28896 V GraphicsEnvironment: Global.Settings values are invalid: number of packages: 0, number of values: 0
08-08 20:10:04.606 28896 28896 V GraphicsEnvironment: Neither updatable production driver nor prerelease driver is supported.
08-08 20:10:04.606 29039 29039 D nativeloader: Extending system_exposed_libraries: libbinauralrenderer_wrapper.qti.so:libhoaeffects.qti.so:libSloganJni.oplus.so:libsuperNight.oplus.so:libAPSClient-cmd-jni-extension.oplus.so:libsatellite_audio_jni.oplus.so:libortc_so.oplus.so:libsoundtouch.oplus.so:libsoundtouch_jni.oplus.so:libOplusStringJNI-extension.oplus.so:libapssuspend-jni.oplus.so:libupdateprof.qti.so:libthermalclient.qti.so:libqape.qti.so:libqesdk_ndk_platform.qti.so:liblistenjni.qti.so
08-08 20:10:04.609 28601 28802 I Finsky  : [16328] CronetEngine is present. Using Cronet for the networking stack.
08-08 20:10:04.615  8090  8090 D PickerSyncLockManager: Trying to acquire lock com.android.providers.media.photopicker.sync.CloseableReentrantLock@4e60368[Unlocked]. Lock Name = CLOUD_PROVIDER_LOCK. Threads that may be waiting to acquire this lock = []
08-08 20:10:04.619   896   896 E lowmemorykiller: device memory 221024 free 2960 file 221292
08-08 20:10:04.621  8090  8090 D CloseableReentrantLock: Successfully acquired lock com.android.providers.media.photopicker.sync.CloseableReentrantLock@4e60368[Locked by thread main]. Lock Name = CLOUD_PROVIDER_LOCK. Threads that may be waiting to acquire this lock = []
08-08 20:10:04.621  8090  8090 D CloseableReentrantLock: Successfully released lock com.android.providers.media.photopicker.sync.CloseableReentrantLock@4e60368[Unlocked]. Lock Name = CLOUD_PROVIDER_LOCK. Threads that may be waiting to acquire this lock = []
08-08 20:10:04.627 28552 29120 I m.heytap.market: Waiting for a blocking GC Explicit
08-08 20:10:04.639 28552 29119 I m.heytap.market: Waiting for a blocking GC Explicit
08-08 20:10:04.639 28552 29118 I m.heytap.market: Waiting for a blocking GC Explicit
08-08 20:10:04.641 28552 29117 I m.heytap.market: Waiting for a blocking GC Explicit
08-08 20:10:04.641 28552 29115 I m.heytap.market: Waiting for a blocking GC Explicit
08-08 20:10:04.641 28552 29116 I m.heytap.market: Waiting for a blocking GC Explicit
08-08 20:10:04.652 28623 28869 I Finsky:background: [16328] SettingNotFoundException, fall through to G.downloadBytesOverMobileMaximum
08-08 20:10:04.666  3009  4718 W OplusSelfProtectManager: [addProtectRecord] com.coloros.phonemanager not in whitelist, can't add to protect
08-08 20:10:04.672 25414 25454 D NotificationBackend: onReceivedBroadcast:processPackageBroadcast
08-08 20:10:04.681 28967 24134 I GetConfigSnapshotOp: (REDACTED) Succeeded but not registered: %s
08-08 20:10:04.690 28519 29016 D CloudConfig_stgyHelper: mspVersionCanSupport mspKitVersion : 2031315
08-08 20:10:04.697  1479  1567 D BatteryChargeControl: bcc get no support from charging protocol
08-08 20:10:04.697 14348 14367 I DCS>SdkProcessService[15567]: init: appId=20092
08-08 20:10:04.720   896   896 E lowmemorykiller: device memory 221067 free 5597 file 217690
08-08 20:10:04.721 28519 29016 I MSP-LOG-SDK-MSP-LOG-SDK-: isDebug=false ,IS_SYSOPEN=false
08-08 20:10:04.731  3680  3680 I SystemUi--Notification: OplusQsMediaPanelViewController-->MEDIA_PANEL-->Received ACTION_PACKAGE_REMOVED
08-08 20:10:04.736  3009  3712 I Osense-PsiDetector: 869,31,3040,4607,35,133,121,798,1133,398,452,0,4,5587
08-08 20:10:04.737  3009  3104 I OplusHansManager : unfreeze uid: 10320 com.whatsapp pids: [27175] reason: Broadcast scene: LcdOn
08-08 20:10:04.741  3680  3680 I SystemUi--Notification: OplusQsMediaUtil-->MEDIA_PANEL-->historyMediaPlayerInfoList: 0 userId is 0
08-08 20:10:04.744  3680  3680 I SystemUi--Notification: OplusQsMediaPanelView-->MEDIA_PANEL-->mHistoryList is empty
08-08 20:10:04.744  3680  3680 I SystemUi--Notification: OplusQsMediaPanelView-->MEDIA_PANEL-->resetButtonEnableState
08-08 20:10:04.747  3009  3998 I OplusHansManager : uid=10320, pkg=com.whatsapp F exit(), F stay=0, reason=Broadcast
08-08 20:10:04.748  3009  4015 I OplusHansManager : up_BC uid=10320 pkg=com.whatsapp
08-08 20:10:04.749  3009  3705 I Osense-BaseDecisionMaker: notifySceneToAthenaPolicy: SCENE_RES_MEM_PSI_NORMAL, bundle: Bundle[{memLevel=3}]
08-08 20:10:04.750  3009  4015 I OplusBinderProxy: proxyBinder uid: 10320 pkg: com.whatsapp proxy: false calling: OFreezer
08-08 20:10:04.760  3009  3705 I Osense-BaseDecisionMaker: scene: SCENE_RES_MEM_PSI_NORMAL, excutingPolicy: clear
08-08 20:10:04.762 28554 28554 D CloudConfig_stgyHelper: mspVersionCanSupport mspKitVersion : 2031315
08-08 20:10:04.767  3009  3705 D Osense-BaseDecisionMaker: invoke clear policy,type: cached
08-08 20:10:04.768 28554 28554 D CloudConfig_stgyHelper: getSupportKitMode strategyEntity : StrategyEntity(sdkInterval=1800000, strategyMode=1, minSDKVersion=1000, minKitVersion=2014122, validReqPeriod=7200000, maxReqProduct=100, forceKitIfKit=false, backoff=120000, enable=true, defaultLimit=RateLimitConfig{maxCalls=1, timeWindowSeconds=7200, callIntervalSeconds=0}, productLimits={global-domain_1281=RateLimitConfig{maxCalls=1, timeWindowSeconds=7200, callIntervalSeconds=0}, compass_20123=RateLimitConfig{maxCalls=1, timeWindowSeconds=7200, callIntervalSeconds=0}, 50351=RateLimitConfig{maxCalls=1, timeWindowSeconds=7200, callIntervalSeconds=0}, Push-Overseas=RateLimitConfig{maxCalls=1, timeWindowSeconds=7200, callIntervalSeconds=0}, compass_20142=RateLimitConfig{maxCalls=1, timeWindowSeconds=7200, callIntervalSeconds=0}})
08-08 20:10:04.768 28554 28554 D CloudConfig_stgyHelper: getSupportKitMode localSdkVersion : 1224
08-08 20:10:04.782  3009  3710 I OsenseKillAction: KillAction: [atomic clean] start name=lowmem, requestId=122327, startAvail=861, startFreeMB=19, purposeAvailMB=1200, purposeFreeMB=-1, anonRssTarget=339, minBgCount=0, swapTarget=0, scene=SCENE_RES_MEM_PSI_NORMAL, type=cached, qb=false, cchOnly=true, urgency=false, hoggingCpuPids={}, invalid-cnt=4
08-08 20:10:04.783  3009  3710 I OsenseKillAction: KillAction: [atomic clean] end: skip for no-killable-cached-process
08-08 20:10:04.783  3009  3710 I OsenseKillAction: KillAction: 339mb more anonRss to reclaim, 0mb more swapMb to reclaim, <skip> mem guard, cur avail=0mb, bundle: Bundle[{appcareThreshold=0, triggerMemory=1000, qbmode=false, memLevel=3, type=cached, level=1, scene=SCENE_RES_MEM_PSI_NORMAL, requestId=122327, purposeMemory=1200}]
08-08 20:10:04.789 28519 29016 E MSP-LOG-SDK-ColorOSVersionUtils: oplus ver:34
08-08 20:10:04.789 25414 25516 D NotificationBackend: getClosedSuperFirewallByBinder: closedSuperFirewall=false,isCalledByBinder=true
08-08 20:10:04.789 25414 25516 D NotificationBackend: processPackageBroadcast: action start:android.intent.action.PACKAGE_REMOVED
08-08 20:10:04.796  4088  4088 I PluginManagerImpl: actionManager.reloadPackage, pkg: com.hypernova.phone
08-08 20:10:04.796  4088  4088 I PluginManagerImpl: actionManager.reloadPackage, pkg: com.hypernova.phone
08-08 20:10:04.796  4088  4088 I PluginManagerImpl: actionManager.reloadPackage, pkg: com.hypernova.phone
08-08 20:10:04.796  4088  4088 I PluginManagerImpl: actionManager.reloadPackage, pkg: com.hypernova.phone
08-08 20:10:04.799  4088  4088 I PluginManagerImpl: actionManager.reloadPackage, pkg: com.hypernova.phone
08-08 20:10:04.799  4088  4088 I PluginManagerImpl: actionManager.reloadPackage, pkg: com.hypernova.phone
08-08 20:10:04.799  4088  4088 I PluginManagerImpl: actionManager.reloadPackage, pkg: com.hypernova.phone
08-08 20:10:04.799  4088  4088 I PluginManagerImpl: actionManager.reloadPackage, pkg: com.hypernova.phone
08-08 20:10:04.803 28519 29016 D CloudConfig_stgyHelper: 设置本地限频
08-08 20:10:04.809 25414 25516 W ContextImpl: Calling a method in the system process without a qualified user: android.app.ContextImpl.sendBroadcast:1276 com.oplus.notificationmanager.AppModificationReceiver.notifyAppModified:4 com.oplus.notificationmanager.NotificationBackend.processPackageBroadcast:102 com.oplus.notificationmanager.NotificationBackend.lambda$onReceivedBroadcast$5:12 com.oplus.notificationmanager.NotificationBackend.i:1 
08-08 20:10:04.816 28623 28869 W Settings: Setting download_manager_recommended_max_bytes_over_mobile has moved from android.provider.Settings.Secure to android.provider.Settings.Global.
08-08 20:10:04.821   896   896 E lowmemorykiller: device memory 221194 free 4576 file 218712
08-08 20:10:04.832 12944 13120 D bt_btif_gattc: [btif_gatt_client.cc:565] btif_gattc_write_char: 
08-08 20:10:04.848 25414 25516 D NotificationBackend: processBroadcast: action end:android.intent.action.PACKAGE_REMOVED
08-08 20:10:04.890 29039 29039 I Quality : ActivityThread: createClassLoader delay 436 /system/system_ext/framework/vendor.oplus.hardware.cryptoeng-V1.0-java.jar 29039
08-08 20:10:04.900  7071 18718 D IHansComunication: HANS sendMessageToKernel: threadId = 517145082992, netLinkSetup = 1, type = FROZEN_TRANS, targetUid = 10320, pkgCmd = PKG_CMD_MAX
08-08 20:10:04.902  3680  3680 I SystemUi--Notification: OplusQsMediaPanelView-->MEDIA_PANEL-->history list is empty
08-08 20:10:04.902 28552 29038 W InstallAppUtil: add: com.hypernova.phone
08-08 20:10:04.918 29039 29039 D ApplicationLoaders: Returning zygote-cached class loader: /system_ext/framework/androidx.window.extensions.jar
08-08 20:10:04.918 29039 29039 D ApplicationLoaders: Returning zygote-cached class loader: /system_ext/framework/androidx.window.sidecar.jar
08-08 20:10:04.922  3680  3680 I SystemUi--QuickSettings: OplusQsMediaPanelView-->setBtnColor default
08-08 20:10:04.924   896   896 E lowmemorykiller: device memory 219213 free 2995 file 219256
08-08 20:10:04.933 12944 12969 D bluetooth: [att_protocol.cc:515] attp_cl_send_cmd: Sending ATT command to l2cap cid:0x0004 eatt_channels:0 transport:BT_TRANSPORT_LE
08-08 20:10:04.933 12944 12969 D bluetooth: [att_protocol.cc:389] attp_send_msg_to_l2cap: Sending ATT message on att fixed channel
08-08 20:10:04.934 12944 12969 D bt_l2cap: [l2c_api.cc:1545] L2CA_SendFixedChnlData: Enqueued data for CID: 0x0004 len:11
08-08 20:10:04.934 12944 12969 D l2c_link: [l2c_link.cc:1222] l2c_link_send_to_lower_ble: TotalWin=11,Hndl=0x4,Quota=16,Unack=5,RRQuota=0,RRUnack=0
08-08 20:10:04.934 12944 12969 I oplus_bt_stack_ble_event: report_stack_ble_last_data_transfer, 20:**:**:**:ca:c6
08-08 20:10:04.935 12944 12969 D bt_bta_gattc: [bta_gattc_act.cc:1272] bta_gattc_write_cmpl: Handling write response type: 1: handle 0x0045
08-08 20:10:04.940 28552 29143 W mk_frozen: start short task:force_pkg
08-08 20:10:04.941 28552 29143 W mk_frozen: real start short task:force_pkg,isAuto:false
08-08 20:10:04.954 29096 29096 D OplusScrollToTopManager: setIsInWhiteList false
08-08 20:10:04.971  3680  3680 D ControlsListingControllerImpl: ServiceConfig reloaded, count: 1
08-08 20:10:04.976 28519 29163 I MSP-LOG-SDK-MspSdk: Sdk init start
08-08 20:10:04.981  1399 13000 I vendor.qti.bluetooth@1.0-ibs_handler: [ibs_handler.cpp:778] ProcessIbsCmd: Received IBS_WAKE_IND: 0xFD
08-08 20:10:04.981  4088  6213 E PackageUtils[u0]: checkPackageExist Exception: android.content.pm.PackageManager$NameNotFoundException: com.heytap.quicksearchbox
08-08 20:10:04.981  1399 13000 I vendor.qti.bluetooth@1.0-ibs_handler: [ibs_handler.cpp:795] ProcessIbsCmd: Writing IBS_WAKE_ACK
08-08 20:10:04.995  8490  8490 I Quality : GetResourcesInfo:216768906,/product/priv-app/OPSynergy/OPSynergy.apk
08-08 20:10:04.995 29096 29096 D OplusViewDebugManager: OplusViewDebugManager Constructor android.view.debug.OplusViewDebugManager@d151caa [mHasViewDebugProperty true] [mHasMsgDebugProperty false] [DEBUG false] [EXTRAINFOENABLE false] [LIGHT_OS true]
08-08 20:10:04.999 28552 28887 W InstallAppUtil: addAll
08-08 20:10:05.009  1435  5756 E ANDR-PERF-LM: FeatureState: deleteRow() 208: Entry not found in db
08-08 20:10:05.019  3680  3680 D OplusKeyGuardStylePluginManager: receive:android.intent.action.PACKAGE_REMOVED
08-08 20:10:05.026   896   896 E lowmemorykiller: device memory 216762 free 2800 file 217312
08-08 20:10:05.028  1399 13000 I vendor.qti.bluetooth@1.0-ibs_handler: [ibs_handler.cpp:825] ProcessIbsCmd: Received IBS_SLEEP_IND: 0xFE
08-08 20:10:05.030 25414 25454 D NotificationBackend: onReceivedBroadcast:processPackageBroadcast
08-08 20:10:05.031 25414 25516 D NotificationBackend: getClosedSuperFirewallByBinder: closedSuperFirewall=false,isCalledByBinder=true
08-08 20:10:05.031 25414 25516 D NotificationBackend: processPackageBroadcast: action start:android.intent.action.PACKAGE_ADDED
08-08 20:10:05.031  1435  5762 E ANDR-PERF-LM: FeatureState: deleteRow() 208: Entry not found in db
08-08 20:10:05.033  3680  3680 D ControlsListingControllerImpl: ServiceConfig reloaded, count: 1
08-08 20:10:05.035 28519 29163 I MSP-LOG-SDK-MspSdk: Sdk init finish, version:2.0.1.14
08-08 20:10:05.037 25414 25454 D NotificationBackend: onReceivedBroadcast:processPackageBroadcast
08-08 20:10:05.038  3680  3680 D ControlsListingControllerImpl: ServiceConfig reloaded, count: 1
08-08 20:10:05.044  3680  3680 D OplusKeyGuardStylePluginManager: receive:android.intent.action.PACKAGE_REPLACED
08-08 20:10:05.045  3680  3904 W PluginActionManager: handleQueryPlugins, not in mPrivilegedPlugins, pkgName=com.hypernova.phone
08-08 20:10:05.045  3680  3904 W PluginActionManager: handleQueryPlugins, not in mPrivilegedPlugins, pkgName=com.hypernova.phone
08-08 20:10:05.045  3680  3904 W PluginActionManager: handleQueryPlugins, not in mPrivilegedPlugins, pkgName=com.hypernova.phone
08-08 20:10:05.045  3680  3904 W PluginActionManager: handleQueryPlugins, not in mPrivilegedPlugins, pkgName=com.hypernova.phone
08-08 20:10:05.045  3680  3904 W PluginActionManager: handleQueryPlugins, not in mPrivilegedPlugins, pkgName=com.hypernova.phone
08-08 20:10:05.045  3680  3904 W PluginActionManager: handleQueryPlugins, not in mPrivilegedPlugins, pkgName=com.hypernova.phone
08-08 20:10:05.045  3680  3904 W PluginActionManager: handleQueryPlugins, not in mPrivilegedPlugins, pkgName=com.hypernova.phone
08-08 20:10:05.045  3680  3904 W PluginActionManager: handleQueryPlugins, not in mPrivilegedPlugins, pkgName=com.hypernova.phone
08-08 20:10:05.045  3680  3904 W PluginActionManager: handleQueryPlugins, not in mPrivilegedPlugins, pkgName=com.hypernova.phone
08-08 20:10:05.045  3680  3904 W PluginActionManager: handleQueryPlugins, not in mPrivilegedPlugins, pkgName=com.hypernova.phone
08-08 20:10:05.045  3680  3904 W PluginActionManager: handleQueryPlugins, not in mPrivilegedPlugins, pkgName=com.hypernova.phone
08-08 20:10:05.046  3680  3904 W PluginActionManager: handleQueryPlugins, not in mPrivilegedPlugins, pkgName=com.hypernova.phone
08-08 20:10:05.046  3680  3904 W PluginActionManager: handleQueryPlugins, not in mPrivilegedPlugins, pkgName=com.hypernova.phone
08-08 20:10:05.046  3680  3904 W PluginActionManager: handleQueryPlugins, not in mPrivilegedPlugins, pkgName=com.hypernova.phone
08-08 20:10:05.046  3680  3904 W PluginActionManager: handleQueryPlugins, not in mPrivilegedPlugins, pkgName=com.hypernova.phone
08-08 20:10:05.046  3680  3904 W PluginActionManager: handleQueryPlugins, not in mPrivilegedPlugins, pkgName=com.hypernova.phone
08-08 20:10:05.046  3680  3904 W PluginActionManager: handleQueryPlugins, not in mPrivilegedPlugins, pkgName=com.hypernova.phone
08-08 20:10:05.046  3680  3904 W PluginActionManager: handleQueryPlugins, not in mPrivilegedPlugins, pkgName=com.hypernova.phone
08-08 20:10:05.046  3680  3904 W PluginActionManager: handleQueryPlugins, not in mPrivilegedPlugins, pkgName=com.hypernova.phone
08-08 20:10:05.046  3680  3904 W PluginActionManager: handleQueryPlugins, not in mPrivilegedPlugins, pkgName=com.hypernova.phone
08-08 20:10:05.046  3680  3904 W PluginActionManager: handleQueryPlugins, not in mPrivilegedPlugins, pkgName=com.hypernova.phone
08-08 20:10:05.046  3680  3904 W PluginActionManager: handleQueryPlugins, not in mPrivilegedPlugins, pkgName=com.hypernova.phone
08-08 20:10:05.046  3680  3904 W PluginActionManager: handleQueryPlugins, not in mPrivilegedPlugins, pkgName=com.hypernova.phone
08-08 20:10:05.046  3680  3904 W PluginActionManager: handleQueryPlugins, not in mPrivilegedPlugins, pkgName=com.hypernova.phone
08-08 20:10:05.046  3680  3904 W PluginActionManager: handleQueryPlugins, not in mPrivilegedPlugins, pkgName=com.hypernova.phone
08-08 20:10:05.046  3680  3904 W PluginActionManager: handleQueryPlugins, not in mPrivilegedPlugins, pkgName=com.hypernova.phone
08-08 20:10:05.046  3680  3904 W PluginActionManager: handleQueryPlugins, not in mPrivilegedPlugins, pkgName=com.hypernova.phone
08-08 20:10:05.046  3680  3904 W PluginActionManager: handleQueryPlugins, not in mPrivilegedPlugins, pkgName=com.hypernova.phone
08-08 20:10:05.046  3680  3904 W PluginActionManager: handleQueryPlugins, not in mPrivilegedPlugins, pkgName=com.hypernova.phone
08-08 20:10:05.046  3680  3904 W PluginActionManager: handleQueryPlugins, not in mPrivilegedPlugins, pkgName=com.hypernova.phone
08-08 20:10:05.046  3680  3904 W PluginActionManager: handleQueryPlugins, not in mPrivilegedPlugins, pkgName=com.hypernova.phone
08-08 20:10:05.046  3680  3904 W PluginActionManager: handleQueryPlugins, not in mPrivilegedPlugins, pkgName=com.hypernova.phone
08-08 20:10:05.046  3680  3904 W PluginActionManager: handleQueryPlugins, not in mPrivilegedPlugins, pkgName=com.hypernova.phone
08-08 20:10:05.046  3680  3904 W PluginActionManager: handleQueryPlugins, not in mPrivilegedPlugins, pkgName=com.hypernova.phone
08-08 20:10:05.048  3680  3680 I SystemUi--QuickSettings: QSTileHostHelper-->PACKAGE changed pkgName=com.hypernova.phone,isMultiAppfalse ,replaceDataBundle[{android.intent.extra.REMOVED_FOR_ALL_USERS=true, android.intent.extra.DONT_KILL_APP=false, android.intent.extra.UID=10495, android.intent.extra.SYSTEM_UPDATE_UNINSTALL=false, android.intent.extra.USER_INITIATED=true, android.intent.extra.DATA_REMOVED=false, android.intent.extra.REPLACING=true, android.intent.extra.user_handle=0}]
08-08 20:10:05.052  8490  8490 I PTC.APPCORE.EventBroadcastReceiver: onReceive, action=android.intent.action.PACKAGE_REMOVED
08-08 20:10:05.055 29039 29039 D nativeloader: Configuring clns-shared-8 for other apk /system_ext/app/SafeCenter/SafeCenter.apk. target_sdk_version=35, uses_libraries=, library_path=/system_ext/app/SafeCenter/lib/arm64:/system_ext/app/SafeCenter/SafeCenter.apk!/lib/arm64-v8a:/system/lib64:/system_ext/lib64, permitted_path=/data:/mnt/expand:/data/user/0/com.oplus.safecenter:/system_ext/app/SafeCenter:/system/lib64:/system_ext/lib64
08-08 20:10:05.061  3009  3029 I OplusAppSwitchManagerService: appswitch unregisterAppSwitchObserver pkgName = com.oplus.nas config = OplusAppSwitchConfig = {  mConfigs = {} observerFingerPrint = 177516521}
08-08 20:10:05.062  3009  3029 I OplusAppSwitchStateDispatcher: unregisterAppSwitchObserver ok, pkgName = com.oplus.nas info = OplusAppSwitchRuleInfo = {  observer = null observerFingerPrint = 177516521}
08-08 20:10:05.063 28601 28853 I Finsky  : [16334] ApplicationRestrictions: {}
08-08 20:10:05.067 25414 25516 D NotificationBackend: getClosedSuperFirewallByBinder: closedSuperFirewall=false,isCalledByBinder=true
08-08 20:10:05.067 25414 25516 D NotificationBackend: processPackageBroadcast: action start:android.intent.action.PACKAGE_REPLACED
08-08 20:10:05.067 25414 25516 W ContextImpl: Calling a method in the system process without a qualified user: android.app.ContextImpl.sendBroadcast:1276 com.oplus.notificationmanager.AppModificationReceiver.notifyAppModified:4 com.oplus.notificationmanager.NotificationBackend.processPackageBroadcast:102 com.oplus.notificationmanager.NotificationBackend.lambda$onReceivedBroadcast$5:12 com.oplus.notificationmanager.NotificationBackend.i:1 
08-08 20:10:05.071 14348 14367 I DCS>ContentProvider[15567]: support
08-08 20:10:05.074 25414 25516 D NotificationBackend: processBroadcast: action end:android.intent.action.PACKAGE_REPLACED
08-08 20:10:05.081  9406  9454 I dzfc    : (REDACTED) maybeUpdateCacheDataForAddedPackage %s
08-08 20:10:05.086 28519 29021 I NearX.CloudConfig: cloudInit sdk version : 1227 app name : com.coloros.phonemanager
08-08 20:10:05.091  1399 13000 I vendor.qti.bluetooth@1.0-ibs_handler: [ibs_handler.cpp:778] ProcessIbsCmd: Received IBS_WAKE_IND: 0xFD
08-08 20:10:05.092  1399 13000 I vendor.qti.bluetooth@1.0-ibs_handler: [ibs_handler.cpp:795] ProcessIbsCmd: Writing IBS_WAKE_ACK
08-08 20:10:05.095 12944 12969 D bluetooth: [acl_arbiter.cc:69] InterceptAttPacket: Intercepting ATT packet and forwarding to Rust
08-08 20:10:05.095 12944 12969 E Bluetooth: [gatt_main.cc:1078] gatt_data_process
08-08 20:10:05.095  8490  8490 I PTC.APPCORE.EventBroadcastReceiver: onReceive, action=android.intent.action.PACKAGE_ADDED
08-08 20:10:05.096 12944 12969 I oplus_bt_stack_ble_event: report_stack_ble_last_data_transfer, 20:**:**:**:ca:c6
08-08 20:10:05.098  8228 12333 W SQLiteLog: (28) double-quoted string literal: "com.hypernova.phone"
08-08 20:10:05.098 12944 12969 D bluetooth: [acl_arbiter.cc:69] InterceptAttPacket: Intercepting ATT packet and forwarding to Rust
08-08 20:10:05.099 12944 12969 E Bluetooth: [gatt_main.cc:1078] gatt_data_process
08-08 20:10:05.099 12944 12969 I oplus_bt_stack_ble_event: report_stack_ble_last_data_transfer, 20:**:**:**:ca:c6
08-08 20:10:05.101 12944 12969 D bluetooth: [acl_arbiter.cc:69] InterceptAttPacket: Intercepting ATT packet and forwarding to Rust
08-08 20:10:05.101 12944 12969 E Bluetooth: [gatt_main.cc:1078] gatt_data_process
08-08 20:10:05.102 12944 12969 I oplus_bt_stack_ble_event: report_stack_ble_last_data_transfer, 20:**:**:**:ca:c6
08-08 20:10:05.103 12944 13120 D bt_btif_gattc: [btif_gatt_client.cc:565] btif_gattc_write_char: 
08-08 20:10:05.112 28552 28887 W InstallAppUtil: init end
08-08 20:10:05.113 28552 28887 W download_repair: refresh progress:com.block.juggle,PAUSED
08-08 20:10:05.119 28552 28874 W InstallAppUtil: init end
08-08 20:10:05.121 28552 28908 W InstallAppUtil: init end
08-08 20:10:05.122  8490 29183 W PTC.DATATRANS.g: PACKAGE_REMOVED intent came late : com.hypernova.phone
08-08 20:10:05.123  8490 29184 I PTC.DATATRANS.g: App installed: com.hypernova.phone
08-08 20:10:05.126  8490 29184 E PTC.DATATRANS.XmlReader: Unable to fetch metadata: AccessoryServicesLocation, did you forget to add AccessoryServicesLocation in manifest?
08-08 20:10:05.126  8490 29184 E PTC.DATATRANS.g: No meta data found with key:AccessoryServicesLocation
08-08 20:10:05.126  8490 29184 W PTC.DATATRANS.g: configFileLocationGroup is empty,config error with com.hypernova.phone
08-08 20:10:05.128   896   896 E lowmemorykiller: device memory 218922 free 5263 file 217016
08-08 20:10:05.129 28623 28869 I Finsky:background: [16328] SettingNotFoundException, fall through to G.downloadBytesOverMobileRecommended
08-08 20:10:05.133 29039 29039 D CompatChangeReporter: Compat change id reported: 202956589; UID 1000; state: ENABLED
08-08 20:10:05.134 28552 28877 W InstallAppUtil: init end
08-08 20:10:05.134  1399 13000 I vendor.qti.bluetooth@1.0-ibs_handler: [ibs_handler.cpp:825] ProcessIbsCmd: Received IBS_SLEEP_IND: 0xFE
08-08 20:10:05.135 28601 28768 I Finsky  : [16324] WM::SCH: Logging work initialize for 12-1
08-08 20:10:05.136 28601 28781 I Finsky  : [16326] CronetEngine is present. Using Cronet for the networking stack.
08-08 20:10:05.138 29039 29039 I Quality : ActivityThread: createOrUpdateClassLoaderLocked delay 692 com.oplus.safecenter 29039
08-08 20:10:05.152  3009  3249 D ShortcutService: rescanPackageIfNeeded 0@com.heytap.market, forceRescan=false , isNewApp=false
08-08 20:10:05.165 12944 13018 D bt_btif_gattc: [btif_gatt_client.cc:142] btif_gattc_upstreams_evt: Event BTA_GATTC_NOTIF_EVT [10]
08-08 20:10:05.165 28896 28896 I Quality : ActivityThread: makeApplication delay 370 com.oplus.securitypermission 28896
08-08 20:10:05.166 12944 13018 D bt_btif_gattc: [btif_gatt_client.cc:142] btif_gattc_upstreams_evt: Event BTA_GATTC_NOTIF_EVT [10]
08-08 20:10:05.168 12944 13018 D bt_btif_gattc: [btif_gatt_client.cc:142] btif_gattc_upstreams_evt: Event BTA_GATTC_NOTIF_EVT [10]
08-08 20:10:05.168 12944 12969 D bluetooth: [att_protocol.cc:515] attp_cl_send_cmd: Sending ATT command to l2cap cid:0x0004 eatt_channels:0 transport:BT_TRANSPORT_LE
08-08 20:10:05.168 12944 12969 D bluetooth: [att_protocol.cc:389] attp_send_msg_to_l2cap: Sending ATT message on att fixed channel
08-08 20:10:05.169 12944 12969 D bt_l2cap: [l2c_api.cc:1545] L2CA_SendFixedChnlData: Enqueued data for CID: 0x0004 len:8
08-08 20:10:05.169 12944 12969 D l2c_link: [l2c_link.cc:1222] l2c_link_send_to_lower_ble: TotalWin=15,Hndl=0x4,Quota=16,Unack=1,RRQuota=0,RRUnack=0
08-08 20:10:05.170 12944 12969 I oplus_bt_stack_ble_event: report_stack_ble_last_data_transfer, 20:**:**:**:ca:c6
08-08 20:10:05.170 12944 12969 D bt_bta_gattc: [bta_gattc_act.cc:1272] bta_gattc_write_cmpl: Handling write response type: 1: handle 0x0045
08-08 20:10:05.171 28519 29021 D CloudConfig_stgyHelper: mspVersionCanSupport mspKitVersion : 2031315
08-08 20:10:05.191 28552 28908 W download_ui: newAndroidVersion=35,Build.VERSION.SDK_INT=35
08-08 20:10:05.198  3009  5276 D AS.AudioService: uid 10105, callingApp = com.android.vending
08-08 20:10:05.199  5345  5374 D OplusAtlasService: checkIsInDaemonlistByName module:audio-binder-opt-list packageName:com.android.vending
08-08 20:10:05.201  3009  4782 D AS.AudioService: uid 10105, callingApp = com.android.vending
08-08 20:10:05.202  5345  5374 D OplusAtlasService: checkIsInDaemonlistByName module:audio-binder-opt-list packageName:com.android.vending
08-08 20:10:05.213 28601 28802 I Finsky  : [16328] SCH: Scheduling phonesky job Id: 12-1, CT: 1786209004340, Constraints: [{ L: 15000, D: 86400000, C: CHARGING_NONE, I: IDLE_NONE, N: NET_ANY, B: BATTERY_ANY }]
08-08 20:10:05.229   896   896 E lowmemorykiller: device memory 219755 free 4129 file 218731
08-08 20:10:05.232  3009  3024 I system_server: Background young concurrent mark compact GC freed 24MB AllocSpace bytes, 27(824KB) LOS objects, 17% free, 113MB/137MB, paused 28.894ms,18.258ms total 767.159ms
08-08 20:10:05.237  3009  5276 W ActivityManager: Receiver with filter android.content.IntentFilter@4cd3e3d already registered for pid 28519, callerPackage is com.coloros.phonemanager
08-08 20:10:05.239 28519 29021 D CloudConfig_stgyHelper: 设置本地限频
08-08 20:10:05.257 28552 29185 E SQLiteLog: (1) no such table: download_force in "SELECT * FROM download_force"
08-08 20:10:05.271 29096 29096 W libc    : Access denied finding property "ro.odm.prev.product.name"
08-08 20:10:05.272 28601 28781 I Finsky  : [16326] SCH: Scheduling 1 system job(s)
08-08 20:10:05.275  3009  4782 V AutofillManagerServiceImpl: setAugmentedAutofillWhitelistLocked(packages=[com.whatsapp, jp.naver.line.android, org.thoughtcrime.securesms, com.google.android.apps.miphone.aiai.autofill.testapps.autofillapp, com.google.android.apps.miphone.aiai.translate.testapps.chatapp, com.instagram.android, com.google.android.apps.messaging, com.google.android.apps.maps, com.ubercab, com.google.android.dialer], activities=null)
08-08 20:10:05.275  3009  4782 V AutofillManagerServiceImpl: whitelisting packages: [com.whatsapp, jp.naver.line.android, org.thoughtcrime.securesms, com.google.android.apps.miphone.aiai.autofill.testapps.autofillapp, com.google.android.apps.miphone.aiai.translate.testapps.chatapp, com.instagram.android, com.google.android.apps.messaging, com.google.android.apps.maps, com.ubercab, com.google.android.dialer]and activities: null
08-08 20:10:05.280 28519 29200 I MSP-LOG-SDK-MspSdk: Sdk has initialized! version:2.0.1.14
08-08 20:10:05.296 28601 28781 I Finsky  : [16326] SCH: Scheduling system job Id: 9013, L: 14067, D: 51505029, C: false, I: false, N: 1
08-08 20:10:05.318 28552 29038 W download_su: localDownloadInfo is null
08-08 20:10:05.326 31047  3500 D CustomLogManagerService: WorkHandler msg.what :5
08-08 20:10:05.329   896   896 E lowmemorykiller: device memory 223111 free 4405 file 222063
08-08 20:10:05.330 31047  3500 D CustomLogManagerService: curTemp:324 limit:390
08-08 20:10:05.330 31047  3500 D CustomLogManagerService: checkUploadStatus: isSceenOn=true activeNetType=1 isCharging=true isUploading:false temperatureLimit:false
08-08 20:10:05.330 31047  3500 D CustomLogManagerService: sys.log.customer=false
08-08 20:10:05.330 31047  3500 D CustomLogManagerService: isHaveCustomLogCollecting :false
08-08 20:10:05.336 28896 28896 D CompatChangeReporter: Compat change id reported: 279646685; UID 1000; state: ENABLED
08-08 20:10:05.339  3009  3026 W System  : A resource failed to call release. 
08-08 20:10:05.339 28519 29163 E MSP-LOG-SDK-RateLimitManager: not_allow_invoke because of time_window_not_allow queue = [1786208585780], config = RateLimitConfig{maxCalls=1, timeWindowSeconds=21600, callIntervalSeconds=0}, ipcInvokeTimeQueueMapKey = com.heytap.nearx.tangramconfig.kit.client.ICloudCtrlServiceModule?@?50351?@?1?@?com.coloros.phonemanager, has already call 1 times in 21600 seconds before
08-08 20:10:05.340 28601 28762 I Finsky  : [16320] [ContentSync] finished, scheduled=true
08-08 20:10:05.356 28519 29163 E MSP-LOG-SDK-: MspSdkException{code=3014,message=com.heytap.mspsdk.ratelimit.MspRateLimitExceededException: ipc rate limit exceeded in time window}
08-08 20:10:05.356 28519 29163 E MSP-LOG-SDK-: 	at com.heytap.mspsdk.ratelimit.b.a(RateLimitInterceptor.java:56)
08-08 20:10:05.356 28519 29163 E MSP-LOG-SDK-: 	at com.heytap.mspsdk.interceptor.c.a(StandardListChain.java:40)
08-08 20:10:05.356 28519 29163 E MSP-LOG-SDK-: 	at com.heytap.mspsdk.proxy.b.a(CompatCheckInterceptor.java:30)
08-08 20:10:05.356 28519 29163 E MSP-LOG-SDK-: 	at com.heytap.mspsdk.interceptor.c.a(StandardListChain.java:40)
08-08 20:10:05.356 28519 29163 E MSP-LOG-SDK-: 	at com.heytap.mspsdk.proxy.e.invoke(InnerInvocationHandler.java:202)
08-08 20:10:05.356 28519 29163 E MSP-LOG-SDK-: 	at java.lang.reflect.Proxy.invoke(Proxy.java:1009)
08-08 20:10:05.356 28519 29163 E MSP-LOG-SDK-: 	at $Proxy10.getDynamicCondition(Unknown Source)
08-08 20:10:05.356 28519 29163 E MSP-LOG-SDK-: 	at com.heytap.nearx.tangramconfig.kit.client.KitProxy.getDynamicCondition$lambda$0(KitProxy.kt:25)
08-08 20:10:05.356 28519 29163 E MSP-LOG-SDK-: 	at com.heytap.nearx.tangramconfig.kit.client.KitProxy.b(KitProxy.kt:1)
08-08 20:10:05.356 28519 29163 E MSP-LOG-SDK-: 	at com.heytap.nearx.tangramconfig.kit.client.b.run(R8$$SyntheticClass:9)
08-08 20:10:05.356 28519 29163 E MSP-LOG-SDK-: 	at java.util.concurrent.ThreadPoolExecutor.runWorker(ThreadPoolExecutor.java:1100)
08-08 20:10:05.356 28519 29163 E MSP-LOG-SDK-: 	at java.util.concurrent.ThreadPoolExecutor$Worker.run(ThreadPoolExecutor.java:624)
08-08 20:10:05.356 28519 29163 E MSP-LOG-SDK-: 	at java.lang.Thread.run(Thread.java:1572)
08-08 20:10:05.362  3979  4446 D CommonApp-741-10495: transport layer data is invalid
08-08 20:10:05.362  3009  3251 V SafetySourceDataValidat: Package: com.android.vending has expected signature
08-08 20:10:05.363  3009  3251 V SafetySourceDataValidat: Package: com.android.vending has expected signature
08-08 20:10:05.366 22186 22186 I adbd    : adbd service requested 'shell,v2,TERM=xterm-256color,raw:input tap 610 1542'
08-08 20:10:05.367 28552 28905 W mk_broadcast: register receiver:android.intent.action.BATTERY_CHANGED
08-08 20:10:05.375  3009  3450 D ConnectivityService: NetReassign [no changes] [c 0] [a 14] [i 1]
08-08 20:10:05.383 29096 29096 D ApplicationLoaders: Returning zygote-cached class loader: /system/framework/org.apache.http.legacy.jar
08-08 20:10:05.395 28552 29185 W System.err: android.database.sqlite.SQLiteException: no such table: download_force (code 1 SQLITE_ERROR): , while compiling: SELECT * FROM download_force
08-08 20:10:05.401  3009  8359 D ConnectivityService: requestNetwork for uid/pid:10117/28552 activeRequest: null callbackRequest: 105150 [NetworkRequest [ REQUEST id=105151, [ Capabilities: INTERNET&NOT_RESTRICTED&TRUSTED&NOT_VCN_MANAGED&NOT_BANDWIDTH_CONSTRAINED Uid: 10117 RequestorUid: 10117 RequestorPkg: com.heytap.market UnderlyingNetworks: Null] ]] callback flags: 0 order: 2147483647 isUidTracked: false declaredMethods: AVAIL|LOST|NC
08-08 20:10:05.412 28552 28818 W ONET_network: getCompundData error : java.lang.NullPointerException: Attempt to get length of null array
08-08 20:10:05.421  3009  3450 D ConnectivityService: NetReassign [105151 : null → 741] [c 0] [a 2] [i 2]
08-08 20:10:05.429 25458 29177 I AppBackupStateCleanupIO: Backup state cleanup on uninstall is disabled. [CONTEXT service_id=229 ]
08-08 20:10:05.430   896   896 E lowmemorykiller: device memory 221539 free 2930 file 221854
08-08 20:10:05.440 28519 28754 I MMKV    : root dir: /data/data/com.coloros.phonemanager/files/mmkv
08-08 20:10:05.441 28519 28754 I MMKV    : process mode check enable/disable: 0
08-08 20:10:05.441 28519 28754 I MMKV    : Disable checkProcessMode()
08-08 20:10:05.443 28519 28754 I MMKV    : open fd[166], flag 0x7, /data/data/com.coloros.phonemanager/files/mmkv/riskctrl_module_action_preferences
08-08 20:10:05.443 28519 28754 I MMKV    : mmap to address [0x758a03d000], oldPtr [0x0], [/data/data/com.coloros.phonemanager/files/mmkv/riskctrl_module_action_preferences]
08-08 20:10:05.446 28519 28754 I MMKV    : closing fd[166], /data/data/com.coloros.phonemanager/files/mmkv/riskctrl_module_action_preferences
08-08 20:10:05.448 28519 28754 I MMKV    : open fd[166], flag 0x7, /data/data/com.coloros.phonemanager/files/mmkv/riskctrl_module_action_preferences.crc
08-08 20:10:05.448 28519 28754 I MMKV    : mmap to address [0x758a001000], oldPtr [0x0], [/data/data/com.coloros.phonemanager/files/mmkv/riskctrl_module_action_preferences.crc]
08-08 20:10:05.449 28519 28754 I MMKV    : open fd[167], flag 0x7, /data/data/com.coloros.phonemanager/files/mmkv/riskctrl_command_preferences
08-08 20:10:05.449 28519 28754 I MMKV    : mmap to address [0x758a000000], oldPtr [0x0], [/data/data/com.coloros.phonemanager/files/mmkv/riskctrl_command_preferences]
08-08 20:10:05.450 28519 28754 I MMKV    : closing fd[167], /data/data/com.coloros.phonemanager/files/mmkv/riskctrl_command_preferences
08-08 20:10:05.451 28519 28754 I MMKV    : open fd[167], flag 0x7, /data/data/com.coloros.phonemanager/files/mmkv/riskctrl_command_preferences.crc
08-08 20:10:05.451 28519 28754 I MMKV    : mmap to address [0x7589ff0000], oldPtr [0x0], [/data/data/com.coloros.phonemanager/files/mmkv/riskctrl_command_preferences.crc]
08-08 20:10:05.452 28519 28754 I MMKV    : open fd[168], flag 0x7, /data/data/com.coloros.phonemanager/files/mmkv/riskctrl_parsing_info_preferences
08-08 20:10:05.452 28519 28754 I MMKV    : mmap to address [0x7589fef000], oldPtr [0x0], [/data/data/com.coloros.phonemanager/files/mmkv/riskctrl_parsing_info_preferences]
08-08 20:10:05.453 28519 28754 I MMKV    : closing fd[168], /data/data/com.coloros.phonemanager/files/mmkv/riskctrl_parsing_info_preferences
08-08 20:10:05.453   896   896 E lowmemorykiller: device memory 221410 free 3178 file 221477
08-08 20:10:05.454 28519 28754 I MMKV    : open fd[168], flag 0x7, /data/data/com.coloros.phonemanager/files/mmkv/riskctrl_parsing_info_preferences.crc
08-08 20:10:05.454 28519 28754 I MMKV    : mmap to address [0x7589fee000], oldPtr [0x0], [/data/data/com.coloros.phonemanager/files/mmkv/riskctrl_parsing_info_preferences.crc]
08-08 20:10:05.455 28549 28549 I Process : Sending signal. PID: 28549 SIG: 9
08-08 20:10:05.455 28519 28754 I MMKV    : open fd[169], flag 0x7, /data/data/com.coloros.phonemanager/files/mmkv/riskctrl_ad_block_rule
08-08 20:10:05.462 28967 29182 I ProximityAuth: [RecentAppsMediator] Package added: (user=UserHandle{0}) com.hypernova.phone
08-08 20:10:05.466 25458 29212 I FraudProtectUtils: Not in testing population, skipping local test bank apps. [CONTEXT service_id=469 ]
08-08 20:10:05.468 25458 29212 I FraudProtectUtils: (REDACTED) Latest bank app list size: %d, %s isBankApp: false
08-08 20:10:05.471 25458 29212 I PackageInstallIntentOp: (REDACTED) Package %s is not a bank app. Skipping updates.
08-08 20:10:05.473 28552 28818 W ONET_BaseTransaction: notifyFailed: listener in strong ref is null
08-08 20:10:05.475 28967 29195 I Fitness : (REDACTED) FitCleanupIntentOperation received Intent %s
08-08 20:10:05.478 28967 29198 I FontLog : (REDACTED) Package %s has no metadata
08-08 20:10:05.485 28967 28967 D BoundBrokerSvc: onRebind: Intent { act=com.google.android.gms.auth.aang.events.services.START dat=chimera-action:/... cmp=com.google.android.gms/.chimera.PersistentApiService mCallingUid=10114 }
08-08 20:10:05.483 28519 28754 I MMKV    : mmap to address [0x7589fed000], oldPtr [0x0], [/data/data/com.coloros.phonemanager/files/mmkv/riskctrl_ad_block_rule]
08-08 20:10:05.491 28519 28754 I MMKV    : closing fd[169], /data/data/com.coloros.phonemanager/files/mmkv/riskctrl_ad_block_rule
08-08 20:10:05.491 28519 28754 I MMKV    : open fd[169], flag 0x7, /data/data/com.coloros.phonemanager/files/mmkv/riskctrl_ad_block_rule.crc
08-08 20:10:05.491 28519 28754 I MMKV    : mmap to address [0x7589fec000], oldPtr [0x0], [/data/data/com.coloros.phonemanager/files/mmkv/riskctrl_ad_block_rule.crc]
08-08 20:10:05.495 28519 29200 I MSP-LOG-SDK-ProxyCompat: annotation name is IPCModule
08-08 20:10:05.496 28519 29200 I MSP-LOG-SDK-ProxyCompat: ipcModule is @com.heytap.msp.ipc.annotation.IPCModule(authsOrActions=[com.heytap.htms.action.CLOUD_CTRL_SERVICE], ipcType=SERVICE, targetComponentClass=com.heytap.msp.cloudctrl.ipc.CloudCtrlService, targetModuleClass=com.heytap.msp.cloudctrl.ipc.CloudCtrlServiceModule, targetPackage=com.heytap.htms)
08-08 20:10:05.497 28519 29016 D CloudConfig_stgyHelper: mspVersionCanSupport mspKitVersion : 2031315
08-08 20:10:05.502 28519 29016 D CloudConfig_stgyHelper: getSupportKitMode strategyEntity : StrategyEntity(sdkInterval=1800000, strategyMode=1, minSDKVersion=1000, minKitVersion=2014122, validReqPeriod=7200000, maxReqProduct=100, forceKitIfKit=false, backoff=120000, enable=true, defaultLimit=RateLimitConfig{maxCalls=1, timeWindowSeconds=7200, callIntervalSeconds=0}, productLimits={global-domain_1281=RateLimitConfig{maxCalls=1, timeWindowSeconds=7200, callIntervalSeconds=0}, 50351=RateLimitConfig{maxCalls=1, timeWindowSeconds=7200, callIntervalSeconds=0}, global-domain_1961=RateLimitConfig{maxCalls=1, timeWindowSeconds=7200, callIntervalSeconds=0}, compass_143100=RateLimitConfig{maxCalls=1, timeWindowSeconds=7200, callIntervalSeconds=0}, compass_20092=RateLimitConfig{maxCalls=1, timeWindowSeconds=7200, callIntervalSeconds=0}, mdp_2196=RateLimitConfig{maxCalls=1, timeWindowSeconds=7200, callIntervalSeconds=0}, mdp_2047=RateLimitConfig{maxCalls=1, timeWindowSeconds=7200, callIntervalSeconds=0}, global-domain_2047=RateLimitConfig{maxCalls=1, timeWindowSeconds=7200, callIntervalSeconds=0}, compass_121100=RateLimitConfig{maxCalls=1, timeWindowSeconds=7200, callIntervalSeconds=0}})
08-08 20:10:05.504 28519 29016 D CloudConfig_stgyHelper: getSupportKitMode localSdkVersion : 1227
08-08 20:10:05.508 28519 29021 D CloudConfig_stgyHelper: mspVersionCanSupport mspKitVersion : 2031315
08-08 20:10:05.509 28519 29016 I NearX.CloudConfig: cloudInit completed
08-08 20:10:05.511  8228  8239 I kloadclassifier: Background young concurrent mark compact GC freed 1548KB AllocSpace bytes, 0(0B) LOS objects, 7% free, 3331KB/3615KB, paused 2.174ms,1.206ms total 109.341ms
08-08 20:10:05.530   896   896 E lowmemorykiller: device memory 220532 free 2880 file 220819
08-08 20:10:05.542 29096 29096 D nativeloader: Configuring clns-shared-7 for other apk /system_ext/framework/qti-telephony-utils.jar. target_sdk_version=35, uses_libraries=ALL, library_path=/system_ext/app/SystemAppUpdateService/lib/arm64:/system_ext/app/SystemAppUpdateService/SystemAppUpdateService.apk!/lib/arm64-v8a:/system/lib64:/system_ext/lib64, permitted_path=/data:/mnt/expand:/data/user/0/com.oplus.sau:/system_ext/app/SystemAppUpdateService:/system/lib64:/system_ext/lib64
08-08 20:10:05.549  8228  8241 W kloadclassifier: ApkAssets: Deleting an ApkAssets object '<empty> and /data/app/~~NbgPEIbcr666ia8mxzj5XA==/com.hypernova.phone-n5S1A0Gei29t60yYoFdqhA==/base.apk' with 1 weak references
08-08 20:10:05.552 28519 29221 I CloudConfig: tn: sdk-50351-ruc
08-08 20:10:05.553  3009  3251 I InputDispatcher: injectInputEvent: targetUid=<not set>, syncMode=WAIT_FOR_FINISHED, timeout=30000ms, policyFlags=0x8000000, event=MotionEvent { action=DOWN, id[0]=0, x[0]=610, y[0]=1542, eventTime=542801361000000, downTime=542801361000000, deviceId=4, source=TOUCHSCREEN, displayId=0, eventId=0xc8580d94}
08-08 20:10:05.558   896   896 E lowmemorykiller: device memory 221825 free 4261 file 220747
08-08 20:10:05.563  4088  4211 D BufferQueueConsumer: [](id:ff800000e25,api:0,p:-1,c:4088) connect: controlledByApp=true
08-08 20:10:05.571  1300  1300 I Zygote  : Process 28549 exited due to signal 9 (Killed)
08-08 20:10:05.572  3009  5276 I ActivityManager: Death received, pid = 28549, processName = com.heytap.mcs.appservice for thread android.os.BinderProxy@76a59c7
08-08 20:10:05.573  1435  5756 E ANDR-PERF-LM: MetaMeter: handleAsync() 166: LightningLaunches Invalid Async
08-08 20:10:05.574  3009  3781 I ActivityManager: Process com.heytap.mcs.appservice (pid 28549) has died: vis IMPF
08-08 20:10:05.575  3009  3098 I libprocessgroup: Removed cgroup /sys/fs/cgroup/uid_1000/pid_28549
08-08 20:10:05.575  3009  3781 W OplusAppStartupConfigExt_OplusAppStartupCommonSceneStrategy: Blacklist is Empty
08-08 20:10:05.575  3009  3781 D OplusAppStartupConfigExt: RestartService prevent pkg com.heytap.mcs result = false
08-08 20:10:05.576  3009  3781 D OplusAppStartupManager: prevent restart service, pkgName = com.heytap.mcs, scenePriority = -1
08-08 20:10:05.579  1479  5654 D charge_time: type=cdp/dcp,reserve_soc=1,soc=60,ui_soc=61,current=408,avg=444,not_chg_cnt=0,stable_cnt=7,fcc=4423,fcc_ratio=92,delta=119,debug=0,region=12,ttf=13315(03:41:55),ui_ttf=5144(01:25:44)
08-08 20:10:05.581  3979  4433 I ProcessManager: onProcessDied pid:28549, uid:1000
08-08 20:10:05.581  3979  4433 D AppSceneEventManager: handleMessage: 101
08-08 20:10:05.582  3979  4433 I DispatcherPolicy: onBaseEvent EventId=22	INPUT_PROCESS_DIED	TimeStamp =1786209005581	Intent =null	Content =null	Pid =28549	PkgName =com.heytap.mcs
08-08 20:10:05.582  3979  4433 I GamingScene: onInputEvent : INPUT_PROCESS_DIED
08-08 20:10:05.582 22620 22620 I ActivityThread: Removing dead content provider:android.content.ContentProviderProxy@30912bd
08-08 20:10:05.592 28519 29021 D CloudConfig_stgyHelper: getSupportKitMode strategyEntity : StrategyEntity(sdkInterval=1800000, strategyMode=1, minSDKVersion=1000, minKitVersion=2014122, validReqPeriod=7200000, maxReqProduct=100, forceKitIfKit=false, backoff=120000, enable=true, defaultLimit=RateLimitConfig{maxCalls=1, timeWindowSeconds=7200, callIntervalSeconds=0}, productLimits={global-domain_1281=RateLimitConfig{maxCalls=1, timeWindowSeconds=7200, callIntervalSeconds=0}, 50351=RateLimitConfig{maxCalls=1, timeWindowSeconds=7200, callIntervalSeconds=0}, global-domain_1961=RateLimitConfig{maxCalls=1, timeWindowSeconds=7200, callIntervalSeconds=0}, compass_143100=RateLimitConfig{maxCalls=1, timeWindowSeconds=7200, callIntervalSeconds=0}, compass_20092=RateLimitConfig{maxCalls=1, timeWindowSeconds=7200, callIntervalSeconds=0}, mdp_2196=RateLimitConfig{maxCalls=1, timeWindowSeconds=7200, callIntervalSeconds=0}, mdp_2047=RateLimitConfig{maxCalls=1, timeWindowSeconds=7200, callIntervalSeconds=0}, global-domain_2047=RateLimitConfig{maxCalls=1, timeWindowSeconds=7200, callIntervalSeconds=0}, compass_121100=RateLimitConfig{maxCalls=1, timeWindowSeconds=7200, callIntervalSeconds=0}})
08-08 20:10:05.595 14231 14270 I AiAiVC  : Centralized allowlist: requested package com.google.android.apps.messaging is in the allowlist
08-08 20:10:05.596  3009  3501 D ShortcutService: Saving package item com.heytap.market to /data/system_ce/0/shortcut_service/packages/com.heytap.market.xml
08-08 20:10:05.597 14231 14270 I AiAiVC  : Centralized allowlist: requested package com.google.android.gm is in the allowlist
08-08 20:10:05.599 14231 14270 I AiAiVC  : Centralized allowlist: requested package com.instagram.android is in the allowlist
08-08 20:10:05.601 14231 14270 I AiAiVC  : Centralized allowlist: requested package com.whatsapp is in the allowlist
08-08 20:10:05.602 14231 14270 I AiAiVC  : Centralized allowlist: requested package com.google.android.apps.maps is in the allowlist
08-08 20:10:05.607 14231 14270 I AiAiVC  : Centralized allowlist: requested package com.ubercab is in the allowlist
08-08 20:10:05.608 14231 14270 I AiAiVC  : Centralized allowlist: requested package com.google.android.dialer is in the allowlist
08-08 20:10:05.608 14231 14270 I AiAiVC  : Centralized allowlist: requested package jp.naver.line.android is in the allowlist
08-08 20:10:05.609 14231 14270 I AiAiVC  : Centralized allowlist: requested package org.thoughtcrime.securesms is in the allowlist
08-08 20:10:05.610 14231 14270 I AiAiVC  : Centralized allowlist: requested package com.google.android.apps.miphone.aiai.autofill.testapps.autofillapp is in the allowlist
08-08 20:10:05.610  4088  4311 D skia    : setRusSupported enable 0
08-08 20:10:05.611 14231 14270 I AiAiVC  : Centralized allowlist: requested package com.google.android.apps.miphone.aiai.translate.testapps.chatapp is in the allowlist
08-08 20:10:05.611 28519 29221 I CloudConfig: ruc 50351 enter
08-08 20:10:05.612  3009  4718 V AutofillManagerServiceImpl: setAugmentedAutofillWhitelistLocked(packages=[com.whatsapp, jp.naver.line.android, org.thoughtcrime.securesms, com.google.android.apps.miphone.aiai.autofill.testapps.autofillapp, com.google.android.apps.miphone.aiai.translate.testapps.chatapp, com.instagram.android, com.google.android.apps.messaging, com.google.android.apps.maps, com.ubercab, com.google.android.dialer], activities=null)
08-08 20:10:05.612  3009  4718 V AutofillManagerServiceImpl: whitelisting packages: [com.whatsapp, jp.naver.line.android, org.thoughtcrime.securesms, com.google.android.apps.miphone.aiai.autofill.testapps.autofillapp, com.google.android.apps.miphone.aiai.translate.testapps.chatapp, com.instagram.android, com.google.android.apps.messaging, com.google.android.apps.maps, com.ubercab, com.google.android.dialer]and activities: null
08-08 20:10:05.614  3009  3251 E InputDispatcher: Inconsistent event: MotionEvent { action=DOWN, id[0]=0, x[0]=610, y[0]=1542, eventTime=542801361000000, downTime=542801361000000, deviceId=4, source=TOUCHSCREEN, displayId=0, eventId=0xc8580d94}, reason: Injection on 0: Invalid DOWN event - pointers already down for device DeviceId(-1): {DeviceId(-1): {1, 0}}
08-08 20:10:05.615  4088  4311 D BufferQueueProducer: [ImageReader-120x120f1u2816m2-4088-3450](id:ff800000e25,api:1,p:4088,c:4088) connect: api=1 producerControlledByApp=true
08-08 20:10:05.619  3009  3442 D WifiNetworkFactory: got request NetworkRequest [ REQUEST id=105151, [ Capabilities: INTERNET&NOT_RESTRICTED&TRUSTED&NOT_VCN_MANAGED&NOT_BANDWIDTH_CONSTRAINED Uid: 10117 RequestorUid: 10117 RequestorPkg: com.heytap.market UnderlyingNetworks: Null] ]
08-08 20:10:05.619  3009  3442 D UntrustedWifiNetworkFactory: got request NetworkRequest [ REQUEST id=105151, [ Capabilities: INTERNET&NOT_RESTRICTED&TRUSTED&NOT_VCN_MANAGED&NOT_BANDWIDTH_CONSTRAINED Uid: 10117 RequestorUid: 10117 RequestorPkg: com.heytap.market UnderlyingNetworks: Null] ]
08-08 20:10:05.621  1598  1854 D VRR [OTI]: handleIdle from 1 to 0
08-08 20:10:05.622  1598  1854 D VRR [OTI-HW]: isStateReady 0
08-08 20:10:05.622  1598  1854 D VRR [OTI-HW]: rate range: min {id=1, hwcId=1, resolution=720x1604, vsyncRate=60.00 Hz, dpi=265.04x262.85, group=0, vrrConfig=N/A} cur {id=1, hwcId=1, resolution=720x1604, vsyncRate=60.00 Hz, dpi=265.04x262.85, group=0, vrrConfig=N/A} max {id=1, hwcId=1, resolution=720x1604, vsyncRate=60.00 Hz, dpi=265.04x262.85, group=0, vrrConfig=N/A}
08-08 20:10:05.622  1598  1854 D VRR [OTI-HW]: keep rate.
08-08 20:10:05.623  3009  3719 I [UAH_CLIENT]: UahEventAcquire, cmdid:37, pkg:none, identity:OplusUAwareInputHelper
08-08 20:10:05.623  4088  4088 D AnimSeqTimeStamp: getTimeGapToLastStartAppTime: 542801442
08-08 20:10:05.625  3680  4525 I SystemUi--NavBar: NoBackGesture-->display_id_0 Start gesture: MotionEvent { action=ACTION_DOWN, actionButton=0, id[0]=0, x[0]=610.0, y[0]=1542.0, toolType[0]=TOOL_TYPE_FINGER, buttonState=0, classification=NONE, metaState=0, flags=0x0, edgeFlags=0x0, pointerCount=1, historySize=0, eventTime=542801361, downTime=542801361, deviceId=-1, source=0x1002, displayId=0, eventId=-933753452 }
08-08 20:10:05.625  3680  4525 I SystemUi--NavBar: NoBackGesture-->display_id_0 Not in side gesture area
08-08 20:10:05.625  3009  3719 D UAH-UahAdaptHelper: adaptSetNotification identity = OplusUAwareInputHelpersrc = 1000 , type 0 ,p1 = -1 ,p2 = -1 ,p3 = -1 ,p4 =
08-08 20:10:05.625  3009  3719 I [UAH_CLIENT]: uahRuleCtl, ruleId:1000, status:0
08-08 20:10:05.627  3009  3566 D OGG_Detector: D:done mCurrStatus: 0
08-08 20:10:05.629  4088  4311 D HWUI    : SkiaOpenGLPipeline::setSurface: this=0xb40000736af8e900, surface=NULL
08-08 20:10:05.630  4088  4311 D BufferQueueProducer: [ImageReader-120x120f1u2816m2-4088-3450](id:ff800000e25,api:1,p:4088,c:4088) disconnect: api 1
08-08 20:10:05.630  3009  3127 D PowerManagerService: userActivityNoUpdateLocked: groupId=0, eventTime=542801361, event=touch, flags=0x0, uid=1000
08-08 20:10:05.635  4088  4088 I OplusBaseTouchInteractionService: onInputEvent(), ACTION_DOWN, Consumer=TYPE_NO_OP
08-08 20:10:05.619  3009  3442 D OemPaidWifiNetworkFactory: got request NetworkRequest [ REQUEST id=105151, [ Capabilities: INTERNET&NOT_RESTRICTED&TRUSTED&NOT_VCN_MANAGED&NOT_BANDWIDTH_CONSTRAINED Uid: 10117 RequestorUid: 10117 RequestorPkg: com.heytap.market UnderlyingNetworks: Null] ]
08-08 20:10:05.636  3009  3442 D MultiInternetWifiNetworkFactory: got request NetworkRequest [ REQUEST id=105151, [ Capabilities: INTERNET&NOT_RESTRICTED&TRUSTED&NOT_VCN_MANAGED&NOT_BANDWIDTH_CONSTRAINED Uid: 10117 RequestorUid: 10117 RequestorPkg: com.heytap.market UnderlyingNetworks: Null] ]
08-08 20:10:05.637 29039 29039 I Quality : GetResourcesInfo:498706093,/system_ext/app/SafeCenter/SafeCenter.apk
08-08 20:10:05.644 28519 29021 D CloudConfig_stgyHelper: getSupportKitMode localSdkVersion : 1227
08-08 20:10:05.644  3009  3712 I Osense-PsiDetector: 885,27,3033,4607,35,133,95,797,1138,419,450,0,4,5635
08-08 20:10:05.645 28519 29021 I NearX.CloudConfig: cloudInit completed
08-08 20:10:05.646  3009  3705 I Osense-BaseDecisionMaker: notifySceneToAthenaPolicy: SCENE_RES_MEM_PSI_NORMAL, bundle: Bundle[{memLevel=4}]
08-08 20:10:05.653  8228 12333 W SQLiteLog: (28) double-quoted string literal: "com.hypernova.phone"
08-08 20:10:05.655  3009  3705 I Osense-BaseDecisionMaker: scene: SCENE_RES_MEM_PSI_NORMAL, excutingPolicy: clear
08-08 20:10:05.656  3009  3705 D Osense-BaseDecisionMaker: invoke clear policy,type: cached
08-08 20:10:05.658 28665 28665 V AutofillManager: requestHideFillUi(null): anchor = null
08-08 20:10:05.661   896   896 E lowmemorykiller: device memory 228955 free 8893 file 223245
08-08 20:10:05.663 25275 25275 I artd    : GetBestInfo: /data/app/~~NbgPEIbcr666ia8mxzj5XA==/com.hypernova.phone-n5S1A0Gei29t60yYoFdqhA==/base.apk has no usable artifacts
08-08 20:10:05.665  3009  3705 I Osense-BaseDecisionMaker: notifySceneToAthenaPolicy: SCENE_RES_MEM_PSI_LEAK, bundle: Bundle[{memLevel=4}]
08-08 20:10:05.668  4088  4211 D BufferQueueConsumer: [ImageReader-120x120f1u2816m2-4088-3450](id:ff800000e25,api:0,p:-1,c:4088) disconnect
08-08 20:10:05.671  3009  3251 I InputDispatcher: injectInputEvent: targetUid=<not set>, syncMode=WAIT_FOR_FINISHED, timeout=30000ms, policyFlags=0x8000000, event=MotionEvent { action=UP, id[0]=0, x[0]=610, y[0]=1542, eventTime=542801361000000, downTime=542801361000000, deviceId=4, source=TOUCHSCREEN, displayId=0, eventId=0xf20da59c}
08-08 20:10:05.674  3009  3251 E InputDispatcher: Inconsistent event: MotionEvent { action=UP, id[0]=0, x[0]=610, y[0]=1542, eventTime=542801361000000, downTime=542801361000000, deviceId=4, source=TOUCHSCREEN, displayId=0, eventId=0xf20da59c}, reason: Injection on 0: Got ACTION_UP, but we have pointers: {1, 0} for device DeviceId(-1)
08-08 20:10:05.675  3009  3710 I OsenseKillAction: KillAction: [atomic clean] start name=lowmem, requestId=122328, startAvail=892, startFreeMB=33, purposeAvailMB=1200, purposeFreeMB=-1, anonRssTarget=308, minBgCount=0, swapTarget=0, scene=SCENE_RES_MEM_PSI_NORMAL, type=cached, qb=false, cchOnly=true, urgency=false, hoggingCpuPids={}, invalid-cnt=4
08-08 20:10:05.675  3009  3710 I OsenseKillAction: KillAction: [atomic clean] end: skip for no-killable-cached-process
08-08 20:10:05.675  3009  3710 I OsenseKillAction: KillAction: 308mb more anonRss to reclaim, 0mb more swapMb to reclaim, <skip> mem guard, cur avail=0mb, bundle: Bundle[{appcareThreshold=0, triggerMemory=1000, qbmode=false, memLevel=4, type=cached, level=1, scene=SCENE_RES_MEM_PSI_NORMAL, requestId=122328, purposeMemory=1200}]
08-08 20:10:05.676  4088  4088 D AnimSeqTimeStamp: getTimeGapToLastStartAppTime: 542801495
08-08 20:10:05.677  3009  3719 D UAH-UahAdaptHelper: adaptSetNotification identity = OplusUAwareInputHelpersrc = 1000 , type 1 ,p1 = -1 ,p2 = -1 ,p3 = -1 ,p4 =
08-08 20:10:05.677  3009  3719 I [UAH_CLIENT]: uahRuleCtl, ruleId:1000, status:1
08-08 20:10:05.678 28665 28665 D OplusInputMethodManagerInternal: get inputMethodManager extension: com.android.internal.view.IInputMethodManager$Stub$Proxy@f5ba4c
08-08 20:10:05.683 28665 28665 D ViewRootImplExtImpl: the up motion event handled by client, just return
08-08 20:10:05.697  1479  1567 D BatteryChargeControl: bcc get no support from charging protocol
08-08 20:10:05.698 28519 29227 I CloudConfig: tn: 50351-Track
08-08 20:10:05.707 22186 22186 I adbd    : adbd service requested 'shell,v2,TERM=xterm-256color,raw:sleep 3'
08-08 20:10:05.719 28665 28665 I oplus.android.OplusFrameworkFactoryImpl: get feature:IOplusDynamicVsyncFeature
08-08 20:10:05.720 28665 28665 I oplus.android.OplusFrameworkFactoryImpl: get feature:IOplusDynamicVsyncFeature
08-08 20:10:05.720 28665 28665 I oplus.android.OplusFrameworkFactoryImpl: get feature:IOplusDynamicVsyncFeature
08-08 20:10:05.734 28519 29200 I MSP-LOG-SDK-PackageReplace: filter target = TargetInfo{name='com.heytap.msp.cloudctrl.ipc.CloudCtrlService', packageName='com.heytap.htms', authorities='null', action='com.heytap.htms.action.CLOUD_CTRL_SERVICE'}
08-08 20:10:05.745  3009  3249 I AppProfilerExtImpl: delay mem upgrade factor change for AS 12725
08-08 20:10:05.762   896   896 E lowmemorykiller: device memory 229813 free 7319 file 225679
08-08 20:10:05.766 28519 28998 D TapHttp.: newSslSocketFactory isSupported
08-08 20:10:05.767  3009  3712 I Osense-PsiDetector: 897,28,3033,4607,35,133,95,794,1141,420,461,0,4,5631
08-08 20:10:05.768  3009  3705 I Osense-BaseDecisionMaker: notifySceneToAthenaPolicy: SCENE_RES_MEM_PSI_NORMAL, bundle: Bundle[{memLevel=3}]
08-08 20:10:05.773  3009  3705 I Osense-BaseDecisionMaker: scene: SCENE_RES_MEM_PSI_NORMAL, excutingPolicy: clear
08-08 20:10:05.773  3009  3705 D Osense-BaseDecisionMaker: invoke clear policy,type: cached
08-08 20:10:05.774 28519 28998 E TapHttp : newSslSocketFactory ClassNotFoundException
08-08 20:10:05.774  3009  3710 I OsenseKillAction: KillAction: [atomic clean] start name=lowmem, requestId=122329, startAvail=897, startFreeMB=28, purposeAvailMB=1200, purposeFreeMB=-1, anonRssTarget=303, minBgCount=0, swapTarget=0, scene=SCENE_RES_MEM_PSI_NORMAL, type=cached, qb=false, cchOnly=true, urgency=false, hoggingCpuPids={}, invalid-cnt=4
08-08 20:10:05.774  3009  3710 I OsenseKillAction: KillAction: [atomic clean] end: skip for no-killable-cached-process
08-08 20:10:05.774  3009  3710 I OsenseKillAction: KillAction: 303mb more anonRss to reclaim, 0mb more swapMb to reclaim, <skip> mem guard, cur avail=0mb, bundle: Bundle[{appcareThreshold=0, triggerMemory=1000, qbmode=false, memLevel=3, type=cached, level=1, scene=SCENE_RES_MEM_PSI_NORMAL, requestId=122329, purposeMemory=1200}]
08-08 20:10:05.777 28519 28998 D TapHttp : newSslSocketFactory config sessionReuse:nullisConscryptPreferred:false isSupported:false
08-08 20:10:05.778 28601 29077 E CursorWindow: Failed alloc newOffset: 2000716mAllocOffset: 1966020mSlotsOffset: 1995232: No such file or directory
08-08 20:10:05.778  1289  1328 I CallingContextInterceptor: intercept
08-08 20:10:05.778 28601 29077 E CursorWindow: Failed NO_MEMORY: No such file or directory
08-08 20:10:05.788  3009  3501 D ShortcutService: Saving package item com.heytap.market to /data/system_ce/0/shortcut_service/packages/com.heytap.market.xml
08-08 20:10:05.790  3009  3071 D ShortcutService: Getting shortcuts for launcher= com.android.launcheruser=0 pkg=com.heytap.market
08-08 20:10:05.795 28665 28665 I oplus.android.OplusFrameworkFactoryImpl: get feature:IOplusDynamicVsyncFeature
08-08 20:10:05.795 28665 28665 I oplus.android.OplusFrameworkFactoryImpl: get feature:IOplusDynamicVsyncFeature
08-08 20:10:05.795 28665 28665 I oplus.android.OplusFrameworkFactoryImpl: get feature:IOplusDynamicVsyncFeature
08-08 20:10:05.799 28519 29021 I NearX.CloudConfig: cloudInit sdk version : 1227 app name : com.coloros.phonemanager
08-08 20:10:05.804  1399 13000 I vendor.qti.bluetooth@1.0-ibs_handler: [ibs_handler.cpp:778] ProcessIbsCmd: Received IBS_WAKE_IND: 0xFD
08-08 20:10:05.806 28519 29021 D CloudConfig_stgyHelper: mspVersionCanSupport mspKitVersion : 2031315
08-08 20:10:05.814  1399 13000 I vendor.qti.bluetooth@1.0-ibs_handler: [ibs_handler.cpp:795] ProcessIbsCmd: Writing IBS_WAKE_ACK
08-08 20:10:05.817  3009  8360 W ActivityManager: Receiver with filter android.content.IntentFilter@b88639e already registered for pid 28519, callerPackage is com.coloros.phonemanager
08-08 20:10:05.820 28519 29021 D CloudConfig_stgyHelper: 设置本地限频
08-08 20:10:05.824  3009  3071 D ShortcutService: Getting shortcuts for launcher= com.android.systemuiuser=0 pkg=com.heytap.market
08-08 20:10:05.831  1289  1328 I AppUpgradeInterceptor: DeviceUtils.isOwnBrand:true
08-08 20:10:05.851 28519 29241 I MSP-LOG-SDK-MspSdk: Sdk has initialized! version:2.0.1.14
08-08 20:10:05.856  1399 13000 I vendor.qti.bluetooth@1.0-ibs_handler: [ibs_handler.cpp:825] ProcessIbsCmd: Received IBS_SLEEP_IND: 0xFE
08-08 20:10:05.858 14231 14270 I AiAiVC  : Centralized allowlist: requested package com.google.android.apps.messaging is in the allowlist
08-08 20:10:05.858 14231 14270 I AiAiVC  : Centralized allowlist: requested package com.google.android.gm is in the allowlist
08-08 20:10:05.859 14231 14270 I AiAiVC  : Centralized allowlist: requested package com.instagram.android is in the allowlist
08-08 20:10:05.859 14231 14270 I AiAiVC  : Centralized allowlist: requested package com.whatsapp is in the allowlist
08-08 20:10:05.859 28519 29241 E MSP-LOG-SDK-RateLimitManager: not_allow_invoke because of time_window_not_allow queue = [1786189812901], config = RateLimitConfig{maxCalls=1, timeWindowSeconds=21600, callIntervalSeconds=0}, ipcInvokeTimeQueueMapKey = com.heytap.nearx.tangramconfig.kit.client.ICloudCtrlServiceModule?@?compass_20092?@?1?@?com.coloros.phonemanager, has already call 1 times in 21600 seconds before
08-08 20:10:05.859 14231 14270 I AiAiVC  : Centralized allowlist: requested package com.google.android.apps.maps is in the allowlist
08-08 20:10:05.860 28519 29241 E MSP-LOG-SDK-: MspSdkException{code=3014,message=com.heytap.mspsdk.ratelimit.MspRateLimitExceededException: ipc rate limit exceeded in time window}
08-08 20:10:05.860 28519 29241 E MSP-LOG-SDK-: 	at com.heytap.mspsdk.ratelimit.b.a(RateLimitInterceptor.java:56)
08-08 20:10:05.860 28519 29241 E MSP-LOG-SDK-: 	at com.heytap.mspsdk.interceptor.c.a(StandardListChain.java:40)
08-08 20:10:05.860 28519 29241 E MSP-LOG-SDK-: 	at com.heytap.mspsdk.proxy.b.a(CompatCheckInterceptor.java:30)
08-08 20:10:05.860 28519 29241 E MSP-LOG-SDK-: 	at com.heytap.mspsdk.interceptor.c.a(StandardListChain.java:40)
08-08 20:10:05.860 28519 29241 E MSP-LOG-SDK-: 	at com.heytap.mspsdk.proxy.e.invoke(InnerInvocationHandler.java:202)
08-08 20:10:05.860 28519 29241 E MSP-LOG-SDK-: 	at java.lang.reflect.Proxy.invoke(Proxy.java:1009)
08-08 20:10:05.860 28519 29241 E MSP-LOG-SDK-: 	at $Proxy10.getDynamicCondition(Unknown Source)
08-08 20:10:05.860 28519 29241 E MSP-LOG-SDK-: 	at com.heytap.nearx.tangramconfig.kit.client.KitProxy.getDynamicCondition$lambda$0(KitProxy.kt:25)
08-08 20:10:05.860 28519 29241 E MSP-LOG-SDK-: 	at com.heytap.nearx.tangramconfig.kit.client.KitProxy.b(KitProxy.kt:1)
08-08 20:10:05.860 28519 29241 E MSP-LOG-SDK-: 	at com.heytap.nearx.tangramconfig.kit.client.b.run(R8$$SyntheticClass:9)
08-08 20:10:05.860 28519 29241 E MSP-LOG-SDK-: 	at java.util.concurrent.ThreadPoolExecutor.runWorker(ThreadPoolExecutor.java:1100)
08-08 20:10:05.860 28519 29241 E MSP-LOG-SDK-: 	at java.util.concurrent.ThreadPoolExecutor$Worker.run(ThreadPoolExecutor.java:624)
08-08 20:10:05.860 28519 29241 E MSP-LOG-SDK-: 	at java.lang.Thread.run(Thread.java:1572)
08-08 20:10:05.860 14231 14270 I AiAiVC  : Centralized allowlist: requested package com.ubercab is in the allowlist
08-08 20:10:05.860 14231 14270 I AiAiVC  : Centralized allowlist: requested package com.google.android.dialer is in the allowlist
08-08 20:10:05.860 14231 14270 I AiAiVC  : Centralized allowlist: requested package jp.naver.line.android is in the allowlist
08-08 20:10:05.860 14231 14270 I AiAiVC  : Centralized allowlist: requested package org.thoughtcrime.securesms is in the allowlist
08-08 20:10:05.860 14231 14270 I AiAiVC  : Centralized allowlist: requested package com.google.android.apps.miphone.aiai.autofill.testapps.autofillapp is in the allowlist
08-08 20:10:05.860 14231 14270 I AiAiVC  : Centralized allowlist: requested package com.google.android.apps.miphone.aiai.translate.testapps.chatapp is in the allowlist
08-08 20:10:05.864   896   896 E lowmemorykiller: device memory 228728 free 4086 file 227766
08-08 20:10:05.865 14231 14270 I AiAiVC  : Centralized allowlist: requested package com.google.android.apps.messaging is in the allowlist
08-08 20:10:05.866 14231 14270 I AiAiVC  : Centralized allowlist: requested package com.google.android.gm is in the allowlist
08-08 20:10:05.866 14231 14270 I AiAiVC  : Centralized allowlist: requested package com.instagram.android is in the allowlist
08-08 20:10:05.866 14231 14270 I AiAiVC  : Centralized allowlist: requested package com.whatsapp is in the allowlist
08-08 20:10:05.866 14231 14270 I AiAiVC  : Centralized allowlist: requested package com.google.android.apps.maps is in the allowlist
08-08 20:10:05.866 14231 14270 I AiAiVC  : Centralized allowlist: requested package com.ubercab is in the allowlist
08-08 20:10:05.866 14231 14270 I AiAiVC  : Centralized allowlist: requested package com.google.android.dialer is in the allowlist
08-08 20:10:05.866 14231 14270 I AiAiVC  : Centralized allowlist: requested package jp.naver.line.android is in the allowlist
08-08 20:10:05.866 14231 14270 I AiAiVC  : Centralized allowlist: requested package org.thoughtcrime.securesms is in the allowlist
08-08 20:10:05.866 14231 14270 I AiAiVC  : Centralized allowlist: requested package com.google.android.apps.miphone.aiai.autofill.testapps.autofillapp is in the allowlist
08-08 20:10:05.866 14231 14270 I AiAiVC  : Centralized allowlist: requested package com.google.android.apps.miphone.aiai.translate.testapps.chatapp is in the allowlist
08-08 20:10:05.871 14231 14270 I AiAiVC  : Centralized allowlist: requested package com.google.android.apps.messaging is in the allowlist
08-08 20:10:05.872 29039 29039 V GraphicsEnvironment: Currently set values for:
08-08 20:10:05.873 29096 29096 D nativeloader: Extending system_exposed_libraries: libbinauralrenderer_wrapper.qti.so:libhoaeffects.qti.so:libSloganJni.oplus.so:libsuperNight.oplus.so:libAPSClient-cmd-jni-extension.oplus.so:libsatellite_audio_jni.oplus.so:libortc_so.oplus.so:libsoundtouch.oplus.so:libsoundtouch_jni.oplus.so:libOplusStringJNI-extension.oplus.so:libapssuspend-jni.oplus.so:libupdateprof.qti.so:libthermalclient.qti.so:libqape.qti.so:libqesdk_ndk_platform.qti.so:liblistenjni.qti.so
08-08 20:10:05.875 28519 29021 D CloudConfig_stgyHelper: mspVersionCanSupport mspKitVersion : 2031315
08-08 20:10:05.878  1299  1346 E TetherController: property_get sys.radio.data.modem_share_flag return 0, 1!
08-08 20:10:05.878 14231 14270 I AiAiVC  : Centralized allowlist: requested package com.google.android.gm is in the allowlist
08-08 20:10:05.879 14231 14270 I AiAiVC  : Centralized allowlist: requested package com.instagram.android is in the allowlist
08-08 20:10:05.879 14231 14270 I AiAiVC  : Centralized allowlist: requested package com.whatsapp is in the allowlist
08-08 20:10:05.880 14231 14270 I AiAiVC  : Centralized allowlist: requested package com.google.android.apps.maps is in the allowlist
08-08 20:10:05.880 14231 14270 I AiAiVC  : Centralized allowlist: requested package com.ubercab is in the allowlist
08-08 20:10:05.881 14231 14270 I AiAiVC  : Centralized allowlist: requested package com.google.android.dialer is in the allowlist
08-08 20:10:05.881 14231 14270 I AiAiVC  : Centralized allowlist: requested package jp.naver.line.android is in the allowlist
08-08 20:10:05.882 14231 14270 I AiAiVC  : Centralized allowlist: requested package org.thoughtcrime.securesms is in the allowlist
08-08 20:10:05.882 14231 14270 I AiAiVC  : Centralized allowlist: requested package com.google.android.apps.miphone.aiai.autofill.testapps.autofillapp is in the allowlist
08-08 20:10:05.883 28519 28828 E PhoneManager.MessageHandler:  execute defaultValue, TimeoutException:java.util.concurrent.TimeoutException
08-08 20:10:05.883 14231 14270 I AiAiVC  : Centralized allowlist: requested package com.google.android.apps.miphone.aiai.translate.testapps.chatapp is in the allowlist
08-08 20:10:05.885  1289  1328 I MethodCallInterceptor: [MethodCallInfo]kitName:cloudctrl, callingPkg:com.coloros.phonemanager, targetClassName:com.heytap.msp.cloudctrl.ipc.CloudCtrlServiceModule, methodId:1, processName:com.heytap.htms:cloudctrl, pid:1289, mspSdkVersionName:2.0.1.14
08-08 20:10:05.889 28519 28868 E ActivityThread: Failed to find provider info for com.oplus.securitypermission.AppControlCenterProvider
08-08 20:10:05.892 28519 29221 D CloudConfig_stgyHelper: mspVersionCanSupport mspKitVersion : 2031315
08-08 20:10:05.892 28519 28828 E AppFeatureProviderUtils: getBoolean: getStringForFeature return null
08-08 20:10:05.894 28519 29221 D CloudConfig_stgyHelper: getSupportKitMode strategyEntity : StrategyEntity(sdkInterval=1800000, strategyMode=1, minSDKVersion=1000, minKitVersion=2014122, validReqPeriod=7200000, maxReqProduct=100, forceKitIfKit=false, backoff=120000, enable=true, defaultLimit=RateLimitConfig{maxCalls=1, timeWindowSeconds=7200, callIntervalSeconds=0}, productLimits={global-domain_1281=RateLimitConfig{maxCalls=1, timeWindowSeconds=7200, callIntervalSeconds=0}, 50351=RateLimitConfig{maxCalls=1, timeWindowSeconds=7200, callIntervalSeconds=0}, global-domain_1961=RateLimitConfig{maxCalls=1, timeWindowSeconds=7200, callIntervalSeconds=0}, compass_143100=RateLimitConfig{maxCalls=1, timeWindowSeconds=7200, callIntervalSeconds=0}, compass_20092=RateLimitConfig{maxCalls=1, timeWindowSeconds=7200, callIntervalSeconds=0}, mdp_2196=RateLimitConfig{maxCalls=1, timeWindowSeconds=7200, callIntervalSeconds=0}, mdp_2047=RateLimitConfig{maxCalls=1, timeWindowSeconds=7200, callIntervalSeconds=0}, global-domain_2047=RateLimitConfig{maxCalls=1, timeWindowSeconds=7200, callIntervalSeconds=0}, compass_121100=RateLimitConfig{maxCalls=1, timeWindowSeconds=7200, callIntervalSeconds=0}})
08-08 20:10:05.896 28519 29221 D CloudConfig_stgyHelper: getSupportKitMode localSdkVersion : 1227
08-08 20:10:05.896  3009  3249 V AutofillManagerServiceImpl: setAugmentedAutofillWhitelistLocked(packages=[com.whatsapp, jp.naver.line.android, org.thoughtcrime.securesms, com.google.android.apps.miphone.aiai.autofill.testapps.autofillapp, com.google.android.apps.miphone.aiai.translate.testapps.chatapp, com.instagram.android, com.google.android.apps.messaging, com.google.android.apps.maps, com.ubercab, com.google.android.dialer], activities=null)
08-08 20:10:05.896  1289  1328 I ProcessBridge: [Dispatcher]:getDispathcer
08-08 20:10:05.896  3009  3249 V AutofillManagerServiceImpl: whitelisting packages: [com.whatsapp, jp.naver.line.android, org.thoughtcrime.securesms, com.google.android.apps.miphone.aiai.autofill.testapps.autofillapp, com.google.android.apps.miphone.aiai.translate.testapps.chatapp, com.instagram.android, com.google.android.apps.messaging, com.google.android.apps.maps, com.ubercab, com.google.android.dialer]and activities: null
08-08 20:10:05.898 14231 14270 I AiAiVC  : Centralized allowlist: requested package com.google.android.apps.messaging is in the allowlist
08-08 20:10:05.899 14231 14270 I AiAiVC  : Centralized allowlist: requested package com.google.android.gm is in the allowlist
08-08 20:10:05.899 28552 29041 W m.heytap.market: Suspending all threads took: 292.271ms
08-08 20:10:05.899 14231 14270 I AiAiVC  : Centralized allowlist: requested package com.instagram.android is in the allowlist
08-08 20:10:05.899 14231 14270 I AiAiVC  : Centralized allowlist: requested package com.whatsapp is in the allowlist
08-08 20:10:05.901 29096 29096 I Quality : ActivityThread: createClassLoader delay 509 /system_ext/framework/qti-telephony-utils.jar 29096
08-08 20:10:05.902 28519 28828 I PhoneManager.EntryManager: addAndCheck common tool item init +++++
08-08 20:10:05.902 14231 14270 I AiAiVC  : Centralized allowlist: requested package com.google.android.apps.maps is in the allowlist
08-08 20:10:05.903 14231 14270 I AiAiVC  : Centralized allowlist: requested package com.ubercab is in the allowlist
08-08 20:10:05.903 14231 14270 I AiAiVC  : Centralized allowlist: requested package com.google.android.dialer is in the allowlist
08-08 20:10:05.903 14231 14270 I AiAiVC  : Centralized allowlist: requested package jp.naver.line.android is in the allowlist
08-08 20:10:05.904 14231 14270 I AiAiVC  : Centralized allowlist: requested package org.thoughtcrime.securesms is in the allowlist
08-08 20:10:05.904 14231 14270 I AiAiVC  : Centralized allowlist: requested package com.google.android.apps.miphone.aiai.autofill.testapps.autofillapp is in the allowlist
08-08 20:10:05.904 14231 14270 I AiAiVC  : Centralized allowlist: requested package com.google.android.apps.miphone.aiai.translate.testapps.chatapp is in the allowlist
08-08 20:10:05.907 28519 28998 I OPlusScanner.OScannerImpl: init loggable=false
08-08 20:10:05.916 29096 29096 D ApplicationLoaders: Returning zygote-cached class loader: /system_ext/framework/androidx.window.extensions.jar
08-08 20:10:05.916 29039 29039 V GraphicsEnvironment:   angle_gl_driver_selection_pkgs=[]
08-08 20:10:05.917 29039 29039 V GraphicsEnvironment:   angle_gl_driver_selection_values=[]
08-08 20:10:05.917 29039 29039 V GraphicsEnvironment: Global.Settings values are invalid: number of packages: 0, number of values: 0
08-08 20:10:05.917 29039 29039 V GraphicsEnvironment: Neither updatable production driver nor prerelease driver is supported.
08-08 20:10:05.917  1399 13000 I vendor.qti.bluetooth@1.0-ibs_handler: [ibs_handler.cpp:778] ProcessIbsCmd: Received IBS_WAKE_IND: 0xFD
08-08 20:10:05.918  1399 13000 I vendor.qti.bluetooth@1.0-ibs_handler: [ibs_handler.cpp:795] ProcessIbsCmd: Writing IBS_WAKE_ACK
08-08 20:10:05.918 29096 29096 D ApplicationLoaders: Returning zygote-cached class loader: /system_ext/framework/androidx.window.sidecar.jar
08-08 20:10:05.920 12944 12969 D bluetooth: [acl_arbiter.cc:69] InterceptAttPacket: Intercepting ATT packet and forwarding to Rust
08-08 20:10:05.920 12944 12969 E Bluetooth: [gatt_main.cc:1078] gatt_data_process
08-08 20:10:05.920 12944 12969 I oplus_bt_stack_ble_event: report_stack_ble_last_data_transfer, 20:**:**:**:ca:c6
08-08 20:10:05.923 12944 13018 D bt_btif_gattc: [btif_gatt_client.cc:142] btif_gattc_upstreams_evt: Event BTA_GATTC_NOTIF_EVT [10]
08-08 20:10:05.924  4088  4211 I Quality : BitmapCompressInfo:120,120,1,100,222139115
08-08 20:10:05.926 14231 14270 I AiAiVC  : Centralized allowlist: requested package com.google.android.apps.messaging is in the allowlist
08-08 20:10:05.926 12944 13120 D bt_btif_gattc: [btif_gatt_client.cc:565] btif_gattc_write_char: 
08-08 20:10:05.926 14231 14270 I AiAiVC  : Centralized allowlist: requested package com.google.android.gm is in the allowlist
08-08 20:10:05.927 28519 29221 D CloudConfig_stgyHelper: mspVersionCanSupport mspKitVersion : 2031315
08-08 20:10:05.927 14231 14270 I AiAiVC  : Centralized allowlist: requested package com.instagram.android is in the allowlist
08-08 20:10:05.927 14231 14270 I AiAiVC  : Centralized allowlist: requested package com.whatsapp is in the allowlist
08-08 20:10:05.927 12944 12969 D bluetooth: [att_protocol.cc:515] attp_cl_send_cmd: Sending ATT command to l2cap cid:0x0004 eatt_channels:0 transport:BT_TRANSPORT_LE
08-08 20:10:05.927 14231 14270 I AiAiVC  : Centralized allowlist: requested package com.google.android.apps.maps is in the allowlist
08-08 20:10:05.927 14231 14270 I AiAiVC  : Centralized allowlist: requested package com.ubercab is in the allowlist
08-08 20:10:05.927 12944 12969 D bluetooth: [att_protocol.cc:389] attp_send_msg_to_l2cap: Sending ATT message on att fixed channel
08-08 20:10:05.927 14231 14270 I AiAiVC  : Centralized allowlist: requested package com.google.android.dialer is in the allowlist
08-08 20:10:05.927 12944 12969 D bt_l2cap: [l2c_api.cc:1545] L2CA_SendFixedChnlData: Enqueued data for CID: 0x0004 len:10
08-08 20:10:05.927 14231 14270 I AiAiVC  : Centralized allowlist: requested package jp.naver.line.android is in the allowlist
08-08 20:10:05.927 14231 14270 I AiAiVC  : Centralized allowlist: requested package org.thoughtcrime.securesms is in the allowlist
08-08 20:10:05.927 14231 14270 I AiAiVC  : Centralized allowlist: requested package com.google.android.apps.miphone.aiai.autofill.testapps.autofillapp is in the allowlist
08-08 20:10:05.927 14231 14270 I AiAiVC  : Centralized allowlist: requested package com.google.android.apps.miphone.aiai.translate.testapps.chatapp is in the allowlist
08-08 20:10:05.928 12944 12969 D l2c_link: [l2c_link.cc:1222] l2c_link_send_to_lower_ble: TotalWin=15,Hndl=0x4,Quota=16,Unack=1,RRQuota=0,RRUnack=0
08-08 20:10:05.928 12944 12969 I oplus_bt_stack_ble_event: report_stack_ble_last_data_transfer, 20:**:**:**:ca:c6
08-08 20:10:05.929 12944 12969 D bt_bta_gattc: [bta_gattc_act.cc:1272] bta_gattc_write_cmpl: Handling write response type: 1: handle 0x0045
08-08 20:10:05.932 28519 29021 D CloudConfig_stgyHelper: getSupportKitMode strategyEntity : StrategyEntity(sdkInterval=1800000, strategyMode=1, minSDKVersion=1000, minKitVersion=2014122, validReqPeriod=7200000, maxReqProduct=100, forceKitIfKit=false, backoff=120000, enable=true, defaultLimit=RateLimitConfig{maxCalls=1, timeWindowSeconds=7200, callIntervalSeconds=0}, productLimits={global-domain_1281=RateLimitConfig{maxCalls=1, timeWindowSeconds=7200, callIntervalSeconds=0}, 50351=RateLimitConfig{maxCalls=1, timeWindowSeconds=7200, callIntervalSeconds=0}, global-domain_1961=RateLimitConfig{maxCalls=1, timeWindowSeconds=7200, callIntervalSeconds=0}, compass_143100=RateLimitConfig{maxCalls=1, timeWindowSeconds=7200, callIntervalSeconds=0}, compass_20092=RateLimitConfig{maxCalls=1, timeWindowSeconds=7200, callIntervalSeconds=0}, mdp_2196=RateLimitConfig{maxCalls=1, timeWindowSeconds=7200, callIntervalSeconds=0}, mdp_2047=RateLimitConfig{maxCalls=1, timeWindowSeconds=7200, callIntervalSeconds=0}, global-domain_2047=RateLimitConfig{maxCalls=1, timeWindowSeconds=7200, callIntervalSeconds=0}, compass_121100=RateLimitConfig{maxCalls=1, timeWindowSeconds=7200, callIntervalSeconds=0}})
08-08 20:10:05.937 28519 29021 D CloudConfig_stgyHelper: getSupportKitMode localSdkVersion : 1227
08-08 20:10:05.938 28552 29143 W mk_frozen: cancel short task:force_pkg
08-08 20:10:05.940 28552 29114 W mk_frozen: onSuccess:force_pkg,requestId:43,delayTime:120000
08-08 20:10:05.942 28552 29185 W System.err: 	at android.database.sqlite.SQLiteConnection.nativePrepareStatement(Native Method)
08-08 20:10:05.942 28896 28896 I SP      : OplusLog, IS_QELOG_ON = false, IS_QELOG_ON_MTK = false, sDebugTagOn = false
08-08 20:10:05.943  3680  3902 I SystemUi--Statusbar: OplusNetworkSpeedControllExImpl-->updateNetworkSpeed: isConnected:true,isSwitchOn:true
08-08 20:10:05.943 28896 28896 I SP      : log switch=false
08-08 20:10:05.947 19189 19197 D MoYoung : onSleepChange: WatchSleepListBean(date=Sun Aug 09 20:10:05 GMT+03:00 2026, sleepList=[])
08-08 20:10:05.947  6966  7001 D AppSwitchObserverHelper: packageName: com.hypernova.phone,com.android.mms
08-08 20:10:05.949 19189 19197 I HealthLife.full: BaseWearableDevice, Infinix XWatch N4, CA:C6, 0x000000041f0310102d, onSleepChange, sleepList is empty
08-08 20:10:05.965   896   896 E lowmemorykiller: device memory 229199 free 3055 file 229414
08-08 20:10:05.968 28519 29200 I MSP-LOG-SDK-StandardListChain: h, 474ms
08-08 20:10:05.969 28519 29200 I MSP-LOG-SDK-StandardListChain: b, 513ms
08-08 20:10:05.971 28519 29200 I MSP-LOG-SDK-StandardListChain: b, 540ms
08-08 20:10:05.975  3680  3902 I SystemUi--Statusbar: OplusNetworkSpeedControllExImpl-->getTotalByte: totalRxBytes:29285579015,totalTxBytes:2707693500,loopbackTxBytes:6853297,loopbackRxBytes:6853297 ,totalBytes:31979565921
08-08 20:10:05.978 28519 29021 I NearX.CloudConfig: cloudInit completed
08-08 20:10:05.982 28552 29143 W mk_frozen: ****ST: force_pkg,895700896,120000,895820896
08-08 20:10:05.982 28519 29227 I CloudConfig: tn: 50351-Track, dr: 310ms
08-08 20:10:05.990 28552 29185 W System.err: 	at android.database.sqlite.SQLiteConnection.-$$Nest$smnativePrepareStatement(SQLiteConnection.java:0)
08-08 20:10:06.000  1399 13000 I vendor.qti.bluetooth@1.0-ibs_handler: [ibs_handler.cpp:825] ProcessIbsCmd: Received IBS_SLEEP_IND: 0xFE
08-08 20:10:06.001 28552 29185 W System.err: 	at android.database.sqlite.SQLiteConnection$PreparedStatementCache.createStatement(SQLiteConnection.java:1580)
08-08 20:10:06.008 25458 29213 I Auth    : (REDACTED) [SupervisedAccountIntentOperation] onHandleIntent: %s
08-08 20:10:06.011 28519 29244 I CloudConfig: tn: 50351-Track
08-08 20:10:06.019 28519 29227 I CloudConfig: tn: aw-50351-Track
08-08 20:10:06.022  3009  8360 E OplusCustomizeRestrictionManagerService: isBiometricDisabled start
08-08 20:10:06.022 28552 29185 W System.err: 	at android.database.sqlite.SQLiteConnection.acquirePreparedStatementLI(SQLiteConnection.java:1112)
08-08 20:10:06.023 28552 29143 W mk_frozen: real cancel short task:force_pkg,requestId:43
08-08 20:10:06.024  3009  8360 E OplusCustomizeRestrictionManagerService: isBiometricDisabled start
08-08 20:10:06.031 25458 29213 W AppInstallOperation: FDL Migration::InstallIntentOperation by FDL Module [CONTEXT service_id=77 ]
08-08 20:10:06.038 28519 29244 I CloudConfig: tn: 50351-Track, dr: 26ms
08-08 20:10:06.042 25458 28780 W OplusExSystemServiceHelper: checkOplusExSystemService intent getComponent is null
08-08 20:10:06.043 28623 28869 I Finsky:background: [16328] registerListener
08-08 20:10:06.044 25458 25458 D BoundBrokerSvc: onBind: Intent { act=com.google.android.gms.common.BIND_SHARED_PREFS pkg=com.google.android.gms mCallingUid=10114 }
08-08 20:10:06.044 25458 25458 D BoundBrokerSvc: Loading bound service for intent: Intent { act=com.google.android.gms.common.BIND_SHARED_PREFS pkg=com.google.android.gms mCallingUid=10114 }
08-08 20:10:06.055 25458 29234 I FraudProtectUtils: Not in testing population, skipping local test bank apps. [CONTEXT service_id=469 ]
08-08 20:10:06.056 25458 29234 I FraudProtectUtils: (REDACTED) Latest bank app list size: %d, %s isBankApp: false
08-08 20:10:06.056 25458 29234 I PackageInstallIntentOp: (REDACTED) Package %s is not a bank app. Skipping updates.
08-08 20:10:06.062 28519 29244 I CloudConfig: tn: 50351-Track
08-08 20:10:06.062 28519 29244 I CloudConfig: tn: 50351-Track, dr: 0ms
08-08 20:10:06.066   896   896 E lowmemorykiller: device memory 230856 free 3081 file 229730
08-08 20:10:06.090  3009  5276 I OplusAppSwitchManagerService: appswitch registerAppSwitchObserver pName = com@@oplus@@nas observer = com.oplus.app.IOplusAppSwitchObserver$Stub$Proxy@cdb927c config = OplusAppSwitchConfig = {  mConfigs = {1=[TOM@@bilibili@@video@@story@@StoryVideoActivity, TOM@@youku@@ui@@activity@@DetailActivity, TOM@@google@@android@@apps@@youtube@@app@@watchwhile@@MainActivity, TOM@@ss@@android@@ugc@@aweme@@detail@@ui@@LiveDetailActivity, TOM@@duowan@@mobile@@basemedia@@watchlive@@activity@@LiveTemplateActivity, TOM@@bytedance@@ugc@@innerfeed@@impl@@PostInnerFeedActivity, TOM@@ss@@android@@article@@video@@activity@@SplashActivity, TOM@@duowan@@kiwi@@liveroom@@ChannelPage, TOM@@sina@@weibo@@VisitorMainTabActivity, TOM@@facebook@@katana@@immersiveactivity@@ImmersiveActivity, TOM@@youku@@android@@smallvideo@@entry@@SmallVideoLandingActivity, TOM@@kuaishou@@live@@core@@basic@@activity@@LiveSlideActivity, TOM@@tencent@@wemeet@@sdk@@meeting@@inmeeting@@InMeetingActivity, TOM@@ss@@android@@ugc@@aweme@@live@@LivePlayActivity, TOM@@youku@@live@@YKLiveActivity, TOM@@tencent@@mm@@plugin@@multitalk@@ui@@MultiTalkMainUI, TOM@@google@@android@@youtube@@app@@honeyTOMb@@Shell$HomeActivity, TOM@@instagram@@mainactivity@@InstagramMainActivity, tv@@douyu@@view@@activity@@PlayerActivity, TOM@@bilibili@@bililive@@room@@ui@@roomv3@@LiveRoomActivityV3, zm@@voip@@ui@@incall@@ZmInCallActivity, TOM@@ss@@android@@ugc@@aweme@@splash@@SplashActivity, TOM@@facebook@@video@@activity@@DeprecatedFullscreenVideoPlayerActivity, TOM@@zipow@@videobox@@conference@@ui@@ZmConfActivity, TOM@@facebook@@katana@@LoginActivity, TOM@@bilibili@@studio@@centerplus@@ui@@CenterPlusMainActivity, TOM@@zipow@@videobox@@conference@@ui@@ZmConfPipActivity, TOM@@kuaishou@@live@@anchor@@basic@@activity@@LivePushActivity, org@@iqiyi@@video@@activity@@PlayerActivity, org@@qiyi@@pluginlibrary@@TOMponent@@InstrActivityProxy1, org@@telegram@@messenger@@DefaultIcon, TOM@@sina@@weibo@@MediaCoreActivity, TOM@@netflix@@mediaclient/@@ui@@player@@PlayerActivity, TOM@@sina@@weibo@@video@@tabcontainer@@VideoTabContainerActivity, TOM@@ss@@android@@ugc@@aweme@@detail@@ui@@DetailActivity, TOM@@yxcorp@@gifshow@@detail@@PhotoDetailActivity, TOM@@dy@@liveV2@@living@@RecorderCameraActivityV2Portrait, TOM@@ss@@android@@ugc@@aweme@@longervideo@@landscape@@home@@activity@@LandscapeFeedActivity, TOM@@tencent@@vlive@@VLiveActivity, TOM@@dragon@@read@@pages@@main@@MainFragmentActivity, TOM@@yxcorp@@gifshow@@HomeActivity, TOM@@dragon@@read@@TOMponent@@shortvideo@@impl@@ShortSeriesActivity, TOM@@alibaba@@android@@teleconf@@mozi@@activity@@TeleVideoConfActivity, TOM@@ss@@android@@ugc@@aweme@@live@@LiveBroadcastActivity, TOM@@bytedance@@novel@@view@@NovelReaderActivity, TOM@@douyu@@module@@vod@@p@@TOMmon@@MZVodPlayerActivity, TOM@@sina@@weibo@@feed@@DetailWeiboActivity, TOM@@xingin@@matrix@@detail@@activity@@DetailFeedActivity, TOM@@discord@@main@@MainDefault, TOM@@ss@@android@@detail@@feature@@detail2@@view@@NewDetailActivity, TOM@@bytedance@@ugc@@UgcDetailInfoActivity, TOM@@google@@android@@apps@@youtube@@app@@watchwhile@@InternalMainActivity, TOM@@bilibili@@ship@@theseus@@detail@@UnitedBizDetailsActivity, TOM@@ss@@android@@detail@@feature@@detail2@@view@@NewVideoDetailActivity, TOM@@whatsapp@@voipcalling@@VoipActivityV2, TOM@@duowan@@liveroom@@LiveRoomActivity, TOM@@tencent@@qqlive@@ona@@activity@@VideoDetailActivity, TOM@@snapchat@@android@@LandingPageActivity, TOM@@xingin@@xhs@@index@@v2@@IndexActivityV2, TOM@@ss@@android@@ugc@@detail@@activity@@TikTokActivity, TOM@@ss@@android@@ugc@@aweme@@main@@MainActivity, TOM@@microsoft@@skype@@teams@@views@@activities@@InCallActivity, tv@@danmaku@@bili@@ui@@video@@VideoDetailsActivity, TOM@@yxcorp@@gifshow@@corona@@detail@@CoronaDetailActivity, TOM@@ss@@android@@ugc@@aweme@@hotspot@@HotSpotDetailActivity, TOM@@tencent@@av@@ui@@AVActivity, TOM@@facebook@@katana/@@immersiveactivity@@ImmersiveActivity, TOM@@bilibili@@bangumi@@ui@@page@@detail@@BangumiDetailActivityV3, TOM@@douyu@@module@@player@@p@@rambobase@@RamboPlayerActivity, TOM@@tencent@@mm@@plu
08-08 20:10:06.091  3009  5276 I OplusAppSwitchStateDispatcher: registerAppSwitchObserver addDynamicListener OK, info = OplusAppSwitchRuleInfo = {  observer = com.oplus.app.IOplusAppSwitchObserver$Stub$Proxy@cdb927c observerFingerPrint = 177516521} rule size =0
08-08 20:10:06.104 28519 29227 I CloudConfig: tn: aw-50351-Track, dr: 44ms
08-08 20:10:06.106 28519 29221 D CloudConfig_stgyHelper: getSupportKitMode strategyEntity : StrategyEntity(sdkInterval=1800000, strategyMode=1, minSDKVersion=1000, minKitVersion=2014122, validReqPeriod=7200000, maxReqProduct=100, forceKitIfKit=false, backoff=120000, enable=true, defaultLimit=RateLimitConfig{maxCalls=1, timeWindowSeconds=7200, callIntervalSeconds=0}, productLimits={global-domain_1281=RateLimitConfig{maxCalls=1, timeWindowSeconds=7200, callIntervalSeconds=0}, 50351=RateLimitConfig{maxCalls=1, timeWindowSeconds=7200, callIntervalSeconds=0}, global-domain_1961=RateLimitConfig{maxCalls=1, timeWindowSeconds=7200, callIntervalSeconds=0}, compass_143100=RateLimitConfig{maxCalls=1, timeWindowSeconds=7200, callIntervalSeconds=0}, compass_20092=RateLimitConfig{maxCalls=1, timeWindowSeconds=7200, callIntervalSeconds=0}, mdp_2196=RateLimitConfig{maxCalls=1, timeWindowSeconds=7200, callIntervalSeconds=0}, mdp_2047=RateLimitConfig{maxCalls=1, timeWindowSeconds=7200, callIntervalSeconds=0}, global-domain_2047=RateLimitConfig{maxCalls=1, timeWindowSeconds=7200, callIntervalSeconds=0}, compass_121100=RateLimitConfig{maxCalls=1, timeWindowSeconds=7200, callIntervalSeconds=0}})
08-08 20:10:06.107 28519 29227 I CloudConfig: tn: aw-50351-Track
08-08 20:10:06.107 28519 29245 I CloudConfig: tn: 20092-BUSIN
08-08 20:10:06.109 28519 29202 D CloudConfig_stgyHelper: syncStrategyConfig strategy info : {"sdkInterval":1800000,"minSDKVersion":1000,"strategyMode":1,"minKitVersion":2014122,"validReqPeriod":7200000,"maxReqProduct":100,"forceKitIfKit":false,"backoff":120000,"enable":true,"defaultLimit":{"maxCalls":1,"timeWindowSeconds":7200,"callIntervalSeconds":0},"productLimits":{"global-domain_1281":{"maxCalls":1,"timeWindowSeconds":7200,"callIntervalSeconds":0},"50351":{"maxCalls":1,"timeWindowSeconds":7200,"callIntervalSeconds":0},"global-domain_1961":{"maxCalls":1,"timeWindowSeconds":7200,"callIntervalSeconds":0},"compass_143100":{"maxCalls":1,"timeWindowSeconds":7200,"callIntervalSeconds":0},"compass_20092":{"maxCalls":1,"timeWindowSeconds":7200,"callIntervalSeconds":0},"mdp_2196":{"maxCalls":1,"timeWindowSeconds":7200,"callIntervalSeconds":0},"mdp_2047":{"maxCalls":1,"timeWindowSeconds":7200,"callIntervalSeconds":0},"global-domain_2047":{"maxCalls":1,"timeWindowSeconds":7200,"callIntervalSeconds":0},"compass_121100":{"maxCalls":1,"timeWindowSeconds":7200,"callIntervalSeconds":0}}}
08-08 20:10:06.110 28519 29221 D CloudConfig_stgyHelper: getSupportKitMode localSdkVersion : 1227
08-08 20:10:06.117 12944 13120 D bt_btif_gattc: [btif_gatt_client.cc:494] btif_gattc_read_char: 
08-08 20:10:06.122 25458 29213 I NearbyDiscovery: (REDACTED) processGrantSlicePermission: %s
08-08 20:10:06.167   896   896 E lowmemorykiller: device memory 230328 free 2836 file 229465
08-08 20:10:06.246 28552 29185 W System.err: 	at android.database.sqlite.SQLiteConnection.acquirePreparedStatement(SQLiteConnection.java:1140)
08-08 20:10:06.264 28552 29185 W System.err: 	at android.database.sqlite.SQLiteConnection.prepare(SQLiteConnection.java:700)
08-08 20:10:06.268   896   896 E lowmemorykiller: device memory 229442 free 5548 file 227876
08-08 20:10:06.283 12944 12969 D bluetooth: [att_protocol.cc:515] attp_cl_send_cmd: Sending ATT command to l2cap cid:0x0004 eatt_channels:0 transport:BT_TRANSPORT_LE
08-08 20:10:06.283 12944 12969 D bluetooth: [att_protocol.cc:389] attp_send_msg_to_l2cap: Sending ATT message on att fixed channel
08-08 20:10:06.283 12944 12969 D bt_l2cap: [l2c_api.cc:1545] L2CA_SendFixedChnlData: Enqueued data for CID: 0x0004 len:3
08-08 20:10:06.283 12944 12969 D l2c_link: [l2c_link.cc:1222] l2c_link_send_to_lower_ble: TotalWin=15,Hndl=0x4,Quota=16,Unack=1,RRQuota=0,RRUnack=0
08-08 20:10:06.284 12944 12969 I oplus_bt_stack_ble_event: report_stack_ble_last_data_transfer, 20:**:**:**:ca:c6
08-08 20:10:06.284 12944 12969 D bluetooth: [att_protocol.cc:530] attp_cl_send_cmd: Starting ATT response timer 0xb400007428910bf0 conn_id=0x0007, cid=4
08-08 20:10:06.286 28896 28896 I Quality : ActivityThread: callApplicationOnCreate delay 355 com.oplus.securitypermission 28896
08-08 20:10:06.291 28552 29185 W System.err: 	at android.database.sqlite.SQLiteSession.prepare(SQLiteSession.java:614)
08-08 20:10:06.296 28896 29263 W ContextImpl: Calling a method in the system process without a qualified user: android.app.ContextImpl.startService:1958 android.content.ContextWrapper.startService:837 com.oplusos.securitypermission.PermissionApplication.s:8 com.oplusos.securitypermission.PermissionApplication.l:16 com.oplusos.securitypermission.PermissionApplication.b:1 
08-08 20:10:06.297 28519 29024 E PhoneManager.CloudScanManager:  queryTeeList() size = 1
08-08 20:10:06.299 28519 29214 I NearX.CloudConfig: cloudInit sdk version : 1227 app name : com.coloros.phonemanager
08-08 20:10:06.302  3009  3249 I ActivityManager: Flag disabled. Ignoring finishAttachApplication from uid: 1000. pid: 28896
08-08 20:10:06.327 28896 28896 W ServiceManagerCppClient: Failed to get isDeclared for vendor.qti.hardware.perf2.IPerf/default: Status(-1, EX_SECURITY): 'SELinux denied.'
08-08 20:10:06.328 28552 29185 W System.err: 	at android.database.sqlite.SQLiteProgram.<init>(SQLiteProgram.java:62)
08-08 20:10:06.334  3009  5276 W OplusAppStartupConfigExt_OplusAppStartupCommonSceneStrategy: Blacklist is Empty
08-08 20:10:06.334  3009  5276 D OplusAppStartupConfigExt: StartProvider prevent pkg com.oplus.romupdate result = false
08-08 20:10:06.334  3009  5276 I [UAH_CLIENT]: UahEventAcquire, cmdid:2, pkg:none, identity:OplusAppStartupManager
08-08 20:10:06.339  3009  5276 D CompatChangeReporter: Compat change id reported: 151861875; UID 10181; state: ENABLED
08-08 20:10:06.339  3009  5276 V GrammaticalInflectionUtils: AttributionSource: android.content.AttributionSource@e1feb997 does not have READ_SYSTEM_GRAMMATICAL_GENDER permission.
08-08 20:10:06.345 28519 29024 E ActivityThread: Failed to find provider info for com.oplus.phonemanager.RiskDetectDataProvider
08-08 20:10:06.349 28519 29214 D CloudConfig_stgyHelper: mspVersionCanSupport mspKitVersion : 2031315
08-08 20:10:06.360  1300  1300 D Zygote  : Forked child process 29277
08-08 20:10:06.363  3009  5276 W ActivityManager: Receiver with filter android.content.IntentFilter@10523ff already registered for pid 28519, callerPackage is com.coloros.phonemanager
08-08 20:10:06.365  2259  2259 I cnss-daemon: nl80211 response handler invoked
08-08 20:10:06.365  2259  2259 I cnss-daemon: nl80211_response_handler: cmd 103, vendorID 4980, subcmd 13  received
08-08 20:10:06.366  1416 10610 I WifiHAL : event received NL80211_CMD_VENDOR, vendor_id = 0x1374, subcmd = 0xd
08-08 20:10:06.368  3009  3097 I ActivityManager: Start proc 29277:com.oplus.romupdate/u0a181 for content provider {com.oplus.romupdate/com.oplusos.romupdate.provider.RomUpdateProvider}
08-08 20:10:06.369   896   896 E lowmemorykiller: device memory 227491 free 12764 file 218709
08-08 20:10:06.380 28519 29244 I CloudConfig: tn: 50351-Track
08-08 20:10:06.383 28519 29214 D CloudConfig_stgyHelper: 设置本地限频
08-08 20:10:06.385 28519 29163 I MSP-LOG-SDK-MspSdk: Sdk has initialized! version:2.0.1.14
08-08 20:10:06.385  3979  4446 D CommonApp-741-10495: transport layer data is invalid
08-08 20:10:06.388 28519 29163 E MSP-LOG-SDK-RateLimitManager: not_allow_invoke because of time_window_not_allow queue = [1786196540562], config = RateLimitConfig{maxCalls=1, timeWindowSeconds=21600, callIntervalSeconds=0}, ipcInvokeTimeQueueMapKey = com.heytap.nearx.tangramconfig.kit.client.ICloudCtrlServiceModule?@?compass_143100?@?1?@?com.coloros.phonemanager, has already call 1 times in 21600 seconds before
08-08 20:10:06.389 28519 29163 E MSP-LOG-SDK-: MspSdkException{code=3014,message=com.heytap.mspsdk.ratelimit.MspRateLimitExceededException: ipc rate limit exceeded in time window}
08-08 20:10:06.389 28519 29163 E MSP-LOG-SDK-: 	at com.heytap.mspsdk.ratelimit.b.a(RateLimitInterceptor.java:56)
08-08 20:10:06.389 28519 29163 E MSP-LOG-SDK-: 	at com.heytap.mspsdk.interceptor.c.a(StandardListChain.java:40)
08-08 20:10:06.389 28519 29163 E MSP-LOG-SDK-: 	at com.heytap.mspsdk.proxy.b.a(CompatCheckInterceptor.java:30)
08-08 20:10:06.389 28519 29163 E MSP-LOG-SDK-: 	at com.heytap.mspsdk.interceptor.c.a(StandardListChain.java:40)
08-08 20:10:06.389 28519 29163 E MSP-LOG-SDK-: 	at com.heytap.mspsdk.proxy.e.invoke(InnerInvocationHandler.java:202)
08-08 20:10:06.389 28519 29163 E MSP-LOG-SDK-: 	at java.lang.reflect.Proxy.invoke(Proxy.java:1009)
08-08 20:10:06.389 28519 29163 E MSP-LOG-SDK-: 	at $Proxy10.getDynamicCondition(Unknown Source)
08-08 20:10:06.389 28519 29163 E MSP-LOG-SDK-: 	at com.heytap.nearx.tangramconfig.kit.client.KitProxy.getDynamicCondition$lambda$0(KitProxy.kt:25)
08-08 20:10:06.389 28519 29163 E MSP-LOG-SDK-: 	at com.heytap.nearx.tangramconfig.kit.client.KitProxy.b(KitProxy.kt:1)
08-08 20:10:06.389 28519 29163 E MSP-LOG-SDK-: 	at com.heytap.nearx.tangramconfig.kit.client.b.run(R8$$SyntheticClass:9)
08-08 20:10:06.389 28519 29163 E MSP-LOG-SDK-: 	at java.util.concurrent.ThreadPoolExecutor.runWorker(ThreadPoolExecutor.java:1100)
08-08 20:10:06.389 28519 29163 E MSP-LOG-SDK-: 	at java.util.concurrent.ThreadPoolExecutor$Worker.run(ThreadPoolExecutor.java:624)
08-08 20:10:06.389 28519 29163 E MSP-LOG-SDK-: 	at java.lang.Thread.run(Thread.java:1572)
08-08 20:10:06.374 28552 29185 W System.err: 	at android.database.sqlite.SQLiteQuery.<init>(SQLiteQuery.java:37)
08-08 20:10:06.391 28552 29185 W System.err: 	at android.database.sqlite.SQLiteDirectCursorDriver.query(SQLiteDirectCursorDriver.java:46)
08-08 20:10:06.391 28552 29185 W System.err: 	at android.database.sqlite.SQLiteDatabase.rawQueryWithFactory(SQLiteDatabase.java:1823)
08-08 20:10:06.391 28552 29185 W System.err: 	at android.database.sqlite.SQLiteQueryBuilder.query(SQLiteQueryBuilder.java:601)
08-08 20:10:06.391 28552 29185 W System.err: 	at android.database.sqlite.SQLiteQueryBuilder.query(SQLiteQueryBuilder.java:472)
08-08 20:10:06.391 28552 29185 W System.err: 	at com.heytap.cdo.client.domain.data.db.provider.CdoProvider.query(SourceFile:133)
08-08 20:10:06.391 28552 29185 W System.err: 	at android.content.ContentProvider.query(ContentProvider.java:1678)
08-08 20:10:06.391 28552 29185 W System.err: 	at android.content.ContentProvider.query(ContentProvider.java:1774)
08-08 20:10:06.391 28552 29185 W System.err: 	at android.content.ContentProvider$Transport.query(ContentProvider.java:308)
08-08 20:10:06.391 28552 29185 W System.err: 	at android.content.ContentResolver.query(ContentResolver.java:1255)
08-08 20:10:06.391 28552 29185 W System.err: 	at android.content.ContentResolver.query(ContentResolver.java:1181)
08-08 20:10:06.391 28552 29185 W System.err: 	at android.content.ContentResolver.query(ContentResolver.java:1137)
08-08 20:10:06.392 28552 29185 W System.err: 	at a.a.a.gb6.ԭ(SourceFile:17)
08-08 20:10:06.392 28552 29185 W System.err: 	at a.a.a.gb6.Ԭ(SourceFile:2)
08-08 20:10:06.392 28552 29185 W System.err: 	at a.a.a.rb6.ՠ(SourceFile:6)
08-08 20:10:06.392 28552 29185 W System.err: 	at a.a.a.rb6.Ϳ(SourceFile:1)
08-08 20:10:06.392 28552 29185 W System.err: 	at a.a.a.rb6$b.handleMessage(SourceFile:8)
08-08 20:10:06.392 28552 29185 W System.err: 	at android.os.Handler.dispatchMessage(Handler.java:107)
08-08 20:10:06.392 28552 29185 W System.err: 	at android.os.Looper.loopOnce(Looper.java:282)
08-08 20:10:06.392 28552 29185 W System.err: 	at android.os.Looper.loop(Looper.java:387)
08-08 20:10:06.392 28552 29185 W System.err: 	at android.os.HandlerThread.run(HandlerThread.java:85)
08-08 20:10:06.402 28519 29276 I MSP-LOG-SDK-MspSdk: Sdk has initialized! version:2.0.1.14
08-08 20:10:06.406 28519 29244 I CloudConfig: tn: 50351-Track, dr: 25ms
08-08 20:10:06.414 25458 29196 W SQLiteLog: (28) double-quoted string literal: "com.hypernova.phone"
08-08 20:10:06.422 28519 29221 D CloudConfig_stgyHelper: mspVersionCanSupport mspKitVersion : 2031315
08-08 20:10:06.423 28896 29274 D SystemAlertManager: init, exp: true
08-08 20:10:06.439 28519 29278 I MSP-LOG-SDK-MspSdk: Sdk has initialized! version:2.0.1.14
08-08 20:10:06.380 28519 29245 I CloudConfig: tn: 20092-BUSIN, dr: 273ms
08-08 20:10:06.452 28896 29274 D SystemAlertManager: version: 2026012102
08-08 20:10:06.458 28554 28554 W ContextImpl: Calling a method in the system process without a qualified user: android.app.ContextImpl.startService:1958 android.content.ContextWrapper.startService:837 com.heytap.mcs.biz.statistics.StaticProcessTrackStatusManager.exitCurrentProcess:11 com.heytap.mcs.biz.statistics.StaticProcessTrackStatusManager$1.handleMessage:3 android.os.Handler.dispatchMessage:103 
08-08 20:10:06.459 28623 28869 I Finsky:background: [16328] DFS: Listener added for uja@87da18c
08-08 20:10:06.459 28623 28869 I Finsky:background: [16328] registerListener
08-08 20:10:06.462 28554 28554 I Process : Sending signal. PID: 28554 SIG: 9
08-08 20:10:06.465 29096 29096 D nativeloader: Configuring clns-shared-8 for other apk /system_ext/app/SystemAppUpdateService/SystemAppUpdateService.apk. target_sdk_version=35, uses_libraries=, library_path=/system_ext/app/SystemAppUpdateService/lib/arm64:/system_ext/app/SystemAppUpdateService/SystemAppUpdateService.apk!/lib/arm64-v8a:/system/lib64:/system_ext/lib64, permitted_path=/data:/mnt/expand:/data/user/0/com.oplus.sau:/system_ext/app/SystemAppUpdateService:/system/lib64:/system_ext/lib64
08-08 20:10:06.467 29096 29096 I Quality : ActivityThread: createClassLoader delay 549 /system_ext/app/SystemAppUpdateService/SystemAppUpdateService.apk 29096
08-08 20:10:06.470   896   896 E lowmemorykiller: device memory 226483 free 9946 file 220393
08-08 20:10:06.470 28519 29276 E MSP-LOG-SDK-RateLimitManager: not_allow_invoke because of time_window_not_allow queue = [1786206738429], config = RateLimitConfig{maxCalls=1, timeWindowSeconds=7200, callIntervalSeconds=0}, ipcInvokeTimeQueueMapKey = com.heytap.nearx.tangramconfig.kit.client.ICloudCtrlServiceModule?@?50351?@?2?@?com.coloros.phonemanager, has already call 1 times in 7200 seconds before
08-08 20:10:06.483 28896 29264 D DefaultAppDCS: DCS has been sent.
08-08 20:10:06.488 25458 25965 W OplusExSystemServiceHelper: checkOplusExSystemService intent getComponent is null
08-08 20:10:06.488  3009  4718 I OplusAppSwitchManagerService: appswitch registerAppSwitchObserver pName = com@@oplus@@securitypermission observer = com.oplus.app.IOplusAppSwitchObserver$Stub$Proxy@f384acf config = OplusAppSwitchConfig = {  mConfigs = {2=null} observerFingerPrint = 208649001}
08-08 20:10:06.489  3009  4718 I OplusAppSwitchStateDispatcher: registerAppSwitchObserver addDynamicListener OK, info = OplusAppSwitchRuleInfo = {  observer = com.oplus.app.IOplusAppSwitchObserver$Stub$Proxy@f384acf observerFingerPrint = 208649001} rule size =0
08-08 20:10:06.493   896   896 E lowmemorykiller: device memory 230450 free 13934 file 219868
08-08 20:10:06.495  3009  3712 I Osense-PsiDetector: 900,58,3021,4607,35,128,95,792,1115,374,483,0,4,5646
08-08 20:10:06.505 28896 28896 W ContextImpl: Calling a method in the system process without a qualified user: android.app.ContextImpl.startService:1958 android.content.ContextWrapper.startService:837 com.oplusos.securitypermission.permission.dialog.PermissionDialogService.t:8 com.oplusos.securitypermission.permission.dialog.PermissionDialogService.onCreate:39 android.app.ActivityThread.handleCreateService:5329 
08-08 20:10:06.510 28896 29274 D SystemAlertManager: version: 2021100812
08-08 20:10:06.519 28623 28869 I Finsky:background: [16328] registerListener
08-08 20:10:06.519 28623 28869 I Finsky:background: [16328] DFS: Listener added for aqeq@a7deeb7
08-08 20:10:06.523  3009  4718 I AppProfilerExtImpl: delay mem downgrade factor change for AS 11948
08-08 20:10:06.524 29277 29277 E oplus.romupdate: Unknown bits set in runtime_flags: 0x40000000
08-08 20:10:06.525 29277 29277 I oplus.romupdate: Using generational CollectorTypeCMC GC.
08-08 20:10:06.529 28601 29086 I Finsky  : [16346] Initializing pausers from value store.
08-08 20:10:06.533  3009  4782 I ActivityManager: Death received, pid = 28554, processName = com.heytap.mcs.statistics for thread android.os.BinderProxy@61e2319
08-08 20:10:06.533  3009  3450 D ConnectivityService: releasing NetworkRequest [ REQUEST id=105139, [ Capabilities: INTERNET&NOT_RESTRICTED&TRUSTED&NOT_VCN_MANAGED&NOT_BANDWIDTH_CONSTRAINED Uid: 1000 RequestorUid: 1000 RequestorPkg: com.heytap.mcs UnderlyingNetworks: Null] ] (release request)
08-08 20:10:06.535  1300  1300 I Zygote  : Process 28554 exited due to signal 9 (Killed)
08-08 20:10:06.537  3009  3779 I ActivityManager: Process com.heytap.mcs.statistics (pid 28554) has died: vis IMPF
08-08 20:10:06.537 28896 28896 W ContextImpl: Calling a method in the system process without a qualified user: android.app.ContextImpl.startService:1958 android.content.ContextWrapper.startService:837 com.oplusos.securitypermission.permission.dialog.PermissionDialogService.t:18 com.oplusos.securitypermission.permission.dialog.PermissionDialogService.onCreate:39 android.app.ActivityThread.handleCreateService:5329 
08-08 20:10:06.537  3009  3098 I libprocessgroup: Removed cgroup /sys/fs/cgroup/uid_1000/pid_28554
08-08 20:10:06.537  3009  3779 W OplusAppStartupConfigExt_OplusAppStartupCommonSceneStrategy: Blacklist is Empty
08-08 20:10:06.537  3009  3779 D OplusAppStartupConfigExt: RestartService prevent pkg com.heytap.mcs result = false
08-08 20:10:06.540  3009  3779 D OplusAppStartupManager: prevent restart service, pkgName = com.heytap.mcs, scenePriority = -1
08-08 20:10:06.543 28896 29274 D SystemAlertManager: updateUserCfgMap mUserCfgMap:  {}
08-08 20:10:06.545 22620 22620 I ActivityThread: Removing dead content provider:android.content.ContentProviderProxy@9c0c0b2
08-08 20:10:06.546 29277 29277 D nativeloader: Load libframework-connectivity-tiramisu-jni.so using APEX ns com_android_tethering for caller /apex/com.android.tethering/javalib/framework-connectivity-t.jar: ok
08-08 20:10:06.553  4088  4088 W Launcher.AllApps[u0]: AlphabeticalAppsList#drawAppSort cost to muchTime sortCost = 1 sectionUpdateCost = 1 adapterUpdateCost = 9
08-08 20:10:06.554  3979  4433 I ProcessManager: onProcessDied pid:28554, uid:1000
08-08 20:10:06.555  3979  4433 D AppSceneEventManager: handleMessage: 101
08-08 20:10:06.555  3979  4433 I DispatcherPolicy: onBaseEvent EventId=22	INPUT_PROCESS_DIED	TimeStamp =1786209006554	Intent =null	Content =null	Pid =28554	PkgName =com.heytap.mcs
08-08 20:10:06.555  3979  4433 I GamingScene: onInputEvent : INPUT_PROCESS_DIED
08-08 20:10:06.556  4088  4088 W Launcher.AllApps[u0]: AlphabeticalAppsList#drawAppSort cost to muchTime sortCost = 1 sectionUpdateCost = 0 adapterUpdateCost = 1
08-08 20:10:06.559 29277 29277 D OplusActivityThreadExtImpl: java.lang.NoSuchMethodException: dalvik.system.VMRuntime.SupressionGC [int, int]
08-08 20:10:06.560 28601 28781 I Finsky  : [16326] AIM: Got app ownership map. App counts: . Unique apps: 0
08-08 20:10:06.561 28601 28781 E Finsky  : [16326] [Counters] attempted to use a non-positive increment for: 4752
08-08 20:10:06.563 29039 29039 D CompatChangeReporter: Compat change id reported: 312399441; UID 1000; state: ENABLED
08-08 20:10:06.565 29277 29277 W libc    : Access denied finding property "persist.vendor.sys.activitylog"
08-08 20:10:06.565 29277 29277 I OneTrace: Mark active for pid=29277? true
08-08 20:10:06.565 29277 29277 D cutils-dev: otrace_set_tracing_enabled? true tag:0
08-08 20:10:06.566 28601 29086 I Finsky  : [16346] IQ::HLD: Callers (Pausers) in PauseUpdatesCallersValueStore: []
08-08 20:10:06.567 29277 29277 D cutils-dev: properties changed in otrace_seq_number_changed!
08-08 20:10:06.571   896   896 E lowmemorykiller: device memory 229375 free 11753 file 221343
08-08 20:10:06.573  3009  4782 D ActivityTaskManagerServiceExtImpl: preBindApplication record is null
08-08 20:10:06.573  3009  4782 D RGBNormalizeServer: OplusRGBNormalize feature enabled ? false
08-08 20:10:06.573  3009  4782 D ResourcesManagerCache: For package com.oplus.romupdate we got cacheList [null] appInfoExt is null ? false hasFeature ? false
08-08 20:10:06.581 29277 29295 D OplusAppHeapManager: java.lang.NoSuchMethodException: dalvik.system.VMRuntime.updateProcessValue [int, int, int]
08-08 20:10:06.590  1479  5654 D charge_time: type=cdp/dcp,reserve_soc=1,soc=60,ui_soc=61,current=426,avg=442,not_chg_cnt=0,stable_cnt=7,fcc=4423,fcc_ratio=92,delta=120,debug=0,region=12,ttf=13375(03:42:55),ui_ttf=5143(01:25:43)
08-08 20:10:06.591 28896 29274 D SystemAlertManager: readCustomizeAlertList during boot-up 
08-08 20:10:06.594 28601 28781 E Finsky  : [16326] [Counters] attempted to use a non-positive increment for: 4753
08-08 20:10:06.597   896   896 E lowmemorykiller: device memory 229802 free 11249 file 222274
08-08 20:10:06.598  3009  3712 I Osense-PsiDetector: 897,44,3020,4607,35,128,95,793,1125,380,487,0,4,5651
08-08 20:10:06.601 29096 29096 D CompatChangeReporter: Compat change id reported: 202956589; UID 1000; state: ENABLED
08-08 20:10:06.605 29096 29096 I Quality : ActivityThread: createOrUpdateClassLoaderLocked delay 1315 com.oplus.sau 29096
08-08 20:10:06.608 28896 28896 W ContextImpl: Calling a method in the system process without a qualified user: android.app.ContextImpl.startService:1958 android.content.ContextWrapper.startService:837 android.content.ContextWrapper.startService:837 com.oplusos.securitypermission.permission.OplusPermissionReceiver.l:92 com.oplusos.securitypermission.permission.OplusPermissionReceiver.onReceive:168 
08-08 20:10:06.610 29277 29277 D OplusActivityManager: get AMS extension: android.os.BinderProxy@c7dd74c
08-08 20:10:06.616 29277 29277 D callGcSupression: java.lang.NullPointerException: Attempt to invoke virtual method 'java.lang.Object java.lang.reflect.Method.invoke(java.lang.Object, java.lang.Object[])' on a null object reference
08-08 20:10:06.622 29277 29277 D CompactWindowAppManager: initCompactApplicationInfo CompactMode: , NormalMode: 
08-08 20:10:06.626 28896 28896 W ContextImpl: Calling a method in the system process without a qualified user: android.app.ContextImpl.startService:1958 android.content.ContextWrapper.startService:837 android.content.ContextWrapper.startService:837 com.oplusos.securitypermission.permission.OplusPermissionReceiver.l:92 com.oplusos.securitypermission.permission.OplusPermissionReceiver.onReceive:179 
08-08 20:10:06.632 29277 29277 D OplusScrollToTopManager: setIsInWhiteList false
08-08 20:10:06.633 29277 29277 D OplusViewDebugManager: OplusViewDebugManager Constructor android.view.debug.OplusViewDebugManager@d151caa [mHasViewDebugProperty true] [mHasMsgDebugProperty false] [DEBUG false] [EXTRAINFOENABLE false] [LIGHT_OS true]
08-08 20:10:06.637  3009  3705 I Osense-BaseDecisionMaker: notifySceneToAthenaPolicy: SCENE_RES_MEM_PSI_NORMAL, bundle: Bundle[{memLevel=4}]
08-08 20:10:06.638 25458 25458 D BoundBrokerSvc: onBind: Intent { act=com.google.android.gms.feedback.internal.IFeedbackService dat=chimera-action:/... cmp=com.google.android.gms/.chimera.GmsBoundBrokerService mCallingUid=10114 }
08-08 20:10:06.638 25458 25458 D BoundBrokerSvc: Loading bound service for intent: Intent { act=com.google.android.gms.feedback.internal.IFeedbackService dat=chimera-action:/... cmp=com.google.android.gms/.chimera.GmsBoundBrokerService mCallingUid=10114 }
08-08 20:10:06.639  3009  3705 I Osense-BaseDecisionMaker: scene: SCENE_RES_MEM_PSI_NORMAL, excutingPolicy: clear
08-08 20:10:06.639  3009  3705 D Osense-BaseDecisionMaker: invoke clear policy,type: cached
08-08 20:10:06.639  3009  3705 I Osense-BaseDecisionMaker: notifySceneToAthenaPolicy: SCENE_RES_MEM_PSI_LEAK, bundle: Bundle[{memLevel=4}]
08-08 20:10:06.641  3009  3710 I OsenseKillAction: KillAction: [atomic clean] start name=lowmem, requestId=122330, startAvail=897, startFreeMB=42, purposeAvailMB=1200, purposeFreeMB=-1, anonRssTarget=303, minBgCount=0, swapTarget=0, scene=SCENE_RES_MEM_PSI_NORMAL, type=cached, qb=false, cchOnly=true, urgency=false, hoggingCpuPids={}, invalid-cnt=4
08-08 20:10:06.641  3009  3710 I OsenseKillAction: KillAction: [atomic clean] end: skip for no-killable-cached-process
08-08 20:10:06.641  3009  3710 I OsenseKillAction: KillAction: 303mb more anonRss to reclaim, 0mb more swapMb to reclaim, <skip> mem guard, cur avail=0mb, bundle: Bundle[{appcareThreshold=0, triggerMemory=1000, qbmode=false, memLevel=4, type=cached, level=1, scene=SCENE_RES_MEM_PSI_NORMAL, requestId=122330, purposeMemory=1200}]
08-08 20:10:06.683 28519 29241 I MSP-LOG-SDK-MspSdk: Sdk has initialized! version:2.0.1.14
08-08 20:10:06.684 28519 29200 I MSP-LOG-SDK-MspSdk: Sdk has initialized! version:2.0.1.14
08-08 20:10:06.691 28519 29221 I CloudConfig: ruc 50351 exit
08-08 20:10:06.692 28519 29221 I CloudConfig: tn: sdk-50351-ruc, dr: 1139ms
08-08 20:10:06.692 28519 29221 I CloudConfig: tn: sdk-50351-ruc
08-08 20:10:06.692 28519 29221 I CloudConfig: ruc 1281 enter
08-08 20:10:06.698  1479  1567 D BatteryChargeControl: bcc get no support from charging protocol
08-08 20:10:06.699   896   896 E lowmemorykiller: device memory 230955 free 11218 file 223458
08-08 20:10:06.702 28519 29276 E MSP-LOG-SDK-: MspSdkException{code=3014,message=com.heytap.mspsdk.ratelimit.MspRateLimitExceededException: ipc rate limit exceeded in time window}
08-08 20:10:06.702 28519 29276 E MSP-LOG-SDK-: 	at com.heytap.mspsdk.ratelimit.b.a(RateLimitInterceptor.java:56)
08-08 20:10:06.702 28519 29276 E MSP-LOG-SDK-: 	at com.heytap.mspsdk.interceptor.c.a(StandardListChain.java:40)
08-08 20:10:06.702 28519 29276 E MSP-LOG-SDK-: 	at com.heytap.mspsdk.proxy.b.a(CompatCheckInterceptor.java:30)
08-08 20:10:06.702 28519 29276 E MSP-LOG-SDK-: 	at com.heytap.mspsdk.interceptor.c.a(StandardListChain.java:40)
08-08 20:10:06.702 28519 29276 E MSP-LOG-SDK-: 	at com.heytap.mspsdk.proxy.e.invoke(InnerInvocationHandler.java:202)
08-08 20:10:06.702 28519 29276 E MSP-LOG-SDK-: 	at java.lang.reflect.Proxy.invoke(Proxy.java:1009)
08-08 20:10:06.702 28519 29276 E MSP-LOG-SDK-: 	at $Proxy10.getConfigData(Unknown Source)
08-08 20:10:06.702 28519 29276 E MSP-LOG-SDK-: 	at com.heytap.nearx.tangramconfig.kit.client.KitProxy.getConfigData$lambda$1(KitProxy.kt:29)
08-08 20:10:06.702 28519 29276 E MSP-LOG-SDK-: 	at com.heytap.nearx.tangramconfig.kit.client.KitProxy.c(KitProxy.kt:1)
08-08 20:10:06.702 28519 29276 E MSP-LOG-SDK-: 	at com.heytap.nearx.tangramconfig.kit.client.c.run(R8$$SyntheticClass:9)
08-08 20:10:06.702 28519 29276 E MSP-LOG-SDK-: 	at java.util.concurrent.ThreadPoolExecutor.runWorker(ThreadPoolExecutor.java:1100)
08-08 20:10:06.702 28519 29276 E MSP-LOG-SDK-: 	at java.util.concurrent.ThreadPoolExecutor$Worker.run(ThreadPoolExecutor.java:624)
08-08 20:10:06.702 28519 29276 E MSP-LOG-SDK-: 	at java.lang.Thread.run(Thread.java:1572)
08-08 20:10:06.708 28519 29241 E MSP-LOG-SDK-RateLimitManager: not_allow_invoke because of time_window_not_allow queue = [1786207708064], config = RateLimitConfig{maxCalls=1, timeWindowSeconds=7200, callIntervalSeconds=0}, ipcInvokeTimeQueueMapKey = com.heytap.nearx.tangramconfig.kit.client.ICloudCtrlServiceModule?@?50351?@?4?@?com.coloros.phonemanager, has already call 1 times in 7200 seconds before
08-08 20:10:06.708 28519 29241 E MSP-LOG-SDK-: MspSdkException{code=3014,message=com.heytap.mspsdk.ratelimit.MspRateLimitExceededException: ipc rate limit exceeded in time window}
08-08 20:10:06.708 28519 29241 E MSP-LOG-SDK-: 	at com.heytap.mspsdk.ratelimit.b.a(RateLimitInterceptor.java:56)
08-08 20:10:06.708 28519 29241 E MSP-LOG-SDK-: 	at com.heytap.mspsdk.interceptor.c.a(StandardListChain.java:40)
08-08 20:10:06.708 28519 29241 E MSP-LOG-SDK-: 	at com.heytap.mspsdk.proxy.b.a(CompatCheckInterceptor.java:30)
08-08 20:10:06.708 28519 29241 E MSP-LOG-SDK-: 	at com.heytap.mspsdk.interceptor.c.a(StandardListChain.java:40)
08-08 20:10:06.708 28519 29241 E MSP-LOG-SDK-: 	at com.heytap.mspsdk.proxy.e.invoke(InnerInvocationHandler.java:202)
08-08 20:10:06.708 28519 29241 E MSP-LOG-SDK-: 	at java.lang.reflect.Proxy.invoke(Proxy.java:1009)
08-08 20:10:06.708 28519 29241 E MSP-LOG-SDK-: 	at $Proxy10.checkUpdateConfig(Unknown Source)
08-08 20:10:06.708 28519 29241 E MSP-LOG-SDK-: 	at com.heytap.nearx.tangramconfig.kit.client.KitProxy.checkUpdateConfig$lambda$3(KitProxy.kt:20)
08-08 20:10:06.708 28519 29241 E MSP-LOG-SDK-: 	at com.heytap.nearx.tangramconfig.kit.client.KitProxy.d(KitProxy.kt:1)
08-08 20:10:06.708 28519 29241 E MSP-LOG-SDK-: 	at com.heytap.nearx.tangramconfig.kit.client.e.run(R8$$SyntheticClass:9)
08-08 20:10:06.708 28519 29241 E MSP-LOG-SDK-: 	at java.util.concurrent.ThreadPoolExecutor.runWorker(ThreadPoolExecutor.java:1100)
08-08 20:10:06.708 28519 29241 E MSP-LOG-SDK-: 	at java.util.concurrent.ThreadPoolExecutor$Worker.run(ThreadPoolExecutor.java:624)
08-08 20:10:06.708 28519 29241 E MSP-LOG-SDK-: 	at java.lang.Thread.run(Thread.java:1572)
08-08 20:10:06.711 28519 29278 E MSP-LOG-SDK-RateLimitManager: not_allow_invoke because of time_window_not_allow queue = [1786208585780], config = RateLimitConfig{maxCalls=1, timeWindowSeconds=21600, callIntervalSeconds=0}, ipcInvokeTimeQueueMapKey = com.heytap.nearx.tangramconfig.kit.client.ICloudCtrlServiceModule?@?50351?@?1?@?com.coloros.phonemanager, has already call 1 times in 21600 seconds before
08-08 20:10:06.711 28519 29278 E MSP-LOG-SDK-: MspSdkException{code=3014,message=com.heytap.mspsdk.ratelimit.MspRateLimitExceededException: ipc rate limit exceeded in time window}
08-08 20:10:06.711 28519 29278 E MSP-LOG-SDK-: 	at com.heytap.mspsdk.ratelimit.b.a(RateLimitInterceptor.java:56)
08-08 20:10:06.711 28519 29278 E MSP-LOG-SDK-: 	at com.heytap.mspsdk.interceptor.c.a(StandardListChain.java:40)
08-08 20:10:06.711 28519 29278 E MSP-LOG-SDK-: 	at com.heytap.mspsdk.proxy.b.a(CompatCheckInterceptor.java:30)
08-08 20:10:06.711 28519 29278 E MSP-LOG-SDK-: 	at com.heytap.mspsdk.interceptor.c.a(StandardListChain.java:40)
08-08 20:10:06.711 28519 29278 E MSP-LOG-SDK-: 	at com.heytap.mspsdk.proxy.e.invoke(InnerInvocationHandler.java:202)
08-08 20:10:06.711 28519 29278 E MSP-LOG-SDK-: 	at java.lang.reflect.Proxy.invoke(Proxy.java:1009)
08-08 20:10:06.711 28519 29278 E MSP-LOG-SDK-: 	at $Proxy10.getDynamicCondition(Unknown Source)
08-08 20:10:06.711 28519 29278 E MSP-LOG-SDK-: 	at com.heytap.nearx.tangramconfig.kit.client.KitProxy.getDynamicCondition$lambda$0(KitProxy.kt:25)
08-08 20:10:06.711 28519 29278 E MSP-LOG-SDK-: 	at com.heytap.nearx.tangramconfig.kit.client.KitProxy.b(KitProxy.kt:1)
08-08 20:10:06.711 28519 29278 E MSP-LOG-SDK-: 	at com.heytap.nearx.tangramconfig.kit.client.b.run(R8$$SyntheticClass:9)
08-08 20:10:06.711 28519 29278 E MSP-LOG-SDK-: 	at java.util.concurrent.ThreadPoolExecutor.runWorker(ThreadPoolExecutor.java:1100)
08-08 20:10:06.711 28519 29278 E MSP-LOG-SDK-: 	at java.util.concurrent.ThreadPoolExecutor$Worker.run(ThreadPoolExecutor.java:624)
08-08 20:10:06.711 28519 29278 E MSP-LOG-SDK-: 	at java.lang.Thread.run(Thread.java:1572)
08-08 20:10:06.716 28519 29214 D CloudConfig_stgyHelper: mspVersionCanSupport mspKitVersion : 2031315
08-08 20:10:06.717 28519 29200 E MSP-LOG-SDK-RateLimitManager: not_allow_invoke because of time_window_not_allow queue = [1786208585780], config = RateLimitConfig{maxCalls=1, timeWindowSeconds=21600, callIntervalSeconds=0}, ipcInvokeTimeQueueMapKey = com.heytap.nearx.tangramconfig.kit.client.ICloudCtrlServiceModule?@?50351?@?1?@?com.coloros.phonemanager, has already call 1 times in 21600 seconds before
08-08 20:10:06.718 28519 29200 E MSP-LOG-SDK-: MspSdkException{code=3014,message=com.heytap.mspsdk.ratelimit.MspRateLimitExceededException: ipc rate limit exceeded in time window}
08-08 20:10:06.718 28519 29200 E MSP-LOG-SDK-: 	at com.heytap.mspsdk.ratelimit.b.a(RateLimitInterceptor.java:56)
08-08 20:10:06.718 28519 29200 E MSP-LOG-SDK-: 	at com.heytap.mspsdk.interceptor.c.a(StandardListChain.java:40)
08-08 20:10:06.718 28519 29200 E MSP-LOG-SDK-: 	at com.heytap.mspsdk.proxy.b.a(CompatCheckInterceptor.java:30)
08-08 20:10:06.718 28519 29200 E MSP-LOG-SDK-: 	at com.heytap.mspsdk.interceptor.c.a(StandardListChain.java:40)
08-08 20:10:06.718 28519 29200 E MSP-LOG-SDK-: 	at com.heytap.mspsdk.proxy.e.invoke(InnerInvocationHandler.java:202)
08-08 20:10:06.718 28519 29200 E MSP-LOG-SDK-: 	at java.lang.reflect.Proxy.invoke(Proxy.java:1009)
08-08 20:10:06.718 28519 29200 E MSP-LOG-SDK-: 	at $Proxy10.getDynamicCondition(Unknown Source)
08-08 20:10:06.718 28519 29200 E MSP-LOG-SDK-: 	at com.heytap.nearx.tangramconfig.kit.client.KitProxy.getDynamicCondition$lambda$0(KitProxy.kt:25)
08-08 20:10:06.718 28519 29200 E MSP-LOG-SDK-: 	at com.heytap.nearx.tangramconfig.kit.client.KitProxy.b(KitProxy.kt:1)
08-08 20:10:06.718 28519 29200 E MSP-LOG-SDK-: 	at com.heytap.nearx.tangramconfig.kit.client.b.run(R8$$SyntheticClass:9)
08-08 20:10:06.718 28519 29200 E MSP-LOG-SDK-: 	at java.util.concurrent.ThreadPoolExecutor.runWorker(ThreadPoolExecutor.java:1100)
08-08 20:10:06.718 28519 29200 E MSP-LOG-SDK-: 	at java.util.concurrent.ThreadPoolExecutor$Worker.run(ThreadPoolExecutor.java:624)
08-08 20:10:06.718 28519 29200 E MSP-LOG-SDK-: 	at java.lang.Thread.run(Thread.java:1572)
08-08 20:10:06.727 28519 29214 D CloudConfig_stgyHelper: getSupportKitMode strategyEntity : StrategyEntity(sdkInterval=1800000, strategyMode=1, minSDKVersion=1000, minKitVersion=2014122, validReqPeriod=7200000, maxReqProduct=100, forceKitIfKit=false, backoff=120000, enable=true, defaultLimit=RateLimitConfig{maxCalls=1, timeWindowSeconds=7200, callIntervalSeconds=0}, productLimits={global-domain_1281=RateLimitConfig{maxCalls=1, timeWindowSeconds=7200, callIntervalSeconds=0}, 50351=RateLimitConfig{maxCalls=1, timeWindowSeconds=7200, callIntervalSeconds=0}, global-domain_1961=RateLimitConfig{maxCalls=1, timeWindowSeconds=7200, callIntervalSeconds=0}, compass_143100=RateLimitConfig{maxCalls=1, timeWindowSeconds=7200, callIntervalSeconds=0}, compass_20092=RateLimitConfig{maxCalls=1, timeWindowSeconds=7200, callIntervalSeconds=0}, mdp_2196=RateLimitConfig{maxCalls=1, timeWindowSeconds=7200, callIntervalSeconds=0}, mdp_2047=RateLimitConfig{maxCalls=1, timeWindowSeconds=7200, callIntervalSeconds=0}, global-domain_2047=RateLimitConfig{maxCalls=1, timeWindowSeconds=7200, callIntervalSeconds=0}, compass_121100=RateLimitConfig{maxCalls=1, timeWindowSeconds=7200, callIntervalSeconds=0}})
08-08 20:10:06.728 28519 29214 D CloudConfig_stgyHelper: getSupportKitMode localSdkVersion : 1227
08-08 20:10:06.728 28519 29214 I NearX.CloudConfig: cloudInit completed
08-08 20:10:06.729 28519 29221 D CloudConfig_stgyHelper: mspVersionCanSupport mspKitVersion : 2031315
08-08 20:10:06.729 28519 29244 I CloudConfig: tn: 50351-Track
08-08 20:10:06.734 28519 29221 D CloudConfig_stgyHelper: getSupportKitMode strategyEntity : StrategyEntity(sdkInterval=1800000, strategyMode=1, minSDKVersion=1000, minKitVersion=2014122, validReqPeriod=7200000, maxReqProduct=100, forceKitIfKit=false, backoff=120000, enable=true, defaultLimit=RateLimitConfig{maxCalls=1, timeWindowSeconds=7200, callIntervalSeconds=0}, productLimits={global-domain_1281=RateLimitConfig{maxCalls=1, timeWindowSeconds=7200, callIntervalSeconds=0}, 50351=RateLimitConfig{maxCalls=1, timeWindowSeconds=7200, callIntervalSeconds=0}, global-domain_1961=RateLimitConfig{maxCalls=1, timeWindowSeconds=7200, callIntervalSeconds=0}, compass_143100=RateLimitConfig{maxCalls=1, timeWindowSeconds=7200, callIntervalSeconds=0}, compass_20092=RateLimitConfig{maxCalls=1, timeWindowSeconds=7200, callIntervalSeconds=0}, mdp_2196=RateLimitConfig{maxCalls=1, timeWindowSeconds=7200, callIntervalSeconds=0}, mdp_2047=RateLimitConfig{maxCalls=1, timeWindowSeconds=7200, callIntervalSeconds=0}, global-domain_2047=RateLimitConfig{maxCalls=1, timeWindowSeconds=7200, callIntervalSeconds=0}, compass_121100=RateLimitConfig{maxCalls=1, timeWindowSeconds=7200, callIntervalSeconds=0}})
08-08 20:10:06.734 28519 29221 D CloudConfig_stgyHelper: getSupportKitMode localSdkVersion : 1227
08-08 20:10:06.739  3009  3998 I OplusHansManager : uid=10317, pkg=com.transsion.healthlife cannot transition from R to M, importance=bt
08-08 20:10:06.741 28519 29240 E FeatureFlagsImplExport: android.os.flagging.AconfigStorageReadException: ERROR_PACKAGE_NOT_FOUND: package com.android.libcore cannot be found on the device
08-08 20:10:06.741 28519 29244 I CloudConfig: tn: 50351-Track, dr: 11ms
08-08 20:10:06.741 28519 29244 I CloudConfig: tn: aw-50351-Track
08-08 20:10:06.741 28519 29244 I CloudConfig: tn: aw-50351-Track, dr: 0ms
08-08 20:10:06.742 28519 29245 I CloudConfig: tn: aw-20092-BUSIN
08-08 20:10:06.745 28519 29244 I CloudConfig: tn: aw-50351-Track
08-08 20:10:06.746 25458 25465 W gle.android.gms: ApkAssets: Deleting an ApkAssets object '<empty> and /data/app/~~NbgPEIbcr666ia8mxzj5XA==/com.hypernova.phone-n5S1A0Gei29t60yYoFdqhA==/base.apk' with 1 weak references
08-08 20:10:06.753 28519 29259 D CardWidget_SEEDLING_SUPPORT_SDK(4000004): (DefaultDispatcher-worker-12) isUserUnlocked = true
08-08 20:10:06.756 27175 27175 D WM-DelayedWorkTracker: Scheduling work 138a6e2b-1e8f-48c1-a2b8-6299976f5f5d
08-08 20:10:06.757 27175 27175 D WM-GreedyScheduler: Starting tracking for 138a6e2b-1e8f-48c1-a2b8-6299976f5f5d
08-08 20:10:06.768 28519 29245 I CloudConfig: tn: aw-20092-BUSIN, dr: 25ms
08-08 20:10:06.769 28519 29245 I CloudConfig: tn: aw-20092-BUSIN
08-08 20:10:06.769 28519 29245 I CloudConfig: tn: aw-20092-BUSIN, dr: 0ms
08-08 20:10:06.773 27175 27236 D WM-ConstraintTracker: G5g: initial state = NetworkState(isConnected=true, isValidated=true, isMetered=false, isNotRoaming=true)
08-08 20:10:06.773 27175 27236 D WM-NetworkStateTracker: Registering network callback
08-08 20:10:06.773 28552 29205 D CloudConfig_stgyHelper: mspVersionCanSupport mspKitVersion : 2031315
08-08 20:10:06.776  3009  5276 D ConnectivityService: requestNetwork for uid/pid:10320/27175 activeRequest: null callbackRequest: 105152 [NetworkRequest [ TRACK_DEFAULT id=105153, [ Capabilities: INTERNET&NOT_RESTRICTED&TRUSTED&NOT_VCN_MANAGED&NOT_BANDWIDTH_CONSTRAINED Uid: 10320 RequestorUid: 10320 RequestorPkg: com.whatsapp UnderlyingNetworks: Null] ], NetworkRequest [ REQUEST id=105154, [ Transports: SATELLITE Capabilities: INTERNET&NOT_RESTRICTED&TRUSTED&NOT_VCN_MANAGED Uid: 10320 RequestorUid: 10320 RequestorPkg: com.whatsapp UnderlyingNetworks: Null] ]] callback flags: 0 order: 2147483647 isUidTracked: false declaredMethods: AVAIL|LOST|NC
08-08 20:10:06.776 29277 29277 W libc    : Access denied finding property "ro.odm.prev.product.name"
08-08 20:10:06.777 28519 29259 E CardWidget_SEEDLING_SUPPORT_SDK(4000004): (DefaultDispatcher-worker-12) getBooleanMetaValue error:android.content.pm.PackageManager$NameNotFoundException: com.oplus.pantanal.ums
08-08 20:10:06.777 28519 29259 D CardWidget_SEEDLING_SUPPORT_SDK(4000004): (DefaultDispatcher-worker-12) getBooleanMetaValue, key = abnormalModeSupport, value = false
08-08 20:10:06.780  3009  3450 D ConnectivityService: NetReassign [105153 : null → 741] [c 0] [a 2] [i 1]
08-08 20:10:06.782 27175 27946 D WM-NetworkStateTracker: Network capabilities changed: [ Transports: WIFI Capabilities: NOT_METERED&INTERNET&NOT_RESTRICTED&TRUSTED&NOT_VPN&VALIDATED&NOT_ROAMING&FOREGROUND&NOT_CONGESTED&NOT_SUSPENDED&NOT_VCN_MANAGED&NOT_BANDWIDTH_CONSTRAINED LinkUpBandwidth>=43107Kbps LinkDnBandwidth>=38148Kbps TransportInfo: <SSID: <unknown ssid>, BSSID: 02:00:00:00:00:00, MAC: 02:00:00:00:00:00, IP: /10.145.0.24, Security type: 2, Supplicant state: COMPLETED, Wi-Fi standard: 11ac, RSSI: -51, Link speed: 96Mbps, Tx Link speed: 96Mbps, Max Supported Tx Link speed: 96Mbps, Calculated Tx : 71Mbps, Rx Link speed: 96Mbps, Max Supported Rx Link speed: 96Mbps, Calculated Rx : 80Mbps, Frequency: 5180MHz, Net ID: -1, Metered hint: false, score: 60, isUsable: true, CarrierMerged: false, SubscriptionId: -1, IsPrimary: -1, Trusted: true, Restricted: false, Ephemeral: false, OEM paid: false, OEM private: false, OSU AP: false, FQDN: <none>, Provider friendly name: <none>, Requesting package name: <none><none>MLO Information: , Is TID-To-Link negotiation supported by the AP: false, AP MLD Address: <none>, AP MLO Link Id: <none>, AP MLO Affiliated links: <none>, Vendor Data: <none>> SignalStrength: -51 UnderlyingNetworks: Null]
08-08 20:10:06.787 27175 27236 D WM-GreedyScheduler: Constraints met: Scheduling work ID WorkGenerationalId(workSpecId=138a6e2b-1e8f-48c1-a2b8-6299976f5f5d, generation=0)
08-08 20:10:06.787 28552 29206 D CloudConfig_stgyHelper: mspVersionCanSupport mspKitVersion : 2031315
08-08 20:10:06.789 28552 29205 I MSP-LOG-SDK-MSP-LOG-SDK-: isDebug=false ,IS_SYSOPEN=false
08-08 20:10:06.793 29277 29277 D ApplicationLoaders: Returning zygote-cached class loader: /system/framework/org.apache.http.legacy.jar
08-08 20:10:06.798 27175 27227 D WM-Processor: G3T: processing WorkGenerationalId(workSpecId=138a6e2b-1e8f-48c1-a2b8-6299976f5f5d, generation=0)
08-08 20:10:06.800   896   896 E lowmemorykiller: device memory 232185 free 12481 file 222800
08-08 20:10:06.801 28519 29259 E CardWidget_SEEDLING_SUPPORT_SDK(4000004): (DefaultDispatcher-worker-12) getBooleanMetaValue error:android.content.pm.PackageManager$NameNotFoundException: com.oplus.pantanal.ums
08-08 20:10:06.801 28519 29259 D CardWidget_SEEDLING_SUPPORT_SDK(4000004): (DefaultDispatcher-worker-12) getBooleanMetaValue, key = isSeedlingCardSupport, value = false
08-08 20:10:06.801 28519 29259 D CardWidget_SEEDLING_SUPPORT_SDK(4000004): (DefaultDispatcher-worker-12) isSupportSeedlingCard, metaDataValue = false
08-08 20:10:06.801 28519 29259 W PhoneManager.StorageCardManager: not support seedling card
08-08 20:10:06.803 28519 29221 D CloudConfig_stgyHelper: mspVersionCanSupport mspKitVersion : 2031315
08-08 20:10:06.806  3009  3712 I Osense-PsiDetector: 906,51,3016,4607,35,128,95,787,1127,381,488,0,4,5654
08-08 20:10:06.806  3009  3705 I Osense-BaseDecisionMaker: notifySceneToAthenaPolicy: SCENE_RES_MEM_PSI_NORMAL, bundle: Bundle[{memLevel=3}]
08-08 20:10:06.807 28519 29244 I CloudConfig: tn: aw-50351-Track, dr: 62ms
08-08 20:10:06.807 28519 29245 I CloudConfig: tn: aw-20092-BUSIN
08-08 20:10:06.807 28519 29245 I CloudConfig: tn: aw-20092-BUSIN, dr: 0ms
08-08 20:10:06.809  3009  3705 I Osense-BaseDecisionMaker: scene: SCENE_RES_MEM_PSI_NORMAL, excutingPolicy: clear
08-08 20:10:06.809  3009  3705 D Osense-BaseDecisionMaker: invoke clear policy,type: cached
08-08 20:10:06.810 28552 29205 E MSP-LOG-SDK-ColorOSVersionUtils: oplus ver:34
08-08 20:10:06.810 28519 29221 D CloudConfig_stgyHelper: getSupportKitMode strategyEntity : StrategyEntity(sdkInterval=1800000, strategyMode=1, minSDKVersion=1000, minKitVersion=2014122, validReqPeriod=7200000, maxReqProduct=100, forceKitIfKit=false, backoff=120000, enable=true, defaultLimit=RateLimitConfig{maxCalls=1, timeWindowSeconds=7200, callIntervalSeconds=0}, productLimits={global-domain_1281=RateLimitConfig{maxCalls=1, timeWindowSeconds=7200, callIntervalSeconds=0}, 50351=RateLimitConfig{maxCalls=1, timeWindowSeconds=7200, callIntervalSeconds=0}, global-domain_1961=RateLimitConfig{maxCalls=1, timeWindowSeconds=7200, callIntervalSeconds=0}, compass_143100=RateLimitConfig{maxCalls=1, timeWindowSeconds=7200, callIntervalSeconds=0}, compass_20092=RateLimitConfig{maxCalls=1, timeWindowSeconds=7200, callIntervalSeconds=0}, mdp_2196=RateLimitConfig{maxCalls=1, timeWindowSeconds=7200, callIntervalSeconds=0}, mdp_2047=RateLimitConfig{maxCalls=1, timeWindowSeconds=7200, callIntervalSeconds=0}, global-domain_2047=RateLimitConfig{maxCalls=1, timeWindowSeconds=7200, callIntervalSeconds=0}, compass_121100=RateLimitConfig{maxCalls=1, timeWindowSeconds=7200, callIntervalSeconds=0}})
08-08 20:10:06.810 28519 29221 D CloudConfig_stgyHelper: getSupportKitMode localSdkVersion : 1227
08-08 20:10:06.810  3009  3710 I OsenseKillAction: KillAction: [atomic clean] start name=lowmem, requestId=122331, startAvail=905, startFreeMB=51, purposeAvailMB=1200, purposeFreeMB=-1, anonRssTarget=295, minBgCount=0, swapTarget=0, scene=SCENE_RES_MEM_PSI_NORMAL, type=cached, qb=false, cchOnly=true, urgency=false, hoggingCpuPids={}, invalid-cnt=4
08-08 20:10:06.810  3009  3710 I OsenseKillAction: KillAction: [atomic clean] end: skip for no-killable-cached-process
08-08 20:10:06.810  3009  3710 I OsenseKillAction: KillAction: 295mb more anonRss to reclaim, 0mb more swapMb to reclaim, <skip> mem guard, cur avail=0mb, bundle: Bundle[{appcareThreshold=0, triggerMemory=1000, qbmode=false, memLevel=3, type=cached, level=1, scene=SCENE_RES_MEM_PSI_NORMAL, requestId=122331, purposeMemory=1200}]
08-08 20:10:06.819  3009  4718 W ActivityManager: Receiver with filter android.content.IntentFilter@1e00106 already registered for pid 28552, callerPackage is com.heytap.market
08-08 20:10:06.820  3979  4446 I TcpSyn  : onIfNameChange: foregroundAppChange
08-08 20:10:06.820  3979  4446 I TcpSyn  : onIfNameChange: foregroundAppChange appUid=[10495]
08-08 20:10:06.820  3979  4446 I TcpSyn  : updateAllUids
08-08 20:10:06.830 28552 29206 D CloudConfig_stgyHelper: 设置本地限频
08-08 20:10:06.831 28552 29205 D CloudConfig_stgyHelper: 设置本地限频
08-08 20:10:06.844 28601 29129 I cn_CronetUrlRequestContext: destroyNativeStreamLocked android.net.http.internal.org.chromium.net.impl.CronetBidirectionalStream@d431bde
08-08 20:10:06.849 28552 29041 I m.heytap.market: Explicit concurrent mark compact GC freed 30MB AllocSpace bytes, 75(4396KB) LOS objects, 24% free, 9442KB/12MB, paused 321.684ms,204.505ms total 2.892s
08-08 20:10:06.850 28552 29044 I m.heytap.market: WaitForGcToComplete blocked Explicit on Explicit for 2.882s
08-08 20:10:06.853 28552 29120 I m.heytap.market: Waiting for a blocking GC Explicit
08-08 20:10:06.853 28552 29119 I m.heytap.market: Waiting for a blocking GC Explicit
08-08 20:10:06.854 28552 29118 I m.heytap.market: Waiting for a blocking GC Explicit
08-08 20:10:06.854 28552 29117 I m.heytap.market: Waiting for a blocking GC Explicit
08-08 20:10:06.854 28552 29115 I m.heytap.market: Waiting for a blocking GC Explicit
08-08 20:10:06.854 28552 29116 I m.heytap.market: Waiting for a blocking GC Explicit
08-08 20:10:06.856 29277 29277 D nativeloader: InitLlndkLibrariesProduct: libEGL.so:libGLESv1_CM.so:libGLESv2.so:libGLESv3.so:libRS.so:libandroid_net.so:libapexsupport.so:libbinder_ndk.so:libc.so:libcgrouprc.so:libclang_rt.asan-aarch64-android.so:libclang_rt.asan-arm-android.so:libclang_rt.hwasan-aarch64-android.so:libcom.android.tethering.connectivity_native.so:libdl.so:libft2.so:liblog.so:libm.so:libmediandk.so:libnativewindow.so:libneuralnetworks.so:libselinux.so:libsync.so:libvendorsupport.so:libvndksupport.so:libvulkan.so
08-08 20:10:06.859 28552 28592 W System  : A resource failed to call ContentProviderClient.close. 
08-08 20:10:06.860 29277 29277 D nativeloader: Configuring product-clns-7 for unbundled product apk /product/app/RomUpdate/RomUpdate.apk. target_sdk_version=35, uses_libraries=, library_path=/product/app/RomUpdate/lib/arm64:/product/lib64:/system/product/lib64, permitted_path=/data:/mnt/expand:/data/user_de/0/com.oplus.romupdate:/product/lib64:/system/product/lib64
08-08 20:10:06.866 27175 27175 D WM-WorkerWrapper: Starting work for com.whatsapp.infra.networking.xmpp.lifecycle.XmppLifecycleWorker
08-08 20:10:06.875 29039 29039 D CompatChangeReporter: Compat change id reported: 279646685; UID 1000; state: ENABLED
08-08 20:10:06.881 29277 29277 D nativeloader: InitVndkspLibrariesProduct: VNDK is deprecated with product
08-08 20:10:06.900   896   896 E lowmemorykiller: device memory 231244 free 10375 file 224441
08-08 20:10:06.906 28601 28601 E Parcel  : Attempt to read from protected data in Parcel 0xb400007406ee0a00
08-08 20:10:06.906 28601 28601 E Parcel  : Attempt to read from protected data in Parcel 0xb400007406ee0a00
08-08 20:10:06.906 28601 28601 E Parcel  : Attempt to read from protected data in Parcel 0xb400007406ee0a00
08-08 20:10:06.906 28601 28601 E Parcel  : Attempt to read from protected data in Parcel 0xb400007406ee0a00
08-08 20:10:06.909 28623 28869 I Finsky:background: [16328] IV2: IQv2 is disabled. Recovering all active installs: []
08-08 20:10:06.924 28623 29300 E Parcel  : Attempt to read from protected data in Parcel 0xb40000748a368980
08-08 20:10:06.924 28623 29300 E Parcel  : Attempt to read from protected data in Parcel 0xb40000748a368980
08-08 20:10:06.924 28623 29300 E Parcel  : Attempt to read from protected data in Parcel 0xb40000748a368980
08-08 20:10:06.924 28623 29300 E Parcel  : Attempt to read from protected data in Parcel 0xb40000748a368980
08-08 20:10:06.926 29277 29277 D CompatChangeReporter: Compat change id reported: 202956589; UID 10181; state: ENABLED
08-08 20:10:06.940 28552 29308 I MSP-LOG-SDK-MspSdk: Sdk init start
08-08 20:10:06.949 28552 29205 D CloudConfig_stgyHelper: mspVersionCanSupport mspKitVersion : 2031315
08-08 20:10:06.953 28552 29205 D CloudConfig_stgyHelper: getSupportKitMode strategyEntity : StrategyEntity(sdkInterval=1800000, strategyMode=1, minSDKVersion=1000, minKitVersion=2014122, validReqPeriod=7200000, maxReqProduct=100, forceKitIfKit=false, backoff=120000, enable=true, defaultLimit=RateLimitConfig{maxCalls=1, timeWindowSeconds=7200, callIntervalSeconds=0}, productLimits={50351=RateLimitConfig{maxCalls=1, timeWindowSeconds=7200, callIntervalSeconds=0}, compass_2=RateLimitConfig{maxCalls=1, timeWindowSeconds=7200, callIntervalSeconds=0}, mdp_1291=RateLimitConfig{maxCalls=1, timeWindowSeconds=7200, callIntervalSeconds=0}, global-domain_1281=RateLimitConfig{maxCalls=1, timeWindowSeconds=7200, callIntervalSeconds=0}, compass_20214=RateLimitConfig{maxCalls=1, timeWindowSeconds=7200, callIntervalSeconds=0}, compass_143100=RateLimitConfig{maxCalls=1, timeWindowSeconds=7200, callIntervalSeconds=0}, global-domain_1961=RateLimitConfig{maxCalls=1, timeWindowSeconds=7200, callIntervalSeconds=0}, mdp_2196=RateLimitConfig{maxCalls=1, timeWindowSeconds=7200, callIntervalSeconds=0}, mdp_2190=RateLimitConfig{maxCalls=1, timeWindowSeconds=7200, callIntervalSeconds=0}, compass_121100=RateLimitConfig{maxCalls=1, timeWindowSeconds=7200, callIntervalSeconds=0}})
08-08 20:10:06.953 28552 29205 D CloudConfig_stgyHelper: getSupportKitMode localSdkVersion : 1231
08-08 20:10:06.954 28552 29308 I MSP-LOG-SDK-MspSdk: Sdk init finish, version:2.0.1.14
08-08 20:10:06.969 28519 29227 I CloudConfig: tn: aw-50351-Track, dr: 862ms
08-08 20:10:06.970 28519 29227 I CloudConfig: tn: aw-50351-Track
08-08 20:10:06.970 28552 29307 I MSP-LOG-SDK-MspSdk: Sdk has initialized! version:2.0.1.14
08-08 20:10:06.973 28519 29227 I CloudConfig: tn: aw-50351-Track, dr: 3ms
08-08 20:10:06.978 29277 29277 I Quality : GetResourcesInfo:50326407,/product/app/RomUpdate/RomUpdate.apk
08-08 20:10:06.997 28552 28874 D SessionsDependencies: Dependency to CRASHLYTICS added.
08-08 20:10:06.999   896   896 E lowmemorykiller: device memory 231531 free 10417 file 225292
08-08 20:10:07.003 28552 28874 I FirebaseApp: Device unlocked: initializing all Firebase APIs for app [DEFAULT]
08-08 20:10:07.032 29096 29096 I Quality : GetResourcesInfo:351203646,/system_ext/app/SystemAppUpdateService/SystemAppUpdateService.apk
08-08 20:10:07.039 28552 29206 D CloudConfig_stgyHelper: mspVersionCanSupport mspKitVersion : 2031315
08-08 20:10:07.044 28552 29206 D CloudConfig_stgyHelper: getSupportKitMode strategyEntity : StrategyEntity(sdkInterval=1800000, strategyMode=1, minSDKVersion=1000, minKitVersion=2014122, validReqPeriod=7200000, maxReqProduct=100, forceKitIfKit=false, backoff=120000, enable=true, defaultLimit=RateLimitConfig{maxCalls=1, timeWindowSeconds=7200, callIntervalSeconds=0}, productLimits={50351=RateLimitConfig{maxCalls=1, timeWindowSeconds=7200, callIntervalSeconds=0}, compass_2=RateLimitConfig{maxCalls=1, timeWindowSeconds=7200, callIntervalSeconds=0}, mdp_1291=RateLimitConfig{maxCalls=1, timeWindowSeconds=7200, callIntervalSeconds=0}, global-domain_1281=RateLimitConfig{maxCalls=1, timeWindowSeconds=7200, callIntervalSeconds=0}, compass_20214=RateLimitConfig{maxCalls=1, timeWindowSeconds=7200, callIntervalSeconds=0}, compass_143100=RateLimitConfig{maxCalls=1, timeWindowSeconds=7200, callIntervalSeconds=0}, global-domain_1961=RateLimitConfig{maxCalls=1, timeWindowSeconds=7200, callIntervalSeconds=0}, mdp_2196=RateLimitConfig{maxCalls=1, timeWindowSeconds=7200, callIntervalSeconds=0}, mdp_2190=RateLimitConfig{maxCalls=1, timeWindowSeconds=7200, callIntervalSeconds=0}, compass_121100=RateLimitConfig{maxCalls=1, timeWindowSeconds=7200, callIntervalSeconds=0}})
08-08 20:10:07.044 28552 29206 D CloudConfig_stgyHelper: getSupportKitMode localSdkVersion : 1231
08-08 20:10:07.048 28601 28796 I Finsky  : [16327] AIM: AppInfoManager-Perf > ItemModel > CacheSize=112, cacheHitCount=0, cacheMissCount=0, total appsWithNoServerDataCount=2. Missed  in cache (limit 10) : []
08-08 20:10:07.068 28601 28796 I Finsky  : [16327] AIM: AppInfoManager-Perf > getApps > data collection finished
08-08 20:10:07.069 28601 28796 I Finsky  : [16327] AIM: AppInfoManager-Perf > maybeDestroyAppInfoManager is called. actives = 0
08-08 20:10:07.075 28665 29236 I HN-CallHistory: Bounded CallLog query completed: 80 newest rows
08-08 20:10:07.082 28552 29307 I MSP-LOG-SDK-ProxyCompat: annotation name is IPCModule
08-08 20:10:07.083 28552 29307 I MSP-LOG-SDK-ProxyCompat: ipcModule is @com.heytap.msp.ipc.annotation.IPCModule(authsOrActions=[com.heytap.htms.action.CLOUD_CTRL_SERVICE], ipcType=SERVICE, targetComponentClass=com.heytap.msp.cloudctrl.ipc.CloudCtrlService, targetModuleClass=com.heytap.msp.cloudctrl.ipc.CloudCtrlServiceModule, targetPackage=com.heytap.htms)
08-08 20:10:07.092 28665 28665 I oplus.android.OplusFrameworkFactoryImpl: get feature:IOplusDynamicVsyncFeature
08-08 20:10:07.093 28665 28665 I oplus.android.OplusFrameworkFactoryImpl: get feature:IOplusDynamicVsyncFeature
08-08 20:10:07.093 28665 28665 I oplus.android.OplusFrameworkFactoryImpl: get feature:IOplusDynamicVsyncFeature
08-08 20:10:07.097 28552 29206 D CloudConfig_stgyHelper: mspVersionCanSupport mspKitVersion : 2031315
08-08 20:10:07.101   896   896 E lowmemorykiller: device memory 230878 free 8976 file 226080
08-08 20:10:07.109 29277 29277 V GraphicsEnvironment: Currently set values for:
08-08 20:10:07.109 29277 29277 V GraphicsEnvironment:   angle_gl_driver_selection_pkgs=[]
08-08 20:10:07.109 29277 29277 V GraphicsEnvironment:   angle_gl_driver_selection_values=[]
08-08 20:10:07.109 29277 29277 V GraphicsEnvironment: Global.Settings values are invalid: number of packages: 0, number of values: 0
08-08 20:10:07.110 29277 29277 V GraphicsEnvironment: Neither updatable production driver nor prerelease driver is supported.
08-08 20:10:07.117 28552 29308 E MSP-LOG-SDK-RateLimitManager: not_allow_invoke because of time_window_not_allow queue = [1786189227761], config = RateLimitConfig{maxCalls=1, timeWindowSeconds=21600, callIntervalSeconds=0}, ipcInvokeTimeQueueMapKey = com.heytap.nearx.tangramconfig.kit.client.ICloudCtrlServiceModule?@?global-domain_1281?@?1?@?com.heytap.market, has already call 1 times in 21600 seconds before
08-08 20:10:07.117 28552 28906 W cdo_md5 : refresh app: md5 and sign: compute: Md5DbItem{pkgName='com.hypernova.phone', md5='7d63a3e45b4501f68c671424bd19ea4b', status='1_1786208997727_1786208997530', signList=[bf5a602d07e571564a7991182673d75b]} ,cost: 2221
08-08 20:10:07.133 28665 28665 I HN-Phone: Recents load completed: RECENTS_READY
08-08 20:10:07.133  3009  3249 W ActivityManager: Receiver with filter android.content.IntentFilter@7ca42eb already registered for pid 28552, callerPackage is com.heytap.market
08-08 20:10:07.134 28552 29206 D CloudConfig_stgyHelper: 设置本地限频
08-08 20:10:07.139 28552 29307 I MSP-LOG-SDK-PackageReplace: filter target = TargetInfo{name='com.heytap.msp.cloudctrl.ipc.CloudCtrlService', packageName='com.heytap.htms', authorities='null', action='com.heytap.htms.action.CLOUD_CTRL_SERVICE'}
08-08 20:10:07.146 28552 29308 E MSP-LOG-SDK-: MspSdkException{code=3014,message=com.heytap.mspsdk.ratelimit.MspRateLimitExceededException: ipc rate limit exceeded in time window}
08-08 20:10:07.146 28552 29308 E MSP-LOG-SDK-: 	at com.heytap.mspsdk.ratelimit.b.Ϳ(SourceFile:56)
08-08 20:10:07.146 28552 29308 E MSP-LOG-SDK-: 	at com.heytap.mspsdk.interceptor.c.Ϳ(SourceFile:40)
08-08 20:10:07.146 28552 29308 E MSP-LOG-SDK-: 	at com.heytap.mspsdk.proxy.b.Ϳ(SourceFile:30)
08-08 20:10:07.146 28552 29308 E MSP-LOG-SDK-: 	at com.heytap.mspsdk.interceptor.c.Ϳ(SourceFile:40)
08-08 20:10:07.146 28552 29308 E MSP-LOG-SDK-: 	at com.heytap.mspsdk.proxy.f.invoke(SourceFile:203)
08-08 20:10:07.146 28552 29308 E MSP-LOG-SDK-: 	at java.lang.reflect.Proxy.invoke(Proxy.java:1009)
08-08 20:10:07.146 28552 29308 E MSP-LOG-SDK-: 	at $Proxy12.getDynamicCondition(Unknown Source)
08-08 20:10:07.146 28552 29308 E MSP-LOG-SDK-: 	at com.heytap.nearx.tangramconfig.kit.client.KitProxy.getDynamicCondition$lambda$1(SourceFile:26)
08-08 20:10:07.146 28552 29308 E MSP-LOG-SDK-: 	at com.heytap.nearx.tangramconfig.kit.client.KitProxy.Ϳ(SourceFile:1)
08-08 20:10:07.146 28552 29308 E MSP-LOG-SDK-: 	at a.a.a.x39.run(SourceFile:1)
08-08 20:10:07.146 28552 29308 E MSP-LOG-SDK-: 	at java.util.concurrent.ThreadPoolExecutor.runWorker(ThreadPoolExecutor.java:1100)
08-08 20:10:07.146 28552 29308 E MSP-LOG-SDK-: 	at java.util.concurrent.ThreadPoolExecutor$Worker.run(ThreadPoolExecutor.java:624)
08-08 20:10:07.146 28552 29308 E MSP-LOG-SDK-: 	at java.lang.Thread.run(Thread.java:1572)
08-08 20:10:07.146 28665 28665 I oplus.android.OplusFrameworkFactoryImpl: get feature:IOplusDynamicVsyncFeature
08-08 20:10:07.146 28665 28665 I oplus.android.OplusFrameworkFactoryImpl: get feature:IOplusDynamicVsyncFeature
08-08 20:10:07.146 28665 28665 I oplus.android.OplusFrameworkFactoryImpl: get feature:IOplusDynamicVsyncFeature
08-08 20:10:07.165 28552 28906 W market_check_upgrade: startCheckUpgrade: part app: [com.hypernova.phone] ,isCtaPass: true
08-08 20:10:07.168 28519 29259 I PhoneManager.NotificationConfigHelper: loadNotificationConfigToMemory config number=2026031301
08-08 20:10:07.170 28552 29314 D CloudConfig_stgyHelper: mspVersionCanSupport mspKitVersion : 2031315
08-08 20:10:07.172 28552 29314 D CloudConfig_stgyHelper: getSupportKitMode strategyEntity : StrategyEntity(sdkInterval=1800000, strategyMode=1, minSDKVersion=1000, minKitVersion=2014122, validReqPeriod=7200000, maxReqProduct=100, forceKitIfKit=false, backoff=120000, enable=true, defaultLimit=RateLimitConfig{maxCalls=1, timeWindowSeconds=7200, callIntervalSeconds=0}, productLimits={50351=RateLimitConfig{maxCalls=1, timeWindowSeconds=7200, callIntervalSeconds=0}, compass_2=RateLimitConfig{maxCalls=1, timeWindowSeconds=7200, callIntervalSeconds=0}, mdp_1291=RateLimitConfig{maxCalls=1, timeWindowSeconds=7200, callIntervalSeconds=0}, global-domain_1281=RateLimitConfig{maxCalls=1, timeWindowSeconds=7200, callIntervalSeconds=0}, compass_20214=RateLimitConfig{maxCalls=1, timeWindowSeconds=7200, callIntervalSeconds=0}, compass_143100=RateLimitConfig{maxCalls=1, timeWindowSeconds=7200, callIntervalSeconds=0}, global-domain_1961=RateLimitConfig{maxCalls=1, timeWindowSeconds=7200, callIntervalSeconds=0}, mdp_2196=RateLimitConfig{maxCalls=1, timeWindowSeconds=7200, callIntervalSeconds=0}, mdp_2190=RateLimitConfig{maxCalls=1, timeWindowSeconds=7200, callIntervalSeconds=0}, compass_121100=RateLimitConfig{maxCalls=1, timeWindowSeconds=7200, callIntervalSeconds=0}})
08-08 20:10:07.172 28552 29314 D CloudConfig_stgyHelper: getSupportKitMode localSdkVersion : 1231
08-08 20:10:07.190 28552 29314 D CloudConfig_stgyHelper: mspVersionCanSupport mspKitVersion : 2031315
08-08 20:10:07.191  1299  1346 E TetherController: property_get sys.radio.data.modem_share_flag return 0, 1!
08-08 20:10:07.195 28552 29209 W [THOR_APP]-download_condition: NetworkCondition enabledBydeepsleep : false
08-08 20:10:07.199 28552 29209 W [THOR_APP]-download_condition: NetworkCondition enabledBydeepsleep : false
08-08 20:10:07.200 28552 29314 D CloudConfig_stgyHelper: getSupportKitMode strategyEntity : StrategyEntity(sdkInterval=1800000, strategyMode=1, minSDKVersion=1000, minKitVersion=2014122, validReqPeriod=7200000, maxReqProduct=100, forceKitIfKit=false, backoff=120000, enable=true, defaultLimit=RateLimitConfig{maxCalls=1, timeWindowSeconds=7200, callIntervalSeconds=0}, productLimits={50351=RateLimitConfig{maxCalls=1, timeWindowSeconds=7200, callIntervalSeconds=0}, compass_2=RateLimitConfig{maxCalls=1, timeWindowSeconds=7200, callIntervalSeconds=0}, mdp_1291=RateLimitConfig{maxCalls=1, timeWindowSeconds=7200, callIntervalSeconds=0}, global-domain_1281=RateLimitConfig{maxCalls=1, timeWindowSeconds=7200, callIntervalSeconds=0}, compass_20214=RateLimitConfig{maxCalls=1, timeWindowSeconds=7200, callIntervalSeconds=0}, compass_143100=RateLimitConfig{maxCalls=1, timeWindowSeconds=7200, callIntervalSeconds=0}, global-domain_1961=RateLimitConfig{maxCalls=1, timeWindowSeconds=7200, callIntervalSeconds=0}, mdp_2196=RateLimitConfig{maxCalls=1, timeWindowSeconds=7200, callIntervalSeconds=0}, mdp_2190=RateLimitConfig{maxCalls=1, timeWindowSeconds=7200, callIntervalSeconds=0}, compass_121100=RateLimitConfig{maxCalls=1, timeWindowSeconds=7200, callIntervalSeconds=0}})
08-08 20:10:07.200 28552 29314 D CloudConfig_stgyHelper: getSupportKitMode localSdkVersion : 1231
08-08 20:10:07.202   896   896 E lowmemorykiller: device memory 230635 free 8341 file 226472
08-08 20:10:07.203 29096 29096 V GraphicsEnvironment: Currently set values for:
08-08 20:10:07.203 29096 29096 V GraphicsEnvironment:   angle_gl_driver_selection_pkgs=[]
08-08 20:10:07.203 29096 29096 V GraphicsEnvironment:   angle_gl_driver_selection_values=[]
08-08 20:10:07.203 29096 29096 V GraphicsEnvironment: Global.Settings values are invalid: number of packages: 0, number of values: 0
08-08 20:10:07.204 29096 29096 V GraphicsEnvironment: Neither updatable production driver nor prerelease driver is supported.
08-08 20:10:07.205 28552 28877 W market_check_upgrade: type: 3 , checkUpgrade : old no ignore: 0
08-08 20:10:07.206 29277 29277 D ResourcesManagerExtImpl: applyConfigurationToAppResourcesLocked app.getDisplayId() return callback.displayId:-1
08-08 20:10:07.213  3009  3249 E OplusCustomizeRestrictionManagerService: isBiometricDisabled start
08-08 20:10:07.214 28519 29259 D PhoneManagerAd: getRegion 2 :EG
08-08 20:10:07.222 28552 29325 I MSP-LOG-SDK-MspSdk: Sdk has initialized! version:2.0.1.14
08-08 20:10:07.228  3009  3442 D WifiStaIfaceHidlImpl: getCachedScanData is not implemented by HIDL
08-08 20:10:07.234 28519 29259 I PhoneManager.DCCUtils: phonemanager_dcc_data_config = {"phoneManagerDccDayTrafficThreshold":5368709120,"phoneManagerDccMemoryLoadState":false,"phoneManagerDccMemoryUsageThreshold":2635604787,"phoneManagerDccTrafficLoadState":false}
08-08 20:10:07.237  3009  3545 D OplusWifiPower_TriggerCenter: mComponentCallback: wifistat
08-08 20:10:07.238 28552 29325 E MSP-LOG-SDK-RateLimitManager: not_allow_invoke because of time_window_not_allow queue = [1786198309197], config = RateLimitConfig{maxCalls=1, timeWindowSeconds=21600, callIntervalSeconds=0}, ipcInvokeTimeQueueMapKey = com.heytap.nearx.tangramconfig.kit.client.ICloudCtrlServiceModule?@?compass_2?@?1?@?com.heytap.market, has already call 1 times in 21600 seconds before
08-08 20:10:07.239  4047  4047 D VendorWifiService: onEvent event:9,action:1
08-08 20:10:07.239 28552 29325 E MSP-LOG-SDK-: MspSdkException{code=3014,message=com.heytap.mspsdk.ratelimit.MspRateLimitExceededException: ipc rate limit exceeded in time window}
08-08 20:10:07.239 28552 29325 E MSP-LOG-SDK-: 	at com.heytap.mspsdk.ratelimit.b.Ϳ(SourceFile:56)
08-08 20:10:07.239 28552 29325 E MSP-LOG-SDK-: 	at com.heytap.mspsdk.interceptor.c.Ϳ(SourceFile:40)
08-08 20:10:07.239 28552 29325 E MSP-LOG-SDK-: 	at com.heytap.mspsdk.proxy.b.Ϳ(SourceFile:30)
08-08 20:10:07.239 28552 29325 E MSP-LOG-SDK-: 	at com.heytap.mspsdk.interceptor.c.Ϳ(SourceFile:40)
08-08 20:10:07.239 28552 29325 E MSP-LOG-SDK-: 	at com.heytap.mspsdk.proxy.f.invoke(SourceFile:203)
08-08 20:10:07.239 28552 29325 E MSP-LOG-SDK-: 	at java.lang.reflect.Proxy.invoke(Proxy.java:1009)
08-08 20:10:07.239 28552 29325 E MSP-LOG-SDK-: 	at $Proxy12.getDynamicCondition(Unknown Source)
08-08 20:10:07.239 28552 29325 E MSP-LOG-SDK-: 	at com.heytap.nearx.tangramconfig.kit.client.KitProxy.getDynamicCondition$lambda$1(SourceFile:26)
08-08 20:10:07.239 28552 29325 E MSP-LOG-SDK-: 	at com.heytap.nearx.tangramconfig.kit.client.KitProxy.Ϳ(SourceFile:1)
08-08 20:10:07.239 28552 29325 E MSP-LOG-SDK-: 	at a.a.a.x39.run(SourceFile:1)
08-08 20:10:07.239 28552 29325 E MSP-LOG-SDK-: 	at java.util.concurrent.ThreadPoolExecutor.runWorker(ThreadPoolExecutor.java:1100)
08-08 20:10:07.239 28552 29325 E MSP-LOG-SDK-: 	at java.util.concurrent.ThreadPoolExecutor$Worker.run(ThreadPoolExecutor.java:624)
08-08 20:10:07.239 28552 29325 E MSP-LOG-SDK-: 	at java.lang.Thread.run(Thread.java:1572)
08-08 20:10:07.240  3009  3249 D IntervalStats: Unable to parse usage stats packages: [35, 642, 644, 645, 646, 647, 648, 650, 654, 658, 663, 671, 672, 676, 677, 678, 679, 680]
08-08 20:10:07.241  3009  8359 E OplusCustomizeRestrictionManagerService: isBiometricDisabled start
08-08 20:10:07.246  3009  3249 D IntervalStats: Unable to parse usage stats packages: [35, 682, 689, 691, 693, 694, 700, 701, 705, 707, 709, 719, 720, 725]
08-08 20:10:07.248 28552 29206 D CloudConfig_stgyHelper: mspVersionCanSupport mspKitVersion : 2031315
08-08 20:10:07.250  3009  3249 D IntervalStats: Unable to parse usage stats packages: [700, 701, 719, 727, 729, 732, 754]
08-08 20:10:07.251  3009  3249 D UsageStatsService: User[0] type=2 b=1778433007217 e=1786209007217 cb=1785971256119 ce=1786209006333 disk=1254 all=1422
08-08 20:10:07.252  3009  8359 D ConnectivityService: requestNetwork for uid/pid:10105/28623 activeRequest: null callbackRequest: 105155 [NetworkRequest [ REQUEST id=105156, [ Capabilities: INTERNET&NOT_RESTRICTED&TRUSTED&NOT_VCN_MANAGED&NOT_BANDWIDTH_CONSTRAINED Uid: 10105 RequestorUid: 10105 RequestorPkg: com.android.vending UnderlyingNetworks: Null] ]] callback flags: 0 order: 2147483647 isUidTracked: false declaredMethods: AVAIL|LOST
08-08 20:10:07.264 28623 28819 I Finsky:background: [16324] Device is eligible for platform Cronet and will attempt to use it.
08-08 20:10:07.266  3009  3450 D ConnectivityService: NetReassign [105156 : null → 741] [c 0] [a 1] [i 1]
08-08 20:10:07.267  3009  3442 D WifiNetworkFactory: got request NetworkRequest [ REQUEST id=105156, [ Capabilities: INTERNET&NOT_RESTRICTED&TRUSTED&NOT_VCN_MANAGED&NOT_BANDWIDTH_CONSTRAINED Uid: 10105 RequestorUid: 10105 RequestorPkg: com.android.vending UnderlyingNetworks: Null] ]
08-08 20:10:07.267  3009  3442 D UntrustedWifiNetworkFactory: got request NetworkRequest [ REQUEST id=105156, [ Capabilities: INTERNET&NOT_RESTRICTED&TRUSTED&NOT_VCN_MANAGED&NOT_BANDWIDTH_CONSTRAINED Uid: 10105 RequestorUid: 10105 RequestorPkg: com.android.vending UnderlyingNetworks: Null] ]
08-08 20:10:07.267  3009  3442 D OemPaidWifiNetworkFactory: got request NetworkRequest [ REQUEST id=105156, [ Capabilities: INTERNET&NOT_RESTRICTED&TRUSTED&NOT_VCN_MANAGED&NOT_BANDWIDTH_CONSTRAINED Uid: 10105 RequestorUid: 10105 RequestorPkg: com.android.vending UnderlyingNetworks: Null] ]
08-08 20:10:07.267  3009  3442 D MultiInternetWifiNetworkFactory: got request NetworkRequest [ REQUEST id=105156, [ Capabilities: INTERNET&NOT_RESTRICTED&TRUSTED&NOT_VCN_MANAGED&NOT_BANDWIDTH_CONSTRAINED Uid: 10105 RequestorUid: 10105 RequestorPkg: com.android.vending UnderlyingNetworks: Null] ]
08-08 20:10:07.270 28552 29206 D CloudConfig_stgyHelper: getSupportKitMode strategyEntity : StrategyEntity(sdkInterval=1800000, strategyMode=1, minSDKVersion=1000, minKitVersion=2014122, validReqPeriod=7200000, maxReqProduct=100, forceKitIfKit=false, backoff=120000, enable=true, defaultLimit=RateLimitConfig{maxCalls=1, timeWindowSeconds=7200, callIntervalSeconds=0}, productLimits={50351=RateLimitConfig{maxCalls=1, timeWindowSeconds=7200, callIntervalSeconds=0}, compass_2=RateLimitConfig{maxCalls=1, timeWindowSeconds=7200, callIntervalSeconds=0}, mdp_1291=RateLimitConfig{maxCalls=1, timeWindowSeconds=7200, callIntervalSeconds=0}, global-domain_1281=RateLimitConfig{maxCalls=1, timeWindowSeconds=7200, callIntervalSeconds=0}, compass_20214=RateLimitConfig{maxCalls=1, timeWindowSeconds=7200, callIntervalSeconds=0}, compass_143100=RateLimitConfig{maxCalls=1, timeWindowSeconds=7200, callIntervalSeconds=0}, global-domain_1961=RateLimitConfig{maxCalls=1, timeWindowSeconds=7200, callIntervalSeconds=0}, mdp_2196=RateLimitConfig{maxCalls=1, timeWindowSeconds=7200, callIntervalSeconds=0}, mdp_2190=RateLimitConfig{maxCalls=1, timeWindowSeconds=7200, callIntervalSeconds=0}, compass_121100=RateLimitConfig{maxCalls=1, timeWindowSeconds=7200, callIntervalSeconds=0}})
08-08 20:10:07.270 28552 29206 D CloudConfig_stgyHelper: getSupportKitMode localSdkVersion : 1231
08-08 20:10:07.274 28519 29259 I MMKV    : open fd[189], flag 0x7, /data/data/com.coloros.phonemanager/files/mmkv/clear_dialog_config
08-08 20:10:07.274 28519 29259 I MMKV    : mmap to address [0x7589f64000], oldPtr [0x0], [/data/data/com.coloros.phonemanager/files/mmkv/clear_dialog_config]
08-08 20:10:07.274 28519 29259 I MMKV    : closing fd[189], /data/data/com.coloros.phonemanager/files/mmkv/clear_dialog_config
08-08 20:10:07.274 28519 29259 I MMKV    : open fd[188], flag 0x7, /data/data/com.coloros.phonemanager/files/mmkv/clear_dialog_config.crc
08-08 20:10:07.275 28519 29259 I MMKV    : mmap to address [0x7589f63000], oldPtr [0x0], [/data/data/com.coloros.phonemanager/files/mmkv/clear_dialog_config.crc]
08-08 20:10:07.276 28519 29259 I MMKV    : open fd[191], flag 0x7, /data/data/com.coloros.phonemanager/files/mmkv/clear_dialog_config
08-08 20:10:07.277 28519 29259 I MMKV    : closing fd[191], /data/data/com.coloros.phonemanager/files/mmkv/clear_dialog_config
08-08 20:10:07.277 28519 29259 I MMKV    : meta file [clear_dialog_config] has flag [0]
08-08 20:10:07.278 28519 29259 I MMKV    : loading [clear_dialog_config] with 970 actual size, file size 4096, InterProcess 1, meta info version:4
08-08 20:10:07.278 28519 29259 I MMKV    : loading [clear_dialog_config] with crc 3290899710 sequence 1 version 4
08-08 20:10:07.278 28519 29259 I MMKV    : loaded [clear_dialog_config] with 1 key-values
08-08 20:10:07.285  1399 13005 I vendor.qti.bluetooth@1.0-ibs_handler: [ibs_handler.cpp:905] DeviceSleep: TX Awake, Sending SLEEP_IND
08-08 20:10:07.286  1399 13005 D vendor.qti.bluetooth@1.0-ibs_handler: [ibs_handler.cpp:391] SerialClockVote: vote for UART CLK OFF
08-08 20:10:07.288 28552 28877 W UpgradeCommonABHelp: queryUsageCostTime:65
08-08 20:10:07.297 28552 29333 I MSP-LOG-SDK-MspSdk: Sdk has initialized! version:2.0.1.14
08-08 20:10:07.298 28623 28819 D HttpFlagsLoader: Not loading HTTP flags because they are disabled in the manifest
08-08 20:10:07.303   896   896 E lowmemorykiller: device memory 230063 free 9736 file 225400
08-08 20:10:07.311 28552 29333 E MSP-LOG-SDK-RateLimitManager: not_allow_invoke because of time_window_not_allow queue = [1786207711063], config = RateLimitConfig{maxCalls=1, timeWindowSeconds=7200, callIntervalSeconds=0}, ipcInvokeTimeQueueMapKey = com.heytap.nearx.tangramconfig.kit.client.ICloudCtrlServiceModule?@?50351?@?2?@?com.heytap.market, has already call 1 times in 7200 seconds before
08-08 20:10:07.311 28552 29333 E MSP-LOG-SDK-: MspSdkException{code=3014,message=com.heytap.mspsdk.ratelimit.MspRateLimitExceededException: ipc rate limit exceeded in time window}
08-08 20:10:07.311 28552 29333 E MSP-LOG-SDK-: 	at com.heytap.mspsdk.ratelimit.b.Ϳ(SourceFile:56)
08-08 20:10:07.311 28552 29333 E MSP-LOG-SDK-: 	at com.heytap.mspsdk.interceptor.c.Ϳ(SourceFile:40)
08-08 20:10:07.311 28552 29333 E MSP-LOG-SDK-: 	at com.heytap.mspsdk.proxy.b.Ϳ(SourceFile:30)
08-08 20:10:07.311 28552 29333 E MSP-LOG-SDK-: 	at com.heytap.mspsdk.interceptor.c.Ϳ(SourceFile:40)
08-08 20:10:07.311 28552 29333 E MSP-LOG-SDK-: 	at com.heytap.mspsdk.proxy.f.invoke(SourceFile:203)
08-08 20:10:07.311 28552 29333 E MSP-LOG-SDK-: 	at java.lang.reflect.Proxy.invoke(Proxy.java:1009)
08-08 20:10:07.311 28552 29333 E MSP-LOG-SDK-: 	at $Proxy12.getConfigData(Unknown Source)
08-08 20:10:07.311 28552 29333 E MSP-LOG-SDK-: 	at com.heytap.nearx.tangramconfig.kit.client.KitProxy.getConfigData$lambda$3(SourceFile:30)
08-08 20:10:07.311 28552 29333 E MSP-LOG-SDK-: 	at com.heytap.nearx.tangramconfig.kit.client.KitProxy.ԫ(SourceFile:1)
08-08 20:10:07.311 28552 29333 E MSP-LOG-SDK-: 	at a.a.a.y39.run(SourceFile:1)
08-08 20:10:07.311 28552 29333 E MSP-LOG-SDK-: 	at java.util.concurrent.ThreadPoolExecutor.runWorker(ThreadPoolExecutor.java:1100)
08-08 20:10:07.311 28552 29333 E MSP-LOG-SDK-: 	at java.util.concurrent.ThreadPoolExecutor$Worker.run(ThreadPoolExecutor.java:624)
08-08 20:10:07.311 28552 29333 E MSP-LOG-SDK-: 	at java.lang.Thread.run(Thread.java:1572)
08-08 20:10:07.313 28552 29314 D CloudConfig_stgyHelper: mspVersionCanSupport mspKitVersion : 2031315
08-08 20:10:07.318 28552 29339 I MSP-LOG-SDK-MspSdk: Sdk has initialized! version:2.0.1.14
08-08 20:10:07.321 28552 28874 D FirebaseSessions: Initializing Firebase Sessions SDK.
08-08 20:10:07.326  1289  1328 I CallingContextInterceptor: intercept
08-08 20:10:07.328  1289  1328 I AppUpgradeInterceptor: DeviceUtils.isOwnBrand:true
08-08 20:10:07.329  1289  1328 I MethodCallInterceptor: [MethodCallInfo]kitName:cloudctrl, callingPkg:com.heytap.market, targetClassName:com.heytap.msp.cloudctrl.ipc.CloudCtrlServiceModule, methodId:1, processName:com.heytap.htms:cloudctrl, pid:1289, mspSdkVersionName:2.0.1.14
08-08 20:10:07.329  1289  1328 I ProcessBridge: [Dispatcher]:getDispathcer
08-08 20:10:07.329 28623 28819 I cn_CronetLibraryLoader: Cronet version: 147.0.7727.132, arch: aarch64
08-08 20:10:07.333 28552 29307 I MSP-LOG-SDK-StandardListChain: i, 252ms
08-08 20:10:07.333 28552 29307 I MSP-LOG-SDK-StandardListChain: b, 262ms
08-08 20:10:07.333 28552 29307 I MSP-LOG-SDK-StandardListChain: b, 263ms
08-08 20:10:07.335 28623 28819 I Finsky:background: [16324] CronetEngine is present. Using Cronet for the networking stack.
08-08 20:10:07.338 28552 28594 D CloudConfig_stgyHelper: syncStrategyConfig strategy info : {"sdkInterval":1800000,"minSDKVersion":1000,"strategyMode":1,"minKitVersion":2014122,"validReqPeriod":7200000,"maxReqProduct":100,"forceKitIfKit":false,"backoff":120000,"enable":true,"defaultLimit":{"maxCalls":1,"timeWindowSeconds":7200,"callIntervalSeconds":0},"productLimits":{"50351":{"maxCalls":1,"timeWindowSeconds":7200,"callIntervalSeconds":0},"compass_2":{"maxCalls":1,"timeWindowSeconds":7200,"callIntervalSeconds":0},"mdp_1291":{"maxCalls":1,"timeWindowSeconds":7200,"callIntervalSeconds":0},"global-domain_1281":{"maxCalls":1,"timeWindowSeconds":7200,"callIntervalSeconds":0},"compass_20214":{"maxCalls":1,"timeWindowSeconds":7200,"callIntervalSeconds":0},"compass_143100":{"maxCalls":1,"timeWindowSeconds":7200,"callIntervalSeconds":0},"global-domain_1961":{"maxCalls":1,"timeWindowSeconds":7200,"callIntervalSeconds":0},"mdp_2196":{"maxCalls":1,"timeWindowSeconds":7200,"callIntervalSeconds":0},"mdp_2190":{"maxCalls":1,"timeWindowSeconds":7200,"callIntervalSeconds":0},"compass_121100":{"maxCalls":1,"timeWindowSeconds":7200,"callIntervalSeconds":0}}}
08-08 20:10:07.352  3009  3571 D ConnectivityService: requestNetwork for uid/pid:10105/28623 activeRequest: null callbackRequest: 105157 [NetworkRequest [ REQUEST id=105158, [ Capabilities: INTERNET&NOT_RESTRICTED&TRUSTED&NOT_VCN_MANAGED&NOT_BANDWIDTH_CONSTRAINED Uid: 10105 RequestorUid: 10105 RequestorPkg: com.android.vending UnderlyingNetworks: Null] ]] callback flags: 0 order: 2147483647 isUidTracked: false declaredMethods: AVAIL|LOST|NC|LP
08-08 20:10:07.359  3009  3450 D ConnectivityService: NetReassign [105158 : null → 741] [c 1] [a 1] [i 1]
08-08 20:10:07.365  3009  3442 D WifiNetworkFactory: got request NetworkRequest [ REQUEST id=105158, [ Capabilities: INTERNET&NOT_RESTRICTED&TRUSTED&NOT_VCN_MANAGED&NOT_BANDWIDTH_CONSTRAINED Uid: 10105 RequestorUid: 10105 RequestorPkg: com.android.vending UnderlyingNetworks: Null] ]
08-08 20:10:07.365  3009  3442 D UntrustedWifiNetworkFactory: got request NetworkRequest [ REQUEST id=105158, [ Capabilities: INTERNET&NOT_RESTRICTED&TRUSTED&NOT_VCN_MANAGED&NOT_BANDWIDTH_CONSTRAINED Uid: 10105 RequestorUid: 10105 RequestorPkg: com.android.vending UnderlyingNetworks: Null] ]
08-08 20:10:07.365  3009  3442 D OemPaidWifiNetworkFactory: got request NetworkRequest [ REQUEST id=105158, [ Capabilities: INTERNET&NOT_RESTRICTED&TRUSTED&NOT_VCN_MANAGED&NOT_BANDWIDTH_CONSTRAINED Uid: 10105 RequestorUid: 10105 RequestorPkg: com.android.vending UnderlyingNetworks: Null] ]
08-08 20:10:07.365  3009  3442 D MultiInternetWifiNetworkFactory: got request NetworkRequest [ REQUEST id=105158, [ Capabilities: INTERNET&NOT_RESTRICTED&TRUSTED&NOT_VCN_MANAGED&NOT_BANDWIDTH_CONSTRAINED Uid: 10105 RequestorUid: 10105 RequestorPkg: com.android.vending UnderlyingNetworks: Null] ]
08-08 20:10:07.365 28623 29327 I Finsky:background: [16338] IQ: Pruning inactive install requests
08-08 20:10:07.371 28552 29308 I MSP-LOG-SDK-MspSdk: Sdk has initialized! version:2.0.1.14
08-08 20:10:07.372 28519 29259 I PhoneManager.SuggestConfigHelper: loadLocalJsonConfig config = ClearConfig(version=2026042401, timeInterval=1, data=1, count=1, threahold=209715200, allowPackage=[com.android.settings, com.android.launcher, com.oppo.launcher, com.android.vending, com.coloros.phonemanager], whiteList=[com.heytap.market, com.oppo.market, com.oppo.quicksearchbox, com.coloros.filemanager, com.oplus.stdsp, com.wm.pmdtool], configSuggest=[SuggestConfig(name=trash_clear, priority=1, threshold=209715200, interval=30, percent=0.0), SuggestConfig(name=unused_app, priority=2, threshold=524288000, interval=30, percent=0.0), SuggestConfig(name=system_opt, priority=3, threshold=0, interval=0, percent=0.7), SuggestConfig(name=auto_opt, priority=4, threshold=0, interval=7, percent=0.0), SuggestConfig(name=virus_scan, priority=5, threshold=0, interval=7, percent=0.0)])
08-08 20:10:07.373 28623 28790 I Finsky:background: [16320] IQ: start evaluating install requests.
08-08 20:10:07.374 28623 28790 I Finsky:background: [16320] IQ: no jobs active. Skipping
08-08 20:10:07.376 28623 28819 I Finsky:background: [16324] Finished reading experiment flags from file [Se-xCc4LzNyh3UrKMIU2sUf-PUKz4oQEbpKZDMuaFno] numFlags=2055.
08-08 20:10:07.382  3009  3450 D ConnectivityService: NetReassign [no changes] [c 0] [a 1] [i 1]
08-08 20:10:07.403   896   896 E lowmemorykiller: device memory 228629 free 9604 file 224098
08-08 20:10:07.409  3979  4446 D CommonApp-741-10495: transport layer data is invalid
08-08 20:10:07.413 28552 29339 E MSP-LOG-SDK-RateLimitManager: not_allow_invoke because of time_window_not_allow queue = [1786209007078], config = RateLimitConfig{maxCalls=1, timeWindowSeconds=21600, callIntervalSeconds=0}, ipcInvokeTimeQueueMapKey = com.heytap.nearx.tangramconfig.kit.client.ICloudCtrlServiceModule?@?50351?@?1?@?com.heytap.market, has already call 1 times in 21600 seconds before
08-08 20:10:07.413 28623 28819 I Finsky:background: [16324] Subscription detail: DataSubscriptionInfo{groupIdLevel1=null, serviceProviderName=[wJ3umZZzCbEsBmFDpmLv1fwB9LYo0zcDfc3zkxwGYbw], simCarrierId=676}
08-08 20:10:07.415 28623 28819 I Finsky:background: [16324] PlayInstallAPI: Play install service listener is disabled by feature flag.
08-08 20:10:07.417 28623 28623 I Finsky:background: [2] onSubscriptionsChanged
08-08 20:10:07.418  1399 13000 I vendor.qti.bluetooth@1.0-ibs_handler: [ibs_handler.cpp:778] ProcessIbsCmd: Received IBS_WAKE_IND: 0xFD
08-08 20:10:07.420  1399 13000 D vendor.qti.bluetooth@1.0-ibs_handler: [ibs_handler.cpp:372] SerialClockVote: vote for UART CLK ON
08-08 20:10:07.421  1399 13000 I vendor.qti.bluetooth@1.0-ibs_handler: [ibs_handler.cpp:795] ProcessIbsCmd: Writing IBS_WAKE_ACK
08-08 20:10:07.426 28552 29339 E MSP-LOG-SDK-: MspSdkException{code=3014,message=com.heytap.mspsdk.ratelimit.MspRateLimitExceededException: ipc rate limit exceeded in time window}
08-08 20:10:07.426 28552 29339 E MSP-LOG-SDK-: 	at com.heytap.mspsdk.ratelimit.b.Ϳ(SourceFile:56)
08-08 20:10:07.426 28552 29339 E MSP-LOG-SDK-: 	at com.heytap.mspsdk.interceptor.c.Ϳ(SourceFile:40)
08-08 20:10:07.426 28552 29339 E MSP-LOG-SDK-: 	at com.heytap.mspsdk.proxy.b.Ϳ(SourceFile:30)
08-08 20:10:07.426 28552 29339 E MSP-LOG-SDK-: 	at com.heytap.mspsdk.interceptor.c.Ϳ(SourceFile:40)
08-08 20:10:07.426 28552 29339 E MSP-LOG-SDK-: 	at com.heytap.mspsdk.proxy.f.invoke(SourceFile:203)
08-08 20:10:07.426 28552 29339 E MSP-LOG-SDK-: 	at java.lang.reflect.Proxy.invoke(Proxy.java:1009)
08-08 20:10:07.426 28552 29339 E MSP-LOG-SDK-: 	at $Proxy12.getDynamicCondition(Unknown Source)
08-08 20:10:07.426 28552 29339 E MSP-LOG-SDK-: 	at com.heytap.nearx.tangramconfig.kit.client.KitProxy.getDynamicCondition$lambda$1(SourceFile:26)
08-08 20:10:07.426 28552 29339 E MSP-LOG-SDK-: 	at com.heytap.nearx.tangramconfig.kit.client.KitProxy.Ϳ(SourceFile:1)
08-08 20:10:07.426 28552 29339 E MSP-LOG-SDK-: 	at a.a.a.x39.run(SourceFile:1)
08-08 20:10:07.426 28552 29339 E MSP-LOG-SDK-: 	at java.util.concurrent.ThreadPoolExecutor.runWorker(ThreadPoolExecutor.java:1100)
08-08 20:10:07.426 28552 29339 E MSP-LOG-SDK-: 	at java.util.concurrent.ThreadPoolExecutor$Worker.run(ThreadPoolExecutor.java:624)
08-08 20:10:07.426 28552 29339 E MSP-LOG-SDK-: 	at java.lang.Thread.run(Thread.java:1572)
08-08 20:10:07.429 28552 29325 I MSP-LOG-SDK-MspSdk: Sdk has initialized! version:2.0.1.14
08-08 20:10:07.456 28552 29308 I MSP-LOG-SDK-ProxyCompat: annotation name is IPCModule
08-08 20:10:07.456 28552 29308 I MSP-LOG-SDK-ProxyCompat: ipcModule is @com.heytap.msp.ipc.annotation.IPCModule(authsOrActions=[com.heytap.htms.action.CLOUD_CTRL_SERVICE], ipcType=SERVICE, targetComponentClass=com.heytap.msp.cloudctrl.ipc.CloudCtrlService, targetModuleClass=com.heytap.msp.cloudctrl.ipc.CloudCtrlServiceModule, targetPackage=com.heytap.htms)
08-08 20:10:07.460 28552 29308 I MSP-LOG-SDK-PackageReplace: filter target = TargetInfo{name='com.heytap.msp.cloudctrl.ipc.CloudCtrlService', packageName='com.heytap.htms', authorities='null', action='com.heytap.htms.action.CLOUD_CTRL_SERVICE'}
08-08 20:10:07.461  1399 13000 I vendor.qti.bluetooth@1.0-ibs_handler: [ibs_handler.cpp:825] ProcessIbsCmd: Received IBS_SLEEP_IND: 0xFE
08-08 20:10:07.462  1399 13000 D vendor.qti.bluetooth@1.0-ibs_handler: [ibs_handler.cpp:391] SerialClockVote: vote for UART CLK OFF
08-08 20:10:07.476  1289  1328 I CallingContextInterceptor: intercept
08-08 20:10:07.477  1289  1328 I AppUpgradeInterceptor: DeviceUtils.isOwnBrand:true
08-08 20:10:07.478  1289  1328 I MethodCallInterceptor: [MethodCallInfo]kitName:cloudctrl, callingPkg:com.heytap.market, targetClassName:com.heytap.msp.cloudctrl.ipc.CloudCtrlServiceModule, methodId:4, processName:com.heytap.htms:cloudctrl, pid:1289, mspSdkVersionName:2.0.1.14
08-08 20:10:07.478  1289  1328 I ProcessBridge: [Dispatcher]:getDispathcer
08-08 20:10:07.479 28552 29308 I MSP-LOG-SDK-StandardListChain: i, 24ms
08-08 20:10:07.485 28552 29308 I MSP-LOG-SDK-StandardListChain: b, 30ms
08-08 20:10:07.485 28552 29308 I MSP-LOG-SDK-StandardListChain: b, 30ms
08-08 20:10:07.493 28552 29325 E MSP-LOG-SDK-RateLimitManager: not_allow_invoke because of time_window_not_allow queue = [1786209007078], config = RateLimitConfig{maxCalls=1, timeWindowSeconds=21600, callIntervalSeconds=0}, ipcInvokeTimeQueueMapKey = com.heytap.nearx.tangramconfig.kit.client.ICloudCtrlServiceModule?@?50351?@?1?@?com.heytap.market, has already call 1 times in 21600 seconds before
08-08 20:10:07.502 28552 28874 I FirebaseCrashlytics: Initializing Firebase Crashlytics 19.3.0 for com.heytap.market
08-08 20:10:07.505   896   896 E lowmemorykiller: device memory 224074 free 6612 file 222454
08-08 20:10:07.509 28601 29357 I Finsky  : [16374] SM: There are no stale sessions to be pruned
08-08 20:10:07.517 28552 29325 E MSP-LOG-SDK-: MspSdkException{code=3014,message=com.heytap.mspsdk.ratelimit.MspRateLimitExceededException: ipc rate limit exceeded in time window}
08-08 20:10:07.517 28552 29325 E MSP-LOG-SDK-: 	at com.heytap.mspsdk.ratelimit.b.Ϳ(SourceFile:56)
08-08 20:10:07.517 28552 29325 E MSP-LOG-SDK-: 	at com.heytap.mspsdk.interceptor.c.Ϳ(SourceFile:40)
08-08 20:10:07.517 28552 29325 E MSP-LOG-SDK-: 	at com.heytap.mspsdk.proxy.b.Ϳ(SourceFile:30)
08-08 20:10:07.517 28552 29325 E MSP-LOG-SDK-: 	at com.heytap.mspsdk.interceptor.c.Ϳ(SourceFile:40)
08-08 20:10:07.517 28552 29325 E MSP-LOG-SDK-: 	at com.heytap.mspsdk.proxy.f.invoke(SourceFile:203)
08-08 20:10:07.517 28552 29325 E MSP-LOG-SDK-: 	at java.lang.reflect.Proxy.invoke(Proxy.java:1009)
08-08 20:10:07.517 28552 29325 E MSP-LOG-SDK-: 	at $Proxy12.getDynamicCondition(Unknown Source)
08-08 20:10:07.517 28552 29325 E MSP-LOG-SDK-: 	at com.heytap.nearx.tangramconfig.kit.client.KitProxy.getDynamicCondition$lambda$1(SourceFile:26)
08-08 20:10:07.517 28552 29325 E MSP-LOG-SDK-: 	at com.heytap.nearx.tangramconfig.kit.client.KitProxy.Ϳ(SourceFile:1)
08-08 20:10:07.517 28552 29325 E MSP-LOG-SDK-: 	at a.a.a.x39.run(SourceFile:1)
08-08 20:10:07.517 28552 29325 E MSP-LOG-SDK-: 	at java.util.concurrent.ThreadPoolExecutor.runWorker(ThreadPoolExecutor.java:1100)
08-08 20:10:07.517 28552 29325 E MSP-LOG-SDK-: 	at java.util.concurrent.ThreadPoolExecutor$Worker.run(ThreadPoolExecutor.java:624)
08-08 20:10:07.517 28552 29325 E MSP-LOG-SDK-: 	at java.lang.Thread.run(Thread.java:1572)
08-08 20:10:07.517 28552 29314 D CloudConfig_stgyHelper: mspVersionCanSupport mspKitVersion : 2031315
08-08 20:10:07.518 28519 29259 I MMKV    : open fd[192], flag 0x7, /data/data/com.coloros.phonemanager/files/mmkv/main_page_banner_config
08-08 20:10:07.522 28519 29259 I MMKV    : mmap to address [0x7589f62000], oldPtr [0x0], [/data/data/com.coloros.phonemanager/files/mmkv/main_page_banner_config]
08-08 20:10:07.524 28552 29314 D CloudConfig_stgyHelper: getSupportKitMode strategyEntity : StrategyEntity(sdkInterval=1800000, strategyMode=1, minSDKVersion=1000, minKitVersion=2014122, validReqPeriod=7200000, maxReqProduct=100, forceKitIfKit=false, backoff=120000, enable=true, defaultLimit=RateLimitConfig{maxCalls=1, timeWindowSeconds=7200, callIntervalSeconds=0}, productLimits={50351=RateLimitConfig{maxCalls=1, timeWindowSeconds=7200, callIntervalSeconds=0}, compass_2=RateLimitConfig{maxCalls=1, timeWindowSeconds=7200, callIntervalSeconds=0}, mdp_1291=RateLimitConfig{maxCalls=1, timeWindowSeconds=7200, callIntervalSeconds=0}, global-domain_1281=RateLimitConfig{maxCalls=1, timeWindowSeconds=7200, callIntervalSeconds=0}, compass_20214=RateLimitConfig{maxCalls=1, timeWindowSeconds=7200, callIntervalSeconds=0}, compass_143100=RateLimitConfig{maxCalls=1, timeWindowSeconds=7200, callIntervalSeconds=0}, global-domain_1961=RateLimitConfig{maxCalls=1, timeWindowSeconds=7200, callIntervalSeconds=0}, mdp_2196=RateLimitConfig{maxCalls=1, timeWindowSeconds=7200, callIntervalSeconds=0}, mdp_2190=RateLimitConfig{maxCalls=1, timeWindowSeconds=7200, callIntervalSeconds=0}, compass_121100=RateLimitConfig{maxCalls=1, timeWindowSeconds=7200, callIntervalSeconds=0}})
08-08 20:10:07.526 28519 29259 I MMKV    : closing fd[192], /data/data/com.coloros.phonemanager/files/mmkv/main_page_banner_config
08-08 20:10:07.529 28601 28601 I Finsky  : [2] Connecting InstallListener to SplitInstallService broadcaster...
08-08 20:10:07.529 28519 29259 I MMKV    : open fd[163], flag 0x7, /data/data/com.coloros.phonemanager/files/mmkv/main_page_banner_config.crc
08-08 20:10:07.529 28519 29259 I MMKV    : mmap to address [0x7589f61000], oldPtr [0x0], [/data/data/com.coloros.phonemanager/files/mmkv/main_page_banner_config.crc]
08-08 20:10:07.533   896   896 E lowmemorykiller: device memory 224589 free 7392 file 222190
08-08 20:10:07.534  3009  3712 I Osense-PsiDetector: 877,29,2997,4607,35,128,95,809,1125,378,489,0,4,5690
08-08 20:10:07.537 28552 29314 D CloudConfig_stgyHelper: getSupportKitMode localSdkVersion : 1231
08-08 20:10:07.538 28519 29259 I MMKV    : open fd[192], flag 0x7, /data/data/com.coloros.phonemanager/files/mmkv/main_page_banner_config
08-08 20:10:07.543 28519 29259 I MMKV    : closing fd[192], /data/data/com.coloros.phonemanager/files/mmkv/main_page_banner_config
08-08 20:10:07.546 28623 28790 I Finsky:background: [16320] IQ: 0 scheduled install statuses found to proceed. 
08-08 20:10:07.547 28519 29259 I MMKV    : meta file [main_page_banner_config] has flag [0]
08-08 20:10:07.547 28519 29259 I MMKV    : loading [main_page_banner_config] with 2734 actual size, file size 4096, InterProcess 1, meta info version:4
08-08 20:10:07.547 28519 29259 I MMKV    : loading [main_page_banner_config] with crc 2163100900 sequence 1 version 4
08-08 20:10:07.547 28519 29259 I MMKV    : loaded [main_page_banner_config] with 1 key-values
08-08 20:10:07.550 29039 29039 I NewAppEncrypt: OLog, sQELogOn = false, sQELogOnMTK = false, sIsDebugTagOn = false
08-08 20:10:07.559 28552 29314 D CloudConfig_stgyHelper: mspVersionCanSupport mspKitVersion : 2031315
08-08 20:10:07.571 28552 29314 D CloudConfig_stgyHelper: getSupportKitMode strategyEntity : StrategyEntity(sdkInterval=1800000, strategyMode=1, minSDKVersion=1000, minKitVersion=2014122, validReqPeriod=7200000, maxReqProduct=100, forceKitIfKit=false, backoff=120000, enable=true, defaultLimit=RateLimitConfig{maxCalls=1, timeWindowSeconds=7200, callIntervalSeconds=0}, productLimits={50351=RateLimitConfig{maxCalls=1, timeWindowSeconds=7200, callIntervalSeconds=0}, compass_2=RateLimitConfig{maxCalls=1, timeWindowSeconds=7200, callIntervalSeconds=0}, mdp_1291=RateLimitConfig{maxCalls=1, timeWindowSeconds=7200, callIntervalSeconds=0}, global-domain_1281=RateLimitConfig{maxCalls=1, timeWindowSeconds=7200, callIntervalSeconds=0}, compass_20214=RateLimitConfig{maxCalls=1, timeWindowSeconds=7200, callIntervalSeconds=0}, compass_143100=RateLimitConfig{maxCalls=1, timeWindowSeconds=7200, callIntervalSeconds=0}, global-domain_1961=RateLimitConfig{maxCalls=1, timeWindowSeconds=7200, callIntervalSeconds=0}, mdp_2196=RateLimitConfig{maxCalls=1, timeWindowSeconds=7200, callIntervalSeconds=0}, mdp_2190=RateLimitConfig{maxCalls=1, timeWindowSeconds=7200, callIntervalSeconds=0}, compass_121100=RateLimitConfig{maxCalls=1, timeWindowSeconds=7200, callIntervalSeconds=0}})
08-08 20:10:07.577 29039 29039 I NewAppEncrypt.SafeCenterFeatureOption: sAssociationStartEnabled true
08-08 20:10:07.583 28519 29162 I NearX.CloudConfig: cloudInit sdk version : 1227 app name : com.coloros.phonemanager
08-08 20:10:07.584 29277 29277 I Quality : ActivityThread: makeApplication delay 443 com.oplus.romupdate 29277
08-08 20:10:07.585 29039 29039 I NewAppEncrypt.SafeCenterFeatureOption: sLaunchRecordEnabled true
08-08 20:10:07.594  1479  5654 D charge_time: type=cdp/dcp,reserve_soc=1,soc=60,ui_soc=61,current=398,avg=430,not_chg_cnt=0,stable_cnt=7,fcc=4423,fcc_ratio=92,delta=121,debug=0,region=12,ttf=13750(03:49:10),ui_ttf=5142(01:25:42)
08-08 20:10:07.597 28552 29314 D CloudConfig_stgyHelper: getSupportKitMode localSdkVersion : 1231
08-08 20:10:07.604  1399 13000 I vendor.qti.bluetooth@1.0-ibs_handler: [ibs_handler.cpp:778] ProcessIbsCmd: Received IBS_WAKE_IND: 0xFD
08-08 20:10:07.604  1399 13000 D vendor.qti.bluetooth@1.0-ibs_handler: [ibs_handler.cpp:372] SerialClockVote: vote for UART CLK ON
08-08 20:10:07.605  1399 13000 I vendor.qti.bluetooth@1.0-ibs_handler: [ibs_handler.cpp:795] ProcessIbsCmd: Writing IBS_WAKE_ACK
08-08 20:10:07.606   896   896 E lowmemorykiller: device memory 223603 free 5691 file 222851
08-08 20:10:07.607 12944 12969 D bluetooth: [acl_arbiter.cc:69] InterceptAttPacket: Intercepting ATT packet and forwarding to Rust
08-08 20:10:07.607 12944 12969 E Bluetooth: [gatt_main.cc:1078] gatt_data_process
08-08 20:10:07.608 12944 12969 I oplus_bt_stack_ble_event: report_stack_ble_last_data_transfer, 20:**:**:**:ca:c6
08-08 20:10:07.608 12944 12969 D oplus_bt_stack_gatt_manager: [oplus_bt_stack_gatt_manager.cc:789]  oplus_gatt_process_read_rsp 
08-08 20:10:07.608 12944 13018 I oplus_bt_stack_ble_event: report_stack_ble_gatt_read_write_operation_event enter
08-08 20:10:07.608 12944 13018 I oplus_bt_stack_ble_event: stack_ble_gatt_read_write_operation_event_report address=20:**:**:**:ca:c6
08-08 20:10:07.612 12944 13120 D bt_btif_gattc: [btif_gatt_client.cc:565] btif_gattc_write_char: 
08-08 20:10:07.612 12944 12969 D bluetooth: [att_protocol.cc:515] attp_cl_send_cmd: Sending ATT command to l2cap cid:0x0004 eatt_channels:0 transport:BT_TRANSPORT_LE
08-08 20:10:07.612 12944 12969 D bluetooth: [att_protocol.cc:389] attp_send_msg_to_l2cap: Sending ATT message on att fixed channel
08-08 20:10:07.612 12944 12969 D bt_l2cap: [l2c_api.cc:1545] L2CA_SendFixedChnlData: Enqueued data for CID: 0x0004 len:9
08-08 20:10:07.612 12944 12969 D l2c_link: [l2c_link.cc:1222] l2c_link_send_to_lower_ble: TotalWin=15,Hndl=0x4,Quota=16,Unack=1,RRQuota=0,RRUnack=0
08-08 20:10:07.613 12944 12969 I oplus_bt_stack_ble_event: report_stack_ble_last_data_transfer, 20:**:**:**:ca:c6
08-08 20:10:07.613 12944 12969 D bt_bta_gattc: [bta_gattc_act.cc:1272] bta_gattc_write_cmpl: Handling write response type: 1: handle 0x0045
08-08 20:10:07.613 19189 20451 D MoYoung : onStepChange: 0
08-08 20:10:07.614  1399  1399 I vendor.qti.bluetooth@1.0-ibs_handler: [ibs_handler.cpp:668] DeviceWakeUp: Writing IBS_WAKE_IND
08-08 20:10:07.614  1399 13000 I vendor.qti.bluetooth@1.0-ibs_handler: [ibs_handler.cpp:854] ProcessIbsCmd: Received IBS_WAKE_ACK: 0xFC
08-08 20:10:07.614  1399 13000 I vendor.qti.bluetooth@1.0-ibs_handler: [ibs_handler.cpp:856] ProcessIbsCmd: Signal wack_cond_
08-08 20:10:07.615  1399  1399 D vendor.qti.bluetooth@1.0-ibs_handler: [ibs_handler.cpp:700] DeviceWakeUp: Unblocked from waiting for FC, pthread_cond_timedwait ret = 0
08-08 20:10:07.633 28623 29327 I Finsky:background: [16338] Resetting scheduler db
08-08 20:10:07.637   896   896 E lowmemorykiller: device memory 223231 free 5258 file 222917
08-08 20:10:07.638  3009  3712 I Osense-PsiDetector: 871,21,2995,4607,35,128,95,813,1128,379,491,0,4,5693
08-08 20:10:07.639  3009  3705 I Osense-BaseDecisionMaker: notifySceneToAthenaPolicy: SCENE_RES_MEM_PSI_NORMAL, bundle: Bundle[{memLevel=4}]
08-08 20:10:07.642  3009  3705 I Osense-BaseDecisionMaker: scene: SCENE_RES_MEM_PSI_NORMAL, excutingPolicy: clear
08-08 20:10:07.642  3009  3705 D Osense-BaseDecisionMaker: invoke clear policy,type: cached
08-08 20:10:07.642  3009  3705 I Osense-BaseDecisionMaker: notifySceneToAthenaPolicy: SCENE_RES_MEM_PSI_LEAK, bundle: Bundle[{memLevel=4}]
08-08 20:10:07.645  3009  3710 I OsenseKillAction: KillAction: [atomic clean] start name=lowmem, requestId=122332, startAvail=871, startFreeMB=21, purposeAvailMB=1200, purposeFreeMB=-1, anonRssTarget=329, minBgCount=0, swapTarget=0, scene=SCENE_RES_MEM_PSI_NORMAL, type=cached, qb=false, cchOnly=true, urgency=false, hoggingCpuPids={}, invalid-cnt=4
08-08 20:10:07.645  3009  3710 I OsenseKillAction: KillAction: [atomic clean] end: skip for no-killable-cached-process
08-08 20:10:07.645  3009  3710 I OsenseKillAction: KillAction: 329mb more anonRss to reclaim, 0mb more swapMb to reclaim, <skip> mem guard, cur avail=0mb, bundle: Bundle[{appcareThreshold=0, triggerMemory=1000, qbmode=false, memLevel=4, type=cached, level=1, scene=SCENE_RES_MEM_PSI_NORMAL, requestId=122332, purposeMemory=1200}]
08-08 20:10:07.646  1399 13000 I vendor.qti.bluetooth@1.0-ibs_handler: [ibs_handler.cpp:825] ProcessIbsCmd: Received IBS_SLEEP_IND: 0xFE
08-08 20:10:07.652 28623 28794 I Finsky:background: [16321] SCH: Scheduling phonesky job Id: 3-90220, CT: 1786208610449, Constraints: [{ L: 0, D: 86400000, C: CHARGING_REQUIRED, I: IDLE_REQUIRED, N: NET_UNMETERED, B: BATTERY_ANY }]
08-08 20:10:07.653 28623 28794 I Finsky:background: [16321] SCH: Scheduling phonesky job Id: 3-90221, CT: 1786208611131, Constraints: [{ L: 0, D: 86400000, C: CHARGING_REQUIRED, I: IDLE_REQUIRED, N: NET_UNMETERED, B: BATTERY_ANY }]
08-08 20:10:07.653 28623 28794 I Finsky:background: [16321] SCH: Scheduling phonesky job Id: 3-90222, CT: 1786208611132, Constraints: [{ L: 0, D: 86400000, C: CHARGING_REQUIRED, I: IDLE_REQUIRED, N: NET_UNMETERED, B: BATTERY_ANY }]
08-08 20:10:07.653 28623 28794 I Finsky:background: [16321] SCH: Scheduling phonesky job Id: 47-15, CT: 1786195722732, Constraints: [{ L: 21587562, D: 43187562, C: CHARGING_NONE, I: IDLE_REQUIRED, N: NET_NONE, B: BATTERY_ANY }]
08-08 20:10:07.654 28623 28794 I Finsky:background: [16321] SCH: Scheduling phonesky job Id: 59-1, CT: 1786205205782, Constraints: [{ L: 10004510, D: 20144510, C: CHARGING_NONE, I: IDLE_NONE, N: NET_ANY, B: BATTERY_ANY }]
08-08 20:10:07.672 14348 14461 W libc    : Access denied finding property "vendor.gsm.serial"
08-08 20:10:07.673 28623 28819 I Finsky:background: [16324] SCH: Scheduling 0 system job(s)
08-08 20:10:07.679  1399 13000 I vendor.qti.bluetooth@1.0-ibs_handler: [ibs_handler.cpp:778] ProcessIbsCmd: Received IBS_WAKE_IND: 0xFD
08-08 20:10:07.680  1399 13000 I vendor.qti.bluetooth@1.0-ibs_handler: [ibs_handler.cpp:795] ProcessIbsCmd: Writing IBS_WAKE_ACK
08-08 20:10:07.686 28623 29359 I Finsky:background: [16349] SCH: Canceling job 3-90220
08-08 20:10:07.690 28623 29359 I Finsky:background: [16349] WM::SCH: Logging work end for 3-90220
08-08 20:10:07.698  1479  1567 D BatteryChargeControl: bcc get no support from charging protocol
08-08 20:10:07.702 28623 28790 I Finsky:background: [16320] SCH: Scheduling phonesky job Id: 3-90221, CT: 1786208611131, Constraints: [{ L: 0, D: 86400000, C: CHARGING_REQUIRED, I: IDLE_REQUIRED, N: NET_UNMETERED, B: BATTERY_ANY }]
08-08 20:10:07.702 28623 28790 I Finsky:background: [16320] SCH: Scheduling phonesky job Id: 3-90222, CT: 1786208611132, Constraints: [{ L: 0, D: 86400000, C: CHARGING_REQUIRED, I: IDLE_REQUIRED, N: NET_UNMETERED, B: BATTERY_ANY }]
08-08 20:10:07.706   896   896 E lowmemorykiller: device memory 223035 free 5550 file 222441
08-08 20:10:07.713 28519 29162 D CloudConfig_stgyHelper: mspVersionCanSupport mspKitVersion : 2031315
08-08 20:10:07.716  3009  5276 D OplusUserManagerServiceEnhance: getMultiSystemUserId  res = -10000
08-08 20:10:07.718 28519 29259 D OplusMultiUserManager: getMultiSystemUserIdNoCheck res: -10000
08-08 20:10:07.719  3009  4718 W ActivityManager: Receiver with filter android.content.IntentFilter@537734e already registered for pid 28519, callerPackage is com.coloros.phonemanager
08-08 20:10:07.723 28519 29162 D CloudConfig_stgyHelper: 设置本地限频
08-08 20:10:07.725 28519 29163 I MSP-LOG-SDK-MspSdk: Sdk has initialized! version:2.0.1.14
08-08 20:10:07.727 28519 29163 E MSP-LOG-SDK-RateLimitManager: not_allow_invoke because of time_window_not_allow queue = [1786207773880], config = RateLimitConfig{maxCalls=1, timeWindowSeconds=21600, callIntervalSeconds=0}, ipcInvokeTimeQueueMapKey = com.heytap.nearx.tangramconfig.kit.client.ICloudCtrlServiceModule?@?global-domain_1961?@?1?@?com.coloros.phonemanager, has already call 1 times in 21600 seconds before
08-08 20:10:07.727  1399 13000 I vendor.qti.bluetooth@1.0-ibs_handler: [ibs_handler.cpp:825] ProcessIbsCmd: Received IBS_SLEEP_IND: 0xFE
08-08 20:10:07.728 28519 29163 E MSP-LOG-SDK-: MspSdkException{code=3014,message=com.heytap.mspsdk.ratelimit.MspRateLimitExceededException: ipc rate limit exceeded in time window}
08-08 20:10:07.728 28519 29163 E MSP-LOG-SDK-: 	at com.heytap.mspsdk.ratelimit.b.a(RateLimitInterceptor.java:56)
08-08 20:10:07.728 28519 29163 E MSP-LOG-SDK-: 	at com.heytap.mspsdk.interceptor.c.a(StandardListChain.java:40)
08-08 20:10:07.728 28519 29163 E MSP-LOG-SDK-: 	at com.heytap.mspsdk.proxy.b.a(CompatCheckInterceptor.java:30)
08-08 20:10:07.728 28519 29163 E MSP-LOG-SDK-: 	at com.heytap.mspsdk.interceptor.c.a(StandardListChain.java:40)
08-08 20:10:07.728 28519 29163 E MSP-LOG-SDK-: 	at com.heytap.mspsdk.proxy.e.invoke(InnerInvocationHandler.java:202)
08-08 20:10:07.728 28519 29163 E MSP-LOG-SDK-: 	at java.lang.reflect.Proxy.invoke(Proxy.java:1009)
08-08 20:10:07.728 28519 29163 E MSP-LOG-SDK-: 	at $Proxy10.getDynamicCondition(Unknown Source)
08-08 20:10:07.728 28519 29163 E MSP-LOG-SDK-: 	at com.heytap.nearx.tangramconfig.kit.client.KitProxy.getDynamicCondition$lambda$0(KitProxy.kt:25)
08-08 20:10:07.728 28519 29163 E MSP-LOG-SDK-: 	at com.heytap.nearx.tangramconfig.kit.client.KitProxy.b(KitProxy.kt:1)
08-08 20:10:07.728 28519 29163 E MSP-LOG-SDK-: 	at com.heytap.nearx.tangramconfig.kit.client.b.run(R8$$SyntheticClass:9)
08-08 20:10:07.728 28519 29163 E MSP-LOG-SDK-: 	at java.util.concurrent.ThreadPoolExecutor.runWorker(ThreadPoolExecutor.java:1100)
08-08 20:10:07.728 28519 29163 E MSP-LOG-SDK-: 	at java.util.concurrent.ThreadPoolExecutor$Worker.run(ThreadPoolExecutor.java:624)
08-08 20:10:07.728 28519 29163 E MSP-LOG-SDK-: 	at java.lang.Thread.run(Thread.java:1572)
08-08 20:10:07.728 28623 28819 I Finsky:background: [16324] SCH: Scheduling 1 system job(s)
08-08 20:10:07.730 28623 28819 I Finsky:background: [16324] SCH: Scheduling system job Id: 10213, L: 0, D: 86003403, C: true, I: true, N: 2
08-08 20:10:07.752 14348 14945 W libc    : Access denied finding property "vendor.gsm.serial"
08-08 20:10:07.755  1399 13000 I vendor.qti.bluetooth@1.0-ibs_handler: [ibs_handler.cpp:778] ProcessIbsCmd: Received IBS_WAKE_IND: 0xFD
08-08 20:10:07.756  1399 13000 I vendor.qti.bluetooth@1.0-ibs_handler: [ibs_handler.cpp:795] ProcessIbsCmd: Writing IBS_WAKE_ACK
08-08 20:10:07.757 28623 29359 I Finsky:background: [16349] SCH: Canceling job 3-90221
08-08 20:10:07.757 28623 29359 I Finsky:background: [16349] WM::SCH: Logging work end for 3-90221
08-08 20:10:07.758 12944 12969 D bluetooth: [acl_arbiter.cc:69] InterceptAttPacket: Intercepting ATT packet and forwarding to Rust
08-08 20:10:07.758 12944 12969 E Bluetooth: [gatt_main.cc:1078] gatt_data_process
08-08 20:10:07.759 12944 12969 I oplus_bt_stack_ble_event: report_stack_ble_last_data_transfer, 20:**:**:**:ca:c6
08-08 20:10:07.761 12944 13018 D bt_btif_gattc: [btif_gatt_client.cc:142] btif_gattc_upstreams_evt: Event BTA_GATTC_NOTIF_EVT [10]
08-08 20:10:07.767 29096 29096 I Quality : ActivityThread: makeApplication delay 523 com.oplus.sau 29096
08-08 20:10:07.768 28623 28790 I Finsky:background: [16320] SCH: Scheduling phonesky job Id: 3-90222, CT: 1786208611132, Constraints: [{ L: 0, D: 86400000, C: CHARGING_REQUIRED, I: IDLE_REQUIRED, N: NET_UNMETERED, B: BATTERY_ANY }]
08-08 20:10:07.774 29277 29277 D UpdateApplication: log switch:false
08-08 20:10:07.775 29277 29277 I AppFeatureCache: enableAppFeatureCache
08-08 20:10:07.776 29277 29277 I AppFeatureCache: clearCursorInCache
08-08 20:10:07.776 29277 29277 I AppFeatureCache: invalidateAppFeatureCache run in
08-08 20:10:07.777 12944 13120 D bt_btif_gattc: [btif_gatt_client.cc:565] btif_gattc_write_char: 
08-08 20:10:07.778 12944 12969 D bluetooth: [att_protocol.cc:515] attp_cl_send_cmd: Sending ATT command to l2cap cid:0x0004 eatt_channels:0 transport:BT_TRANSPORT_LE
08-08 20:10:07.778 12944 12969 D bluetooth: [att_protocol.cc:389] attp_send_msg_to_l2cap: Sending ATT message on att fixed channel
08-08 20:10:07.779 12944 12969 D bt_l2cap: [l2c_api.cc:1545] L2CA_SendFixedChnlData: Enqueued data for CID: 0x0004 len:11
08-08 20:10:07.779 12944 12969 D l2c_link: [l2c_link.cc:1222] l2c_link_send_to_lower_ble: TotalWin=15,Hndl=0x4,Quota=16,Unack=1,RRQuota=0,RRUnack=0
08-08 20:10:07.779 12944 12969 I oplus_bt_stack_ble_event: report_stack_ble_last_data_transfer, 20:**:**:**:ca:c6
08-08 20:10:07.780 12944 12969 D bt_bta_gattc: [bta_gattc_act.cc:1272] bta_gattc_write_cmpl: Handling write response type: 1: handle 0x0045
08-08 20:10:07.792 14348 14945 D TapHttp.CallTrackHelper 15631: callStart:https://dc-dragate-sg.heytapmobile.com/v1/stat/install?appid=21000&logtag=0&nonce=9045&timestamp=1786209007&sign=a772715107045545c631233bbc54b7c0 connectMode:TCP reUseMode:ALL isZeroRtt:true
08-08 20:10:07.798 14348 14945 V TapHttp.StatRateHelper: ignore record by sample ratio is 1
08-08 20:10:07.801 29277 29277 I AppFeatureCache: invalidateAppFeatureCache size: 5
08-08 20:10:07.807   896   896 E lowmemorykiller: device memory 221800 free 4484 file 222254
08-08 20:10:07.812 14348 14945 D TapHttp.CallTrackHelper 15631: newSteam:https://dc-dragate-sg.heytapmobile.com/v1/stat/install?appid=21000&logtag=0&nonce=9045&timestamp=1786209007&sign=a772715107045545c631233bbc54b7c0
08-08 20:10:07.812 29277 29298 W oplus.romupdate: Monitor::Inflate: Install failed 0x71e768f8
08-08 20:10:07.813 14348 14945 D TapHttp.Event Dispatcher: dns start
08-08 20:10:07.813 14348 14945 D TapHttp.CallTrackHelper 15631: dnsStart https://dc-dragate-sg.heytapmobile.com/v1/stat/install?appid=21000&logtag=0&nonce=9045&timestamp=1786209007&sign=a772715107045545c631233bbc54b7c0
08-08 20:10:07.814 14348 14945 D TapHttp.RealDnsInterceptor: start use default local dns lookup dc-dragate-sg.heytapmobile.com
08-08 20:10:07.815 29277 29294 W SQLiteLog: (28) double-quoted string literal: "safe_permission_list"
08-08 20:10:07.821 28623 28822 I Finsky:background: [16326] SCH: Scheduling 1 system job(s)
08-08 20:10:07.822 28623 28822 I Finsky:background: [16326] SCH: Scheduling system job Id: 10215, L: 0, D: 86003311, C: true, I: true, N: 2
08-08 20:10:07.825 28552 29044 W m.heytap.market: Suspending all threads took: 141.904ms
08-08 20:10:07.836 28623 29359 I Finsky:background: [16349] SCH: Canceling job 3-90222
08-08 20:10:07.836  1399 13000 I vendor.qti.bluetooth@1.0-ibs_handler: [ibs_handler.cpp:825] ProcessIbsCmd: Received IBS_SLEEP_IND: 0xFE
08-08 20:10:07.836 28623 29359 I Finsky:background: [16349] WM::SCH: Logging work end for 3-90222
08-08 20:10:07.840 28623 28790 I Finsky:background: [16320] SCH: no pending jobs to schedule.
08-08 20:10:07.843 28519 29259 E PhoneManager.AppUsageUtils:  appExistByPkgName error: com.android.browser
08-08 20:10:07.843 28519 29280 D OplusUxDrawableMappingHelper: start parsePackMapping
08-08 20:10:07.846  3009  3712 I Osense-PsiDetector: 865,17,2988,4607,36,128,95,818,1125,381,486,0,4,5700
08-08 20:10:07.846  3009  3705 I Osense-BaseDecisionMaker: notifySceneToAthenaPolicy: SCENE_RES_MEM_PSI_NORMAL, bundle: Bundle[{memLevel=3}]
08-08 20:10:07.847 28519 29259 E PhoneManager.AppUsageUtils:  appExistByPkgName error: com.coloros.browser
08-08 20:10:07.848  3009  3705 I Osense-BaseDecisionMaker: scene: SCENE_RES_MEM_PSI_NORMAL, excutingPolicy: clear
08-08 20:10:07.848  3009  3705 D Osense-BaseDecisionMaker: invoke clear policy,type: cached
08-08 20:10:07.849  3009  3710 I OsenseKillAction: KillAction: [atomic clean] start name=lowmem, requestId=122333, startAvail=865, startFreeMB=16, purposeAvailMB=1200, purposeFreeMB=-1, anonRssTarget=335, minBgCount=0, swapTarget=0, scene=SCENE_RES_MEM_PSI_NORMAL, type=cached, qb=false, cchOnly=true, urgency=false, hoggingCpuPids={}, invalid-cnt=4
08-08 20:10:07.849  3009  3710 I OsenseKillAction: KillAction: [atomic clean] end: skip for no-killable-cached-process
08-08 20:10:07.849  3009  3710 I OsenseKillAction: KillAction: 335mb more anonRss to reclaim, 0mb more swapMb to reclaim, <skip> mem guard, cur avail=0mb, bundle: Bundle[{appcareThreshold=0, triggerMemory=1000, qbmode=false, memLevel=3, type=cached, level=1, scene=SCENE_RES_MEM_PSI_NORMAL, requestId=122333, purposeMemory=1200}]
08-08 20:10:07.849 27175 27175 D WM-SystemJobService: onStartJob for WorkGenerationalId(workSpecId=138a6e2b-1e8f-48c1-a2b8-6299976f5f5d, generation=0)
08-08 20:10:07.854 27175 27227 D WM-Processor: Work WorkGenerationalId(workSpecId=138a6e2b-1e8f-48c1-a2b8-6299976f5f5d, generation=0) is already enqueued for processing
08-08 20:10:07.864 28519 29259 E PhoneManager.AppUsageUtils:  appExistByPkgName error: com.android.contacts
08-08 20:10:07.867  1399 13000 I vendor.qti.bluetooth@1.0-ibs_handler: [ibs_handler.cpp:778] ProcessIbsCmd: Received IBS_WAKE_IND: 0xFD
08-08 20:10:07.867  1399 13000 I vendor.qti.bluetooth@1.0-ibs_handler: [ibs_handler.cpp:795] ProcessIbsCmd: Writing IBS_WAKE_ACK
08-08 20:10:07.869 12944 12969 D bluetooth: [acl_arbiter.cc:69] InterceptAttPacket: Intercepting ATT packet and forwarding to Rust
08-08 20:10:07.869 12944 12969 E Bluetooth: [gatt_main.cc:1078] gatt_data_process
08-08 20:10:07.870 12944 12969 I oplus_bt_stack_ble_event: report_stack_ble_last_data_transfer, 20:**:**:**:ca:c6
08-08 20:10:07.871 12944 13018 D bt_btif_gattc: [btif_gatt_client.cc:142] btif_gattc_upstreams_evt: Event BTA_GATTC_NOTIF_EVT [10]
08-08 20:10:07.878 28519 29368 D ProfileInstaller: Skipping profile installation for com.coloros.phonemanager
08-08 20:10:07.887 14348 14945 D TapHttp.RealDnsInterceptor: use default local dns lookup dc-dragate-sg.heytapmobile.com:IpInfo(host='dc-dragate-sg.heytapmobile.com', dnsType=0, ttl=0, carrier=, ip='', port=0, weight=0, dnUnitSet=, failCount=0, failTime=0, failMsg=, expire=1786209007886)
08-08 20:10:07.887 14348 14945 D TapHttp.RealDnsInterceptor: use default local dns lookup dc-dragate-sg.heytapmobile.com:IpInfo(host='dc-dragate-sg.heytapmobile.com', dnsType=0, ttl=0, carrier=, ip='', port=0, weight=0, dnUnitSet=, failCount=0, failTime=0, failMsg=, expire=1786209007887)
08-08 20:10:07.887 14348 14945 D TapHttp.WrapperInterceptor: result ip list is [IpInfo(host='dc-dragate-sg.heytapmobile.com', dnsType=0, ttl=0, carrier=, ip='', port=0, weight=0, dnUnitSet=, failCount=0, failTime=0, failMsg=, expire=1786209007886), IpInfo(host='dc-dragate-sg.heytapmobile.com', dnsType=0, ttl=0, carrier=, ip='', port=0, weight=0, dnUnitSet=, failCount=0, failTime=0, failMsg=, expire=1786209007887)]
08-08 20:10:07.887 14348 14945 D TapHttp.CallTrackHelper 15631: dnsEnd https://dc-dragate-sg.heytapmobile.com/v1/stat/install?appid=21000&logtag=0&nonce=9045&timestamp=1786209007&sign=a772715107045545c631233bbc54b7c0
08-08 20:10:07.893 14348 14945 D TapHttp.CallTrackHelper 15631: connect_protocol =tcp_tcp connectTimeout=10000 retryCount=0  route=Route{dc-dragate-sg.heytapmobile.com/47.82.6.26:443}
08-08 20:10:07.894 28623 29327 I Finsky:background: [16338] IQ: Creating job 90223, for (REQ_CHARGING, REQ_DEVICE_IDLE, REQ_GEARHEAD_PROJECTION_OFF, IGNORE_HOLDOFF=true, NETWORK=UNMETERED, PROVISIONING_STATE=PROVISIONED, BACKUP_MANAGER_STATE=BACKUP_READY, AUTHENTICATION_REQUIRED)
08-08 20:10:07.894 14348 14945 D TapHttp.Event Dispatcher: connect start: 47.82.6.26
08-08 20:10:07.894 14348 14945 D TapHttp.CallTrackHelper 15631: connectStart https://dc-dragate-sg.heytapmobile.com/v1/stat/install?appid=21000&logtag=0&nonce=9045&timestamp=1786209007&sign=a772715107045545c631233bbc54b7c0
08-08 20:10:07.897 28623 29327 I Finsky:background: [16338] IQ: Creating job 90224, for (REQ_CHARGING, REQ_DEVICE_IDLE, REQ_GEARHEAD_PROJECTION_OFF, NETWORK=UNMETERED, PROVISIONING_STATE=PROVISIONED, BACKUP_MANAGER_STATE=BACKUP_READY, AUTHENTICATION_REQUIRED, PROCESS_IMPORTANCE_THRESHOLD=125, REQ_CAR_KEY_NOT_IN_USE=true)
08-08 20:10:07.898 28623 29327 I Finsky:background: [16338] IQ: Creating job 90225, for (REQ_CHARGING, REQ_DEVICE_IDLE, REQ_GEARHEAD_PROJECTION_OFF, NETWORK=UNMETERED, PROVISIONING_STATE=PROVISIONED, BACKUP_MANAGER_STATE=BACKUP_READY, AUTHENTICATION_REQUIRED)
08-08 20:10:07.900 28623 29327 I Finsky:background: [16338] IQ: Bulk scheduling created jobs
08-08 20:10:07.902 29277 29277 I RUSApplication: log switch=false
08-08 20:10:07.902 28623 29327 I Finsky:background: [16338] SCH: Received scheduling request: Id: 3-90223, Constraints: [{ L: 0, D: 86400000, C: CHARGING_REQUIRED, I: IDLE_REQUIRED, N: NET_UNMETERED, B: BATTERY_ANY }]
08-08 20:10:07.905 28519 28523 W os.phonemanager: Suspending all threads took: 22.035ms
08-08 20:10:07.906   896   896 E lowmemorykiller: device memory 221019 free 3672 file 222334
08-08 20:10:07.909  1399 13000 I vendor.qti.bluetooth@1.0-ibs_handler: [ibs_handler.cpp:825] ProcessIbsCmd: Received IBS_SLEEP_IND: 0xFE
08-08 20:10:07.912 28519 29280 D OplusUxDrawableMappingHelper: parsePackMapping success--->size:5
08-08 20:10:07.929 28623 29327 D WM-PackageManagerHelper: Skipping component enablement for androidx.work.impl.background.systemjob.SystemJobService
08-08 20:10:07.929 28623 29327 D WM-Schedulers: Created SystemJobScheduler and enabled SystemJobService
08-08 20:10:07.933 28623 28819 D WM-ForceStopRunnable: Is default app process = true
08-08 20:10:07.933  3009  4718 I ActivityManager: Flag disabled. Ignoring finishAttachApplication from uid: 10181. pid: 29277
08-08 20:10:07.935 28623 28819 D WM-ForceStopRunnable: Performing cleanup operations.
08-08 20:10:07.949 29096 29096 D CompatChangeReporter: Compat change id reported: 279646685; UID 1000; state: ENABLED
08-08 20:10:07.952 12944 13120 D bt_btif_gattc: [btif_gatt_client.cc:565] btif_gattc_write_char: 
08-08 20:10:07.953 12944 12969 D bluetooth: [att_protocol.cc:515] attp_cl_send_cmd: Sending ATT command to l2cap cid:0x0004 eatt_channels:0 transport:BT_TRANSPORT_LE
08-08 20:10:07.953 12944 12969 D bluetooth: [att_protocol.cc:389] attp_send_msg_to_l2cap: Sending ATT message on att fixed channel
08-08 20:10:07.953 12944 12969 D bt_l2cap: [l2c_api.cc:1545] L2CA_SendFixedChnlData: Enqueued data for CID: 0x0004 len:11
08-08 20:10:07.954 12944 12969 D l2c_link: [l2c_link.cc:1222] l2c_link_send_to_lower_ble: TotalWin=15,Hndl=0x4,Quota=16,Unack=1,RRQuota=0,RRUnack=0
08-08 20:10:07.954 12944 12969 I oplus_bt_stack_ble_event: report_stack_ble_last_data_transfer, 20:**:**:**:ca:c6
08-08 20:10:07.955 12944 12969 D bt_bta_gattc: [bta_gattc_act.cc:1272] bta_gattc_write_cmpl: Handling write response type: 1: handle 0x0045
08-08 20:10:07.960 28623 29327 I Finsky:background: [16338] SCH: Received scheduling request: Id: 3-90224, Constraints: [{ L: 0, D: 86400000, C: CHARGING_REQUIRED, I: IDLE_REQUIRED, N: NET_UNMETERED, B: BATTERY_ANY }]
08-08 20:10:07.961 28623 29327 I Finsky:background: [16338] SCH: Received scheduling request: Id: 3-90225, Constraints: [{ L: 0, D: 86400000, C: CHARGING_REQUIRED, I: IDLE_REQUIRED, N: NET_UNMETERED, B: BATTERY_ANY }]
08-08 20:10:07.973 28896 29264 E m6.a    : Failed to read white list from local: permission/activity_start_whitelist.xml
08-08 20:10:07.981 28623 28822 I Finsky:background: [16326] SSM: Start staged session task with 2 tracked staged sessions
08-08 20:10:07.994 28623 28822 I Finsky:background: [16326] AMU: No need profile check, single profile
08-08 20:10:07.995 28623 28822 I Finsky:background: [16326] AMU: No need profile check, single profile
08-08 20:10:07.997 28519 29259 E PhoneManager.AppUsageUtils:  appExistByPkgName error: com.oplus.phonemanager
08-08 20:10:08.007 28519 29259 E PhoneManager.AppUsageUtils:  appExistByPkgName error: com.oppo.camera
08-08 20:10:08.007   896   896 E lowmemorykiller: device memory 220268 free 3041 file 222343
08-08 20:10:08.015 28519 29162 D CloudConfig_stgyHelper: mspVersionCanSupport mspKitVersion : 2031315
08-08 20:10:08.018 28896 29264 E SP.RomUpdateXMLUtil: Failed to read blocked remind config from local: permission/blocked_remind_config.xml
08-08 20:10:08.021 28519 29162 D CloudConfig_stgyHelper: getSupportKitMode strategyEntity : StrategyEntity(sdkInterval=1800000, strategyMode=1, minSDKVersion=1000, minKitVersion=2014122, validReqPeriod=7200000, maxReqProduct=100, forceKitIfKit=false, backoff=120000, enable=true, defaultLimit=RateLimitConfig{maxCalls=1, timeWindowSeconds=7200, callIntervalSeconds=0}, productLimits={global-domain_1281=RateLimitConfig{maxCalls=1, timeWindowSeconds=7200, callIntervalSeconds=0}, 50351=RateLimitConfig{maxCalls=1, timeWindowSeconds=7200, callIntervalSeconds=0}, global-domain_1961=RateLimitConfig{maxCalls=1, timeWindowSeconds=7200, callIntervalSeconds=0}, compass_143100=RateLimitConfig{maxCalls=1, timeWindowSeconds=7200, callIntervalSeconds=0}, compass_20092=RateLimitConfig{maxCalls=1, timeWindowSeconds=7200, callIntervalSeconds=0}, mdp_2196=RateLimitConfig{maxCalls=1, timeWindowSeconds=7200, callIntervalSeconds=0}, mdp_2047=RateLimitConfig{maxCalls=1, timeWindowSeconds=7200, callIntervalSeconds=0}, global-domain_2047=RateLimitConfig{maxCalls=1, timeWindowSeconds=7200, callIntervalSeconds=0}, compass_121100=RateLimitConfig{maxCalls=1, timeWindowSeconds=7200, callIntervalSeconds=0}})
08-08 20:10:08.026 28519 29280 I OplusUXIconLoader: theme=6; uxIconConfig = 216807604067827718
08-08 20:10:08.029 28519 29162 D CloudConfig_stgyHelper: getSupportKitMode localSdkVersion : 1227
08-08 20:10:08.031 28519 29280 I OplusUXIconLoader: themeCustomPos=5;commonStylePathArray size=5
08-08 20:10:08.031 28519 29162 I NearX.CloudConfig: cloudInit completed
08-08 20:10:08.039 28519 29280 I UXIconPaser: theme=6; pathData =M0,53.33C0,34.66 0,25.33 3.63,18.2C6.83,11.93 11.93,6.83 18.2,3.63C25.33,0 34.66,0 53.33,0H96.67C115.33,0 124.67,0 131.8,3.63C138.07,6.83 143.17,11.93 146.37,18.2C150,25.33 150,34.66 150,53.33V96.67C150,115.33 150,124.67 146.37,131.8C143.17,138.07 138.07,143.17 131.8,146.37C124.67,150 115.33,150 96.67,150H53.33C34.66,150 25.33,150 18.2,146.37C11.93,143.17 6.83,138.07 3.63,131.8C0,124.67 0,115.33 0,96.67V53.33Z
08-08 20:10:08.041 28519 29280 I OplusUXIconLoader: path = android.graphics.Path@b5803c0; config = OplusIconConfig = [ isForeign : true,theme : 6,iconSize : 4368,iconShape : 0,foregroundSize : 5588,artPlusOn : false,shapePath ：null, nightMode : true;enableDarkModeIcon = true, userId = -1, iconRadius = -1 ]
08-08 20:10:08.043 28519 29280 V OplusUXIconLoader: checkConfig sIconConfig =:OplusIconConfig = [ isForeign : true,theme : 6,iconSize : 4368,iconShape : 0,foregroundSize : 5588,artPlusOn : false,shapePath ：android.graphics.Path@c1e48f9, nightMode : true;enableDarkModeIcon = true, userId = 0, iconRadius = -1 ]
08-08 20:10:08.047 28623 28819 D WM-PackageManagerHelper: Skipping component enablement for androidx.work.impl.background.systemalarm.RescheduleReceiver
08-08 20:10:08.060 29277 29294 W SQLiteLog: (28) double-quoted string literal: "safe_suggest_permission_list"
08-08 20:10:08.074 28623 28843 E FeatureFlagsImplExport: android.os.flagging.AconfigStorageReadException: ERROR_PACKAGE_NOT_FOUND: package com.android.libcore cannot be found on the device
08-08 20:10:08.108   896   896 E lowmemorykiller: device memory 226209 free 8100 file 222763
08-08 20:10:08.114 28519 29245 I CloudConfig: tn: aw-20092-BUSIN
08-08 20:10:08.119 12944 13120 D bt_btif_gattc: [btif_gatt_client.cc:565] btif_gattc_write_char: 
08-08 20:10:08.119 12944 12969 D bluetooth: [att_protocol.cc:515] attp_cl_send_cmd: Sending ATT command to l2cap cid:0x0004 eatt_channels:0 transport:BT_TRANSPORT_LE
08-08 20:10:08.119 12944 12969 D bluetooth: [att_protocol.cc:389] attp_send_msg_to_l2cap: Sending ATT message on att fixed channel
08-08 20:10:08.119 12944 12969 D bt_l2cap: [l2c_api.cc:1545] L2CA_SendFixedChnlData: Enqueued data for CID: 0x0004 len:9
08-08 20:10:08.120 12944 12969 D l2c_link: [l2c_link.cc:1222] l2c_link_send_to_lower_ble: TotalWin=14,Hndl=0x4,Quota=16,Unack=2,RRQuota=0,RRUnack=0
08-08 20:10:08.120 12944 12969 I oplus_bt_stack_ble_event: report_stack_ble_last_data_transfer, 20:**:**:**:ca:c6
08-08 20:10:08.120 12944 12969 D bt_bta_gattc: [bta_gattc_act.cc:1272] bta_gattc_write_cmpl: Handling write response type: 1: handle 0x0045
08-08 20:10:08.125 28519 29280 D OplusUxIconAppCheckUtils: preset list = []
08-08 20:10:08.134 29096 29096 I Quality : SlowSqliteOp:open,/data/user/0/com.oplus.sau/databases/sau.db,false,false,44
08-08 20:10:08.149 29039 29361 I NewAppEncrypt: Log, sQELogOn = false, sQELogOnMTK = false, sIsDebugTagOn = false
08-08 20:10:08.155 29039 29361 W NewAppEncrypt.PMSHideAppListUtil: init rusResult is null=true
08-08 20:10:08.175  1598  1854 D VRR [OTI]: handleIdle from 0 to 1
08-08 20:10:08.175  1598  1854 D VRR [OTI-HW]: isStateReady 0
08-08 20:10:08.176  1598  1854 D VRR [OTI-HW]: rate range: min {id=1, hwcId=1, resolution=720x1604, vsyncRate=60.00 Hz, dpi=265.04x262.85, group=0, vrrConfig=N/A} cur {id=1, hwcId=1, resolution=720x1604, vsyncRate=60.00 Hz, dpi=265.04x262.85, group=0, vrrConfig=N/A} max {id=1, hwcId=1, resolution=720x1604, vsyncRate=60.00 Hz, dpi=265.04x262.85, group=0, vrrConfig=N/A}
08-08 20:10:08.176  1598  1854 D VRR [OTI-HW]: keep rate.
08-08 20:10:08.185 14348 14945 D TapHttp.CallTrackHelper 15631: connectSocketEnd https://dc-dragate-sg.heytapmobile.com/v1/stat/install?appid=21000&logtag=0&nonce=9045&timestamp=1786209007&sign=a772715107045545c631233bbc54b7c0
08-08 20:10:08.185 14348 14945 D TapHttp.CallTrackHelper 15631: secureConnectStart https://dc-dragate-sg.heytapmobile.com/v1/stat/install?appid=21000&logtag=0&nonce=9045&timestamp=1786209007&sign=a772715107045545c631233bbc54b7c0
08-08 20:10:08.187 29039 29039 I Quality : ActivityThread: callApplicationOnCreate delay 1010 com.oplus.safecenter 29039
08-08 20:10:08.191  3009  3571 I ActivityManager: Flag disabled. Ignoring finishAttachApplication from uid: 1000. pid: 29039
08-08 20:10:08.191  1479  1479 D vendor.oplus.hardware.charger-V6-service: get_ui_charge_icon_type 0 0 0 0 0
08-08 20:10:08.193  1479  1479 D vendor.oplus.hardware.charger-V6-service: oplus_chg_get_cpa_power 7500 charge_online 1 retention_topic 0
08-08 20:10:08.194  1479  1479 D vendor.oplus.hardware.charger-V6-service: oplus_chg_get_cpa_power 7500 charge_online 1 retention_topic 0
08-08 20:10:08.194  1479  1479 D vendor.oplus.hardware.charger-V6-service: getIsSingleHyperSupport=2, cpa_power=7
08-08 20:10:08.194  1479  1479 E vendor.oplus.hardware.charger-V6-service: Failed to open the file: /sys/class/oplus_chg/common/plc. Error 2: No such file or directory
08-08 20:10:08.195 29039 29039 W ServiceManagerCppClient: Failed to get isDeclared for vendor.qti.hardware.perf2.IPerf/default: Status(-1, EX_SECURITY): 'SELinux denied.'
08-08 20:10:08.209   896   896 E lowmemorykiller: device memory 227410 free 9206 file 223163
08-08 20:10:08.211  1479  1479 D vendor.oplus.hardware.charger-V6-service: get_ui_charge_icon_type 0 0 0 0 0
08-08 20:10:08.212  1479  1479 D vendor.oplus.hardware.charger-V6-service: oplus_chg_get_cpa_power 7500 charge_online 1 retention_topic 0
08-08 20:10:08.212 28909 28909 D DeviceStatisticsService: onReceive: action= android.intent.action.BATTERY_CHANGED
08-08 20:10:08.213  1479  1479 D vendor.oplus.hardware.charger-V6-service: oplus_chg_get_cpa_power 7500 charge_online 1 retention_topic 0
08-08 20:10:08.213  1479  1479 D vendor.oplus.hardware.charger-V6-service: getIsSingleHyperSupport=2, cpa_power=7
08-08 20:10:08.213  1479  1479 E vendor.oplus.hardware.charger-V6-service: Failed to open the file: /sys/class/oplus_chg/common/plc. Error 2: No such file or directory
08-08 20:10:08.216 31047 31047 D CustomLogManagerService: onReceive android.intent.action.BATTERY_CHANGED
08-08 20:10:08.218  4047  4047 D SubsysBroadcastManager: onReceive action:android.intent.action.BATTERY_CHANGED
08-08 20:10:08.220  3680  3680 I SystemUi--Statusbar: BatteryControllerExt-->updateBatteryChangeIntent():broadcast=android.intent.action.BATTERY_CHANGED,level=61,scale=100
08-08 20:10:08.223  3680  3680 I SystemUi--Statusbar: BatteryRepository-->level: 61 -- isSavingMode: false
08-08 20:10:08.225  6966  7029 E Battery : a: getAISleepDuration: predictResult is null.
08-08 20:10:08.225  6966  7029 E Battery : ChargeProtectionUtils: mCanlendarTmp.isEmpty()!
08-08 20:10:08.249 28519 29245 I CloudConfig: tn: aw-20092-BUSIN, dr: 135ms
08-08 20:10:08.250 28519 29245 I CloudConfig: tn: aw-20092-BUSIN
08-08 20:10:08.250 28519 29245 I CloudConfig: tn: aw-20092-BUSIN, dr: 0ms
08-08 20:10:08.257  3009  3134 D OplusDisplayBrightnessBroadcastReceiver: onReceive action = android.intent.action.BATTERY_CHANGED , listeners = [com.android.server.display.OplusFeatureHDREnhanceBrightness$PhoneInfoReceiver@1d811b8, com.android.server.display.OplusFeatureEdrEnhanceBrightness$PhoneInfoReceiver@ab5cb91]
08-08 20:10:08.263  9406  9683 I erkz    : (REDACTED) HDM. appOpsListener %s %s
08-08 20:10:08.264  9406  9683 I erkz    : (REDACTED) HDM. Ignoring irrelevant audio permission changes for package %s
08-08 20:10:08.283 12944 13120 D bt_btif_gattc: [btif_gatt_client.cc:565] btif_gattc_write_char: 
08-08 20:10:08.283 12944 12969 D bluetooth: [att_protocol.cc:515] attp_cl_send_cmd: Sending ATT command to l2cap cid:0x0004 eatt_channels:0 transport:BT_TRANSPORT_LE
08-08 20:10:08.283 12944 12969 D bluetooth: [att_protocol.cc:389] attp_send_msg_to_l2cap: Sending ATT message on att fixed channel
08-08 20:10:08.283 12944 12969 D bt_l2cap: [l2c_api.cc:1545] L2CA_SendFixedChnlData: Enqueued data for CID: 0x0004 len:9
08-08 20:10:08.284 12944 12969 D l2c_link: [l2c_link.cc:1222] l2c_link_send_to_lower_ble: TotalWin=13,Hndl=0x4,Quota=16,Unack=3,RRQuota=0,RRUnack=0
08-08 20:10:08.284 12944 12969 I oplus_bt_stack_ble_event: report_stack_ble_last_data_transfer, 20:**:**:**:ca:c6
08-08 20:10:08.284 12944 12969 D bt_bta_gattc: [bta_gattc_act.cc:1272] bta_gattc_write_cmpl: Handling write response type: 1: handle 0x0045
08-08 20:10:08.291 29096 29096 I Quality : SlowSqliteOp:executeForString,/data/user/0/com.oplus.sau/databases/sau.db,false,false,45
08-08 20:10:08.309 29096 29096 I SwitchesProvider: com.oplusos.sau.util.enhanced_switch_provider
08-08 20:10:08.313   896   896 E lowmemorykiller: device memory 225036 free 6334 file 223637
08-08 20:10:08.318 28552 28874 D SessionsDependencies: Subscriber CRASHLYTICS registered.
08-08 20:10:08.323 28665 28671 I hypernova.phone: Compiler allocated 7008KB to compile void android.view.ViewRootImpl.performTraversals()
08-08 20:10:08.324 29096 29096 I SAUApplication: log switch=false
08-08 20:10:08.330  3009  3681 W Binder  : Outgoing transactions from this process must be FLAG_ONEWAY
08-08 20:10:08.330  3009  3681 W Binder  : java.lang.Throwable
08-08 20:10:08.330  3009  3681 W Binder  : 	at android.os.BinderProxy.transact(BinderProxy.java:633)
08-08 20:10:08.330  3009  3681 W Binder  : 	at android.content.ContentProviderProxy.insert(ContentProviderNative.java:587)
08-08 20:10:08.330  3009  3681 W Binder  : 	at android.content.ContentProviderClient.insert(ContentProviderClient.java:347)
08-08 20:10:08.330  3009  3681 W Binder  : 	at android.content.ContentProviderClient.insert(ContentProviderClient.java:336)
08-08 20:10:08.330  3009  3681 W Binder  : 	at com.oplus.util.OplusStatisticsImpl.insert(OplusStatisticsImpl.java:307)
08-08 20:10:08.330  3009  3681 W Binder  : 	at com.oplus.util.OplusStatisticsImpl.sendDataToDCS(OplusStatisticsImpl.java:287)
08-08 20:10:08.330  3009  3681 W Binder  : 	at com.oplus.util.OplusStatisticsImpl.flushInternal(OplusStatisticsImpl.java:264)
08-08 20:10:08.330  3009  3681 W Binder  : 	at com.oplus.util.OplusStatisticsImpl.lambda$setDelayFlushJobIfNeed$4(OplusStatisticsImpl.java:211)
08-08 20:10:08.330  3009  3681 W Binder  : 	at com.oplus.util.OplusStatisticsImpl.$r8$lambda$4UYTp2NCu6Rml69JNqEuK7o54SI(OplusStatisticsImpl.java:0)
08-08 20:10:08.330  3009  3681 W Binder  : 	at com.oplus.util.OplusStatisticsImpl$$ExternalSyntheticLambda5.run(D8$$SyntheticClass:0)
08-08 20:10:08.330  3009  3681 W Binder  : 	at java.util.concurrent.Executors$RunnableAdapter.call(Executors.java:520)
08-08 20:10:08.330  3009  3681 W Binder  : 	at java.util.concurrent.FutureTask.run(FutureTask.java:328)
08-08 20:10:08.330  3009  3681 W Binder  : 	at java.util.concurrent.ScheduledThreadPoolExecutor$ScheduledFutureTask.run(ScheduledThreadPoolExecutor.java:323)
08-08 20:10:08.330  3009  3681 W Binder  : 	at java.util.concurrent.ThreadPoolExecutor.runWorker(ThreadPoolExecutor.java:1100)
08-08 20:10:08.330  3009  3681 W Binder  : 	at java.util.concurrent.ThreadPoolExecutor$Worker.run(ThreadPoolExecutor.java:624)
08-08 20:10:08.330  3009  3681 W Binder  : 	at java.lang.Thread.run(Thread.java:1572)
08-08 20:10:08.337  1299  1346 E TetherController: property_get sys.radio.data.modem_share_flag return 0, 1!
08-08 20:10:08.347 28552 29044 I m.heytap.market: Explicit concurrent mark compact GC freed 7552KB AllocSpace bytes, 18(416KB) LOS objects, 24% free, 9172KB/11MB, paused 150.444ms,47.134ms total 1.497s
08-08 20:10:08.353 28623 28771 I Finsky:background: [16315] WM::SCH: Logging work initialize for 3-90223
08-08 20:10:08.354 28623 28771 I Finsky:background: [16315] WM::SCH: Logging work initialize for 3-90224
08-08 20:10:08.354 28623 28771 I Finsky:background: [16315] WM::SCH: Logging work initialize for 3-90225
08-08 20:10:08.366 28623 28790 I Finsky:background: [16320] SCH: Scheduling phonesky job Id: 3-90223, CT: 1786209007903, Constraints: [{ L: 0, D: 86400000, C: CHARGING_REQUIRED, I: IDLE_REQUIRED, N: NET_UNMETERED, B: BATTERY_ANY }]
08-08 20:10:08.366 28623 28790 I Finsky:background: [16320] SCH: Scheduling phonesky job Id: 3-90224, CT: 1786209007961, Constraints: [{ L: 0, D: 86400000, C: CHARGING_REQUIRED, I: IDLE_REQUIRED, N: NET_UNMETERED, B: BATTERY_ANY }]
08-08 20:10:08.367 28623 28790 I Finsky:background: [16320] SCH: Scheduling phonesky job Id: 3-90225, CT: 1786209007962, Constraints: [{ L: 0, D: 86400000, C: CHARGING_REQUIRED, I: IDLE_REQUIRED, N: NET_UNMETERED, B: BATTERY_ANY }]
08-08 20:10:08.368  1416 10610 I WifiHAL : event received NL80211_CMD_VENDOR, vendor_id = 0x1374, subcmd = 0xd
08-08 20:10:08.368  2259  2259 I cnss-daemon: nl80211 response handler invoked
08-08 20:10:08.369  2259  2259 I cnss-daemon: nl80211_response_handler: cmd 103, vendorID 4980, subcmd 13  received
08-08 20:10:08.374 28623 28819 I Finsky:background: [16324] SCH: Scheduling 0 system job(s)
08-08 20:10:08.381 28552 29120 I m.heytap.market: WaitForGcToComplete blocked Explicit on Explicit for 3.753s
08-08 20:10:08.387 28552 29119 I m.heytap.market: Waiting for a blocking GC Explicit
08-08 20:10:08.388 28552 29118 I m.heytap.market: Waiting for a blocking GC Explicit
08-08 20:10:08.388 28552 29117 I m.heytap.market: Waiting for a blocking GC Explicit
08-08 20:10:08.388 28552 29115 I m.heytap.market: Waiting for a blocking GC Explicit
08-08 20:10:08.389 28552 29116 I m.heytap.market: Waiting for a blocking GC Explicit
08-08 20:10:08.389 28552 28590 I m.heytap.market: WaitForGcToComplete blocked Background on Explicit for 1.534s
08-08 20:10:08.397 28519 28758 W PhoneManager.NetUsageRepository: sync start :1786209008143
08-08 20:10:08.405 29096 29096 I AppFeatureCache: enableAppFeatureCache
08-08 20:10:08.414   896   896 E lowmemorykiller: device memory 226005 free 7727 file 223269
08-08 20:10:08.414 29096 29096 I AppFeatureCache: clearCursorInCache
08-08 20:10:08.423 29096 29096 I AppFeatureCache: invalidateAppFeatureCache run in
08-08 20:10:08.433  3979  4446 D CommonApp-741-10495: transport layer data is invalid
08-08 20:10:08.445 28519 28758 W PhoneManager.AppUsageRepository: syncData start getOTWData 1786209008143#libcore.util.ZoneInfo[mDstSavings=3600000,mUseDst=true,mDelegate=[id="Africa/Cairo",mRawOffset=7200000,mEarliestRawOffset=7509000,transitions=281]]
08-08 20:10:08.447 28552 29314 E FeatureFlagsImplExport: android.os.flagging.AconfigStorageReadException: ERROR_PACKAGE_NOT_FOUND: package com.android.libcore cannot be found on the device
08-08 20:10:08.452 28519 28758 W PhoneManager.AppUsageRepository: syncData will start from 1786204800000
08-08 20:10:08.461 28519 28758 W PhoneManager.AppUsageHelper: getAppUsageData start get data:2026-08-08 19:00:00#2026-08-08 20:10:08
08-08 20:10:08.471 28519 28758 I DigitalAppSDK_1.2.3: WeLog, sQELogOn = false, sQELogOnMTK = false, sIsDebugTagOn = false
08-08 20:10:08.476 29096 29096 I AppFeatureCache: invalidateAppFeatureCache size: 11
08-08 20:10:08.483 28519 28758 I DigitalAppSDK_1.2.3.UsageCalculatorManager: granted = true
08-08 20:10:08.483 28519 29259 W PhoneManager.BatteryUsageOS12: queryWithPagination: beginTimeMillis -> 1786206600000 endTimeMillis -> 1786210200000 limit -> 1000 offset -> 0 resultSize = 138
08-08 20:10:08.511 28665 28665 I Choreographer: Skipped 84 frames!  The application may be doing too much work on its main thread.
08-08 20:10:08.515   896   896 E lowmemorykiller: device memory 225391 free 7844 file 222544
08-08 20:10:08.518 28519 28758 I DigitalAppSDK_1.2.3.UsageLoadDataUtils: transformSevenUsageData() beginTime = 1786136400000 , endTime = 1786209008143 , dateArray = 20260808 
08-08 20:10:08.520 28519 28758 I DigitalAppSDK_1.2.3.UsageLoadDataUtils: transformSevenUsageData: 20260808, maybeStartTime = 1786136400000, beginTime=1786136400000, endTime=1786209008143
08-08 20:10:08.521 28519 29244 I CloudConfig: tn: aw-50351-Track
08-08 20:10:08.524 28519 28758 I DigitalAppSDK_1.2.3.UsageLoadDataUtils: start queryUsageStats: maybeStartTime = 1786136400000, beginTime = 1786136400000, endTime = 1786209008143
08-08 20:10:08.525 28519 29244 I CloudConfig: tn: aw-50351-Track, dr: 3ms
08-08 20:10:08.527 28519 29269 W PhoneManager.NetUsageRepository: sync need :[(1786204800000, 1786212000000)]
08-08 20:10:08.534 28519 28758 I DigitalAppSDK_1.2.3.UsageTransformManager: queryUsageStats buck:1 begin:20260808 00:00:00 to:20260808 20:10:08 1786136400000 1786209008143 1786136400000
08-08 20:10:08.556 28519 29245 I CloudConfig: tn: aw-20092-BUSIN
08-08 20:10:08.566 28519 29245 I CloudConfig: tn: aw-20092-BUSIN, dr: 10ms
08-08 20:10:08.566 28519 29245 I CloudConfig: tn: aw-20092-BUSIN
08-08 20:10:08.567 28519 29245 I CloudConfig: tn: aw-20092-BUSIN, dr: 0ms
08-08 20:10:08.573   896   896 E lowmemorykiller: device memory 224684 free 6905 file 222784
08-08 20:10:08.573 28519 29259 I PowerProfile: target project version:   power profile : /odm/etc/power_profile/power_profile.xml
08-08 20:10:08.574  3009  3712 I Osense-PsiDetector: 877,27,2967,4607,36,128,95,796,1127,377,492,0,4,5721
08-08 20:10:08.578 28519 29259 W PowerProfile: screen.on is deprecated! Use screen.on.display0 instead.
08-08 20:10:08.587 12944 13120 D bt_btif_gattc: [btif_gatt_client.cc:565] btif_gattc_write_char: 
08-08 20:10:08.587 12944 12969 D bluetooth: [att_protocol.cc:515] attp_cl_send_cmd: Sending ATT command to l2cap cid:0x0004 eatt_channels:0 transport:BT_TRANSPORT_LE
08-08 20:10:08.587 12944 12969 D bluetooth: [att_protocol.cc:389] attp_send_msg_to_l2cap: Sending ATT message on att fixed channel
08-08 20:10:08.587 12944 12969 D bt_l2cap: [l2c_api.cc:1545] L2CA_SendFixedChnlData: Enqueued data for CID: 0x0004 len:9
08-08 20:10:08.588 12944 12969 D l2c_link: [l2c_link.cc:1222] l2c_link_send_to_lower_ble: TotalWin=12,Hndl=0x4,Quota=16,Unack=4,RRQuota=0,RRUnack=0
08-08 20:10:08.588 12944 12969 I oplus_bt_stack_ble_event: report_stack_ble_last_data_transfer, 20:**:**:**:ca:c6
08-08 20:10:08.588 12944 12969 D bt_bta_gattc: [bta_gattc_act.cc:1272] bta_gattc_write_cmpl: Handling write response type: 1: handle 0x0045
08-08 20:10:08.597  1479  5654 D charge_time: write 5141s(01:25:41) to ttf, rc=6
08-08 20:10:08.597  1479  5654 D charge_time: type=cdp/dcp,reserve_soc=1,soc=60,ui_soc=61,current=457,avg=422,not_chg_cnt=0,stable_cnt=7,fcc=4423,fcc_ratio=92,delta=122,debug=0,region=12,ttf=14012(03:53:32),ui_ttf=5141(01:25:41)
08-08 20:10:08.610 28519 29244 I CloudConfig: tn: aw-50351-Track
08-08 20:10:08.614   896   896 E lowmemorykiller: device memory 227506 free 9795 file 222659
08-08 20:10:08.624 28519 29244 I CloudConfig: tn: aw-50351-Track, dr: 13ms
08-08 20:10:08.625 28519 29227 I CloudConfig: tn: aw-50351-Track
08-08 20:10:08.626 28519 29227 I CloudConfig: tn: aw-50351-Track, dr: 1ms
08-08 20:10:08.627 28519 29259 W PowerProfile: screen.full is deprecated! Use screen.full.display0 instead.
08-08 20:10:08.629 28519 29259 W ModemPowerProfile: getAverageBatteryDrainMaH called with unexpected key: 0x0, drain:SLEEP,RAT:DEFAULT
08-08 20:10:08.631 28519 29259 W ModemPowerProfile: getAverageBatteryDrainMaH called with unexpected key: 0x10000000, drain:IDLE,RAT:DEFAULT
08-08 20:10:08.637 28519 29259 W ModemPowerProfile: getAverageBatteryDrainMaH called with unexpected key: 0x20000000, drain:RX,RAT:DEFAULT
08-08 20:10:08.637 28519 29259 W ModemPowerProfile: getAverageBatteryDrainMaH called with unexpected key: 0x30000000, drain:TX,level:0,RAT:DEFAULT
08-08 20:10:08.641 28519 29259 W ModemPowerProfile: getAverageBatteryDrainMaH called with unexpected key: 0x31000000, drain:TX,level:1,RAT:DEFAULT
08-08 20:10:08.644 28519 29259 W ModemPowerProfile: getAverageBatteryDrainMaH called with unexpected key: 0x32000000, drain:TX,level:2,RAT:DEFAULT
08-08 20:10:08.658 28519 29259 W ModemPowerProfile: getAverageBatteryDrainMaH called with unexpected key: 0x33000000, drain:TX,level:3,RAT:DEFAULT
08-08 20:10:08.661 28519 29259 W ModemPowerProfile: getAverageBatteryDrainMaH called with unexpected key: 0x34000000, drain:TX,level:4,RAT:DEFAULT
08-08 20:10:08.677   896   896 E lowmemorykiller: device memory 229949 free 13175 file 221529
08-08 20:10:08.682  3009  3440 V NetworkPolicy: updateNetworkEnabledNL() return
08-08 20:10:08.682  3009  3440 V NetworkPolicy: updateNotificationsNL not process
08-08 20:10:08.684  3009  3712 I Osense-PsiDetector: 897,52,2967,4607,36,128,95,778,1123,379,486,0,4,5724
08-08 20:10:08.685  3009  3705 I Osense-BaseDecisionMaker: notifySceneToAthenaPolicy: SCENE_RES_MEM_PSI_NORMAL, bundle: Bundle[{memLevel=4}]
08-08 20:10:08.687  3009  3705 I Osense-BaseDecisionMaker: scene: SCENE_RES_MEM_PSI_NORMAL, excutingPolicy: clear
08-08 20:10:08.687  3009  3705 D Osense-BaseDecisionMaker: invoke clear policy,type: cached
08-08 20:10:08.687  3009  3705 I Osense-BaseDecisionMaker: notifySceneToAthenaPolicy: SCENE_RES_MEM_PSI_LEAK, bundle: Bundle[{memLevel=4}]
08-08 20:10:08.691 28552 29388 W m.heytap.market: ClassLoaderContext classpath size mismatch. expected=1, found=0 (DLC[];PCL[base.apk*2408186298]{PCL[/system/framework/org.apache.http.legacy.jar*579360325]#PCL[/system/framework/com.android.location.provider.jar*3414091812]#PCL[/system/framework/com.android.media.remotedisplay.jar*2042759013]#PCL[/system_ext/framework/androidx.window.extensions.jar*650308787]#PCL[/system_ext/framework/androidx.window.sidecar.jar*2740161290]} | DLC[];PCL[])
08-08 20:10:08.691 28519 29395 D TapHttp : newSslSocketFactory config sessionReuse:nullisConscryptPreferred:false isSupported:false
08-08 20:10:08.696  3009  3710 I OsenseKillAction: KillAction: [atomic clean] start name=lowmem, requestId=122334, startAvail=897, startFreeMB=51, purposeAvailMB=1200, purposeFreeMB=-1, anonRssTarget=303, minBgCount=0, swapTarget=0, scene=SCENE_RES_MEM_PSI_NORMAL, type=cached, qb=false, cchOnly=true, urgency=false, hoggingCpuPids={}, invalid-cnt=4
08-08 20:10:08.696  3009  3710 I OsenseKillAction: KillAction: [atomic clean] end: skip for no-killable-cached-process
08-08 20:10:08.697  3009  3710 I OsenseKillAction: KillAction: 303mb more anonRss to reclaim, 0mb more swapMb to reclaim, <skip> mem guard, cur avail=0mb, bundle: Bundle[{appcareThreshold=0, triggerMemory=1000, qbmode=false, memLevel=4, type=cached, level=1, scene=SCENE_RES_MEM_PSI_NORMAL, requestId=122334, purposeMemory=1200}]
08-08 20:10:08.701  1479  1567 D BatteryChargeControl: bcc get no support from charging protocol
08-08 20:10:08.704  3009  8360 D CompatChangeReporter: Compat change id reported: 297989574; UID 1000; state: ENABLED
08-08 20:10:08.707 28519 28758 E DigitalAppSDK_1.2.3.AppInfoUtils: isSupportLimitPhone com.coloros.remoteguardservice
08-08 20:10:08.710 28552 28905 W mk_broadcast: onReceive:android.intent.action.BATTERY_CHANGED,4
08-08 20:10:08.713  3979  4446 V MonthTrafficAlert: getWarningNotification subId:4 numWarningNotificaion:0
08-08 20:10:08.718  3979  4446 V MonthTrafficAlert: getWarningNotification subId:3 numWarningNotificaion:0
08-08 20:10:08.724 28601 29401 I Finsky  : [16375] playLoggingServerUrl: https://play.googleapis.com/play/log
08-08 20:10:08.724 28601 29401 I Finsky  : [16375] playLoggingServerTimestampUrl: https://play.googleapis.com/play/log/timestamp
08-08 20:10:08.727 28967 20991 I GetConfigSnapshotOp: (REDACTED) Succeeded but not registered: %s
08-08 20:10:08.733 28519 29276 I MSP-LOG-SDK-MspSdk: Sdk has initialized! version:2.0.1.14
08-08 20:10:08.740 28519 29276 E MSP-LOG-SDK-RateLimitManager: not_allow_invoke because of time_window_not_allow queue = [1786207675387], config = RateLimitConfig{maxCalls=1, timeWindowSeconds=7200, callIntervalSeconds=0}, ipcInvokeTimeQueueMapKey = com.heytap.nearx.tangramconfig.kit.client.ICloudCtrlServiceModule?@?global-domain_1281?@?4?@?com.coloros.phonemanager, has already call 1 times in 7200 seconds before
08-08 20:10:08.743 28519 29276 E MSP-LOG-SDK-: MspSdkException{code=3014,message=com.heytap.mspsdk.ratelimit.MspRateLimitExceededException: ipc rate limit exceeded in time window}
08-08 20:10:08.743 28519 29276 E MSP-LOG-SDK-: 	at com.heytap.mspsdk.ratelimit.b.a(RateLimitInterceptor.java:56)
08-08 20:10:08.743 28519 29276 E MSP-LOG-SDK-: 	at com.heytap.mspsdk.interceptor.c.a(StandardListChain.java:40)
08-08 20:10:08.743 28519 29276 E MSP-LOG-SDK-: 	at com.heytap.mspsdk.proxy.b.a(CompatCheckInterceptor.java:30)
08-08 20:10:08.743 28519 29276 E MSP-LOG-SDK-: 	at com.heytap.mspsdk.interceptor.c.a(StandardListChain.java:40)
08-08 20:10:08.743 28519 29276 E MSP-LOG-SDK-: 	at com.heytap.mspsdk.proxy.e.invoke(InnerInvocationHandler.java:202)
08-08 20:10:08.743 28519 29276 E MSP-LOG-SDK-: 	at java.lang.reflect.Proxy.invoke(Proxy.java:1009)
08-08 20:10:08.743 28519 29276 E MSP-LOG-SDK-: 	at $Proxy10.checkUpdateConfig(Unknown Source)
08-08 20:10:08.743 28519 29276 E MSP-LOG-SDK-: 	at com.heytap.nearx.tangramconfig.kit.client.KitProxy.checkUpdateConfig$lambda$3(KitProxy.kt:20)
08-08 20:10:08.743 28519 29276 E MSP-LOG-SDK-: 	at com.heytap.nearx.tangramconfig.kit.client.KitProxy.d(KitProxy.kt:1)
08-08 20:10:08.743 28519 29276 E MSP-LOG-SDK-: 	at com.heytap.nearx.tangramconfig.kit.client.e.run(R8$$SyntheticClass:9)
08-08 20:10:08.743 28519 29276 E MSP-LOG-SDK-: 	at java.util.concurrent.ThreadPoolExecutor.runWorker(ThreadPoolExecutor.java:1100)
08-08 20:10:08.743 28519 29276 E MSP-LOG-SDK-: 	at java.util.concurrent.ThreadPoolExecutor$Worker.run(ThreadPoolExecutor.java:624)
08-08 20:10:08.743 28519 29276 E MSP-LOG-SDK-: 	at java.lang.Thread.run(Thread.java:1572)
08-08 20:10:08.755 28519 29245 I CloudConfig: tn: aw-20092-BUSIN
08-08 20:10:08.757 28519 29245 I CloudConfig: tn: aw-20092-BUSIN, dr: 1ms
08-08 20:10:08.759  3009  3571 D UsageStatsService: User[0] type=0 b=1786136400000 e=1786209008143 cb=1786144208855 ce=1786209006333 disk=541 all=4454
08-08 20:10:08.766 28519 29241 I MSP-LOG-SDK-MspSdk: Sdk has initialized! version:2.0.1.14
08-08 20:10:08.768 28519 29241 E MSP-LOG-SDK-RateLimitManager: not_allow_invoke because of time_window_not_allow queue = [1786209005456], config = RateLimitConfig{maxCalls=1, timeWindowSeconds=21600, callIntervalSeconds=0}, ipcInvokeTimeQueueMapKey = com.heytap.nearx.tangramconfig.kit.client.ICloudCtrlServiceModule?@?global-domain_1281?@?1?@?com.coloros.phonemanager, has already call 1 times in 21600 seconds before
08-08 20:10:08.769 28519 29241 E MSP-LOG-SDK-: MspSdkException{code=3014,message=com.heytap.mspsdk.ratelimit.MspRateLimitExceededException: ipc rate limit exceeded in time window}
08-08 20:10:08.769 28519 29241 E MSP-LOG-SDK-: 	at com.heytap.mspsdk.ratelimit.b.a(RateLimitInterceptor.java:56)
08-08 20:10:08.769 28519 29241 E MSP-LOG-SDK-: 	at com.heytap.mspsdk.interceptor.c.a(StandardListChain.java:40)
08-08 20:10:08.769 28519 29241 E MSP-LOG-SDK-: 	at com.heytap.mspsdk.proxy.b.a(CompatCheckInterceptor.java:30)
08-08 20:10:08.769 28519 29241 E MSP-LOG-SDK-: 	at com.heytap.mspsdk.interceptor.c.a(StandardListChain.java:40)
08-08 20:10:08.769 28519 29241 E MSP-LOG-SDK-: 	at com.heytap.mspsdk.proxy.e.invoke(InnerInvocationHandler.java:202)
08-08 20:10:08.769 28519 29241 E MSP-LOG-SDK-: 	at java.lang.reflect.Proxy.invoke(Proxy.java:1009)
08-08 20:10:08.769 28519 29241 E MSP-LOG-SDK-: 	at $Proxy10.getDynamicCondition(Unknown Source)
08-08 20:10:08.769 28519 29241 E MSP-LOG-SDK-: 	at com.heytap.nearx.tangramconfig.kit.client.KitProxy.getDynamicCondition$lambda$0(KitProxy.kt:25)
08-08 20:10:08.769 28519 29241 E MSP-LOG-SDK-: 	at com.heytap.nearx.tangramconfig.kit.client.KitProxy.b(KitProxy.kt:1)
08-08 20:10:08.769 28519 29241 E MSP-LOG-SDK-: 	at com.heytap.nearx.tangramconfig.kit.client.b.run(R8$$SyntheticClass:9)
08-08 20:10:08.769 28519 29241 E MSP-LOG-SDK-: 	at java.util.concurrent.ThreadPoolExecutor.runWorker(ThreadPoolExecutor.java:1100)
08-08 20:10:08.769 28519 29241 E MSP-LOG-SDK-: 	at java.util.concurrent.ThreadPoolExecutor$Worker.run(ThreadPoolExecutor.java:624)
08-08 20:10:08.769 28519 29241 E MSP-LOG-SDK-: 	at java.lang.Thread.run(Thread.java:1572)
08-08 20:10:08.770 28519 29221 I CloudConfig: ruc 1281 exit
08-08 20:10:08.776 28519 29013 W PhoneManager.NetUsageRepository: will delete data before 1780765808142
08-08 20:10:08.778   896   896 E lowmemorykiller: device memory 233772 free 16019 file 222173
08-08 20:10:08.781 28519 29221 I CloudConfig: tn: sdk-50351-ruc, dr: 2089ms
08-08 20:10:08.782 28519 29221 I CloudConfig: tn: sdk-50351-ruc
08-08 20:10:08.783 28519 29221 I CloudConfig: ruc 20092 enter
08-08 20:10:08.807 22186 22186 I adbd    : adbd service requested 'shell,v2,TERM=xterm-256color,raw:screencap -p /sdcard/hypernova_recents_hardened.png'
08-08 20:10:08.831 28552 29388 I DynamiteModule: Considering local module com.google.android.gms.measurement.dynamite:127 and remote module com.google.android.gms.measurement.dynamite:201
08-08 20:10:08.836 28519 29162 D TapHttp : newSslSocketFactory config sessionReuse:nullisConscryptPreferred:false isSupported:false
08-08 20:10:08.837  1479  1562 D vendor.oplus.hardware.charger-V6-service: ret_value:159, read content:,324,325,4081,4075,-457,1500,2200,60,61,1,6,1430,4560,61,1,0,1,1,0,0,4470,0,6,0,6,0,0,0,-2740,0,1,1,0,0,41,41,41,0,0,0,0,0,0,0,0,0,0,4,0,1,0,100,0,0,0,0,0,0,0
08-08 20:10:08.837  1479  1562 D vendor.oplus.hardware.charger-V6-service: gmtime: 2026-08-08-20-10-08
08-08 20:10:08.838 28552 29388 I DynamiteModule: Selected remote version of com.google.android.gms.measurement.dynamite, version >= 201
08-08 20:10:08.838  1479  1562 D vendor.oplus.hardware.charger-V6-service: usb_online:1, ac_online:0, wireless_online:-2147483648
08-08 20:10:08.841 28552 29388 V DynamiteModule: Dynamite loader version >= 2, using loadModule2NoCrashUtils
08-08 20:10:08.857  3009  3083 D Theia.TransparentWindow: handleMessage CHECK_TRANS_WINDOW_ERROR_MSG
08-08 20:10:08.863 28519 29395 D TapHttp : newSslSocketFactory config sessionReuse:nullisConscryptPreferred:false isSupported:false
08-08 20:10:08.864 28519 29162 D TapHttp : newSslSocketFactory config sessionReuse:nullisConscryptPreferred:false isSupported:false
08-08 20:10:08.870 28519 28754 D TapHttp : newSslSocketFactory config sessionReuse:nullisConscryptPreferred:false isSupported:false
08-08 20:10:08.877 25414 25516 D ConfigStatisticManager: batch statistic size:2
08-08 20:10:08.879   896   896 E lowmemorykiller: device memory 234031 free 16531 file 222420
08-08 20:10:08.886  3009  3712 I Osense-PsiDetector: 913,64,2960,4607,36,128,95,758,1128,377,491,0,4,5738
08-08 20:10:08.886  3009  3705 I Osense-BaseDecisionMaker: notifySceneToAthenaPolicy: SCENE_RES_MEM_PSI_NORMAL, bundle: Bundle[{memLevel=3}]
08-08 20:10:08.888 29096 29096 W ContextImpl: Calling a method in the system process without a qualified user: android.app.ContextImpl.startService:1958 android.content.ContextWrapper.startService:837 com.oplusos.sau.SAUApplication.onCreate:436 android.app.Instrumentation.callApplicationOnCreate:1404 android.app.ActivityThread.handleBindApplication:8213 
08-08 20:10:08.890  3009  3705 I Osense-BaseDecisionMaker: scene: SCENE_RES_MEM_PSI_NORMAL, excutingPolicy: clear
08-08 20:10:08.890  3009  3705 D Osense-BaseDecisionMaker: invoke clear policy,type: cached
08-08 20:10:08.891  3009  3710 I OsenseKillAction: KillAction: [atomic clean] start name=lowmem, requestId=122335, startAvail=914, startFreeMB=65, purposeAvailMB=1200, purposeFreeMB=-1, anonRssTarget=286, minBgCount=0, swapTarget=0, scene=SCENE_RES_MEM_PSI_NORMAL, type=cached, qb=false, cchOnly=true, urgency=false, hoggingCpuPids={}, invalid-cnt=4
08-08 20:10:08.891 12944 13120 D bt_btif_gattc: [btif_gatt_client.cc:565] btif_gattc_write_char: 
08-08 20:10:08.891  3009  3710 I OsenseKillAction: KillAction: [atomic clean] end: skip for no-killable-cached-process
08-08 20:10:08.891  3009  3710 I OsenseKillAction: KillAction: 286mb more anonRss to reclaim, 0mb more swapMb to reclaim, <skip> mem guard, cur avail=0mb, bundle: Bundle[{appcareThreshold=0, triggerMemory=1000, qbmode=false, memLevel=3, type=cached, level=1, scene=SCENE_RES_MEM_PSI_NORMAL, requestId=122335, purposeMemory=1200}]
08-08 20:10:08.892 12944 12969 D bluetooth: [att_protocol.cc:515] attp_cl_send_cmd: Sending ATT command to l2cap cid:0x0004 eatt_channels:0 transport:BT_TRANSPORT_LE
08-08 20:10:08.892 12944 12969 D bluetooth: [att_protocol.cc:389] attp_send_msg_to_l2cap: Sending ATT message on att fixed channel
08-08 20:10:08.892 12944 12969 D bt_l2cap: [l2c_api.cc:1545] L2CA_SendFixedChnlData: Enqueued data for CID: 0x0004 len:9
08-08 20:10:08.892 12944 12969 D l2c_link: [l2c_link.cc:1222] l2c_link_send_to_lower_ble: TotalWin=11,Hndl=0x4,Quota=16,Unack=5,RRQuota=0,RRUnack=0
08-08 20:10:08.893 12944 12969 I oplus_bt_stack_ble_event: report_stack_ble_last_data_transfer, 20:**:**:**:ca:c6
08-08 20:10:08.893 12944 12969 D bt_bta_gattc: [bta_gattc_act.cc:1272] bta_gattc_write_cmpl: Handling write response type: 1: handle 0x0045
08-08 20:10:08.898 29096 29096 W ContextImpl: Calling a method in the system process without a qualified user: android.app.ContextImpl.startService:1958 android.content.ContextWrapper.startService:837 com.oplusos.sau.SAUApplication.onCreate:446 android.app.Instrumentation.callApplicationOnCreate:1404 android.app.ActivityThread.handleBindApplication:8213 
08-08 20:10:08.899 14348 14945 I ConscryptEngineSocket: dc-dragate-sg.heytapmobile.com:443,tls_reused:false
08-08 20:10:08.900 28519 29221 D CloudConfig_stgyHelper: mspVersionCanSupport mspKitVersion : 2031315
08-08 20:10:08.900 14348 14945 D RealConnection:: Platform.getOplatform().getSelectedProtocol(sslSocket):null
08-08 20:10:08.900 14348 14945 D RealConnection:: supportsTlsExtensions:true
08-08 20:10:08.900 14348 14945 D RealConnection:: maybeProtocol:null
08-08 20:10:08.900 14348 14945 D RealConnection:: protocol:http/1.1
08-08 20:10:08.901 14348 14945 D TapHttp.CallTrackHelper 15631: secureConnectEnd https://dc-dragate-sg.heytapmobile.com/v1/stat/install?appid=21000&logtag=0&nonce=9045&timestamp=1786209007&sign=a772715107045545c631233bbc54b7c0
08-08 20:10:08.901 14348 14945 D TapHttp.CallTrackHelper 15631: connectEnd https://dc-dragate-sg.heytapmobile.com/v1/stat/install?appid=21000&logtag=0&nonce=9045&timestamp=1786209007&sign=a772715107045545c631233bbc54b7c0
08-08 20:10:08.902 14348 14945 D TapHttp.Event Dispatcher: connect acquired 47.82.6.26
08-08 20:10:08.902 14348 14945 D TapHttp.CallTrackHelper 15631: connectionAcquired https://dc-dragate-sg.heytapmobile.com/v1/stat/install?appid=21000&logtag=0&nonce=9045&timestamp=1786209007&sign=a772715107045545c631233bbc54b7c0
08-08 20:10:08.903 14348 14945 D TapHttp.CallTrackHelper 15631: request_protocol =tcp readTimeout=10000 writeTimeout=10000 retryCount=0  route=Route{dc-dragate-sg.heytapmobile.com/47.82.6.26:443}
08-08 20:10:08.904 14348 14945 I TapHttp.SpecialCallServerStub: request online : url:https://dc-dragate-sg.heytapmobile.com/v1/stat/install?appid=21000&logtag=0&nonce=9045&timestamp=1786209007&sign=a772715107045545c631233bbc54b7c0,
08-08 20:10:08.904 14348 14945 I TapHttp.SpecialCallServerStub:  
08-08 20:10:08.904 14348 14945 I TapHttp.SpecialCallServerStub: request online:hostdc-dragate-sg.heytapmobile.com 
08-08 20:10:08.904 14348 14945 I TapHttp.SpecialCallServerStub:  headers Content-Encoding: gzip
08-08 20:10:08.904 14348 14945 I TapHttp.SpecialCallServerStub: Content-Type: text/json; charset=UTF-8
08-08 20:10:08.904 14348 14945 I TapHttp.SpecialCallServerStub: TAP-APP-CONF-VER: dcc_awareness_sg:363
08-08 20:10:08.904 14348 14945 I TapHttp.SpecialCallServerStub: Content-Length: 600
08-08 20:10:08.904 14348 14945 I TapHttp.SpecialCallServerStub: Host: dc-dragate-sg.heytapmobile.com
08-08 20:10:08.904 14348 14945 I TapHttp.SpecialCallServerStub: Connection: Keep-Alive
08-08 20:10:08.904 14348 14945 I TapHttp.SpecialCallServerStub: Accept-Encoding: gzip
08-08 20:10:08.904 14348 14945 I TapHttp.SpecialCallServerStub: User-Agent: okhttp/3.12.12.342
08-08 20:10:08.904 14348 14945 I TapHttp.SpecialCallServerStub: 
08-08 20:10:08.904 14348 14945 D TapHttp.CallTrackHelper 15631: requestHeadersStart https://dc-dragate-sg.heytapmobile.com/v1/stat/install?appid=21000&logtag=0&nonce=9045&timestamp=1786209007&sign=a772715107045545c631233bbc54b7c0
08-08 20:10:08.905 28519 29221 D CloudConfig_stgyHelper: getSupportKitMode strategyEntity : StrategyEntity(sdkInterval=1800000, strategyMode=1, minSDKVersion=1000, minKitVersion=2014122, validReqPeriod=7200000, maxReqProduct=100, forceKitIfKit=false, backoff=120000, enable=true, defaultLimit=RateLimitConfig{maxCalls=1, timeWindowSeconds=7200, callIntervalSeconds=0}, productLimits={global-domain_1281=RateLimitConfig{maxCalls=1, timeWindowSeconds=7200, callIntervalSeconds=0}, 50351=RateLimitConfig{maxCalls=1, timeWindowSeconds=7200, callIntervalSeconds=0}, global-domain_1961=RateLimitConfig{maxCalls=1, timeWindowSeconds=7200, callIntervalSeconds=0}, compass_143100=RateLimitConfig{maxCalls=1, timeWindowSeconds=7200, callIntervalSeconds=0}, compass_20092=RateLimitConfig{maxCalls=1, timeWindowSeconds=7200, callIntervalSeconds=0}, mdp_2196=RateLimitConfig{maxCalls=1, timeWindowSeconds=7200, callIntervalSeconds=0}, mdp_2047=RateLimitConfig{maxCalls=1, timeWindowSeconds=7200, callIntervalSeconds=0}, global-domain_2047=RateLimitConfig{maxCalls=1, timeWindowSeconds=7200, callIntervalSeconds=0}, compass_121100=RateLimitConfig{maxCalls=1, timeWindowSeconds=7200, callIntervalSeconds=0}})
08-08 20:10:08.906 28519 29221 D CloudConfig_stgyHelper: getSupportKitMode localSdkVersion : 1227
08-08 20:10:08.906 14348 14945 D TapHttp.CallTrackHelper 15631: requestHeadersEnd https://dc-dragate-sg.heytapmobile.com/v1/stat/install?appid=21000&logtag=0&nonce=9045&timestamp=1786209007&sign=a772715107045545c631233bbc54b7c0
08-08 20:10:08.906 14348 14945 D TapHttp.CallTrackHelper 15631: requestBodyStart https://dc-dragate-sg.heytapmobile.com/v1/stat/install?appid=21000&logtag=0&nonce=9045&timestamp=1786209007&sign=a772715107045545c631233bbc54b7c0
08-08 20:10:08.907 14348 14945 D TapHttp.CallTrackHelper 15631: requestBodyEnd https://dc-dragate-sg.heytapmobile.com/v1/stat/install?appid=21000&logtag=0&nonce=9045&timestamp=1786209007&sign=a772715107045545c631233bbc54b7c0
08-08 20:10:08.907 14348 14945 D TapHttp.CallTrackHelper 15631: requestEnd https://dc-dragate-sg.heytapmobile.com/v1/stat/install?appid=21000&logtag=0&nonce=9045&timestamp=1786209007&sign=a772715107045545c631233bbc54b7c0
08-08 20:10:08.908 14348 14945 D TapHttp.CallTrackHelper 15631: responseHeadersStart https://dc-dragate-sg.heytapmobile.com/v1/stat/install?appid=21000&logtag=0&nonce=9045&timestamp=1786209007&sign=a772715107045545c631233bbc54b7c0
08-08 20:10:08.911 28519 29221 D CloudConfig_stgyHelper: mspVersionCanSupport mspKitVersion : 2031315
08-08 20:10:08.914 28519 29221 D CloudConfig_stgyHelper: getSupportKitMode strategyEntity : StrategyEntity(sdkInterval=1800000, strategyMode=1, minSDKVersion=1000, minKitVersion=2014122, validReqPeriod=7200000, maxReqProduct=100, forceKitIfKit=false, backoff=120000, enable=true, defaultLimit=RateLimitConfig{maxCalls=1, timeWindowSeconds=7200, callIntervalSeconds=0}, productLimits={global-domain_1281=RateLimitConfig{maxCalls=1, timeWindowSeconds=7200, callIntervalSeconds=0}, 50351=RateLimitConfig{maxCalls=1, timeWindowSeconds=7200, callIntervalSeconds=0}, global-domain_1961=RateLimitConfig{maxCalls=1, timeWindowSeconds=7200, callIntervalSeconds=0}, compass_143100=RateLimitConfig{maxCalls=1, timeWindowSeconds=7200, callIntervalSeconds=0}, compass_20092=RateLimitConfig{maxCalls=1, timeWindowSeconds=7200, callIntervalSeconds=0}, mdp_2196=RateLimitConfig{maxCalls=1, timeWindowSeconds=7200, callIntervalSeconds=0}, mdp_2047=RateLimitConfig{maxCalls=1, timeWindowSeconds=7200, callIntervalSeconds=0}, global-domain_2047=RateLimitConfig{maxCalls=1, timeWindowSeconds=7200, callIntervalSeconds=0}, compass_121100=RateLimitConfig{maxCalls=1, timeWindowSeconds=7200, callIntervalSeconds=0}})
08-08 20:10:08.915 28519 29221 D CloudConfig_stgyHelper: getSupportKitMode localSdkVersion : 1227
08-08 20:10:08.915 29096 29096 I Quality : ActivityThread: callApplicationOnCreate delay 596 com.oplus.sau 29096
08-08 20:10:08.918 28519 29278 I MSP-LOG-SDK-MspSdk: Sdk has initialized! version:2.0.1.14
08-08 20:10:08.919 28519 29200 I MSP-LOG-SDK-MspSdk: Sdk has initialized! version:2.0.1.14
08-08 20:10:08.920 28519 29278 E MSP-LOG-SDK-RateLimitManager: not_allow_invoke because of time_window_not_allow queue = [1786207997781], config = RateLimitConfig{maxCalls=1, timeWindowSeconds=7200, callIntervalSeconds=0}, ipcInvokeTimeQueueMapKey = com.heytap.nearx.tangramconfig.kit.client.ICloudCtrlServiceModule?@?compass_20092?@?2?@?com.coloros.phonemanager, has already call 1 times in 7200 seconds before
08-08 20:10:08.921 28519 29278 E MSP-LOG-SDK-: MspSdkException{code=3014,message=com.heytap.mspsdk.ratelimit.MspRateLimitExceededException: ipc rate limit exceeded in time window}
08-08 20:10:08.921 28519 29278 E MSP-LOG-SDK-: 	at com.heytap.mspsdk.ratelimit.b.a(RateLimitInterceptor.java:56)
08-08 20:10:08.921 28519 29278 E MSP-LOG-SDK-: 	at com.heytap.mspsdk.interceptor.c.a(StandardListChain.java:40)
08-08 20:10:08.921 28519 29278 E MSP-LOG-SDK-: 	at com.heytap.mspsdk.proxy.b.a(CompatCheckInterceptor.java:30)
08-08 20:10:08.921 28519 29278 E MSP-LOG-SDK-: 	at com.heytap.mspsdk.interceptor.c.a(StandardListChain.java:40)
08-08 20:10:08.921 28519 29278 E MSP-LOG-SDK-: 	at com.heytap.mspsdk.proxy.e.invoke(InnerInvocationHandler.java:202)
08-08 20:10:08.921 28519 29278 E MSP-LOG-SDK-: 	at java.lang.reflect.Proxy.invoke(Proxy.java:1009)
08-08 20:10:08.921 28519 29278 E MSP-LOG-SDK-: 	at $Proxy10.getConfigData(Unknown Source)
08-08 20:10:08.921 28519 29278 E MSP-LOG-SDK-: 	at com.heytap.nearx.tangramconfig.kit.client.KitProxy.getConfigData$lambda$1(KitProxy.kt:29)
08-08 20:10:08.921 28519 29278 E MSP-LOG-SDK-: 	at com.heytap.nearx.tangramconfig.kit.client.KitProxy.c(KitProxy.kt:1)
08-08 20:10:08.921 28519 29278 E MSP-LOG-SDK-: 	at com.heytap.nearx.tangramconfig.kit.client.c.run(R8$$SyntheticClass:9)
08-08 20:10:08.921 28519 29278 E MSP-LOG-SDK-: 	at java.util.concurrent.ThreadPoolExecutor.runWorker(ThreadPoolExecutor.java:1100)
08-08 20:10:08.921 28519 29278 E MSP-LOG-SDK-: 	at java.util.concurrent.ThreadPoolExecutor$Worker.run(ThreadPoolExecutor.java:624)
08-08 20:10:08.921 28519 29278 E MSP-LOG-SDK-: 	at java.lang.Thread.run(Thread.java:1572)
08-08 20:10:08.922 28519 29200 E MSP-LOG-SDK-RateLimitManager: not_allow_invoke because of time_window_not_allow queue = [1786189812901], config = RateLimitConfig{maxCalls=1, timeWindowSeconds=21600, callIntervalSeconds=0}, ipcInvokeTimeQueueMapKey = com.heytap.nearx.tangramconfig.kit.client.ICloudCtrlServiceModule?@?compass_20092?@?1?@?com.coloros.phonemanager, has already call 1 times in 21600 seconds before
08-08 20:10:08.922 28519 29200 E MSP-LOG-SDK-: MspSdkException{code=3014,message=com.heytap.mspsdk.ratelimit.MspRateLimitExceededException: ipc rate limit exceeded in time window}
08-08 20:10:08.922 28519 29200 E MSP-LOG-SDK-: 	at com.heytap.mspsdk.ratelimit.b.a(RateLimitInterceptor.java:56)
08-08 20:10:08.922 28519 29200 E MSP-LOG-SDK-: 	at com.heytap.mspsdk.interceptor.c.a(StandardListChain.java:40)
08-08 20:10:08.922 28519 29200 E MSP-LOG-SDK-: 	at com.heytap.mspsdk.proxy.b.a(CompatCheckInterceptor.java:30)
08-08 20:10:08.922 28519 29200 E MSP-LOG-SDK-: 	at com.heytap.mspsdk.interceptor.c.a(StandardListChain.java:40)
08-08 20:10:08.922 28519 29200 E MSP-LOG-SDK-: 	at com.heytap.mspsdk.proxy.e.invoke(InnerInvocationHandler.java:202)
08-08 20:10:08.922 28519 29200 E MSP-LOG-SDK-: 	at java.lang.reflect.Proxy.invoke(Proxy.java:1009)
08-08 20:10:08.922 28519 29200 E MSP-LOG-SDK-: 	at $Proxy10.getDynamicCondition(Unknown Source)
08-08 20:10:08.922 28519 29200 E MSP-LOG-SDK-: 	at com.heytap.nearx.tangramconfig.kit.client.KitProxy.getDynamicCondition$lambda$0(KitProxy.kt:25)
08-08 20:10:08.922 28519 29200 E MSP-LOG-SDK-: 	at com.heytap.nearx.tangramconfig.kit.client.KitProxy.b(KitProxy.kt:1)
08-08 20:10:08.922 28519 29200 E MSP-LOG-SDK-: 	at com.heytap.nearx.tangramconfig.kit.client.b.run(R8$$SyntheticClass:9)
08-08 20:10:08.922 28519 29200 E MSP-LOG-SDK-: 	at java.util.concurrent.ThreadPoolExecutor.runWorker(ThreadPoolExecutor.java:1100)
08-08 20:10:08.922 28519 29200 E MSP-LOG-SDK-: 	at java.util.concurrent.ThreadPoolExecutor$Worker.run(ThreadPoolExecutor.java:624)
08-08 20:10:08.922 28519 29200 E MSP-LOG-SDK-: 	at java.lang.Thread.run(Thread.java:1572)
08-08 20:10:08.929 28519 29221 D CloudConfig_stgyHelper: mspVersionCanSupport mspKitVersion : 2031315
08-08 20:10:08.935 28519 29163 I MSP-LOG-SDK-MspSdk: Sdk has initialized! version:2.0.1.14
08-08 20:10:08.937 28519 29221 I CloudConfig: ruc 20092 exit
08-08 20:10:08.937 28519 29221 I CloudConfig: tn: sdk-50351-ruc, dr: 155ms
08-08 20:10:08.937 28519 29221 I CloudConfig: tn: sdk-50351-ruc
08-08 20:10:08.938 28519 29163 I MSP-LOG-SDK-ProxyCompat: annotation name is IPCModule
08-08 20:10:08.938 28519 29163 I MSP-LOG-SDK-ProxyCompat: ipcModule is @com.heytap.msp.ipc.annotation.IPCModule(authsOrActions=[com.heytap.htms.action.CLOUD_CTRL_SERVICE], ipcType=SERVICE, targetComponentClass=com.heytap.msp.cloudctrl.ipc.CloudCtrlService, targetModuleClass=com.heytap.msp.cloudctrl.ipc.CloudCtrlServiceModule, targetPackage=com.heytap.htms)
08-08 20:10:08.939 28519 29221 I CloudConfig: ruc 43100 enter
08-08 20:10:08.941 28519 29276 I MSP-LOG-SDK-MspSdk: Sdk has initialized! version:2.0.1.14
08-08 20:10:08.943 28519 29276 E MSP-LOG-SDK-RateLimitManager: not_allow_invoke because of time_window_not_allow queue = [1786189812901], config = RateLimitConfig{maxCalls=1, timeWindowSeconds=21600, callIntervalSeconds=0}, ipcInvokeTimeQueueMapKey = com.heytap.nearx.tangramconfig.kit.client.ICloudCtrlServiceModule?@?compass_20092?@?1?@?com.coloros.phonemanager, has already call 1 times in 21600 seconds before
08-08 20:10:08.946 28519 29221 D CloudConfig_stgyHelper: mspVersionCanSupport mspKitVersion : 2031315
08-08 20:10:08.946 28519 29276 E MSP-LOG-SDK-: MspSdkException{code=3014,message=com.heytap.mspsdk.ratelimit.MspRateLimitExceededException: ipc rate limit exceeded in time window}
08-08 20:10:08.946 28519 29276 E MSP-LOG-SDK-: 	at com.heytap.mspsdk.ratelimit.b.a(RateLimitInterceptor.java:56)
08-08 20:10:08.946 28519 29276 E MSP-LOG-SDK-: 	at com.heytap.mspsdk.interceptor.c.a(StandardListChain.java:40)
08-08 20:10:08.946 28519 29276 E MSP-LOG-SDK-: 	at com.heytap.mspsdk.proxy.b.a(CompatCheckInterceptor.java:30)
08-08 20:10:08.946 28519 29276 E MSP-LOG-SDK-: 	at com.heytap.mspsdk.interceptor.c.a(StandardListChain.java:40)
08-08 20:10:08.946 28519 29276 E MSP-LOG-SDK-: 	at com.heytap.mspsdk.proxy.e.invoke(InnerInvocationHandler.java:202)
08-08 20:10:08.946 28519 29276 E MSP-LOG-SDK-: 	at java.lang.reflect.Proxy.invoke(Proxy.java:1009)
08-08 20:10:08.946 28519 29276 E MSP-LOG-SDK-: 	at $Proxy10.getDynamicCondition(Unknown Source)
08-08 20:10:08.946 28519 29276 E MSP-LOG-SDK-: 	at com.heytap.nearx.tangramconfig.kit.client.KitProxy.getDynamicCondition$lambda$0(KitProxy.kt:25)
08-08 20:10:08.946 28519 29276 E MSP-LOG-SDK-: 	at com.heytap.nearx.tangramconfig.kit.client.KitProxy.b(KitProxy.kt:1)
08-08 20:10:08.946 28519 29276 E MSP-LOG-SDK-: 	at com.heytap.nearx.tangramconfig.kit.client.b.run(R8$$SyntheticClass:9)
08-08 20:10:08.946 28519 29276 E MSP-LOG-SDK-: 	at java.util.concurrent.ThreadPoolExecutor.runWorker(ThreadPoolExecutor.java:1100)
08-08 20:10:08.946 28519 29276 E MSP-LOG-SDK-: 	at java.util.concurrent.ThreadPoolExecutor$Worker.run(ThreadPoolExecutor.java:624)
08-08 20:10:08.946 28519 29276 E MSP-LOG-SDK-: 	at java.lang.Thread.run(Thread.java:1572)
08-08 20:10:08.950 28519 29221 D CloudConfig_stgyHelper: getSupportKitMode strategyEntity : StrategyEntity(sdkInterval=1800000, strategyMode=1, minSDKVersion=1000, minKitVersion=2014122, validReqPeriod=7200000, maxReqProduct=100, forceKitIfKit=false, backoff=120000, enable=true, defaultLimit=RateLimitConfig{maxCalls=1, timeWindowSeconds=7200, callIntervalSeconds=0}, productLimits={global-domain_1281=RateLimitConfig{maxCalls=1, timeWindowSeconds=7200, callIntervalSeconds=0}, 50351=RateLimitConfig{maxCalls=1, timeWindowSeconds=7200, callIntervalSeconds=0}, global-domain_1961=RateLimitConfig{maxCalls=1, timeWindowSeconds=7200, callIntervalSeconds=0}, compass_143100=RateLimitConfig{maxCalls=1, timeWindowSeconds=7200, callIntervalSeconds=0}, compass_20092=RateLimitConfig{maxCalls=1, timeWindowSeconds=7200, callIntervalSeconds=0}, mdp_2196=RateLimitConfig{maxCalls=1, timeWindowSeconds=7200, callIntervalSeconds=0}, mdp_2047=RateLimitConfig{maxCalls=1, timeWindowSeconds=7200, callIntervalSeconds=0}, global-domain_2047=RateLimitConfig{maxCalls=1, timeWindowSeconds=7200, callIntervalSeconds=0}, compass_121100=RateLimitConfig{maxCalls=1, timeWindowSeconds=7200, callIntervalSeconds=0}})
08-08 20:10:08.950 28519 29163 I MSP-LOG-SDK-PackageReplace: filter target = TargetInfo{name='com.heytap.msp.cloudctrl.ipc.CloudCtrlService', packageName='com.heytap.htms', authorities='null', action='com.heytap.htms.action.CLOUD_CTRL_SERVICE'}
08-08 20:10:08.950 28519 29221 D CloudConfig_stgyHelper: getSupportKitMode localSdkVersion : 1227
08-08 20:10:08.954 28519 29221 D CloudConfig_stgyHelper: mspVersionCanSupport mspKitVersion : 2031315
08-08 20:10:08.958 28519 29221 D CloudConfig_stgyHelper: getSupportKitMode strategyEntity : StrategyEntity(sdkInterval=1800000, strategyMode=1, minSDKVersion=1000, minKitVersion=2014122, validReqPeriod=7200000, maxReqProduct=100, forceKitIfKit=false, backoff=120000, enable=true, defaultLimit=RateLimitConfig{maxCalls=1, timeWindowSeconds=7200, callIntervalSeconds=0}, productLimits={global-domain_1281=RateLimitConfig{maxCalls=1, timeWindowSeconds=7200, callIntervalSeconds=0}, 50351=RateLimitConfig{maxCalls=1, timeWindowSeconds=7200, callIntervalSeconds=0}, global-domain_1961=RateLimitConfig{maxCalls=1, timeWindowSeconds=7200, callIntervalSeconds=0}, compass_143100=RateLimitConfig{maxCalls=1, timeWindowSeconds=7200, callIntervalSeconds=0}, compass_20092=RateLimitConfig{maxCalls=1, timeWindowSeconds=7200, callIntervalSeconds=0}, mdp_2196=RateLimitConfig{maxCalls=1, timeWindowSeconds=7200, callIntervalSeconds=0}, mdp_2047=RateLimitConfig{maxCalls=1, timeWindowSeconds=7200, callIntervalSeconds=0}, global-domain_2047=RateLimitConfig{maxCalls=1, timeWindowSeconds=7200, callIntervalSeconds=0}, compass_121100=RateLimitConfig{maxCalls=1, timeWindowSeconds=7200, callIntervalSeconds=0}})
08-08 20:10:08.958 28519 29221 D CloudConfig_stgyHelper: getSupportKitMode localSdkVersion : 1227
08-08 20:10:08.959  1289  1328 I CallingContextInterceptor: intercept
08-08 20:10:08.959  1289  1328 I AppUpgradeInterceptor: DeviceUtils.isOwnBrand:true
08-08 20:10:08.960  1289  1328 I MethodCallInterceptor: [MethodCallInfo]kitName:cloudctrl, callingPkg:com.coloros.phonemanager, targetClassName:com.heytap.msp.cloudctrl.ipc.CloudCtrlServiceModule, methodId:4, processName:com.heytap.htms:cloudctrl, pid:1289, mspSdkVersionName:2.0.1.14
08-08 20:10:08.960  1289  1328 I ProcessBridge: [Dispatcher]:getDispathcer
08-08 20:10:08.962 28519 29163 I MSP-LOG-SDK-StandardListChain: h, 25ms
08-08 20:10:08.962 28519 29241 I MSP-LOG-SDK-MspSdk: Sdk has initialized! version:2.0.1.14
08-08 20:10:08.965 28519 29241 E MSP-LOG-SDK-RateLimitManager: not_allow_invoke because of time_window_not_allow queue = [1786207836609], config = RateLimitConfig{maxCalls=1, timeWindowSeconds=7200, callIntervalSeconds=0}, ipcInvokeTimeQueueMapKey = com.heytap.nearx.tangramconfig.kit.client.ICloudCtrlServiceModule?@?compass_143100?@?2?@?com.coloros.phonemanager, has already call 1 times in 7200 seconds before
08-08 20:10:08.966 28519 29241 E MSP-LOG-SDK-: MspSdkException{code=3014,message=com.heytap.mspsdk.ratelimit.MspRateLimitExceededException: ipc rate limit exceeded in time window}
08-08 20:10:08.966 28519 29241 E MSP-LOG-SDK-: 	at com.heytap.mspsdk.ratelimit.b.a(RateLimitInterceptor.java:56)
08-08 20:10:08.966 28519 29241 E MSP-LOG-SDK-: 	at com.heytap.mspsdk.interceptor.c.a(StandardListChain.java:40)
08-08 20:10:08.966 28519 29241 E MSP-LOG-SDK-: 	at com.heytap.mspsdk.proxy.b.a(CompatCheckInterceptor.java:30)
08-08 20:10:08.966 28519 29241 E MSP-LOG-SDK-: 	at com.heytap.mspsdk.interceptor.c.a(StandardListChain.java:40)
08-08 20:10:08.966 28519 29241 E MSP-LOG-SDK-: 	at com.heytap.mspsdk.proxy.e.invoke(InnerInvocationHandler.java:202)
08-08 20:10:08.966 28519 29241 E MSP-LOG-SDK-: 	at java.lang.reflect.Proxy.invoke(Proxy.java:1009)
08-08 20:10:08.966 28519 29241 E MSP-LOG-SDK-: 	at $Proxy10.getConfigData(Unknown Source)
08-08 20:10:08.966 28519 29241 E MSP-LOG-SDK-: 	at com.heytap.nearx.tangramconfig.kit.client.KitProxy.getConfigData$lambda$1(KitProxy.kt:29)
08-08 20:10:08.966 28519 29241 E MSP-LOG-SDK-: 	at com.heytap.nearx.tangramconfig.kit.client.KitProxy.c(KitProxy.kt:1)
08-08 20:10:08.966 28519 29241 E MSP-LOG-SDK-: 	at com.heytap.nearx.tangramconfig.kit.client.c.run(R8$$SyntheticClass:9)
08-08 20:10:08.966 28519 29241 E MSP-LOG-SDK-: 	at java.util.concurrent.ThreadPoolExecutor.runWorker(ThreadPoolExecutor.java:1100)
08-08 20:10:08.966 28519 29241 E MSP-LOG-SDK-: 	at java.util.concurrent.ThreadPoolExecutor$Worker.run(ThreadPoolExecutor.java:624)
08-08 20:10:08.966 28519 29241 E MSP-LOG-SDK-: 	at java.lang.Thread.run(Thread.java:1572)
08-08 20:10:08.966 28519 29278 I MSP-LOG-SDK-MspSdk: Sdk has initialized! version:2.0.1.14
08-08 20:10:08.968 28519 29221 D CloudConfig_stgyHelper: mspVersionCanSupport mspKitVersion : 2031315
08-08 20:10:08.969 28519 29278 E MSP-LOG-SDK-RateLimitManager: not_allow_invoke because of time_window_not_allow queue = [1786196540562], config = RateLimitConfig{maxCalls=1, timeWindowSeconds=21600, callIntervalSeconds=0}, ipcInvokeTimeQueueMapKey = com.heytap.nearx.tangramconfig.kit.client.ICloudCtrlServiceModule?@?compass_143100?@?1?@?com.coloros.phonemanager, has already call 1 times in 21600 seconds before
08-08 20:10:08.970 28519 29163 I MSP-LOG-SDK-StandardListChain: b, 32ms
08-08 20:10:08.970 28519 29278 E MSP-LOG-SDK-: MspSdkException{code=3014,message=com.heytap.mspsdk.ratelimit.MspRateLimitExceededException: ipc rate limit exceeded in time window}
08-08 20:10:08.970 28519 29278 E MSP-LOG-SDK-: 	at com.heytap.mspsdk.ratelimit.b.a(RateLimitInterceptor.java:56)
08-08 20:10:08.970 28519 29278 E MSP-LOG-SDK-: 	at com.heytap.mspsdk.interceptor.c.a(StandardListChain.java:40)
08-08 20:10:08.970 28519 29278 E MSP-LOG-SDK-: 	at com.heytap.mspsdk.proxy.b.a(CompatCheckInterceptor.java:30)
08-08 20:10:08.970 28519 29278 E MSP-LOG-SDK-: 	at com.heytap.mspsdk.interceptor.c.a(StandardListChain.java:40)
08-08 20:10:08.970 28519 29278 E MSP-LOG-SDK-: 	at com.heytap.mspsdk.proxy.e.invoke(InnerInvocationHandler.java:202)
08-08 20:10:08.970 28519 29278 E MSP-LOG-SDK-: 	at java.lang.reflect.Proxy.invoke(Proxy.java:1009)
08-08 20:10:08.970 28519 29278 E MSP-LOG-SDK-: 	at $Proxy10.getDynamicCondition(Unknown Source)
08-08 20:10:08.970 28519 29278 E MSP-LOG-SDK-: 	at com.heytap.nearx.tangramconfig.kit.client.KitProxy.getDynamicCondition$lambda$0(KitProxy.kt:25)
08-08 20:10:08.970 28519 29278 E MSP-LOG-SDK-: 	at com.heytap.nearx.tangramconfig.kit.client.KitProxy.b(KitProxy.kt:1)
08-08 20:10:08.970 28519 29278 E MSP-LOG-SDK-: 	at com.heytap.nearx.tangramconfig.kit.client.b.run(R8$$SyntheticClass:9)
08-08 20:10:08.970 28519 29278 E MSP-LOG-SDK-: 	at java.util.concurrent.ThreadPoolExecutor.runWorker(ThreadPoolExecutor.java:1100)
08-08 20:10:08.970 28519 29278 E MSP-LOG-SDK-: 	at java.util.concurrent.ThreadPoolExecutor$Worker.run(ThreadPoolExecutor.java:624)
08-08 20:10:08.970 28519 29278 E MSP-LOG-SDK-: 	at java.lang.Thread.run(Thread.java:1572)
08-08 20:10:08.971 28519 29163 I MSP-LOG-SDK-StandardListChain: b, 34ms
08-08 20:10:08.973 28519 29200 I MSP-LOG-SDK-MspSdk: Sdk has initialized! version:2.0.1.14
08-08 20:10:08.976 28519 29200 E MSP-LOG-SDK-RateLimitManager: not_allow_invoke because of time_window_not_allow queue = [1786207900340], config = RateLimitConfig{maxCalls=1, timeWindowSeconds=7200, callIntervalSeconds=0}, ipcInvokeTimeQueueMapKey = com.heytap.nearx.tangramconfig.kit.client.ICloudCtrlServiceModule?@?compass_143100?@?4?@?com.coloros.phonemanager, has already call 1 times in 7200 seconds before
08-08 20:10:08.980   896   896 E lowmemorykiller: device memory 234053 free 15909 file 223233
08-08 20:10:08.980 28519 29200 E MSP-LOG-SDK-: MspSdkException{code=3014,message=com.heytap.mspsdk.ratelimit.MspRateLimitExceededException: ipc rate limit exceeded in time window}
08-08 20:10:08.980 28519 29200 E MSP-LOG-SDK-: 	at com.heytap.mspsdk.ratelimit.b.a(RateLimitInterceptor.java:56)
08-08 20:10:08.980 28519 29200 E MSP-LOG-SDK-: 	at com.heytap.mspsdk.interceptor.c.a(StandardListChain.java:40)
08-08 20:10:08.980 28519 29200 E MSP-LOG-SDK-: 	at com.heytap.mspsdk.proxy.b.a(CompatCheckInterceptor.java:30)
08-08 20:10:08.980 28519 29200 E MSP-LOG-SDK-: 	at com.heytap.mspsdk.interceptor.c.a(StandardListChain.java:40)
08-08 20:10:08.980 28519 29200 E MSP-LOG-SDK-: 	at com.heytap.mspsdk.proxy.e.invoke(InnerInvocationHandler.java:202)
08-08 20:10:08.980 28519 29200 E MSP-LOG-SDK-: 	at java.lang.reflect.Proxy.invoke(Proxy.java:1009)
08-08 20:10:08.980 28519 29200 E MSP-LOG-SDK-: 	at $Proxy10.checkUpdateConfig(Unknown Source)
08-08 20:10:08.980 28519 29200 E MSP-LOG-SDK-: 	at com.heytap.nearx.tangramconfig.kit.client.KitProxy.checkUpdateConfig$lambda$3(KitProxy.kt:20)
08-08 20:10:08.980 28519 29200 E MSP-LOG-SDK-: 	at com.heytap.nearx.tangramconfig.kit.client.KitProxy.d(KitProxy.kt:1)
08-08 20:10:08.980 28519 29200 E MSP-LOG-SDK-: 	at com.heytap.nearx.tangramconfig.kit.client.e.run(R8$$SyntheticClass:9)
08-08 20:10:08.980 28519 29200 E MSP-LOG-SDK-: 	at java.util.concurrent.ThreadPoolExecutor.runWorker(ThreadPoolExecutor.java:1100)
08-08 20:10:08.980 28519 29200 E MSP-LOG-SDK-: 	at java.util.concurrent.ThreadPoolExecutor$Worker.run(ThreadPoolExecutor.java:624)
08-08 20:10:08.980 28519 29200 E MSP-LOG-SDK-: 	at java.lang.Thread.run(Thread.java:1572)
08-08 20:10:08.982  3009  3571 I ActivityManager: Flag disabled. Ignoring finishAttachApplication from uid: 1000. pid: 29096
08-08 20:10:08.991 28519 29221 I CloudConfig: ruc 43100 exit
08-08 20:10:08.992 28519 29221 I CloudConfig: tn: sdk-50351-ruc, dr: 54ms
08-08 20:10:08.992 28519 29221 I CloudConfig: tn: sdk-50351-ruc
08-08 20:10:08.993 28519 29221 I CloudConfig: ruc 1961 enter
08-08 20:10:08.993 28519 29276 I MSP-LOG-SDK-MspSdk: Sdk has initialized! version:2.0.1.14
08-08 20:10:08.994 28623 29423 I Finsky:background: [16357] playLoggingServerUrl: https://play.googleapis.com/play/log
08-08 20:10:08.994 28623 29423 I Finsky:background: [16357] playLoggingServerTimestampUrl: https://play.googleapis.com/play/log/timestamp
08-08 20:10:08.995 28519 29276 E MSP-LOG-SDK-RateLimitManager: not_allow_invoke because of time_window_not_allow queue = [1786196540562], config = RateLimitConfig{maxCalls=1, timeWindowSeconds=21600, callIntervalSeconds=0}, ipcInvokeTimeQueueMapKey = com.heytap.nearx.tangramconfig.kit.client.ICloudCtrlServiceModule?@?compass_143100?@?1?@?com.coloros.phonemanager, has already call 1 times in 21600 seconds before
08-08 20:10:08.995 28519 29276 E MSP-LOG-SDK-: MspSdkException{code=3014,message=com.heytap.mspsdk.ratelimit.MspRateLimitExceededException: ipc rate limit exceeded in time window}
08-08 20:10:08.995 28519 29276 E MSP-LOG-SDK-: 	at com.heytap.mspsdk.ratelimit.b.a(RateLimitInterceptor.java:56)
08-08 20:10:08.995 28519 29276 E MSP-LOG-SDK-: 	at com.heytap.mspsdk.interceptor.c.a(StandardListChain.java:40)
08-08 20:10:08.995 28519 29276 E MSP-LOG-SDK-: 	at com.heytap.mspsdk.proxy.b.a(CompatCheckInterceptor.java:30)
08-08 20:10:08.995 28519 29276 E MSP-LOG-SDK-: 	at com.heytap.mspsdk.interceptor.c.a(StandardListChain.java:40)
08-08 20:10:08.995 28519 29276 E MSP-LOG-SDK-: 	at com.heytap.mspsdk.proxy.e.invoke(InnerInvocationHandler.java:202)
08-08 20:10:08.995 28519 29276 E MSP-LOG-SDK-: 	at java.lang.reflect.Proxy.invoke(Proxy.java:1009)
08-08 20:10:08.995 28519 29276 E MSP-LOG-SDK-: 	at $Proxy10.getDynamicCondition(Unknown Source)
08-08 20:10:08.995 28519 29276 E MSP-LOG-SDK-: 	at com.heytap.nearx.tangramconfig.kit.client.KitProxy.getDynamicCondition$lambda$0(KitProxy.kt:25)
08-08 20:10:08.995 28519 29276 E MSP-LOG-SDK-: 	at com.heytap.nearx.tangramconfig.kit.client.KitProxy.b(KitProxy.kt:1)
08-08 20:10:08.995 28519 29276 E MSP-LOG-SDK-: 	at com.heytap.nearx.tangramconfig.kit.client.b.run(R8$$SyntheticClass:9)
08-08 20:10:08.995 28519 29276 E MSP-LOG-SDK-: 	at java.util.concurrent.ThreadPoolExecutor.runWorker(ThreadPoolExecutor.java:1100)
08-08 20:10:08.995 28519 29276 E MSP-LOG-SDK-: 	at java.util.concurrent.ThreadPoolExecutor$Worker.run(ThreadPoolExecutor.java:624)
08-08 20:10:08.995 28519 29276 E MSP-LOG-SDK-: 	at java.lang.Thread.run(Thread.java:1572)
08-08 20:10:09.009 28519 29269 W PhoneManager.NetUsageRepository: sync succ:1786209008143
08-08 20:10:09.011 28519 29013 W PhoneManager.NetUsageRepository: query: 1782853200000 # 1786209009011
08-08 20:10:09.020 28519 29221 D CloudConfig_stgyHelper: mspVersionCanSupport mspKitVersion : 2031315
08-08 20:10:09.022 29096 29096 W ServiceManagerCppClient: Failed to get isDeclared for vendor.qti.hardware.perf2.IPerf/default: Status(-1, EX_SECURITY): 'SELinux denied.'
08-08 20:10:09.027 28519 29221 D CloudConfig_stgyHelper: getSupportKitMode strategyEntity : StrategyEntity(sdkInterval=1800000, strategyMode=1, minSDKVersion=1000, minKitVersion=2014122, validReqPeriod=7200000, maxReqProduct=100, forceKitIfKit=false, backoff=120000, enable=true, defaultLimit=RateLimitConfig{maxCalls=1, timeWindowSeconds=7200, callIntervalSeconds=0}, productLimits={global-domain_1281=RateLimitConfig{maxCalls=1, timeWindowSeconds=7200, callIntervalSeconds=0}, 50351=RateLimitConfig{maxCalls=1, timeWindowSeconds=7200, callIntervalSeconds=0}, global-domain_1961=RateLimitConfig{maxCalls=1, timeWindowSeconds=7200, callIntervalSeconds=0}, compass_143100=RateLimitConfig{maxCalls=1, timeWindowSeconds=7200, callIntervalSeconds=0}, compass_20092=RateLimitConfig{maxCalls=1, timeWindowSeconds=7200, callIntervalSeconds=0}, mdp_2196=RateLimitConfig{maxCalls=1, timeWindowSeconds=7200, callIntervalSeconds=0}, mdp_2047=RateLimitConfig{maxCalls=1, timeWindowSeconds=7200, callIntervalSeconds=0}, global-domain_2047=RateLimitConfig{maxCalls=1, timeWindowSeconds=7200, callIntervalSeconds=0}, compass_121100=RateLimitConfig{maxCalls=1, timeWindowSeconds=7200, callIntervalSeconds=0}})
08-08 20:10:09.028 28519 29221 D CloudConfig_stgyHelper: getSupportKitMode localSdkVersion : 1227
08-08 20:10:09.033 28519 29221 D CloudConfig_stgyHelper: mspVersionCanSupport mspKitVersion : 2031315
08-08 20:10:09.037 28519 29221 D CloudConfig_stgyHelper: getSupportKitMode strategyEntity : StrategyEntity(sdkInterval=1800000, strategyMode=1, minSDKVersion=1000, minKitVersion=2014122, validReqPeriod=7200000, maxReqProduct=100, forceKitIfKit=false, backoff=120000, enable=true, defaultLimit=RateLimitConfig{maxCalls=1, timeWindowSeconds=7200, callIntervalSeconds=0}, productLimits={global-domain_1281=RateLimitConfig{maxCalls=1, timeWindowSeconds=7200, callIntervalSeconds=0}, 50351=RateLimitConfig{maxCalls=1, timeWindowSeconds=7200, callIntervalSeconds=0}, global-domain_1961=RateLimitConfig{maxCalls=1, timeWindowSeconds=7200, callIntervalSeconds=0}, compass_143100=RateLimitConfig{maxCalls=1, timeWindowSeconds=7200, callIntervalSeconds=0}, compass_20092=RateLimitConfig{maxCalls=1, timeWindowSeconds=7200, callIntervalSeconds=0}, mdp_2196=RateLimitConfig{maxCalls=1, timeWindowSeconds=7200, callIntervalSeconds=0}, mdp_2047=RateLimitConfig{maxCalls=1, timeWindowSeconds=7200, callIntervalSeconds=0}, global-domain_2047=RateLimitConfig{maxCalls=1, timeWindowSeconds=7200, callIntervalSeconds=0}, compass_121100=RateLimitConfig{maxCalls=1, timeWindowSeconds=7200, callIntervalSeconds=0}})
08-08 20:10:09.037 28519 29221 D CloudConfig_stgyHelper: getSupportKitMode localSdkVersion : 1227
08-08 20:10:09.039 28967 20991 I GetConfigSnapshotOp: (REDACTED) Succeeded but not registered: %s
08-08 20:10:09.069 29277 29294 W SQLiteLog: (28) double-quoted string literal: "sys_sau_config_list"
08-08 20:10:09.078 28552 29120 W m.heytap.market: Suspending all threads took: 151.024ms
08-08 20:10:09.079   896   896 E lowmemorykiller: device memory 234085 free 14948 file 224226
08-08 20:10:09.093 25414 25516 D ConfigListManager: we take a gc.
08-08 20:10:09.132 14348 14367 I DCS>ContentProvider[15567]: support
08-08 20:10:09.180   896   896 E lowmemorykiller: device memory 233509 free 13306 file 225374
08-08 20:10:09.187 25414 25516 I ficationmanager: Explicit concurrent mark compact GC freed 596KB AllocSpace bytes, 0(0B) LOS objects, 24% free, 1835KB/2447KB, paused 365us,4.854ms total 91.019ms
08-08 20:10:09.190 25414 25434 W ficationmanager: ApkAssets: Deleting an ApkAssets object '<empty> and /data/app/~~NbgPEIbcr666ia8mxzj5XA==/com.hypernova.phone-n5S1A0Gei29t60yYoFdqhA==/base.apk' with 1 weak references
08-08 20:10:09.199 14348 14945 D TapHttp.CallTrackHelper 15631: responseHeadersEnd https://dc-dragate-sg.heytapmobile.com/v1/stat/install?appid=21000&logtag=0&nonce=9045&timestamp=1786209007&sign=a772715107045545c631233bbc54b7c0
08-08 20:10:09.199 14348 14945 D TapHttp.CallTrackHelper 15631: responseBodyStart https://dc-dragate-sg.heytapmobile.com/v1/stat/install?appid=21000&logtag=0&nonce=9045&timestamp=1786209007&sign=a772715107045545c631233bbc54b7c0
08-08 20:10:09.199 14348 14945 D TapHttp.CallTrackHelper 15631: responseEnd https://dc-dragate-sg.heytapmobile.com/v1/stat/install?appid=21000&logtag=0&nonce=9045&timestamp=1786209007&sign=a772715107045545c631233bbc54b7c0
08-08 20:10:09.200 14348 14945 I TapHttp.SpecialCallServerStub: response online : protocol: http/1.1, code:200 ,url:https://dc-dragate-sg.heytapmobile.com/v1/stat/install?appid=21000&logtag=0&nonce=9045&timestamp=1786209007&sign=a772715107045545c631233bbc54b7c0
08-08 20:10:09.200 14348 14945 I TapHttp.SpecialCallServerStub: response online: host:dc-dragate-sg.heytapmobile.com,headers:Date: Sat, 08 Aug 2026 17:10:09 GMT
08-08 20:10:09.200 14348 14945 I TapHttp.SpecialCallServerStub: Content-Type: application/json;charset=UTF-8
08-08 20:10:09.200 14348 14945 I TapHttp.SpecialCallServerStub: Content-Length: 23
08-08 20:10:09.200 14348 14945 I TapHttp.SpecialCallServerStub: Connection: keep-alive
08-08 20:10:09.200 14348 14945 I TapHttp.SpecialCallServerStub: Access-Control-Allow-Credentials: true
08-08 20:10:09.200 14348 14945 I TapHttp.SpecialCallServerStub: Access-Control-Allow-Origin: *
08-08 20:10:09.200 14348 14945 I TapHttp.SpecialCallServerStub: Access-Control-Allow-Methods: GET, POST, OPTIONS
08-08 20:10:09.200 14348 14945 I TapHttp.SpecialCallServerStub: Access-Control-Allow-Headers: content-type, Origin, X-Requested-With
08-08 20:10:09.200 14348 14945 I TapHttp.SpecialCallServerStub: Access-Control-Expose-Headers: Content-Length
08-08 20:10:09.200 14348 14945 I TapHttp.SpecialCallServerStub: Access-Control-Max-Age: 86400
08-08 20:10:09.200 14348 14945 I TapHttp.SpecialCallServerStub: TAP-APP-CONF-DIM: dcc_awareness_sg:0
08-08 20:10:09.200 14348 14945 I TapHttp.SpecialCallServerStub: X-Backend-Host: 0233:8081
08-08 20:10:09.200 14348 14945 I TapHttp.SpecialCallServerStub: X-Gateway-Host: 8a07ea36395b5e384697762d9d022980b2afd245cc9d429a8965a43ae2a8c575fd3cbb7966395d50a798830bd04f6242c5df5b3cc42d4b1cbd512cc2a6cb4502
08-08 20:10:09.200 14348 14945 I TapHttp.SpecialCallServerStub: 
08-08 20:10:09.213 25414 25516 I ficationmanager: Explicit concurrent mark compact GC freed 120KB AllocSpace bytes, 0(0B) LOS objects, 24% free, 1811KB/2415KB, paused 346us,1.847ms total 21.259ms
08-08 20:10:09.222 14348 14945 D TapHttp.CallTrackHelper 15631: responseBodyEnd https://dc-dragate-sg.heytapmobile.com/v1/stat/install?appid=21000&logtag=0&nonce=9045&timestamp=1786209007&sign=a772715107045545c631233bbc54b7c0
08-08 20:10:09.222 14348 14945 D TapHttp.CallTrackHelper 15631: connectionReleased https://dc-dragate-sg.heytapmobile.com/v1/stat/install?appid=21000&logtag=0&nonce=9045&timestamp=1786209007&sign=a772715107045545c631233bbc54b7c0
08-08 20:10:09.222 14348 14945 D TapHttp.CallTrackHelper 15631: callEnd https://dc-dragate-sg.heytapmobile.com/v1/stat/install?appid=21000&logtag=0&nonce=9045&timestamp=1786209007&sign=a772715107045545c631233bbc54b7c0
08-08 20:10:09.223 14348 14945 D TapHttp.CallTrackHelper 15631: call_time : 1431
08-08 20:10:09.223 14348 14945 D TapHttp.CallTrackHelper 15631: callEnd https://dc-dragate-sg.heytapmobile.com/v1/stat/install?appid=21000&logtag=0&nonce=9045&timestamp=1786209007&sign=a772715107045545c631233bbc54b7c0
08-08 20:10:09.223 14348 14945 V TapHttp.StatRateHelper: ignore record by sample ratio is 1
08-08 20:10:09.225 28552 29388 W System  : ClassLoader referenced unknown path: 
08-08 20:10:09.228  1399 13000 I vendor.qti.bluetooth@1.0-ibs_handler: [ibs_handler.cpp:778] ProcessIbsCmd: Received IBS_WAKE_IND: 0xFD
08-08 20:10:09.231  1399 13000 I vendor.qti.bluetooth@1.0-ibs_handler: [ibs_handler.cpp:795] ProcessIbsCmd: Writing IBS_WAKE_ACK
08-08 20:10:09.267 28552 29388 D nativeloader: Configuring clns-8 for other apk . target_sdk_version=37, uses_libraries=, library_path=/data/app/~~hVf7On0fsvHU9phdRYxECg==/com.google.android.gms-x0rRHqPabOuPMWDK0CNhoA==/lib/arm64:/data/app/~~hVf7On0fsvHU9phdRYxECg==/com.google.android.gms-x0rRHqPabOuPMWDK0CNhoA==/base.apk!/lib/arm64-v8a, permitted_path=/data:/mnt/expand:/data/user/0/com.google.android.gms
08-08 20:10:09.277   896   896 E lowmemorykiller: device memory 235589 free 13411 file 225960
08-08 20:10:09.300  1399 13000 I vendor.qti.bluetooth@1.0-ibs_handler: [ibs_handler.cpp:825] ProcessIbsCmd: Received IBS_SLEEP_IND: 0xFE
08-08 20:10:09.302  1399 13000 I vendor.qti.bluetooth@1.0-ibs_handler: [ibs_handler.cpp:778] ProcessIbsCmd: Received IBS_WAKE_IND: 0xFD
08-08 20:10:09.303  1399 13000 I vendor.qti.bluetooth@1.0-ibs_handler: [ibs_handler.cpp:795] ProcessIbsCmd: Writing IBS_WAKE_ACK
08-08 20:10:09.307 12944 12969 D bluetooth: [acl_arbiter.cc:69] InterceptAttPacket: Intercepting ATT packet and forwarding to Rust
08-08 20:10:09.307 12944 12969 E Bluetooth: [gatt_main.cc:1078] gatt_data_process
08-08 20:10:09.307 12944 12969 I oplus_bt_stack_ble_event: report_stack_ble_last_data_transfer, 20:**:**:**:ca:c6
08-08 20:10:09.314 12944 12969 D bluetooth: [acl_arbiter.cc:69] InterceptAttPacket: Intercepting ATT packet and forwarding to Rust
08-08 20:10:09.314 12944 12969 E Bluetooth: [gatt_main.cc:1078] gatt_data_process
08-08 20:10:09.315 12944 12969 I oplus_bt_stack_ble_event: report_stack_ble_last_data_transfer, 20:**:**:**:ca:c6
08-08 20:10:09.322 12944 12969 D bluetooth: [acl_arbiter.cc:69] InterceptAttPacket: Intercepting ATT packet and forwarding to Rust
08-08 20:10:09.323 12944 12969 E Bluetooth: [gatt_main.cc:1078] gatt_data_process
08-08 20:10:09.323 12944 12969 I oplus_bt_stack_ble_event: report_stack_ble_last_data_transfer, 20:**:**:**:ca:c6
08-08 20:10:09.326 12944 12969 D bluetooth: [acl_arbiter.cc:69] InterceptAttPacket: Intercepting ATT packet and forwarding to Rust
08-08 20:10:09.327 12944 12969 E Bluetooth: [gatt_main.cc:1078] gatt_data_process
08-08 20:10:09.327 12944 12969 I oplus_bt_stack_ble_event: report_stack_ble_last_data_transfer, 20:**:**:**:ca:c6
08-08 20:10:09.332 12944 12969 D bluetooth: [acl_arbiter.cc:69] InterceptAttPacket: Intercepting ATT packet and forwarding to Rust
08-08 20:10:09.332 12944 12969 E Bluetooth: [gatt_main.cc:1078] gatt_data_process
08-08 20:10:09.332 12944 12969 I oplus_bt_stack_ble_event: report_stack_ble_last_data_transfer, 20:**:**:**:ca:c6
08-08 20:10:09.339 28519 29244 I CloudConfig: tn: aw-50351-Track
08-08 20:10:09.340 28519 29227 I CloudConfig: tn: aw-50351-Track
08-08 20:10:09.341 28519 29245 I CloudConfig: tn: aw-20092-BUSIN
08-08 20:10:09.345  1399 13000 I vendor.qti.bluetooth@1.0-ibs_handler: [ibs_handler.cpp:825] ProcessIbsCmd: Received IBS_SLEEP_IND: 0xFE
08-08 20:10:09.365 28519 29015 W System.err: SLF4J: Failed to load class "org.slf4j.impl.StaticLoggerBinder".
08-08 20:10:09.365 28519 29015 W System.err: SLF4J: Defaulting to no-operation (NOP) logger implementation
08-08 20:10:09.365 28519 29015 W System.err: SLF4J: See http://www.slf4j.org/codes.html#StaticLoggerBinder for further details.
08-08 20:10:09.373 29096 29096 W ContextImpl: Calling a method in the system process without a qualified user: android.app.ContextImpl.startService:1958 android.content.ContextWrapper.startService:837 h3.e.F:51 com.oplusos.sau.service.SAUAppService.onStartCommand:235 android.app.ActivityThread.handleServiceArgs:5521 
08-08 20:10:09.374 28519 29244 I CloudConfig: tn: aw-50351-Track, dr: 35ms
08-08 20:10:09.375 28519 29244 I CloudConfig: tn: aw-50351-Track
08-08 20:10:09.376 28519 29244 I CloudConfig: tn: aw-50351-Track, dr: 0ms
08-08 20:10:09.379  1299  1346 E TetherController: property_get sys.radio.data.modem_share_flag return 0, 1!
08-08 20:10:09.381   896   896 E lowmemorykiller: device memory 237792 free 15208 file 226744
08-08 20:10:09.386 12944 12944 I OplusCustomScanStrategy: msg.what = 6
08-08 20:10:09.390 12944 13018 D bt_btif_gattc: [btif_gatt_client.cc:142] btif_gattc_upstreams_evt: Event BTA_GATTC_NOTIF_EVT [10]
08-08 20:10:09.391 12944 13018 D bt_btif_gattc: [btif_gatt_client.cc:142] btif_gattc_upstreams_evt: Event BTA_GATTC_NOTIF_EVT [10]
08-08 20:10:09.391 12944 13018 D bt_btif_gattc: [btif_gatt_client.cc:142] btif_gattc_upstreams_evt: Event BTA_GATTC_NOTIF_EVT [10]
08-08 20:10:09.392 12944 13018 D bt_btif_gattc: [btif_gatt_client.cc:142] btif_gattc_upstreams_evt: Event BTA_GATTC_NOTIF_EVT [10]
08-08 20:10:09.392 12944 13018 D bt_btif_gattc: [btif_gatt_client.cc:142] btif_gattc_upstreams_evt: Event BTA_GATTC_NOTIF_EVT [10]
08-08 20:10:09.394 19189 20451 D MoYoung : onStepsCategoryChange: CRPStepsCategoryInfo{historyDay=TODAY, timeInterval=30, stepsList=[0, 0, 0, 0, 0, 0, 0, 0, 0, 0, 0, 0, 0, 0, 0, 0, 0, 0, 0, 0, 0, 0, 0, 0, 0, 0, 0, 0, 0, 0, 0, 0, 0, 0, 0, 0, 0, 0, 0, 0, 0, 0, 0, 0, 0, 0, 0, 0]}
08-08 20:10:09.396 19189 20451 I HealthLife.full: BaseWearableDevice, Infinix XWatch N4, CA:C6, 0x000000041f0310102d, onTodayStepsData, step = WatchStepBean(date=1786209009394, stepsArray=[0, 0, 0, 0, 0, 0, 0, 0, 0, 0, 0, 0, 0, 0, 0, 0, 0, 0, 0, 0, 0, 0, 0, 0]), step size = 24
08-08 20:10:09.399 12944 13120 D bt_btif_gattc: [btif_gatt_client.cc:565] btif_gattc_write_char: 
08-08 20:10:09.401 19189 20451 D MoYoung : onStepsCategoryChange: CRPStepsCategoryInfo{historyDay=TODAY, timeInterval=30, stepsList=[0, 0, 0, 0, 0, 0, 0, 0, 0, 0, 0, 0, 0, 0, 0, 0, 0, 0, 0, 0, 0, 0, 0, 0, 0, 0, 0, 0, 0, 0, 0, 0, 0, 0, 0, 0, 0, 0, 0, 0, 0, 0, 0, 0, 0, 0, 0, 0]}
08-08 20:10:09.401 12944 12969 D bluetooth: [att_protocol.cc:515] attp_cl_send_cmd: Sending ATT command to l2cap cid:0x0004 eatt_channels:0 transport:BT_TRANSPORT_LE
08-08 20:10:09.401 19189 20451 I HealthLife.full: BaseWearableDevice, Infinix XWatch N4, CA:C6, 0x000000041f0310102d, onTodayStepsData, step = WatchStepBean(date=1786209009401, stepsArray=[0, 0, 0, 0, 0, 0, 0, 0, 0, 0, 0, 0, 0, 0, 0, 0, 0, 0, 0, 0, 0, 0, 0, 0]), step size = 24
08-08 20:10:09.401 12944 12969 D bluetooth: [att_protocol.cc:389] attp_send_msg_to_l2cap: Sending ATT message on att fixed channel
08-08 20:10:09.401 12944 12969 D bt_l2cap: [l2c_api.cc:1545] L2CA_SendFixedChnlData: Enqueued data for CID: 0x0004 len:9
08-08 20:10:09.401 28519 29244 I CloudConfig: tn: aw-50351-Track
08-08 20:10:09.402 12944 12969 D l2c_link: [l2c_link.cc:1222] l2c_link_send_to_lower_ble: TotalWin=15,Hndl=0x4,Quota=16,Unack=1,RRQuota=0,RRUnack=0
08-08 20:10:09.402 28519 29244 I CloudConfig: tn: aw-50351-Track, dr: 0ms
08-08 20:10:09.402 12944 12969 I oplus_bt_stack_ble_event: report_stack_ble_last_data_transfer, 20:**:**:**:ca:c6
08-08 20:10:09.402 12944 12969 D bt_bta_gattc: [bta_gattc_act.cc:1272] bta_gattc_write_cmpl: Handling write response type: 1: handle 0x0045
08-08 20:10:09.403 28519 29227 I CloudConfig: tn: aw-50351-Track, dr: 61ms
08-08 20:10:09.417 29096 29096 W ContextImpl: Calling a method in the system process without a qualified user: android.app.ContextImpl.bindService:2061 android.content.ContextWrapper.bindService:873 com.oplusos.sau.aidl.SauBinderUpdateService.onCreate:49 android.app.ActivityThread.handleCreateService:5329 android.app.ActivityThread.-$$Nest$mhandleCreateService:0 
08-08 20:10:09.418  3009  3024 I system_server: Background young concurrent mark compact GC freed 22MB AllocSpace bytes, 29(904KB) LOS objects, 17% free, 111MB/135MB, paused 12.408ms,17.736ms total 302.280ms
08-08 20:10:09.463  3979  4446 D CommonApp-741-10495: transport layer data is invalid
08-08 20:10:09.471 28552 29450 D ProfileInstaller: Installing profile for com.heytap.market
08-08 20:10:09.478 28552 29388 W m.heytap.market: ClassLoaderContext classpath element checksum mismatch. expected=2408186298, found=1389663604 (DLC[];PCL[base.apk*2408186298]{PCL[/system/framework/org.apache.http.legacy.jar*579360325]#PCL[/system/framework/com.android.location.provider.jar*3414091812]#PCL[/system/framework/com.android.media.remotedisplay.jar*2042759013]#PCL[/system_ext/framework/androidx.window.extensions.jar*650308787]#PCL[/system_ext/framework/androidx.window.sidecar.jar*2740161290]} | DLC[];PCL[/data/app/~~bGstoSPe0wjtOo2nUODH2A==/com.heytap.market-0G8Nw-NdAdcLoptQOPb9yQ==/base.apk*1389663604]{PCL[/system/framework/org.apache.http.legacy.jar*579360325]#PCL[/system_ext/framework/androidx.window.extensions.jar*650308787]#PCL[/system_ext/framework/androidx.window.sidecar.jar*2740161290]})
08-08 20:10:09.482   896   896 E lowmemorykiller: device memory 237748 free 16256 file 226641
08-08 20:10:09.521 28519 28754 W PhoneManager.BatteryUsageRepository: will delete data before 1783789808371
08-08 20:10:09.526 28552 29120 I m.heytap.market: Explicit concurrent mark compact GC freed 4309KB AllocSpace bytes, 14(700KB) LOS objects, 24% free, 9163KB/11MB, paused 156.438ms,10.847ms total 1.141s
08-08 20:10:09.527 28552 29119 I m.heytap.market: WaitForGcToComplete blocked Explicit on Explicit for 4.887s
08-08 20:10:09.528 28552 29118 I m.heytap.market: Waiting for a blocking GC Explicit
08-08 20:10:09.529 28552 29117 I m.heytap.market: Waiting for a blocking GC Explicit
08-08 20:10:09.530 28552 29443 D LifecycleServiceBinder: Binding service to application.
08-08 20:10:09.531 28552 29115 I m.heytap.market: Waiting for a blocking GC Explicit
08-08 20:10:09.532 28552 29116 I m.heytap.market: Waiting for a blocking GC Explicit
08-08 20:10:09.534 28552 28590 I m.heytap.market: WaitForGcToComplete blocked Background on Explicit for 1.144s
08-08 20:10:09.535 28552 28591 I BpBinder: onLastStrongRef automatically unlinking death recipients: 
08-08 20:10:09.561 28519 28758 I DigitalAppSDK_1.2.3.ExtraUsageUtils: getActivityEventInfo: totalCounts = 4454, usedCounts = 1417
08-08 20:10:09.579 29409 29409 E libEGL  : No entry found in platform lookup table for eglSurfaceAttribMTK
08-08 20:10:09.580 29409 29409 D ExtensionsLoader: createInstance(64bit) : createExtendedFactory
08-08 20:10:09.581 29409 29409 D ExtensionsLoader: Opened libguiextimpl.so
08-08 20:10:09.583   896   896 E lowmemorykiller: device memory 237050 free 18320 file 223804
08-08 20:10:09.584 28552 28552 D SessionLifecycleService: Service bound to new client on process 28552
08-08 20:10:09.587 28519 28523 W os.phonemanager: Suspending all threads took: 8.385ms
08-08 20:10:09.589 28552 28552 D SessionLifecycleClient: Connected to SessionLifecycleService. Queue size 0
08-08 20:10:09.600  1479  5654 D charge_time: type=cdp/dcp,reserve_soc=1,soc=60,ui_soc=61,current=489,avg=435,not_chg_cnt=0,stable_cnt=7,fcc=4423,fcc_ratio=92,delta=123,debug=0,region=12,ttf=13589(03:46:29),ui_ttf=5140(01:25:40)
08-08 20:10:09.614   896   896 E lowmemorykiller: device memory 236954 free 17957 file 224164
08-08 20:10:09.614  3009  3712 I Osense-PsiDetector: 924,69,2940,4607,37,128,95,743,1134,363,512,0,4,5765
08-08 20:10:09.621 28519 28758 W DigitalAppSDK_1.2.3.ExtraUsageUtils: onResume-onPause-onStop ignore stop,because the onResume and onPause is the really pair
08-08 20:10:09.622 28519 28758 W DigitalAppSDK_1.2.3.ExtraUsageUtils: onResume-onPause-onStop ignore stop,because the onResume and onPause is the really pair
08-08 20:10:09.623 28519 28758 W DigitalAppSDK_1.2.3.ExtraUsageUtils: onResume-onPause-onStop ignore stop,because the onResume and onPause is the really pair
08-08 20:10:09.634 28519 28758 W DigitalAppSDK_1.2.3.ExtraUsageUtils: onResume-onPause-onStop ignore stop,because the onResume and onPause is the really pair
08-08 20:10:09.641 28519 28758 W DigitalAppSDK_1.2.3.ExtraUsageUtils: onResume-onPause-onStop ignore stop,because the onResume and onPause is the really pair
08-08 20:10:09.642 28519 28758 W DigitalAppSDK_1.2.3.ExtraUsageUtils: onResume-onPause-onStop ignore stop,because the onResume and onPause is the really pair
08-08 20:10:09.643 28519 28758 W DigitalAppSDK_1.2.3.ExtraUsageUtils: onResume-onPause-onStop ignore stop,because the onResume and onPause is the really pair
08-08 20:10:09.645 28519 28758 W DigitalAppSDK_1.2.3.ExtraUsageUtils: onResume-onPause-onStop ignore stop,because the onResume and onPause is the really pair
08-08 20:10:09.645 28519 28758 W DigitalAppSDK_1.2.3.ExtraUsageUtils: onResume-onPause-onStop ignore stop,because the onResume and onPause is the really pair
08-08 20:10:09.645 28519 28758 W DigitalAppSDK_1.2.3.ExtraUsageUtils: onResume-onPause-onStop ignore stop,because the onResume and onPause is the really pair
08-08 20:10:09.646 28519 28758 W DigitalAppSDK_1.2.3.ExtraUsageUtils: onResume-onPause-onStop ignore stop,because the onResume and onPause is the really pair
08-08 20:10:09.646 28519 28758 W DigitalAppSDK_1.2.3.ExtraUsageUtils: onResume-onPause-onStop ignore stop,because the onResume and onPause is the really pair
08-08 20:10:09.646 28519 28758 W DigitalAppSDK_1.2.3.ExtraUsageUtils: onResume-onPause-onStop ignore stop,because the onResume and onPause is the really pair
08-08 20:10:09.646 28519 28758 W DigitalAppSDK_1.2.3.ExtraUsageUtils: onResume-onPause-onStop ignore stop,because the onResume and onPause is the really pair
08-08 20:10:09.647 28519 28758 W DigitalAppSDK_1.2.3.ExtraUsageUtils: onResume-onPause-onStop ignore stop,because the onResume and onPause is the really pair
08-08 20:10:09.647 28519 28758 W DigitalAppSDK_1.2.3.ExtraUsageUtils: onResume-onPause-onStop ignore stop,because the onResume and onPause is the really pair
08-08 20:10:09.647 28519 28758 W DigitalAppSDK_1.2.3.ExtraUsageUtils: onResume-onPause-onStop ignore stop,because the onResume and onPause is the really pair
08-08 20:10:09.647 28519 28758 W DigitalAppSDK_1.2.3.ExtraUsageUtils: onResume-onPause-onStop ignore stop,because the onResume and onPause is the really pair
08-08 20:10:09.647 28519 28758 W DigitalAppSDK_1.2.3.ExtraUsageUtils: onResume-onPause-onStop ignore stop,because the onResume and onPause is the really pair
08-08 20:10:09.648 28519 28758 W DigitalAppSDK_1.2.3.ExtraUsageUtils: onResume-onPause-onStop ignore stop,because the onResume and onPause is the really pair
08-08 20:10:09.648 28519 28758 W DigitalAppSDK_1.2.3.ExtraUsageUtils: onResume-onPause-onStop ignore stop,because the onResume and onPause is the really pair
08-08 20:10:09.648 28519 28758 W DigitalAppSDK_1.2.3.ExtraUsageUtils: onResume-onPause-onStop ignore stop,because the onResume and onPause is the really pair
08-08 20:10:09.649 28519 28758 W DigitalAppSDK_1.2.3.ExtraUsageUtils: onResume-onPause-onStop ignore stop,because the onResume and onPause is the really pair
08-08 20:10:09.649 28519 28758 W DigitalAppSDK_1.2.3.ExtraUsageUtils: onResume-onPause-onStop ignore stop,because the onResume and onPause is the really pair
08-08 20:10:09.649 28519 28758 W DigitalAppSDK_1.2.3.ExtraUsageUtils: onResume-onPause-onStop ignore stop,because the onResume and onPause is the really pair
08-08 20:10:09.649 28519 28758 W DigitalAppSDK_1.2.3.ExtraUsageUtils: onResume-onPause-onStop ignore stop,because the onResume and onPause is the really pair
08-08 20:10:09.649 28519 28758 W DigitalAppSDK_1.2.3.ExtraUsageUtils: onResume-onPause-onStop ignore stop,because the onResume and onPause is the really pair
08-08 20:10:09.650 28519 28758 W DigitalAppSDK_1.2.3.ExtraUsageUtils: onResume-onPause-onStop ignore stop,because the onResume and onPause is the really pair
08-08 20:10:09.650 28519 28758 W DigitalAppSDK_1.2.3.ExtraUsageUtils: onResume-onPause-onStop ignore stop,because the onResume and onPause is the really pair
08-08 20:10:09.650 28519 28758 W DigitalAppSDK_1.2.3.ExtraUsageUtils: onResume-onPause-onStop ignore stop,because the onResume and onPause is the really pair
08-08 20:10:09.650 28519 28758 W DigitalAppSDK_1.2.3.ExtraUsageUtils: onResume-onPause-onStop ignore stop,because the onResume and onPause is the really pair
08-08 20:10:09.650 28519 28758 W DigitalAppSDK_1.2.3.ExtraUsageUtils: onResume-onPause-onStop ignore stop,because the onResume and onPause is the really pair
08-08 20:10:09.651 28519 28758 W DigitalAppSDK_1.2.3.ExtraUsageUtils: onResume-onPause-onStop ignore stop,because the onResume and onPause is the really pair
08-08 20:10:09.651 28519 28758 W DigitalAppSDK_1.2.3.ExtraUsageUtils: onResume-onPause-onStop ignore stop,because the onResume and onPause is the really pair
08-08 20:10:09.651 28519 28758 W DigitalAppSDK_1.2.3.ExtraUsageUtils: onResume-onPause-onStop ignore stop,because the onResume and onPause is the really pair
08-08 20:10:09.652 28519 28758 W DigitalAppSDK_1.2.3.ExtraUsageUtils: onResume-onPause-onStop ignore stop,because the onResume and onPause is the really pair
08-08 20:10:09.652 28519 28758 W DigitalAppSDK_1.2.3.ExtraUsageUtils: onResume-onPause-onStop ignore stop,because the onResume and onPause is the really pair
08-08 20:10:09.653 28519 28758 W DigitalAppSDK_1.2.3.ExtraUsageUtils: onResume-onPause-onStop ignore stop,because the onResume and onPause is the really pair
08-08 20:10:09.653 28519 28758 W DigitalAppSDK_1.2.3.ExtraUsageUtils: onResume-onPause-onStop ignore stop,because the onResume and onPause is the really pair
08-08 20:10:09.653 28519 28758 W DigitalAppSDK_1.2.3.ExtraUsageUtils: onResume-onPause-onStop ignore stop,because the onResume and onPause is the really pair
08-08 20:10:09.654 28519 28758 W DigitalAppSDK_1.2.3.ExtraUsageUtils: onResume-onPause-onStop ignore stop,because the onResume and onPause is the really pair
08-08 20:10:09.654 28519 28758 W DigitalAppSDK_1.2.3.ExtraUsageUtils: onResume-onPause-onStop ignore stop,because the onResume and onPause is the really pair
08-08 20:10:09.654 28519 28758 W DigitalAppSDK_1.2.3.ExtraUsageUtils: onResume-onPause-onStop ignore stop,because the onResume and onPause is the really pair
08-08 20:10:09.655 28519 28758 W DigitalAppSDK_1.2.3.ExtraUsageUtils: onResume-onPause-onStop ignore stop,because the onResume and onPause is the really pair
08-08 20:10:09.655 28519 28758 W DigitalAppSDK_1.2.3.ExtraUsageUtils: onResume-onPause-onStop ignore stop,because the onResume and onPause is the really pair
08-08 20:10:09.655 28519 28758 W DigitalAppSDK_1.2.3.ExtraUsageUtils: onResume-onPause-onStop ignore stop,because the onResume and onPause is the really pair
08-08 20:10:09.656 28519 28758 W DigitalAppSDK_1.2.3.ExtraUsageUtils: onResume-onPause-onStop ignore stop,because the onResume and onPause is the really pair
08-08 20:10:09.656 28519 28758 W DigitalAppSDK_1.2.3.ExtraUsageUtils: onResume-onPause-onStop ignore stop,because the onResume and onPause is the really pair
08-08 20:10:09.657 28519 28758 W DigitalAppSDK_1.2.3.ExtraUsageUtils: onResume-onPause-onStop ignore stop,because the onResume and onPause is the really pair
08-08 20:10:09.657 28519 28758 W DigitalAppSDK_1.2.3.ExtraUsageUtils: onResume-onPause-onStop ignore stop,because the onResume and onPause is the really pair
08-08 20:10:09.657 28519 28758 W DigitalAppSDK_1.2.3.ExtraUsageUtils: onResume-onPause-onStop ignore stop,because the onResume and onPause is the really pair
08-08 20:10:09.658 28519 28758 W DigitalAppSDK_1.2.3.ExtraUsageUtils: onResume-onPause-onStop ignore stop,because the onResume and onPause is the really pair
08-08 20:10:09.658 28519 28758 W DigitalAppSDK_1.2.3.ExtraUsageUtils: onResume-onPause-onStop ignore stop,because the onResume and onPause is the really pair
08-08 20:10:09.658 28519 28758 W DigitalAppSDK_1.2.3.ExtraUsageUtils: onResume-onPause-onStop ignore stop,because the onResume and onPause is the really pair
08-08 20:10:09.659 28519 28758 W DigitalAppSDK_1.2.3.ExtraUsageUtils: onResume-onPause-onStop ignore stop,because the onResume and onPause is the really pair
08-08 20:10:09.659 28519 28758 W DigitalAppSDK_1.2.3.ExtraUsageUtils: onResume-onPause-onStop ignore stop,because the onResume and onPause is the really pair
08-08 20:10:09.659 28519 28758 W DigitalAppSDK_1.2.3.ExtraUsageUtils: onResume-onPause-onStop ignore stop,because the onResume and onPause is the really pair
08-08 20:10:09.659 28519 28758 W DigitalAppSDK_1.2.3.ExtraUsageUtils: onResume-onPause-onStop ignore stop,because the onResume and onPause is the really pair
08-08 20:10:09.660 28519 28758 W DigitalAppSDK_1.2.3.ExtraUsageUtils: onResume-onPause-onStop ignore stop,because the onResume and onPause is the really pair
08-08 20:10:09.660 28519 28758 W DigitalAppSDK_1.2.3.ExtraUsageUtils: onResume-onPause-onStop ignore stop,because the onResume and onPause is the really pair
08-08 20:10:09.660 28519 28758 W DigitalAppSDK_1.2.3.ExtraUsageUtils: onResume-onPause-onStop ignore stop,because the onResume and onPause is the really pair
08-08 20:10:09.661 28519 28758 W DigitalAppSDK_1.2.3.ExtraUsageUtils: onResume-onPause-onStop ignore stop,because the onResume and onPause is the really pair
08-08 20:10:09.661 28519 28758 W DigitalAppSDK_1.2.3.ExtraUsageUtils: onResume-onPause-onStop ignore stop,because the onResume and onPause is the really pair
08-08 20:10:09.662 28519 28758 W DigitalAppSDK_1.2.3.ExtraUsageUtils: onResume-onPause-onStop ignore stop,because the onResume and onPause is the really pair
08-08 20:10:09.662 28519 28758 W DigitalAppSDK_1.2.3.ExtraUsageUtils: onResume-onPause-onStop ignore stop,because the onResume and onPause is the really pair
08-08 20:10:09.663 28519 28758 W DigitalAppSDK_1.2.3.ExtraUsageUtils: onResume-onPause-onStop ignore stop,because the onResume and onPause is the really pair
08-08 20:10:09.665 28519 28758 W DigitalAppSDK_1.2.3.ExtraUsageUtils: onResume-onPause-onStop ignore stop,because the onResume and onPause is the really pair
08-08 20:10:09.665 28519 28758 W DigitalAppSDK_1.2.3.ExtraUsageUtils: onResume-onPause-onStop ignore stop,because the onResume and onPause is the really pair
08-08 20:10:09.666 28519 28758 W DigitalAppSDK_1.2.3.ExtraUsageUtils: onResume-onPause-onStop ignore stop,because the onResume and onPause is the really pair
08-08 20:10:09.666 28519 28758 W DigitalAppSDK_1.2.3.ExtraUsageUtils: onResume-onPause-onStop ignore stop,because the onResume and onPause is the really pair
08-08 20:10:09.666 28519 28758 W DigitalAppSDK_1.2.3.ExtraUsageUtils: onResume-onPause-onStop ignore stop,because the onResume and onPause is the really pair
08-08 20:10:09.666 28519 28758 W DigitalAppSDK_1.2.3.ExtraUsageUtils: onResume-onPause-onStop ignore stop,because the onResume and onPause is the really pair
08-08 20:10:09.667 28519 28758 W DigitalAppSDK_1.2.3.ExtraUsageUtils: onResume-onPause-onStop ignore stop,because the onResume and onPause is the really pair
08-08 20:10:09.667 28519 28758 W DigitalAppSDK_1.2.3.ExtraUsageUtils: onResume-onPause-onStop ignore stop,because the onResume and onPause is the really pair
08-08 20:10:09.677 28519 28758 W DigitalAppSDK_1.2.3.ExtraUsageUtils: onResume-onPause-onStop ignore stop,because the onResume and onPause is the really pair
08-08 20:10:09.677 28519 28758 W DigitalAppSDK_1.2.3.ExtraUsageUtils: onResume-onPause-onStop ignore stop,because the onResume and onPause is the really pair
08-08 20:10:09.677 28519 28758 W DigitalAppSDK_1.2.3.ExtraUsageUtils: onResume-onPause-onStop ignore stop,because the onResume and onPause is the really pair
08-08 20:10:09.677 28519 28758 W DigitalAppSDK_1.2.3.ExtraUsageUtils: onResume-onPause-onStop ignore stop,because the onResume and onPause is the really pair
08-08 20:10:09.678 28519 28758 W DigitalAppSDK_1.2.3.ExtraUsageUtils: onResume-onPause-onStop ignore stop,because the onResume and onPause is the really pair
08-08 20:10:09.678 28519 28758 W DigitalAppSDK_1.2.3.ExtraUsageUtils: onResume-onPause-onStop ignore stop,because the onResume and onPause is the really pair
08-08 20:10:09.678 28519 28758 W DigitalAppSDK_1.2.3.ExtraUsageUtils: onResume-onPause-onStop ignore stop,because the onResume and onPause is the really pair
08-08 20:10:09.678 28519 28758 W DigitalAppSDK_1.2.3.ExtraUsageUtils: onResume-onPause-onStop ignore stop,because the onResume and onPause is the really pair
08-08 20:10:09.679 28519 28758 W DigitalAppSDK_1.2.3.ExtraUsageUtils: onResume-onPause-onStop ignore stop,because the onResume and onPause is the really pair
08-08 20:10:09.679 28519 28758 W DigitalAppSDK_1.2.3.ExtraUsageUtils: onResume-onPause-onStop ignore stop,because the onResume and onPause is the really pair
08-08 20:10:09.679 28519 28758 W DigitalAppSDK_1.2.3.ExtraUsageUtils: onResume-onPause-onStop ignore stop,because the onResume and onPause is the really pair
08-08 20:10:09.682   896   896 E lowmemorykiller: device memory 235912 free 16717 file 224363
08-08 20:10:09.686 28519 29245 I CloudConfig: tn: aw-20092-BUSIN, dr: 344ms
08-08 20:10:09.688 28519 29227 I CloudConfig: tn: aw-50351-Track
08-08 20:10:09.692 28519 29227 I CloudConfig: tn: aw-50351-Track, dr: 4ms
08-08 20:10:09.697 28552 29452 D SessionLifecycleService: App has not yet foregrounded. Using previously stored session.
08-08 20:10:09.698 28552 28874 I MMKV    : Disable checkProcessMode()
08-08 20:10:09.698 28552 29452 D SessionLifecycleService: Client android.os.Messenger@7dc0614 bound at 542805403. Clients: 1
08-08 20:10:09.701  1479  1567 D BatteryChargeControl: bcc get no support from charging protocol
08-08 20:10:09.706 12944 13120 D bt_btif_gattc: [btif_gatt_client.cc:565] btif_gattc_write_char: 
08-08 20:10:09.707 12944 12969 D bluetooth: [att_protocol.cc:515] attp_cl_send_cmd: Sending ATT command to l2cap cid:0x0004 eatt_channels:0 transport:BT_TRANSPORT_LE
08-08 20:10:09.707 12944 12969 D bluetooth: [att_protocol.cc:389] attp_send_msg_to_l2cap: Sending ATT message on att fixed channel
08-08 20:10:09.708 12944 12969 D bt_l2cap: [l2c_api.cc:1545] L2CA_SendFixedChnlData: Enqueued data for CID: 0x0004 len:9
08-08 20:10:09.708 12944 12969 D l2c_link: [l2c_link.cc:1222] l2c_link_send_to_lower_ble: TotalWin=14,Hndl=0x4,Quota=16,Unack=2,RRQuota=0,RRUnack=0
08-08 20:10:09.709 12944 12969 I oplus_bt_stack_ble_event: report_stack_ble_last_data_transfer, 20:**:**:**:ca:c6
08-08 20:10:09.709 12944 12969 D bt_bta_gattc: [bta_gattc_act.cc:1272] bta_gattc_write_cmpl: Handling write response type: 1: handle 0x0045
08-08 20:10:09.715 28552 28874 I MMKV    : <MMKV.cpp:225::initializeMMKV> root dir: /data/user/0/com.heytap.market/files/mmkv
08-08 20:10:09.717   896   896 E lowmemorykiller: device memory 235216 free 16067 file 224317
08-08 20:10:09.721  3009  3712 I Osense-PsiDetector: 917,61,2936,4607,37,128,95,748,1134,366,509,0,4,5769
08-08 20:10:09.729 28519 28758 W DigitalAppSDK_1.2.3.ExtraUsageUtils: onResume-onPause-onStop ignore stop,because the onResume and onPause is the really pair
08-08 20:10:09.729  3009  3705 I Osense-BaseDecisionMaker: notifySceneToAthenaPolicy: SCENE_RES_MEM_PSI_NORMAL, bundle: Bundle[{memLevel=4}]
08-08 20:10:09.730 28519 28758 W DigitalAppSDK_1.2.3.ExtraUsageUtils: onResume-onPause-onStop ignore stop,because the onResume and onPause is the really pair
08-08 20:10:09.730 28519 28758 W DigitalAppSDK_1.2.3.ExtraUsageUtils: onResume-onPause-onStop ignore stop,because the onResume and onPause is the really pair
08-08 20:10:09.730 28519 28758 W DigitalAppSDK_1.2.3.ExtraUsageUtils: onResume-onPause-onStop ignore stop,because the onResume and onPause is the really pair
08-08 20:10:09.731 28552 28874 I MMKV    : <MemoryFile.cpp:98::open> open fd[0xf9], /data/user/0/com.heytap.market/files/mmkv/riskctrl_module_action_preferences
08-08 20:10:09.731 28519 28758 W DigitalAppSDK_1.2.3.ExtraUsageUtils: onResume-onPause-onStop ignore stop,because the onResume and onPause is the really pair
08-08 20:10:09.731 28519 28758 W DigitalAppSDK_1.2.3.ExtraUsageUtils: onResume-onPause-onStop ignore stop,because the onResume and onPause is the really pair
08-08 20:10:09.731 28519 28758 W DigitalAppSDK_1.2.3.ExtraUsageUtils: onResume-onPause-onStop ignore stop,because the onResume and onPause is the really pair
08-08 20:10:09.731 28519 28758 W DigitalAppSDK_1.2.3.ExtraUsageUtils: onResume-onPause-onStop ignore stop,because the onResume and onPause is the really pair
08-08 20:10:09.731 28519 28758 W DigitalAppSDK_1.2.3.ExtraUsageUtils: onResume-onPause-onStop ignore stop,because the onResume and onPause is the really pair
08-08 20:10:09.731 28519 28758 W DigitalAppSDK_1.2.3.ExtraUsageUtils: onResume-onPause-onStop ignore stop,because the onResume and onPause is the really pair
08-08 20:10:09.731 28519 28758 W DigitalAppSDK_1.2.3.ExtraUsageUtils: onResume-onPause-onStop ignore stop,because the onResume and onPause is the really pair
08-08 20:10:09.731 28519 28758 W DigitalAppSDK_1.2.3.ExtraUsageUtils: onResume-onPause-onStop ignore stop,because the onResume and onPause is the really pair
08-08 20:10:09.731 28519 28758 W DigitalAppSDK_1.2.3.ExtraUsageUtils: onResume-onPause-onStop ignore stop,because the onResume and onPause is the really pair
08-08 20:10:09.731 28519 28758 W DigitalAppSDK_1.2.3.ExtraUsageUtils: onResume-onPause-onStop ignore stop,because the onResume and onPause is the really pair
08-08 20:10:09.731 28519 28758 W DigitalAppSDK_1.2.3.ExtraUsageUtils: onResume-onPause-onStop ignore stop,because the onResume and onPause is the really pair
08-08 20:10:09.731 28519 28758 W DigitalAppSDK_1.2.3.ExtraUsageUtils: onResume-onPause-onStop ignore stop,because the onResume and onPause is the really pair
08-08 20:10:09.731 28519 28758 W DigitalAppSDK_1.2.3.ExtraUsageUtils: onResume-onPause-onStop ignore stop,because the onResume and onPause is the really pair
08-08 20:10:09.731 28519 28758 W DigitalAppSDK_1.2.3.ExtraUsageUtils: onResume-onPause-onStop ignore stop,because the onResume and onPause is the really pair
08-08 20:10:09.731 28519 28758 W DigitalAppSDK_1.2.3.ExtraUsageUtils: onResume-onPause-onStop ignore stop,because the onResume and onPause is the really pair
08-08 20:10:09.731 28519 28758 W DigitalAppSDK_1.2.3.ExtraUsageUtils: onResume-onPause-onStop ignore stop,because the onResume and onPause is the really pair
08-08 20:10:09.731 28519 28758 W DigitalAppSDK_1.2.3.ExtraUsageUtils: onResume-onPause-onStop ignore stop,because the onResume and onPause is the really pair
08-08 20:10:09.731 28519 28758 W DigitalAppSDK_1.2.3.ExtraUsageUtils: onResume-onPause-onStop ignore stop,because the onResume and onPause is the really pair
08-08 20:10:09.731 28519 28758 W DigitalAppSDK_1.2.3.ExtraUsageUtils: onResume-onPause-onStop ignore stop,because the onResume and onPause is the really pair
08-08 20:10:09.731 28519 28758 W DigitalAppSDK_1.2.3.ExtraUsageUtils: onResume-onPause-onStop ignore stop,because the onResume and onPause is the really pair
08-08 20:10:09.731 28519 28758 W DigitalAppSDK_1.2.3.ExtraUsageUtils: onResume-onPause-onStop ignore stop,because the onResume and onPause is the really pair
08-08 20:10:09.731 28519 28758 W DigitalAppSDK_1.2.3.ExtraUsageUtils: onResume-onPause-onStop ignore stop,because the onResume and onPause is the really pair
08-08 20:10:09.731 28519 28758 W DigitalAppSDK_1.2.3.ExtraUsageUtils: onResume-onPause-onStop ignore stop,because the onResume and onPause is the really pair
08-08 20:10:09.731 28519 28758 W DigitalAppSDK_1.2.3.ExtraUsageUtils: onResume-onPause-onStop ignore stop,because the onResume and onPause is the really pair
08-08 20:10:09.731 28519 28758 W DigitalAppSDK_1.2.3.ExtraUsageUtils: onResume-onPause-onStop ignore stop,because the onResume and onPause is the really pair
08-08 20:10:09.731 28519 28758 W DigitalAppSDK_1.2.3.ExtraUsageUtils: onResume-onPause-onStop ignore stop,because the onResume and onPause is the really pair
08-08 20:10:09.731 28519 28758 W DigitalAppSDK_1.2.3.ExtraUsageUtils: onResume-onPause-onStop ignore stop,because the onResume and onPause is the really pair
08-08 20:10:09.731 28519 28758 W DigitalAppSDK_1.2.3.ExtraUsageUtils: onResume-onPause-onStop ignore stop,because the onResume and onPause is the really pair
08-08 20:10:09.731 28519 28758 W DigitalAppSDK_1.2.3.ExtraUsageUtils: onResume-onPause-onStop ignore stop,because the onResume and onPause is the really pair
08-08 20:10:09.731 28519 28758 W DigitalAppSDK_1.2.3.ExtraUsageUtils: onResume-onPause-onStop ignore stop,because the onResume and onPause is the really pair
08-08 20:10:09.731 28519 28758 W DigitalAppSDK_1.2.3.ExtraUsageUtils: onResume-onPause-onStop ignore stop,because the onResume and onPause is the really pair
08-08 20:10:09.731 28519 28758 W DigitalAppSDK_1.2.3.ExtraUsageUtils: onResume-onPause-onStop ignore stop,because the onResume and onPause is the really pair
08-08 20:10:09.731 28519 28758 W DigitalAppSDK_1.2.3.ExtraUsageUtils: onResume-onPause-onStop ignore stop,because the onResume and onPause is the really pair
08-08 20:10:09.731 28519 28758 W DigitalAppSDK_1.2.3.ExtraUsageUtils: onResume-onPause-onStop ignore stop,because the onResume and onPause is the really pair
08-08 20:10:09.732 28519 28758 W DigitalAppSDK_1.2.3.ExtraUsageUtils: onResume-onPause-onStop ignore stop,because the onResume and onPause is the really pair
08-08 20:10:09.732 28519 28758 W DigitalAppSDK_1.2.3.ExtraUsageUtils: onResume-onPause-onStop ignore stop,because the onResume and onPause is the really pair
08-08 20:10:09.732 28519 28758 W DigitalAppSDK_1.2.3.ExtraUsageUtils: onResume-onPause-onStop ignore stop,because the onResume and onPause is the really pair
08-08 20:10:09.732 28519 28758 W DigitalAppSDK_1.2.3.ExtraUsageUtils: onResume-onPause-onStop ignore stop,because the onResume and onPause is the really pair
08-08 20:10:09.732 28519 28758 W DigitalAppSDK_1.2.3.ExtraUsageUtils: onResume-onPause-onStop ignore stop,because the onResume and onPause is the really pair
08-08 20:10:09.732 28519 28758 W DigitalAppSDK_1.2.3.ExtraUsageUtils: onResume-onPause-onStop ignore stop,because the onResume and onPause is the really pair
08-08 20:10:09.732 28519 28758 W DigitalAppSDK_1.2.3.ExtraUsageUtils: onResume-onPause-onStop ignore stop,because the onResume and onPause is the really pair
08-08 20:10:09.732 28519 28758 W DigitalAppSDK_1.2.3.ExtraUsageUtils: onResume-onPause-onStop ignore stop,because the onResume and onPause is the really pair
08-08 20:10:09.732 28519 28758 W DigitalAppSDK_1.2.3.ExtraUsageUtils: onResume-onPause-onStop ignore stop,because the onResume and onPause is the really pair
08-08 20:10:09.732 28519 28758 W DigitalAppSDK_1.2.3.ExtraUsageUtils: onResume-onPause-onStop ignore stop,because the onResume and onPause is the really pair
08-08 20:10:09.732 28519 28758 W DigitalAppSDK_1.2.3.ExtraUsageUtils: onResume-onPause-onStop ignore stop,because the onResume and onPause is the really pair
08-08 20:10:09.732 28519 28758 W DigitalAppSDK_1.2.3.ExtraUsageUtils: onResume-onPause-onStop ignore stop,because the onResume and onPause is the really pair
08-08 20:10:09.732 28519 28758 W DigitalAppSDK_1.2.3.ExtraUsageUtils: onResume-onPause-onStop ignore stop,because the onResume and onPause is the really pair
08-08 20:10:09.732 28519 28758 W DigitalAppSDK_1.2.3.ExtraUsageUtils: onResume-onPause-onStop ignore stop,because the onResume and onPause is the really pair
08-08 20:10:09.732 28519 28758 W DigitalAppSDK_1.2.3.ExtraUsageUtils: onResume-onPause-onStop ignore stop,because the onResume and onPause is the really pair
08-08 20:10:09.732 28519 28758 W DigitalAppSDK_1.2.3.ExtraUsageUtils: onResume-onPause-onStop ignore stop,because the onResume and onPause is the really pair
08-08 20:10:09.732 28519 28758 W DigitalAppSDK_1.2.3.ExtraUsageUtils: onResume-onPause-onStop ignore stop,because the onResume and onPause is the really pair
08-08 20:10:09.732 28519 28758 W DigitalAppSDK_1.2.3.ExtraUsageUtils: onResume-onPause-onStop ignore stop,because the onResume and onPause is the really pair
08-08 20:10:09.732 28519 28758 W DigitalAppSDK_1.2.3.ExtraUsageUtils: onResume-onPause-onStop ignore stop,because the onResume and onPause is the really pair
08-08 20:10:09.732 28519 28758 W DigitalAppSDK_1.2.3.ExtraUsageUtils: onResume-onPause-onStop ignore stop,because the onResume and onPause is the really pair
08-08 20:10:09.732 28519 28758 W DigitalAppSDK_1.2.3.ExtraUsageUtils: onResume-onPause-onStop ignore stop,because the onResume and onPause is the really pair
08-08 20:10:09.732 28519 28758 W DigitalAppSDK_1.2.3.ExtraUsageUtils: onResume-onPause-onStop ignore stop,because the onResume and onPause is the really pair
08-08 20:10:09.732 28519 28758 W DigitalAppSDK_1.2.3.ExtraUsageUtils: onResume-onPause-onStop ignore stop,because the onResume and onPause is the really pair
08-08 20:10:09.732 28519 28758 W DigitalAppSDK_1.2.3.ExtraUsageUtils: onResume-onPause-onStop ignore stop,because the onResume and onPause is the really pair
08-08 20:10:09.732 28519 28758 W DigitalAppSDK_1.2.3.ExtraUsageUtils: onResume-onPause-onStop ignore stop,because the onResume and onPause is the really pair
08-08 20:10:09.732 28519 28758 W DigitalAppSDK_1.2.3.ExtraUsageUtils: onResume-onPause-onStop ignore stop,because the onResume and onPause is the really pair
08-08 20:10:09.732 28519 28758 W DigitalAppSDK_1.2.3.ExtraUsageUtils: onResume-onPause-onStop ignore stop,because the onResume and onPause is the really pair
08-08 20:10:09.732 28519 28758 W DigitalAppSDK_1.2.3.ExtraUsageUtils: onResume-onPause-onStop ignore stop,because the onResume and onPause is the really pair
08-08 20:10:09.732 28519 28758 W DigitalAppSDK_1.2.3.ExtraUsageUtils: onResume-onPause-onStop ignore stop,because the onResume and onPause is the really pair
08-08 20:10:09.732 28519 28758 W DigitalAppSDK_1.2.3.ExtraUsageUtils: onResume-onPause-onStop ignore stop,because the onResume and onPause is the really pair
08-08 20:10:09.732  3009  3705 I Osense-BaseDecisionMaker: scene: SCENE_RES_MEM_PSI_NORMAL, excutingPolicy: clear
08-08 20:10:09.732 28519 28758 W DigitalAppSDK_1.2.3.ExtraUsageUtils: onResume-onPause-onStop ignore stop,because the onResume and onPause is the really pair
08-08 20:10:09.732 28519 28758 W DigitalAppSDK_1.2.3.ExtraUsageUtils: onResume-onPause-onStop ignore stop,because the onResume and onPause is the really pair
08-08 20:10:09.732 28519 28758 W DigitalAppSDK_1.2.3.ExtraUsageUtils: onResume-onPause-onStop ignore stop,because the onResume and onPause is the really pair
08-08 20:10:09.732 28519 28758 W DigitalAppSDK_1.2.3.ExtraUsageUtils: onResume-onPause-onStop ignore stop,because the onResume and onPause is the really pair
08-08 20:10:09.732 28519 28758 W DigitalAppSDK_1.2.3.ExtraUsageUtils: onResume-onPause-onStop ignore stop,because the onResume and onPause is the really pair
08-08 20:10:09.733 28519 28758 W DigitalAppSDK_1.2.3.ExtraUsageUtils: onResume-onPause-onStop ignore stop,because the onResume and onPause is the really pair
08-08 20:10:09.733 28519 28758 W DigitalAppSDK_1.2.3.ExtraUsageUtils: onResume-onPause-onStop ignore stop,because the onResume and onPause is the really pair
08-08 20:10:09.733 28519 28758 W DigitalAppSDK_1.2.3.ExtraUsageUtils: onResume-onPause-onStop ignore stop,because the onResume and onPause is the really pair
08-08 20:10:09.733 28519 28758 W DigitalAppSDK_1.2.3.ExtraUsageUtils: onResume-onPause-onStop ignore stop,because the onResume and onPause is the really pair
08-08 20:10:09.733 28519 28758 W DigitalAppSDK_1.2.3.ExtraUsageUtils: onResume-onPause-onStop ignore stop,because the onResume and onPause is the really pair
08-08 20:10:09.733 28519 28758 W DigitalAppSDK_1.2.3.ExtraUsageUtils: onResume-onPause-onStop ignore stop,because the onResume and onPause is the really pair
08-08 20:10:09.733 28519 28758 W DigitalAppSDK_1.2.3.ExtraUsageUtils: onResume-onPause-onStop ignore stop,because the onResume and onPause is the really pair
08-08 20:10:09.733 28519 28758 W DigitalAppSDK_1.2.3.ExtraUsageUtils: onResume-onPause-onStop ignore stop,because the onResume and onPause is the really pair
08-08 20:10:09.733 28519 28758 W DigitalAppSDK_1.2.3.ExtraUsageUtils: onResume-onPause-onStop ignore stop,because the onResume and onPause is the really pair
08-08 20:10:09.733 28519 28758 W DigitalAppSDK_1.2.3.ExtraUsageUtils: onResume-onPause-onStop ignore stop,because the onResume and onPause is the really pair
08-08 20:10:09.733 28519 28758 W DigitalAppSDK_1.2.3.ExtraUsageUtils: onResume-onPause-onStop ignore stop,because the onResume and onPause is the really pair
08-08 20:10:09.733 28519 28758 W DigitalAppSDK_1.2.3.ExtraUsageUtils: onResume-onPause-onStop ignore stop,because the onResume and onPause is the really pair
08-08 20:10:09.733 28519 28758 W DigitalAppSDK_1.2.3.ExtraUsageUtils: onResume-onPause-onStop ignore stop,because the onResume and onPause is the really pair
08-08 20:10:09.733 28519 28758 W DigitalAppSDK_1.2.3.ExtraUsageUtils: onResume-onPause-onStop ignore stop,because the onResume and onPause is the really pair
08-08 20:10:09.733 28519 28758 W DigitalAppSDK_1.2.3.ExtraUsageUtils: onResume-onPause-onStop ignore stop,because the onResume and onPause is the really pair
08-08 20:10:09.733 28519 28758 W DigitalAppSDK_1.2.3.ExtraUsageUtils: onResume-onPause-onStop ignore stop,because the onResume and onPause is the really pair
08-08 20:10:09.733 28519 28758 W DigitalAppSDK_1.2.3.ExtraUsageUtils: onResume-onPause-onStop ignore stop,because the onResume and onPause is the really pair
08-08 20:10:09.733 28519 28758 W DigitalAppSDK_1.2.3.ExtraUsageUtils: onResume-onPause-onStop ignore stop,because the onResume and onPause is the really pair
08-08 20:10:09.733  3009  3705 D Osense-BaseDecisionMaker: invoke clear policy,type: cached
08-08 20:10:09.733 28519 28758 W DigitalAppSDK_1.2.3.ExtraUsageUtils: onResume-onPause-onStop ignore stop,because the onResume and onPause is the really pair
08-08 20:10:09.733 28519 28758 W DigitalAppSDK_1.2.3.ExtraUsageUtils: onResume-onPause-onStop ignore stop,because the onResume and onPause is the really pair
08-08 20:10:09.733 28519 28758 W DigitalAppSDK_1.2.3.ExtraUsageUtils: onResume-onPause-onStop ignore stop,because the onResume and onPause is the really pair
08-08 20:10:09.733 28519 28758 W DigitalAppSDK_1.2.3.ExtraUsageUtils: onResume-onPause-onStop ignore stop,because the onResume and onPause is the really pair
08-08 20:10:09.733 28519 28758 W DigitalAppSDK_1.2.3.ExtraUsageUtils: onResume-onPause-onStop ignore stop,because the onResume and onPause is the really pair
08-08 20:10:09.733 28519 28758 W DigitalAppSDK_1.2.3.ExtraUsageUtils: onResume-onPause-onStop ignore stop,because the onResume and onPause is the really pair
08-08 20:10:09.733 28519 28758 W DigitalAppSDK_1.2.3.ExtraUsageUtils: onResume-onPause-onStop ignore stop,because the onResume and onPause is the really pair
08-08 20:10:09.733 28519 28758 W DigitalAppSDK_1.2.3.ExtraUsageUtils: onResume-onPause-onStop ignore stop,because the onResume and onPause is the really pair
08-08 20:10:09.733 28519 28758 W DigitalAppSDK_1.2.3.ExtraUsageUtils: onResume-onPause-onStop ignore stop,because the onResume and onPause is the really pair
08-08 20:10:09.733 28519 28758 W DigitalAppSDK_1.2.3.ExtraUsageUtils: onResume-onPause-onStop ignore stop,because the onResume and onPause is the really pair
08-08 20:10:09.733 28519 28758 W DigitalAppSDK_1.2.3.ExtraUsageUtils: onResume-onPause-onStop ignore stop,because the onResume and onPause is the really pair
08-08 20:10:09.733 28519 28758 W DigitalAppSDK_1.2.3.ExtraUsageUtils: onResume-onPause-onStop ignore stop,because the onResume and onPause is the really pair
08-08 20:10:09.733 28519 28758 W DigitalAppSDK_1.2.3.ExtraUsageUtils: onResume-onPause-onStop ignore stop,because the onResume and onPause is the really pair
08-08 20:10:09.733 28519 28758 W DigitalAppSDK_1.2.3.ExtraUsageUtils: onResume-onPause-onStop ignore stop,because the onResume and onPause is the really pair
08-08 20:10:09.733 28519 28758 W DigitalAppSDK_1.2.3.ExtraUsageUtils: onResume-onPause-onStop ignore stop,because the onResume and onPause is the really pair
08-08 20:10:09.733  3009  3705 I Osense-BaseDecisionMaker: notifySceneToAthenaPolicy: SCENE_RES_MEM_PSI_LEAK, bundle: Bundle[{memLevel=4}]
08-08 20:10:09.733 28519 28758 W DigitalAppSDK_1.2.3.ExtraUsageUtils: onResume-onPause-onStop ignore stop,because the onResume and onPause is the really pair
08-08 20:10:09.733 28519 28758 W DigitalAppSDK_1.2.3.ExtraUsageUtils: onResume-onPause-onStop ignore stop,because the onResume and onPause is the really pair
08-08 20:10:09.733 28519 28758 W DigitalAppSDK_1.2.3.ExtraUsageUtils: onResume-onPause-onStop ignore stop,because the onResume and onPause is the really pair
08-08 20:10:09.733 28519 28758 W DigitalAppSDK_1.2.3.ExtraUsageUtils: onResume-onPause-onStop ignore stop,because the onResume and onPause is the really pair
08-08 20:10:09.733 28519 28758 W DigitalAppSDK_1.2.3.ExtraUsageUtils: onResume-onPause-onStop ignore stop,because the onResume and onPause is the really pair
08-08 20:10:09.733 28519 28758 W DigitalAppSDK_1.2.3.ExtraUsageUtils: onResume-onPause-onStop ignore stop,because the onResume and onPause is the really pair
08-08 20:10:09.733 28519 28758 W DigitalAppSDK_1.2.3.ExtraUsageUtils: onResume-onPause-onStop ignore stop,because the onResume and onPause is the really pair
08-08 20:10:09.733 28519 28758 W DigitalAppSDK_1.2.3.ExtraUsageUtils: onResume-onPause-onStop ignore stop,because the onResume and onPause is the really pair
08-08 20:10:09.733 28519 28758 W DigitalAppSDK_1.2.3.ExtraUsageUtils: onResume-onPause-onStop ignore stop,because the onResume and onPause is the really pair
08-08 20:10:09.733 28519 28758 W DigitalAppSDK_1.2.3.ExtraUsageUtils: onResume-onPause-onStop ignore stop,because the onResume and onPause is the really pair
08-08 20:10:09.734 28519 28758 W DigitalAppSDK_1.2.3.ExtraUsageUtils: onResume-onPause-onStop ignore stop,because the onResume and onPause is the really pair
08-08 20:10:09.734 28519 28758 W DigitalAppSDK_1.2.3.ExtraUsageUtils: onResume-onPause-onStop ignore stop,because the onResume and onPause is the really pair
08-08 20:10:09.734 28519 28758 W DigitalAppSDK_1.2.3.ExtraUsageUtils: onResume-onPause-onStop ignore stop,because the onResume and onPause is the really pair
08-08 20:10:09.734 28519 28758 W DigitalAppSDK_1.2.3.ExtraUsageUtils: onResume-onPause-onStop ignore stop,because the onResume and onPause is the really pair
08-08 20:10:09.734 28519 28758 W DigitalAppSDK_1.2.3.ExtraUsageUtils: onResume-onPause-onStop ignore stop,because the onResume and onPause is the really pair
08-08 20:10:09.734 28519 28758 W DigitalAppSDK_1.2.3.ExtraUsageUtils: onResume-onPause-onStop ignore stop,because the onResume and onPause is the really pair
08-08 20:10:09.734 28519 28758 W DigitalAppSDK_1.2.3.ExtraUsageUtils: onResume-onPause-onStop ignore stop,because the onResume and onPause is the really pair
08-08 20:10:09.734 28519 28758 W DigitalAppSDK_1.2.3.ExtraUsageUtils: onResume-onPause-onStop ignore stop,because the onResume and onPause is the really pair
08-08 20:10:09.734 28519 28758 W DigitalAppSDK_1.2.3.ExtraUsageUtils: onResume-onPause-onStop ignore stop,because the onResume and onPause is the really pair
08-08 20:10:09.734 28519 28758 W DigitalAppSDK_1.2.3.ExtraUsageUtils: onResume-onPause-onStop ignore stop,because the onResume and onPause is the really pair
08-08 20:10:09.734 28519 28758 W DigitalAppSDK_1.2.3.ExtraUsageUtils: onResume-onPause-onStop ignore stop,because the onResume and onPause is the really pair
08-08 20:10:09.734 28519 28758 W DigitalAppSDK_1.2.3.ExtraUsageUtils: onResume-onPause-onStop ignore stop,because the onResume and onPause is the really pair
08-08 20:10:09.734 28519 28758 W DigitalAppSDK_1.2.3.ExtraUsageUtils: onResume-onPause-onStop ignore stop,because the onResume and onPause is the really pair
08-08 20:10:09.734 28519 28758 W DigitalAppSDK_1.2.3.ExtraUsageUtils: onResume-onPause-onStop ignore stop,because the onResume and onPause is the really pair
08-08 20:10:09.734 28519 28758 W DigitalAppSDK_1.2.3.ExtraUsageUtils: onResume-onPause-onStop ignore stop,because the onResume and onPause is the really pair
08-08 20:10:09.734 28519 28758 W DigitalAppSDK_1.2.3.ExtraUsageUtils: onResume-onPause-onStop ignore stop,because the onResume and onPause is the really pair
08-08 20:10:09.734 28519 28758 W DigitalAppSDK_1.2.3.ExtraUsageUtils: onResume-onPause-onStop ignore stop,because the onResume and onPause is the really pair
08-08 20:10:09.734 28519 28758 W DigitalAppSDK_1.2.3.ExtraUsageUtils: onResume-onPause-onStop ignore stop,because the onResume and onPause is the really pair
08-08 20:10:09.734 28519 28758 W DigitalAppSDK_1.2.3.ExtraUsageUtils: onResume-onPause-onStop ignore stop,because the onResume and onPause is the really pair
08-08 20:10:09.734 28519 28758 W DigitalAppSDK_1.2.3.ExtraUsageUtils: onResume-onPause-onStop ignore stop,because the onResume and onPause is the really pair
08-08 20:10:09.734 28519 28758 W DigitalAppSDK_1.2.3.ExtraUsageUtils: onResume-onPause-onStop ignore stop,because the onResume and onPause is the really pair
08-08 20:10:09.734 28519 28758 W DigitalAppSDK_1.2.3.ExtraUsageUtils: onResume-onPause-onStop ignore stop,because the onResume and onPause is the really pair
08-08 20:10:09.734 28519 28758 W DigitalAppSDK_1.2.3.ExtraUsageUtils: onResume-onPause-onStop ignore stop,because the onResume and onPause is the really pair
08-08 20:10:09.734 28519 28758 W DigitalAppSDK_1.2.3.ExtraUsageUtils: onResume-onPause-onStop ignore stop,because the onResume and onPause is the really pair
08-08 20:10:09.734 28519 28758 W DigitalAppSDK_1.2.3.ExtraUsageUtils: onResume-onPause-onStop ignore stop,because the onResume and onPause is the really pair
08-08 20:10:09.734 28519 28758 W DigitalAppSDK_1.2.3.ExtraUsageUtils: onResume-onPause-onStop ignore stop,because the onResume and onPause is the really pair
08-08 20:10:09.734 28519 28758 W DigitalAppSDK_1.2.3.ExtraUsageUtils: onResume-onPause-onStop ignore stop,because the onResume and onPause is the really pair
08-08 20:10:09.734 28519 28758 W DigitalAppSDK_1.2.3.ExtraUsageUtils: onResume-onPause-onStop ignore stop,because the onResume and onPause is the really pair
08-08 20:10:09.734 28519 28758 W DigitalAppSDK_1.2.3.ExtraUsageUtils: onResume-onPause-onStop ignore stop,because the onResume and onPause is the really pair
08-08 20:10:09.734 28519 28758 W DigitalAppSDK_1.2.3.ExtraUsageUtils: onResume-onPause-onStop ignore stop,because the onResume and onPause is the really pair
08-08 20:10:09.734 28519 28758 W DigitalAppSDK_1.2.3.ExtraUsageUtils: onResume-onPause-onStop ignore stop,because the onResume and onPause is the really pair
08-08 20:10:09.734 28519 28758 W DigitalAppSDK_1.2.3.ExtraUsageUtils: onResume-onPause-onStop ignore stop,because the onResume and onPause is the really pair
08-08 20:10:09.734 28519 28758 W DigitalAppSDK_1.2.3.ExtraUsageUtils: onResume-onPause-onStop ignore stop,because the onResume and onPause is the really pair
08-08 20:10:09.734 28519 28758 W DigitalAppSDK_1.2.3.ExtraUsageUtils: onResume-onPause-onStop ignore stop,because the onResume and onPause is the really pair
08-08 20:10:09.734 28519 28758 W DigitalAppSDK_1.2.3.ExtraUsageUtils: onResume-onPause-onStop ignore stop,because the onResume and onPause is the really pair
08-08 20:10:09.734 28519 28758 W DigitalAppSDK_1.2.3.ExtraUsageUtils: onResume-onPause-onStop ignore stop,because the onResume and onPause is the really pair
08-08 20:10:09.734 28519 28758 W DigitalAppSDK_1.2.3.ExtraUsageUtils: onResume-onPause-onStop ignore stop,because the onResume and onPause is the really pair
08-08 20:10:09.734 28519 28758 W DigitalAppSDK_1.2.3.ExtraUsageUtils: onResume-onPause-onStop ignore stop,because the onResume and onPause is the really pair
08-08 20:10:09.734 28519 28758 W DigitalAppSDK_1.2.3.ExtraUsageUtils: onResume-onPause-onStop ignore stop,because the onResume and onPause is the really pair
08-08 20:10:09.734 28519 28758 W DigitalAppSDK_1.2.3.ExtraUsageUtils: onResume-onPause-onStop ignore stop,because the onResume and onPause is the really pair
08-08 20:10:09.734 28519 28758 W DigitalAppSDK_1.2.3.ExtraUsageUtils: onResume-onPause-onStop ignore stop,because the onResume and onPause is the really pair
08-08 20:10:09.734 28519 28758 W DigitalAppSDK_1.2.3.ExtraUsageUtils: onResume-onPause-onStop ignore stop,because the onResume and onPause is the really pair
08-08 20:10:09.734 28519 28758 W DigitalAppSDK_1.2.3.ExtraUsageUtils: onResume-onPause-onStop ignore stop,because the onResume and onPause is the really pair
08-08 20:10:09.734 28519 28758 W DigitalAppSDK_1.2.3.ExtraUsageUtils: onResume-onPause-onStop ignore stop,because the onResume and onPause is the really pair
08-08 20:10:09.734 28519 28758 W DigitalAppSDK_1.2.3.ExtraUsageUtils: onResume-onPause-onStop ignore stop,because the onResume and onPause is the really pair
08-08 20:10:09.735 28519 28758 W DigitalAppSDK_1.2.3.ExtraUsageUtils: onResume-onPause-onStop ignore stop,because the onResume and onPause is the really pair
08-08 20:10:09.735 28519 28758 W DigitalAppSDK_1.2.3.ExtraUsageUtils: onResume-onPause-onStop ignore stop,because the onResume and onPause is the really pair
08-08 20:10:09.735 28519 28758 W DigitalAppSDK_1.2.3.ExtraUsageUtils: onResume-onPause-onStop ignore stop,because the onResume and onPause is the really pair
08-08 20:10:09.735 28519 28758 W DigitalAppSDK_1.2.3.ExtraUsageUtils: onResume-onPause-onStop ignore stop,because the onResume and onPause is the really pair
08-08 20:10:09.735 28519 28758 W DigitalAppSDK_1.2.3.ExtraUsageUtils: onResume-onPause-onStop ignore stop,because the onResume and onPause is the really pair
08-08 20:10:09.735 28519 28758 W DigitalAppSDK_1.2.3.ExtraUsageUtils: onResume-onPause-onStop ignore stop,because the onResume and onPause is the really pair
08-08 20:10:09.735 28519 28758 W DigitalAppSDK_1.2.3.ExtraUsageUtils: onResume-onPause-onStop ignore stop,because the onResume and onPause is the really pair
08-08 20:10:09.735 28519 28758 W DigitalAppSDK_1.2.3.ExtraUsageUtils: onResume-onPause-onStop ignore stop,because the onResume and onPause is the really pair
08-08 20:10:09.735 28519 28758 W DigitalAppSDK_1.2.3.ExtraUsageUtils: onResume-onPause-onStop ignore stop,because the onResume and onPause is the really pair
08-08 20:10:09.735 28519 28758 W DigitalAppSDK_1.2.3.ExtraUsageUtils: onResume-onPause-onStop ignore stop,because the onResume and onPause is the really pair
08-08 20:10:09.735 28519 28758 W DigitalAppSDK_1.2.3.ExtraUsageUtils: onResume-onPause-onStop ignore stop,because the onResume and onPause is the really pair
08-08 20:10:09.735 28519 28758 W DigitalAppSDK_1.2.3.ExtraUsageUtils: onResume-onPause-onStop ignore stop,because the onResume and onPause is the really pair
08-08 20:10:09.735 28519 28758 W DigitalAppSDK_1.2.3.ExtraUsageUtils: onResume-onPause-onStop ignore stop,because the onResume and onPause is the really pair
08-08 20:10:09.735 28519 28758 W DigitalAppSDK_1.2.3.ExtraUsageUtils: onResume-onPause-onStop ignore stop,because the onResume and onPause is the really pair
08-08 20:10:09.735 28519 28758 W DigitalAppSDK_1.2.3.ExtraUsageUtils: onResume-onPause-onStop ignore stop,because the onResume and onPause is the really pair
08-08 20:10:09.735 28519 28758 W DigitalAppSDK_1.2.3.ExtraUsageUtils: onResume-onPause-onStop ignore stop,because the onResume and onPause is the really pair
08-08 20:10:09.735 28519 28758 W DigitalAppSDK_1.2.3.ExtraUsageUtils: onResume-onPause-onStop ignore stop,because the onResume and onPause is the really pair
08-08 20:10:09.735 28519 28758 W DigitalAppSDK_1.2.3.ExtraUsageUtils: onResume-onPause-onStop ignore stop,because the onResume and onPause is the really pair
08-08 20:10:09.735 28519 28758 W DigitalAppSDK_1.2.3.ExtraUsageUtils: onResume-onPause-onStop ignore stop,because the onResume and onPause is the really pair
08-08 20:10:09.735 28519 28758 W DigitalAppSDK_1.2.3.ExtraUsageUtils: onResume-onPause-onStop ignore stop,because the onResume and onPause is the really pair
08-08 20:10:09.735 28519 28758 W DigitalAppSDK_1.2.3.ExtraUsageUtils: onResume-onPause-onStop ignore stop,because the onResume and onPause is the really pair
08-08 20:10:09.735 28519 28758 W DigitalAppSDK_1.2.3.ExtraUsageUtils: onResume-onPause-onStop ignore stop,because the onResume and onPause is the really pair
08-08 20:10:09.735 28519 28758 W DigitalAppSDK_1.2.3.ExtraUsageUtils: onResume-onPause-onStop ignore stop,because the onResume and onPause is the really pair
08-08 20:10:09.735 28519 28758 W DigitalAppSDK_1.2.3.ExtraUsageUtils: onResume-onPause-onStop ignore stop,because the onResume and onPause is the really pair
08-08 20:10:09.735 28519 28758 W DigitalAppSDK_1.2.3.ExtraUsageUtils: onResume-onPause-onStop ignore stop,because the onResume and onPause is the really pair
08-08 20:10:09.735 28519 28758 W DigitalAppSDK_1.2.3.ExtraUsageUtils: onResume-onPause-onStop ignore stop,because the onResume and onPause is the really pair
08-08 20:10:09.735 28519 28758 W DigitalAppSDK_1.2.3.ExtraUsageUtils: onResume-onPause-onStop ignore stop,because the onResume and onPause is the really pair
08-08 20:10:09.735 28519 28758 W DigitalAppSDK_1.2.3.ExtraUsageUtils: onResume-onPause-onStop ignore stop,because the onResume and onPause is the really pair
08-08 20:10:09.735 28519 28758 W DigitalAppSDK_1.2.3.ExtraUsageUtils: onResume-onPause-onStop ignore stop,because the onResume and onPause is the really pair
08-08 20:10:09.735 28519 28758 W DigitalAppSDK_1.2.3.ExtraUsageUtils: onResume-onPause-onStop ignore stop,because the onResume and onPause is the really pair
08-08 20:10:09.736 28519 28758 W DigitalAppSDK_1.2.3.ExtraUsageUtils: onResume-onPause-onStop ignore stop,because the onResume and onPause is the really pair
08-08 20:10:09.736 28519 28758 W DigitalAppSDK_1.2.3.ExtraUsageUtils: onResume-onPause-onStop ignore stop,because the onResume and onPause is the really pair
08-08 20:10:09.736 28519 28758 W DigitalAppSDK_1.2.3.ExtraUsageUtils: onResume-onPause-onStop ignore stop,because the onResume and onPause is the really pair
08-08 20:10:09.736 28519 28758 W DigitalAppSDK_1.2.3.ExtraUsageUtils: onResume-onPause-onStop ignore stop,because the onResume and onPause is the really pair
08-08 20:10:09.736 28519 28758 W DigitalAppSDK_1.2.3.ExtraUsageUtils: onResume-onPause-onStop ignore stop,because the onResume and onPause is the really pair
08-08 20:10:09.736 28519 28758 W DigitalAppSDK_1.2.3.ExtraUsageUtils: onResume-onPause-onStop ignore stop,because the onResume and onPause is the really pair
08-08 20:10:09.736 28519 28758 W DigitalAppSDK_1.2.3.ExtraUsageUtils: onResume-onPause-onStop ignore stop,because the onResume and onPause is the really pair
08-08 20:10:09.739  3009  3710 I OsenseKillAction: KillAction: [atomic clean] start name=lowmem, requestId=122336, startAvail=917, startFreeMB=60, purposeAvailMB=1200, purposeFreeMB=-1, anonRssTarget=283, minBgCount=0, swapTarget=0, scene=SCENE_RES_MEM_PSI_NORMAL, type=cached, qb=false, cchOnly=true, urgency=false, hoggingCpuPids={}, invalid-cnt=4
08-08 20:10:09.740  3009  3710 I OsenseKillAction: KillAction: [atomic clean] end: skip for no-killable-cached-process
08-08 20:10:09.740  3009  3710 I OsenseKillAction: KillAction: 283mb more anonRss to reclaim, 0mb more swapMb to reclaim, <skip> mem guard, cur avail=0mb, bundle: Bundle[{appcareThreshold=0, triggerMemory=1000, qbmode=false, memLevel=4, type=cached, level=1, scene=SCENE_RES_MEM_PSI_NORMAL, requestId=122336, purposeMemory=1200}]
08-08 20:10:09.740 28552 28874 I MMKV    : <MemoryFile.cpp:203::mmap> mmap to address [0x7589fec000], oldPtr [0x0], [/data/user/0/com.heytap.market/files/mmkv/riskctrl_module_action_preferences]
08-08 20:10:09.745 28552 28874 I MMKV    : <MemoryFile.cpp:98::open> open fd[0xfa], /data/user/0/com.heytap.market/files/mmkv/riskctrl_module_action_preferences.crc
08-08 20:10:09.747 28519 29025 W libc    : Unable to set property "oplus.systemclearservice.status" to "0": connection failed: Permission denied
08-08 20:10:09.759 28552 28874 I MMKV    : <MemoryFile.cpp:203::mmap> mmap to address [0x7589fb4000], oldPtr [0x0], [/data/user/0/com.heytap.market/files/mmkv/riskctrl_module_action_preferences.crc]
08-08 20:10:09.762  3009  5276 D UsageStatsService: User[0] type=0 b=1786050000000 e=1786136399999 cb=1786144208855 ce=1786209006333 disk=3509 all=3509
08-08 20:10:09.767 28665 28665 I Choreographer: Skipped 74 frames!  The application may be doing too much work on its main thread.
08-08 20:10:09.777 29277 29294 W SQLiteLog: (28) double-quoted string literal: "sys_unused_trash_files_path"
08-08 20:10:09.786   896   896 E lowmemorykiller: device memory 233904 free 14595 file 224480
08-08 20:10:09.787 28665 28677 I HWUI    : Davey! duration=2675ms; Flags=0, FrameTimelineVsyncId=160666188, IntendedVsync=542802919405131, Vsync=542804319405075, InputEventId=0, HandleInputStart=542804332728039, AnimationStart=542804332733299, PerformTraversalsStart=542804334452362, DrawStart=542805333474757, FrameDeadline=542802936071797, FrameInterval=542804330988872, FrameStartTime=16666666, SyncQueued=542805578977361, SyncStart=542805579152986, IssueDrawCommandsStart=542805581098507, SwapBuffers=542805588809445, FrameCompleted=542805595298351, DequeueBufferDuration=69063, QueueBufferDuration=818333, GpuCompleted=542805595298351, SwapBuffersCompleted=542805590546997, DisplayPresentTime=35188669607524, CommandSubmissionCompleted=542805588809445, 
08-08 20:10:09.788 28665 29460 D ProfileInstaller: Installing profile for com.hypernova.phone
08-08 20:10:09.799 29277 29294 W SQLiteLog: (28) double-quoted string literal: "apps_security_analysis_appconf"
08-08 20:10:09.821 29409 29409 D OplusUtils: OplusUtils [89]: 
08-08 20:10:09.828 28552 28874 I MMKV    : <MemoryFile.cpp:98::open> open fd[0xfd], /data/user/0/com.heytap.market/files/mmkv/riskctrl_command_preferences
08-08 20:10:09.829 29277 29294 W SQLiteLog: (28) double-quoted string literal: "safe_virus_certMD5_whitelist"
08-08 20:10:09.869 28552 28874 I MMKV    : <MemoryFile.cpp:203::mmap> mmap to address [0x7589f65000], oldPtr [0x0], [/data/user/0/com.heytap.market/files/mmkv/riskctrl_command_preferences]
08-08 20:10:09.885 28552 28874 I MMKV    : <MemoryFile.cpp:98::open> open fd[0xfe], /data/user/0/com.heytap.market/files/mmkv/riskctrl_command_preferences.crc
08-08 20:10:09.885 28552 28874 I MMKV    : <MemoryFile.cpp:203::mmap> mmap to address [0x7589f64000], oldPtr [0x0], [/data/user/0/com.heytap.market/files/mmkv/riskctrl_command_preferences.crc]
08-08 20:10:09.886   896   896 E lowmemorykiller: device memory 240255 free 17441 file 226387
08-08 20:10:09.889 29409 29409 E screencap: createInstance(64bit) : createExtendedFactory
08-08 20:10:09.895 29409 29409 E screencap: createInstance(64bit) : createExtendedFactory
08-08 20:10:09.895 29409 29409 E screencap: Opened libinputextensionsimpl.so
08-08 20:10:09.895 29409 29409 E screencap: Opened libinputextensionsimpl.so
08-08 20:10:09.896 28552 28874 I MMKV    : <MemoryFile.cpp:98::open> open fd[0xff], /data/user/0/com.heytap.market/files/mmkv/riskctrl_parsing_info_preferences
08-08 20:10:09.903 28552 28874 I MMKV    : <MemoryFile.cpp:203::mmap> mmap to address [0x7589f63000], oldPtr [0x0], [/data/user/0/com.heytap.market/files/mmkv/riskctrl_parsing_info_preferences]
08-08 20:10:09.907 29409 29409 W BpBinder: Linking to death on android.gui.ISurfaceComposer but there are no threads (yet?) listening to incoming transactions. See ProcessState::startThreadPool and ProcessState::setThreadPoolMaxThreadCount. Generally you should setup the binder threadpool before other initialization steps.
08-08 20:10:09.908 28552 28874 I MMKV    : <MemoryFile.cpp:98::open> open fd[0x100], /data/user/0/com.heytap.market/files/mmkv/riskctrl_parsing_info_preferences.crc
08-08 20:10:09.908 28552 28874 I MMKV    : <MemoryFile.cpp:203::mmap> mmap to address [0x7589f62000], oldPtr [0x0], [/data/user/0/com.heytap.market/files/mmkv/riskctrl_parsing_info_preferences.crc]
08-08 20:10:09.908 29409 29409 W ProcessState: Extra binder thread started, but 0 threads requested. Do not use *startThreadPool when zero threads are requested.
08-08 20:10:09.909  1598  1767 D SurfaceFlinger: captureDisplayById from pid 0 display 4630947257990075265
08-08 20:10:09.917 28552 28874 I MMKV    : <MemoryFile.cpp:98::open> open fd[0x101], /data/user/0/com.heytap.market/files/mmkv/riskctrl_ad_block_rule
08-08 20:10:09.926  3009  3712 I Osense-PsiDetector: 937,72,2925,4607,37,133,95,724,1144,369,516,0,4,5772
08-08 20:10:09.927 28552 28874 I MMKV    : <MemoryFile.cpp:203::mmap> mmap to address [0x7589f61000], oldPtr [0x0], [/data/user/0/com.heytap.market/files/mmkv/riskctrl_ad_block_rule]
08-08 20:10:09.927  3009  3705 I Osense-BaseDecisionMaker: notifySceneToAthenaPolicy: SCENE_RES_MEM_PSI_NORMAL, bundle: Bundle[{memLevel=3}]
08-08 20:10:09.931  3009  3705 I Osense-BaseDecisionMaker: scene: SCENE_RES_MEM_PSI_NORMAL, excutingPolicy: clear
08-08 20:10:09.931  3009  3705 D Osense-BaseDecisionMaker: invoke clear policy,type: cached
08-08 20:10:09.931 28552 28874 I MMKV    : <MemoryFile.cpp:98::open> open fd[0x102], /data/user/0/com.heytap.market/files/mmkv/riskctrl_ad_block_rule.crc
08-08 20:10:09.932  3009  3710 I OsenseKillAction: KillAction: [atomic clean] start name=lowmem, requestId=122337, startAvail=937, startFreeMB=72, purposeAvailMB=1200, purposeFreeMB=-1, anonRssTarget=263, minBgCount=0, swapTarget=0, scene=SCENE_RES_MEM_PSI_NORMAL, type=cached, qb=false, cchOnly=true, urgency=false, hoggingCpuPids={}, invalid-cnt=4
08-08 20:10:09.933  3009  3710 I OsenseKillAction: KillAction: [atomic clean] end: skip for no-killable-cached-process
08-08 20:10:09.933  3009  3710 I OsenseKillAction: KillAction: 263mb more anonRss to reclaim, 0mb more swapMb to reclaim, <skip> mem guard, cur avail=0mb, bundle: Bundle[{appcareThreshold=0, triggerMemory=1000, qbmode=false, memLevel=3, type=cached, level=1, scene=SCENE_RES_MEM_PSI_NORMAL, requestId=122337, purposeMemory=1200}]
08-08 20:10:09.933 28552 28874 I MMKV    : <MemoryFile.cpp:203::mmap> mmap to address [0x7589f0a000], oldPtr [0x0], [/data/user/0/com.heytap.market/files/mmkv/riskctrl_ad_block_rule.crc]
08-08 20:10:09.973 28552 28875 I MMKV    : <MMKV_IO.cpp:84::loadFromFile> loading [riskctrl_parsing_info_preferences] with 72 actual size, file size 4096, InterProcess 1, meta info version:3
08-08 20:10:09.977  3680  3902 I SystemUi--Statusbar: OplusNetworkSpeedControllExImpl-->updateNetworkSpeed: isConnected:true,isSwitchOn:true
08-08 20:10:09.979 28552 28875 I MMKV    : <MMKV_IO.cpp:89::loadFromFile> loading [riskctrl_parsing_info_preferences] with crc 2568718638 sequence 1 version 3
08-08 20:10:09.980 28552 28875 I MMKV    : <MMKV_IO.cpp:133::loadFromFile> loaded [riskctrl_parsing_info_preferences] with 2 key-values
08-08 20:10:09.983 28967 20991 I PhenotypeResourceReader: unable to find any Phenotype resource metadata for com.heytap.market
08-08 20:10:09.986  3680  3902 I SystemUi--Statusbar: OplusNetworkSpeedControllExImpl-->getTotalByte: totalRxBytes:29285640566,totalTxBytes:2707725375,loopbackTxBytes:6853497,loopbackRxBytes:6853497 ,totalBytes:31979658947
08-08 20:10:09.987   896   896 E lowmemorykiller: device memory 238309 free 15706 file 227610
08-08 20:10:10.026 28552 29333 I MSP-LOG-SDK-MspSdk: Sdk has initialized! version:2.0.1.14
08-08 20:10:10.029 28552 29307 I MSP-LOG-SDK-MspSdk: Sdk has initialized! version:2.0.1.14
08-08 20:10:10.032 28552 29307 E MSP-LOG-SDK-RateLimitManager: not_allow_invoke because of time_window_not_allow queue = [1786189227761], config = RateLimitConfig{maxCalls=1, timeWindowSeconds=21600, callIntervalSeconds=0}, ipcInvokeTimeQueueMapKey = com.heytap.nearx.tangramconfig.kit.client.ICloudCtrlServiceModule?@?global-domain_1281?@?1?@?com.heytap.market, has already call 1 times in 21600 seconds before
08-08 20:10:10.033 28552 29307 E MSP-LOG-SDK-: MspSdkException{code=3014,message=com.heytap.mspsdk.ratelimit.MspRateLimitExceededException: ipc rate limit exceeded in time window}
08-08 20:10:10.033 28552 29307 E MSP-LOG-SDK-: 	at com.heytap.mspsdk.ratelimit.b.Ϳ(SourceFile:56)
08-08 20:10:10.033 28552 29307 E MSP-LOG-SDK-: 	at com.heytap.mspsdk.interceptor.c.Ϳ(SourceFile:40)
08-08 20:10:10.033 28552 29307 E MSP-LOG-SDK-: 	at com.heytap.mspsdk.proxy.b.Ϳ(SourceFile:30)
08-08 20:10:10.033 28552 29307 E MSP-LOG-SDK-: 	at com.heytap.mspsdk.interceptor.c.Ϳ(SourceFile:40)
08-08 20:10:10.033 28552 29307 E MSP-LOG-SDK-: 	at com.heytap.mspsdk.proxy.f.invoke(SourceFile:203)
08-08 20:10:10.033 28552 29307 E MSP-LOG-SDK-: 	at java.lang.reflect.Proxy.invoke(Proxy.java:1009)
08-08 20:10:10.033 28552 29307 E MSP-LOG-SDK-: 	at $Proxy12.getDynamicCondition(Unknown Source)
08-08 20:10:10.033 28552 29307 E MSP-LOG-SDK-: 	at com.heytap.nearx.tangramconfig.kit.client.KitProxy.getDynamicCondition$lambda$1(SourceFile:26)
08-08 20:10:10.033 28552 29307 E MSP-LOG-SDK-: 	at com.heytap.nearx.tangramconfig.kit.client.KitProxy.Ϳ(SourceFile:1)
08-08 20:10:10.033 28552 29307 E MSP-LOG-SDK-: 	at a.a.a.x39.run(SourceFile:1)
08-08 20:10:10.033 28552 29307 E MSP-LOG-SDK-: 	at java.util.concurrent.ThreadPoolExecutor.runWorker(ThreadPoolExecutor.java:1100)
08-08 20:10:10.033 28552 29307 E MSP-LOG-SDK-: 	at java.util.concurrent.ThreadPoolExecutor$Worker.run(ThreadPoolExecutor.java:624)
08-08 20:10:10.033 28552 29307 E MSP-LOG-SDK-: 	at java.lang.Thread.run(Thread.java:1572)
08-08 20:10:10.037 28552 29333 E MSP-LOG-SDK-RateLimitManager: not_allow_invoke because of time_window_not_allow queue = [1786206734163], config = RateLimitConfig{maxCalls=1, timeWindowSeconds=7200, callIntervalSeconds=0}, ipcInvokeTimeQueueMapKey = com.heytap.nearx.tangramconfig.kit.client.ICloudCtrlServiceModule?@?global-domain_1281?@?4?@?com.heytap.market, has already call 1 times in 7200 seconds before
08-08 20:10:10.038 28552 29333 E MSP-LOG-SDK-: MspSdkException{code=3014,message=com.heytap.mspsdk.ratelimit.MspRateLimitExceededException: ipc rate limit exceeded in time window}
08-08 20:10:10.038 28552 29333 E MSP-LOG-SDK-: 	at com.heytap.mspsdk.ratelimit.b.Ϳ(SourceFile:56)
08-08 20:10:10.038 28552 29333 E MSP-LOG-SDK-: 	at com.heytap.mspsdk.interceptor.c.Ϳ(SourceFile:40)
08-08 20:10:10.038 28552 29333 E MSP-LOG-SDK-: 	at com.heytap.mspsdk.proxy.b.Ϳ(SourceFile:30)
08-08 20:10:10.038 28552 29333 E MSP-LOG-SDK-: 	at com.heytap.mspsdk.interceptor.c.Ϳ(SourceFile:40)
08-08 20:10:10.038 28552 29333 E MSP-LOG-SDK-: 	at com.heytap.mspsdk.proxy.f.invoke(SourceFile:203)
08-08 20:10:10.038 28552 29333 E MSP-LOG-SDK-: 	at java.lang.reflect.Proxy.invoke(Proxy.java:1009)
08-08 20:10:10.038 28552 29333 E MSP-LOG-SDK-: 	at $Proxy12.checkUpdateConfig(Unknown Source)
08-08 20:10:10.038 28552 29333 E MSP-LOG-SDK-: 	at com.heytap.nearx.tangramconfig.kit.client.KitProxy.checkUpdateConfig$lambda$7(SourceFile:21)
08-08 20:10:10.038 28552 29333 E MSP-LOG-SDK-: 	at com.heytap.nearx.tangramconfig.kit.client.KitProxy.Ԫ(SourceFile:1)
08-08 20:10:10.038 28552 29333 E MSP-LOG-SDK-: 	at a.a.a.a49.run(SourceFile:1)
08-08 20:10:10.038 28552 29333 E MSP-LOG-SDK-: 	at java.util.concurrent.ThreadPoolExecutor.runWorker(ThreadPoolExecutor.java:1100)
08-08 20:10:10.038 28552 29333 E MSP-LOG-SDK-: 	at java.util.concurrent.ThreadPoolExecutor$Worker.run(ThreadPoolExecutor.java:624)
08-08 20:10:10.038 28552 29333 E MSP-LOG-SDK-: 	at java.lang.Thread.run(Thread.java:1572)
08-08 20:10:10.041  1399 13000 I vendor.qti.bluetooth@1.0-ibs_handler: [ibs_handler.cpp:778] ProcessIbsCmd: Received IBS_WAKE_IND: 0xFD
08-08 20:10:10.041  1399 13000 I vendor.qti.bluetooth@1.0-ibs_handler: [ibs_handler.cpp:795] ProcessIbsCmd: Writing IBS_WAKE_ACK
08-08 20:10:10.043 28552 29314 D CloudConfig_stgyHelper: mspVersionCanSupport mspKitVersion : 2031315
08-08 20:10:10.045 28552 28874 I MMKV    : <MMKV_IO.cpp:214::loadMetaInfoAndCheck> meta file [riskctrl_module_action_preferences] has flag [0]
08-08 20:10:10.046 28552 29314 D CloudConfig_stgyHelper: getSupportKitMode strategyEntity : StrategyEntity(sdkInterval=1800000, strategyMode=1, minSDKVersion=1000, minKitVersion=2014122, validReqPeriod=7200000, maxReqProduct=100, forceKitIfKit=false, backoff=120000, enable=true, defaultLimit=RateLimitConfig{maxCalls=1, timeWindowSeconds=7200, callIntervalSeconds=0}, productLimits={50351=RateLimitConfig{maxCalls=1, timeWindowSeconds=7200, callIntervalSeconds=0}, compass_2=RateLimitConfig{maxCalls=1, timeWindowSeconds=7200, callIntervalSeconds=0}, mdp_1291=RateLimitConfig{maxCalls=1, timeWindowSeconds=7200, callIntervalSeconds=0}, global-domain_1281=RateLimitConfig{maxCalls=1, timeWindowSeconds=7200, callIntervalSeconds=0}, compass_20214=RateLimitConfig{maxCalls=1, timeWindowSeconds=7200, callIntervalSeconds=0}, compass_143100=RateLimitConfig{maxCalls=1, timeWindowSeconds=7200, callIntervalSeconds=0}, global-domain_1961=RateLimitConfig{maxCalls=1, timeWindowSeconds=7200, callIntervalSeconds=0}, mdp_2196=RateLimitConfig{maxCalls=1, timeWindowSeconds=7200, callIntervalSeconds=0}, mdp_2190=RateLimitConfig{maxCalls=1, timeWindowSeconds=7200, callIntervalSeconds=0}, compass_121100=RateLimitConfig{maxCalls=1, timeWindowSeconds=7200, callIntervalSeconds=0}})
08-08 20:10:10.046 28552 29314 D CloudConfig_stgyHelper: getSupportKitMode localSdkVersion : 1231
08-08 20:10:10.050 28552 29314 D CloudConfig_stgyHelper: mspVersionCanSupport mspKitVersion : 2031315
08-08 20:10:10.054 28552 29314 D CloudConfig_stgyHelper: getSupportKitMode strategyEntity : StrategyEntity(sdkInterval=1800000, strategyMode=1, minSDKVersion=1000, minKitVersion=2014122, validReqPeriod=7200000, maxReqProduct=100, forceKitIfKit=false, backoff=120000, enable=true, defaultLimit=RateLimitConfig{maxCalls=1, timeWindowSeconds=7200, callIntervalSeconds=0}, productLimits={50351=RateLimitConfig{maxCalls=1, timeWindowSeconds=7200, callIntervalSeconds=0}, compass_2=RateLimitConfig{maxCalls=1, timeWindowSeconds=7200, callIntervalSeconds=0}, mdp_1291=RateLimitConfig{maxCalls=1, timeWindowSeconds=7200, callIntervalSeconds=0}, global-domain_1281=RateLimitConfig{maxCalls=1, timeWindowSeconds=7200, callIntervalSeconds=0}, compass_20214=RateLimitConfig{maxCalls=1, timeWindowSeconds=7200, callIntervalSeconds=0}, compass_143100=RateLimitConfig{maxCalls=1, timeWindowSeconds=7200, callIntervalSeconds=0}, global-domain_1961=RateLimitConfig{maxCalls=1, timeWindowSeconds=7200, callIntervalSeconds=0}, mdp_2196=RateLimitConfig{maxCalls=1, timeWindowSeconds=7200, callIntervalSeconds=0}, mdp_2190=RateLimitConfig{maxCalls=1, timeWindowSeconds=7200, callIntervalSeconds=0}, compass_121100=RateLimitConfig{maxCalls=1, timeWindowSeconds=7200, callIntervalSeconds=0}})
08-08 20:10:10.056 28552 29314 D CloudConfig_stgyHelper: getSupportKitMode localSdkVersion : 1231
08-08 20:10:10.058 28552 28874 I MMKV    : <MMKV_IO.cpp:84::loadFromFile> loading [riskctrl_module_action_preferences] with 0 actual size, file size 4096, InterProcess 1, meta info version:4
08-08 20:10:10.059 28552 28874 I MMKV    : <MMKV_IO.cpp:133::loadFromFile> loaded [riskctrl_module_action_preferences] with 0 key-values
08-08 20:10:10.059 28552 29337 D CloudConfig_stgyHelper: mspVersionCanSupport mspKitVersion : 2031315
08-08 20:10:10.067  3009  3571 W ActivityManager: Receiver with filter android.content.IntentFilter@6e1d982 already registered for pid 28552, callerPackage is com.heytap.market
08-08 20:10:10.070 28552 29337 D CloudConfig_stgyHelper: 设置本地限频
08-08 20:10:10.077 28552 29339 I MSP-LOG-SDK-MspSdk: Sdk has initialized! version:2.0.1.14
08-08 20:10:10.082  1399 13000 I vendor.qti.bluetooth@1.0-ibs_handler: [ibs_handler.cpp:825] ProcessIbsCmd: Received IBS_SLEEP_IND: 0xFE
08-08 20:10:10.088   896   896 E lowmemorykiller: device memory 236129 free 16164 file 225137
08-08 20:10:10.104 28552 29119 W m.heytap.market: Suspending all threads took: 21.145ms
08-08 20:10:10.105  8090  8872 W MediaProvider: isAppCloneUserPair for user 0: false
08-08 20:10:10.113 28552 29339 E MSP-LOG-SDK-RateLimitManager: not_allow_invoke because of time_window_not_allow queue = [1786207969803], config = RateLimitConfig{maxCalls=1, timeWindowSeconds=21600, callIntervalSeconds=0}, ipcInvokeTimeQueueMapKey = com.heytap.nearx.tangramconfig.kit.client.ICloudCtrlServiceModule?@?compass_143100?@?1?@?com.heytap.market, has already call 1 times in 21600 seconds before
08-08 20:10:10.114 28552 29339 E MSP-LOG-SDK-: MspSdkException{code=3014,message=com.heytap.mspsdk.ratelimit.MspRateLimitExceededException: ipc rate limit exceeded in time window}
08-08 20:10:10.114 28552 29339 E MSP-LOG-SDK-: 	at com.heytap.mspsdk.ratelimit.b.Ϳ(SourceFile:56)
08-08 20:10:10.114 28552 29339 E MSP-LOG-SDK-: 	at com.heytap.mspsdk.interceptor.c.Ϳ(SourceFile:40)
08-08 20:10:10.114 28552 29339 E MSP-LOG-SDK-: 	at com.heytap.mspsdk.proxy.b.Ϳ(SourceFile:30)
08-08 20:10:10.114 28552 29339 E MSP-LOG-SDK-: 	at com.heytap.mspsdk.interceptor.c.Ϳ(SourceFile:40)
08-08 20:10:10.114 28552 29339 E MSP-LOG-SDK-: 	at com.heytap.mspsdk.proxy.f.invoke(SourceFile:203)
08-08 20:10:10.114 28552 29339 E MSP-LOG-SDK-: 	at java.lang.reflect.Proxy.invoke(Proxy.java:1009)
08-08 20:10:10.114 28552 29339 E MSP-LOG-SDK-: 	at $Proxy12.getDynamicCondition(Unknown Source)
08-08 20:10:10.114 28552 29339 E MSP-LOG-SDK-: 	at com.heytap.nearx.tangramconfig.kit.client.KitProxy.getDynamicCondition$lambda$1(SourceFile:26)
08-08 20:10:10.114 28552 29339 E MSP-LOG-SDK-: 	at com.heytap.nearx.tangramconfig.kit.client.KitProxy.Ϳ(SourceFile:1)
08-08 20:10:10.114 28552 29339 E MSP-LOG-SDK-: 	at a.a.a.x39.run(SourceFile:1)
08-08 20:10:10.114 28552 29339 E MSP-LOG-SDK-: 	at java.util.concurrent.ThreadPoolExecutor.runWorker(ThreadPoolExecutor.java:1100)
08-08 20:10:10.114 28552 29339 E MSP-LOG-SDK-: 	at java.util.concurrent.ThreadPoolExecutor$Worker.run(ThreadPoolExecutor.java:624)
08-08 20:10:10.114 28552 29339 E MSP-LOG-SDK-: 	at java.lang.Thread.run(Thread.java:1572)
08-08 20:10:10.117  1399 13000 I vendor.qti.bluetooth@1.0-ibs_handler: [ibs_handler.cpp:778] ProcessIbsCmd: Received IBS_WAKE_IND: 0xFD
08-08 20:10:10.117  1399 13000 I vendor.qti.bluetooth@1.0-ibs_handler: [ibs_handler.cpp:795] ProcessIbsCmd: Writing IBS_WAKE_ACK
08-08 20:10:10.120 12944 12969 D bluetooth: [acl_arbiter.cc:69] InterceptAttPacket: Intercepting ATT packet and forwarding to Rust
08-08 20:10:10.120 12944 12969 E Bluetooth: [gatt_main.cc:1078] gatt_data_process
08-08 20:10:10.120 12944 12969 I oplus_bt_stack_ble_event: report_stack_ble_last_data_transfer, 20:**:**:**:ca:c6
08-08 20:10:10.121 12944 13018 D bt_btif_gattc: [btif_gatt_client.cc:142] btif_gattc_upstreams_evt: Event BTA_GATTC_NOTIF_EVT [10]
08-08 20:10:10.124 12944 13120 D bt_btif_gattc: [btif_gatt_client.cc:565] btif_gattc_write_char: 
08-08 20:10:10.126 12944 12969 D bluetooth: [att_protocol.cc:515] attp_cl_send_cmd: Sending ATT command to l2cap cid:0x0004 eatt_channels:0 transport:BT_TRANSPORT_LE
08-08 20:10:10.126 12944 12969 D bluetooth: [att_protocol.cc:389] attp_send_msg_to_l2cap: Sending ATT message on att fixed channel
08-08 20:10:10.126 12944 12969 D bt_l2cap: [l2c_api.cc:1545] L2CA_SendFixedChnlData: Enqueued data for CID: 0x0004 len:9
08-08 20:10:10.126 12944 12969 D l2c_link: [l2c_link.cc:1222] l2c_link_send_to_lower_ble: TotalWin=15,Hndl=0x4,Quota=16,Unack=1,RRQuota=0,RRUnack=0
08-08 20:10:10.126 12944 12969 I oplus_bt_stack_ble_event: report_stack_ble_last_data_transfer, 20:**:**:**:ca:c6
08-08 20:10:10.126 12944 12969 D bt_bta_gattc: [bta_gattc_act.cc:1272] bta_gattc_write_cmpl: Handling write response type: 1: handle 0x0045
08-08 20:10:10.129 28552 29337 D CloudConfig_stgyHelper: mspVersionCanSupport mspKitVersion : 2031315
08-08 20:10:10.132 28552 29337 D CloudConfig_stgyHelper: getSupportKitMode strategyEntity : StrategyEntity(sdkInterval=1800000, strategyMode=1, minSDKVersion=1000, minKitVersion=2014122, validReqPeriod=7200000, maxReqProduct=100, forceKitIfKit=false, backoff=120000, enable=true, defaultLimit=RateLimitConfig{maxCalls=1, timeWindowSeconds=7200, callIntervalSeconds=0}, productLimits={50351=RateLimitConfig{maxCalls=1, timeWindowSeconds=7200, callIntervalSeconds=0}, compass_2=RateLimitConfig{maxCalls=1, timeWindowSeconds=7200, callIntervalSeconds=0}, mdp_1291=RateLimitConfig{maxCalls=1, timeWindowSeconds=7200, callIntervalSeconds=0}, global-domain_1281=RateLimitConfig{maxCalls=1, timeWindowSeconds=7200, callIntervalSeconds=0}, compass_20214=RateLimitConfig{maxCalls=1, timeWindowSeconds=7200, callIntervalSeconds=0}, compass_143100=RateLimitConfig{maxCalls=1, timeWindowSeconds=7200, callIntervalSeconds=0}, global-domain_1961=RateLimitConfig{maxCalls=1, timeWindowSeconds=7200, callIntervalSeconds=0}, mdp_2196=RateLimitConfig{maxCalls=1, timeWindowSeconds=7200, callIntervalSeconds=0}, mdp_2190=RateLimitConfig{maxCalls=1, timeWindowSeconds=7200, callIntervalSeconds=0}, compass_121100=RateLimitConfig{maxCalls=1, timeWindowSeconds=7200, callIntervalSeconds=0}})
08-08 20:10:10.133 28552 29337 D CloudConfig_stgyHelper: getSupportKitMode localSdkVersion : 1231
08-08 20:10:10.133  8490 29184 W PTC.DATATRANS.g: [com.hypernova.phone] removed. Stop sending intent
08-08 20:10:10.140 28552 29356 I FirebaseCrashlytics: Saved version control info
08-08 20:10:10.159 12944 12969 D bluetooth: [acl_arbiter.cc:69] InterceptAttPacket: Intercepting ATT packet and forwarding to Rust
08-08 20:10:10.159 12944 12969 E Bluetooth: [gatt_main.cc:1078] gatt_data_process
08-08 20:10:10.159 12944 12969 I oplus_bt_stack_ble_event: report_stack_ble_last_data_transfer, 20:**:**:**:ca:c6
08-08 20:10:10.159  3009  3083 D OplusAppDetailsManager: saveAppDetailsConfig Start
08-08 20:10:10.160 12944 13018 D bt_btif_gattc: [btif_gatt_client.cc:142] btif_gattc_upstreams_evt: Event BTA_GATTC_NOTIF_EVT [10]
08-08 20:10:10.189   896   896 E lowmemorykiller: device memory 234896 free 14712 file 225341
08-08 20:10:10.190  3009  3083 D OplusAppDetailsManager: saveAppDetailsConfig End
08-08 20:10:10.195  1399 13000 I vendor.qti.bluetooth@1.0-ibs_handler: [ibs_handler.cpp:825] ProcessIbsCmd: Received IBS_SLEEP_IND: 0xFE
08-08 20:10:10.217 31047  3500 D CustomLogManagerService: WorkHandler msg.what :5
08-08 20:10:10.223 31047  3500 D CustomLogManagerService: curTemp:324 limit:390
08-08 20:10:10.223 31047  3500 D CustomLogManagerService: checkUploadStatus: isSceenOn=true activeNetType=1 isCharging=true isUploading:false temperatureLimit:false
08-08 20:10:10.223 31047  3500 D CustomLogManagerService: sys.log.customer=false
08-08 20:10:10.223 31047  3500 D CustomLogManagerService: isHaveCustomLogCollecting :false
08-08 20:10:10.243  3009  3442 D WifiStaIfaceHidlImpl: getCachedScanData is not implemented by HIDL
08-08 20:10:10.252  4047  4047 D VendorWifiService: onEvent event:9,action:1
08-08 20:10:10.254  3009  3545 D OplusWifiPower_TriggerCenter: mComponentCallback: wifistat
08-08 20:10:10.265 28967 28013 I NetworkScheduler.Stats: (REDACTED) Task %s/%s started execution. cause:%s exec_start_elapsed_seconds: %s
08-08 20:10:10.279 28967 29472 I NetworkScheduler.Stats: (REDACTED) Task %s/%s finished executing. cause:%s result: %s elapsed_millis: %s uptime_millis: %s exec_start_elapsed_seconds: %s
08-08 20:10:10.290   896   896 E lowmemorykiller: device memory 233768 free 14182 file 224744
08-08 20:10:10.304  1399 13000 I vendor.qti.bluetooth@1.0-ibs_handler: [ibs_handler.cpp:778] ProcessIbsCmd: Received IBS_WAKE_IND: 0xFD
08-08 20:10:10.305  1399 13000 I vendor.qti.bluetooth@1.0-ibs_handler: [ibs_handler.cpp:795] ProcessIbsCmd: Writing IBS_WAKE_ACK
08-08 20:10:10.306 12944 12969 D bluetooth: [acl_arbiter.cc:69] InterceptAttPacket: Intercepting ATT packet and forwarding to Rust
08-08 20:10:10.306 12944 12969 E Bluetooth: [gatt_main.cc:1078] gatt_data_process
08-08 20:10:10.307 12944 12969 I oplus_bt_stack_ble_event: report_stack_ble_last_data_transfer, 20:**:**:**:ca:c6
08-08 20:10:10.307 28552 29119 I m.heytap.market: Explicit concurrent mark compact GC freed 4621KB AllocSpace bytes, 17(524KB) LOS objects, 24% free, 11MB/14MB, paused 28.307ms,51.298ms total 780.122ms
08-08 20:10:10.307 12944 13018 D bt_btif_gattc: [btif_gatt_client.cc:142] btif_gattc_upstreams_evt: Event BTA_GATTC_NOTIF_EVT [10]
08-08 20:10:10.309 19189 20451 D MoYoung : on24HourMeasureResult: CRPHeartRateInfo{startTime=1786136400000, heartRateList=[0, 0, 0, 0, 0, 0, 0, 0, 0, 0, 0, 0, 0, 0, 0, 0, 0, 0, 0, 0, 0, 0, 0, 0, 0, 0, 0, 0, 0, 0, 0, 0, 0, 0, 0, 0, 0, 0, 0, 0, 0, 0, 0, 0, 0, 0, 0, 0, 0, 0, 0, 0, 0, 0, 0, 0, 0, 0, 0, 0, 0, 0, 0, 0, 0, 0, 0, 0, 0, 0, 0, 0, 0, 0, 0, 0, 0, 0, 0, 0, 0, 0, 0, 0, 0, 0, 0, 0, 0, 0, 0, 0, 0, 0, 0, 0, 0, 0, 0, 0, 0, 0, 0, 0, 0, 0, 0, 0, 0, 0, 0, 0, 0, 0, 0, 0, 0, 0, 0, 0, 0, 0, 0, 0, 0, 0, 0, 0, 0, 0, 0, 0, 0, 0, 0, 0, 0, 0, 0, 0, 0, 0, 0, 0, 0, 0, 0, 0, 0, 0, 0, 0, 0, 0, 0, 0, 0, 0, 0, 0, 0, 0, 0, 0, 0, 0, 0, 0, 0, 0, 0, 0, 0, 0, 0, 0, 0, 0, 0, 0, 0, 0, 0, 0, 0, 0, 0, 0, 0, 0, 0, 0, 0, 0, 0, 0, 0, 0, 0, 0, 0, 0, 0, 0, 0, 0, 0, 0, 0, 0, 0, 0, 0, 0, 0, 0, 0, 0, 0, 0, 0, 0, 0, 0, 0, 0, 0, 0, 0, 0, 0, 0, 0, 0, 0, 0, 0, 0, 0, 0, 0, 0, 0, 0, 0, 0, 0, 0, 0, 0, 0, 0, 0, 0, 0, 0, 0, 0, 0, 0, 0, 0, 0, 0, 0, 0, 0, 0, 0, 0, 0, 0, 0, 0, 0, 0, 0, 0, 0, 0, 0, 0, 0, 0, 0, 0, 0, 0], timeInterval=5, isAllDay=true, historyDay=TODAY}
08-08 20:10:10.312 19189 20451 I HealthLife.full: BaseWearableDevice, Infinix XWatch N4, CA:C6, 0x000000041f0310102d, onTodayHeartRateData() heartRateInfo = WatchHeartRateBean(date=Sat Aug 08 00:00:00 GMT+03:00 2026, timeInterval=5, heartRateList=[0, 0, 0, 0, 0, 0, 0, 0, 0, 0, 0, 0, 0, 0, 0, 0, 0, 0, 0, 0, 0, 0, 0, 0, 0, 0, 0, 0, 0, 0, 0, 0, 0, 0, 0, 0, 0, 0, 0, 0, 0, 0, 0, 0, 0, 0, 0, 0, 0, 0, 0, 0, 0, 0, 0, 0, 0, 0, 0, 0, 0, 0, 0, 0, 0, 0, 0, 0, 0, 0, 0, 0, 0, 0, 0, 0, 0, 0, 0, 0, 0, 0, 0, 0, 0, 0, 0, 0, 0, 0, 0, 0, 0, 0, 0, 0, 0, 0, 0, 0, 0, 0, 0, 0, 0, 0, 0, 0, 0, 0, 0, 0, 0, 0, 0, 0, 0, 0, 0, 0, 0, 0, 0, 0, 0, 0, 0, 0, 0, 0, 0, 0, 0, 0, 0, 0, 0, 0, 0, 0, 0, 0, 0, 0, 0, 0, 0, 0, 0, 0, 0, 0, 0, 0, 0, 0, 0, 0, 0, 0, 0, 0, 0, 0, 0, 0, 0, 0, 0, 0, 0, 0, 0, 0, 0, 0, 0, 0, 0, 0, 0, 0, 0, 0, 0, 0, 0, 0, 0, 0, 0, 0, 0, 0, 0, 0, 0, 0, 0, 0, 0, 0, 0, 0, 0, 0, 0, 0, 0, 0, 0, 0, 0, 0, 0, 0, 0, 0, 0, 0, 0, 0, 0, 0, 0, 0, 0, 0, 0, 0, 0, 0, 0, 0, 0, 0, 0, 0, 0, 0, 0, 0, 0, 0, 0, 0, 0, 0, 0, 0, 0, 0, 0, 0, 0, 0, 0, 0, 0, 0, 0, 0, 0, 0, 0, 0, 0, 0, 0, 0, 0, 0, 0, 0, 0, 0, 0, 0, 0, 0, 0, 0, 0, 0, 0, 0, 0, 0])
08-08 20:10:10.314 19189 20451 I HealthLife.full: BaseWearableDevice, Infinix XWatch N4, CA:C6, 0x000000041f0310102d, onTodayHeartRateData() all of heartRateList are 0
08-08 20:10:10.321 28552 29118 I m.heytap.market: WaitForGcToComplete blocked Explicit on Explicit for 5.681s
08-08 20:10:10.323 28552 29117 I m.heytap.market: Waiting for a blocking GC Explicit
08-08 20:10:10.323 28552 29115 I m.heytap.market: Waiting for a blocking GC Explicit
08-08 20:10:10.325 28552 29116 I m.heytap.market: Waiting for a blocking GC Explicit
08-08 20:10:10.325 28552 28590 I m.heytap.market: WaitForGcToComplete blocked Background on Explicit for 788.417ms
08-08 20:10:10.348  1399 13000 I vendor.qti.bluetooth@1.0-ibs_handler: [ibs_handler.cpp:825] ProcessIbsCmd: Received IBS_SLEEP_IND: 0xFE
08-08 20:10:10.363 28967 29017 I NetworkScheduler.Stats: (REDACTED) Task %s/%s started execution. cause:%s exec_start_elapsed_seconds: %s
08-08 20:10:10.371  2259  2259 I cnss-daemon: nl80211 response handler invoked
08-08 20:10:10.372  2259  2259 I cnss-daemon: nl80211_response_handler: cmd 103, vendorID 4980, subcmd 13  received
08-08 20:10:10.372  1416 10610 I WifiHAL : event received NL80211_CMD_VENDOR, vendor_id = 0x1374, subcmd = 0xd
08-08 20:10:10.374 25458 25700 I PlayGamesServices[GamesSyncAdapter]: Starting sync for 8472a36e
08-08 20:10:10.386 25458 25700 I PlayGamesServices[GamesSyncAdapter]: Sync duration for 8472a36e: 2
08-08 20:10:10.391   896   896 E lowmemorykiller: device memory 233994 free 16035 file 223206
08-08 20:10:10.414 28967 29472 I NetworkScheduler.Stats: (REDACTED) Task %s/%s finished executing. cause:%s result: %s elapsed_millis: %s uptime_millis: %s exec_start_elapsed_seconds: %s
08-08 20:10:10.415 25458 27453 W OplusExSystemServiceHelper: checkOplusExSystemService intent getComponent is null
08-08 20:10:10.423 28519 29025 W LOG_FLOWCTRL: ==LOGS OVER PROC QUOTA(300), rows(161) bytes(34820) com.coloros.phonemanager DROPPED==
08-08 20:10:10.423 28519 29025 D WM-PackageManagerHelper: Skipping component enablement for androidx.work.impl.background.systemjob.SystemJobService
08-08 20:10:10.426 28519 29025 D WM-Schedulers: Created SystemJobScheduler and enabled SystemJobService
08-08 20:10:10.430 12944 13120 D bt_btif_gattc: [btif_gatt_client.cc:565] btif_gattc_write_char: 
08-08 20:10:10.431 12944 12969 D bluetooth: [att_protocol.cc:515] attp_cl_send_cmd: Sending ATT command to l2cap cid:0x0004 eatt_channels:0 transport:BT_TRANSPORT_LE
08-08 20:10:10.431 12944 12969 D bluetooth: [att_protocol.cc:389] attp_send_msg_to_l2cap: Sending ATT message on att fixed channel
08-08 20:10:10.431 12944 12969 D bt_l2cap: [l2c_api.cc:1545] L2CA_SendFixedChnlData: Enqueued data for CID: 0x0004 len:9
08-08 20:10:10.431 12944 12969 D l2c_link: [l2c_link.cc:1222] l2c_link_send_to_lower_ble: TotalWin=15,Hndl=0x4,Quota=16,Unack=1,RRQuota=0,RRUnack=0
08-08 20:10:10.431 12944 12969 I oplus_bt_stack_ble_event: report_stack_ble_last_data_transfer, 20:**:**:**:ca:c6
08-08 20:10:10.432 12944 12969 D bt_bta_gattc: [bta_gattc_act.cc:1272] bta_gattc_write_cmpl: Handling write response type: 1: handle 0x0045
08-08 20:10:10.435 25458 25673 W PlayGamesServices[UiUtils]: AppVersion: Cannot find the installed destination app.
08-08 20:10:10.437 25458 25673 I GetServiceValidatorImpl: (REDACTED) onGetService() from Client SDK version [%s], Module version [%s], PGA version [%s], Account [%s], Calling package [%s], Game package [%s]
08-08 20:10:10.439 25458 25673 I GetGamesServiceReqFacto: (REDACTED) Parsing request with ignored arguments. signInOptionsBundle [%s], isRetryingSignIn [%s], skipWelcomePopup [%s], requireGooglePlus [%s]
08-08 20:10:10.439 25458 25673 I GetGamesServiceReqFacto: Replacing request for `games` scope with `games_lite`
08-08 20:10:10.440 28519 29025 D WM-RemoteWorkManagerCli: Creating a new session
08-08 20:10:10.449  3009  3251 I ActivityManager: Broadcasting: Intent { act=android.intent.action.MEDIA_SCANNER_SCAN_FILE dat=file:///... flg=0x400000 }
08-08 20:10:10.450 25458 29484 I SignInPerformer-2: (REDACTED) Handling request [%s], isFirstPartyCaller [%s]
08-08 20:10:10.452 25458 29484 I SignInPerformer-2: Successfully brokered first-party unauthenticated GamesService [CONTEXT service_id=1 ]
08-08 20:10:10.453 28519 28519 I WM-RemoteWorkManagerSer: Binding to RemoteWorkManager
08-08 20:10:10.454  3009  3251 I ActivityManager: Enqueued broadcast Intent { act=android.intent.action.MEDIA_SCANNER_SCAN_FILE dat=file:///... flg=0x400000 }: 0
08-08 20:10:10.455 25458 29484 I GetGamesServiceV2Op: (REDACTED) Successfully brokered GamesService for request %s
08-08 20:10:10.456  1299  1346 E TetherController: property_get sys.radio.data.modem_share_flag return 0, 1!
08-08 20:10:10.457 25458 25673 W PlayGamesServices[UiUtils]: AppVersion: Cannot find the installed destination app.
08-08 20:10:10.457 25458 25673 W PlayGamesServices[UiUtils]: AppVersionName: Cannot find the installed destination app.
08-08 20:10:10.480  8090  8090 I MediaServiceV2: Creating work for intent Intent { act=android.intent.action.MEDIA_SCANNER_SCAN_FILE dat=file:///... flg=0x1400010 cmp=com.google.android.providers.media.module/com.android.providers.media.MediaServiceV2 }
08-08 20:10:10.483 28519 28519 D WM-RemoteWMgr.Connectio: Service connected
08-08 20:10:10.485  3979  4446 D CommonApp-741-10495: transport layer data is invalid
08-08 20:10:10.490 28552 29308 I MSP-LOG-SDK-MspSdk: Sdk has initialized! version:2.0.1.14
08-08 20:10:10.492   896   896 E lowmemorykiller: device memory 233843 free 14410 file 224661
08-08 20:10:10.496 28552 29325 I MSP-LOG-SDK-MspSdk: Sdk has initialized! version:2.0.1.14
08-08 20:10:10.502 28552 29314 D CloudConfig_stgyHelper: mspVersionCanSupport mspKitVersion : 2031315
08-08 20:10:10.507 22186 22186 I adbd    : adbd service requested 'sync:'
08-08 20:10:10.509 28519 29395 W GeneratedMessage: Vulnerable protobuf generated type in use: com.oplus.cloud.cloudscan.proto.WhitelistProto$UpdateActivityJumpRule
08-08 20:10:10.509 28519 29395 W GeneratedMessage: As of 2022/09/29 (release 21.7) makeExtensionsImmutable should not be called from protobuf gencode. If you are seeing this message, your gencode is vulnerable to a denial of service attack. You should regenerate your code using protobuf 25.6 or later. Use the latest version that meets your needs. However, if you understand the risks and wish to continue with vulnerable gencode, you can set the system property `-Dcom.google.protobuf.use_unsafe_pre22_gencode` on the command line to silence this warning. You also can set `-Dcom.google.protobuf.error_on_unsafe_pre22_gencode` to throw an error instead. See security vulnerability: https://github.com/protocolbuffers/protobuf/security/advisories/GHSA-h4h5-3hr4-j3g2
08-08 20:10:10.509 28552 29308 E MSP-LOG-SDK-RateLimitManager: not_allow_invoke because of time_window_not_allow queue = [1786207776443], config = RateLimitConfig{maxCalls=1, timeWindowSeconds=7200, callIntervalSeconds=0}, ipcInvokeTimeQueueMapKey = com.heytap.nearx.tangramconfig.kit.client.ICloudCtrlServiceModule?@?compass_2?@?4?@?com.heytap.market, has already call 1 times in 7200 seconds before
08-08 20:10:10.511 28552 29308 E MSP-LOG-SDK-: MspSdkException{code=3014,message=com.heytap.mspsdk.ratelimit.MspRateLimitExceededException: ipc rate limit exceeded in time window}
08-08 20:10:10.511 28552 29308 E MSP-LOG-SDK-: 	at com.heytap.mspsdk.ratelimit.b.Ϳ(SourceFile:56)
08-08 20:10:10.511 28552 29308 E MSP-LOG-SDK-: 	at com.heytap.mspsdk.interceptor.c.Ϳ(SourceFile:40)
08-08 20:10:10.511 28552 29308 E MSP-LOG-SDK-: 	at com.heytap.mspsdk.proxy.b.Ϳ(SourceFile:30)
08-08 20:10:10.511 28552 29308 E MSP-LOG-SDK-: 	at com.heytap.mspsdk.interceptor.c.Ϳ(SourceFile:40)
08-08 20:10:10.511 28552 29308 E MSP-LOG-SDK-: 	at com.heytap.mspsdk.proxy.f.invoke(SourceFile:203)
08-08 20:10:10.511 28552 29308 E MSP-LOG-SDK-: 	at java.lang.reflect.Proxy.invoke(Proxy.java:1009)
08-08 20:10:10.511 28552 29308 E MSP-LOG-SDK-: 	at $Proxy12.checkUpdateConfig(Unknown Source)
08-08 20:10:10.511 28552 29308 E MSP-LOG-SDK-: 	at com.heytap.nearx.tangramconfig.kit.client.KitProxy.checkUpdateConfig$lambda$7(SourceFile:21)
08-08 20:10:10.511 28552 29308 E MSP-LOG-SDK-: 	at com.heytap.nearx.tangramconfig.kit.client.KitProxy.Ԫ(SourceFile:1)
08-08 20:10:10.511 28552 29308 E MSP-LOG-SDK-: 	at a.a.a.a49.run(SourceFile:1)
08-08 20:10:10.511 28552 29308 E MSP-LOG-SDK-: 	at java.util.concurrent.ThreadPoolExecutor.runWorker(ThreadPoolExecutor.java:1100)
08-08 20:10:10.511 28552 29308 E MSP-LOG-SDK-: 	at java.util.concurrent.ThreadPoolExecutor$Worker.run(ThreadPoolExecutor.java:624)
08-08 20:10:10.511 28552 29308 E MSP-LOG-SDK-: 	at java.lang.Thread.run(Thread.java:1572)
08-08 20:10:10.511 28552 29314 D CloudConfig_stgyHelper: getSupportKitMode strategyEntity : StrategyEntity(sdkInterval=1800000, strategyMode=1, minSDKVersion=1000, minKitVersion=2014122, validReqPeriod=7200000, maxReqProduct=100, forceKitIfKit=false, backoff=120000, enable=true, defaultLimit=RateLimitConfig{maxCalls=1, timeWindowSeconds=7200, callIntervalSeconds=0}, productLimits={50351=RateLimitConfig{maxCalls=1, timeWindowSeconds=7200, callIntervalSeconds=0}, compass_2=RateLimitConfig{maxCalls=1, timeWindowSeconds=7200, callIntervalSeconds=0}, mdp_1291=RateLimitConfig{maxCalls=1, timeWindowSeconds=7200, callIntervalSeconds=0}, global-domain_1281=RateLimitConfig{maxCalls=1, timeWindowSeconds=7200, callIntervalSeconds=0}, compass_20214=RateLimitConfig{maxCalls=1, timeWindowSeconds=7200, callIntervalSeconds=0}, compass_143100=RateLimitConfig{maxCalls=1, timeWindowSeconds=7200, callIntervalSeconds=0}, global-domain_1961=RateLimitConfig{maxCalls=1, timeWindowSeconds=7200, callIntervalSeconds=0}, mdp_2196=RateLimitConfig{maxCalls=1, timeWindowSeconds=7200, callIntervalSeconds=0}, mdp_2190=RateLimitConfig{maxCalls=1, timeWindowSeconds=7200, callIntervalSeconds=0}, compass_121100=RateLimitConfig{maxCalls=1, timeWindowSeconds=7200, callIntervalSeconds=0}})
08-08 20:10:10.512 28552 29314 D CloudConfig_stgyHelper: getSupportKitMode localSdkVersion : 1231
08-08 20:10:10.512  8090  8090 I MediaServiceV2: Work enqueued for intent: Intent { act=android.intent.action.MEDIA_SCANNER_SCAN_FILE dat=file:///... flg=0x1400010 cmp=com.google.android.providers.media.module/com.android.providers.media.MediaServiceV2 }
08-08 20:10:10.515  3009  3554 I ActivityManager: Broadcast completed: result=0
08-08 20:10:10.517 28552 29314 D CloudConfig_stgyHelper: mspVersionCanSupport mspKitVersion : 2031315
08-08 20:10:10.523 28519 29480 D WM-ForceStopRunnable: Is default app process = true
08-08 20:10:10.527 28552 29325 E MSP-LOG-SDK-RateLimitManager: not_allow_invoke because of time_window_not_allow queue = [1786198309197], config = RateLimitConfig{maxCalls=1, timeWindowSeconds=21600, callIntervalSeconds=0}, ipcInvokeTimeQueueMapKey = com.heytap.nearx.tangramconfig.kit.client.ICloudCtrlServiceModule?@?compass_2?@?1?@?com.heytap.market, has already call 1 times in 21600 seconds before
08-08 20:10:10.531 28519 29480 D WM-ForceStopRunnable: Performing cleanup operations.
08-08 20:10:10.534 28552 29314 D CloudConfig_stgyHelper: getSupportKitMode strategyEntity : StrategyEntity(sdkInterval=1800000, strategyMode=1, minSDKVersion=1000, minKitVersion=2014122, validReqPeriod=7200000, maxReqProduct=100, forceKitIfKit=false, backoff=120000, enable=true, defaultLimit=RateLimitConfig{maxCalls=1, timeWindowSeconds=7200, callIntervalSeconds=0}, productLimits={50351=RateLimitConfig{maxCalls=1, timeWindowSeconds=7200, callIntervalSeconds=0}, compass_2=RateLimitConfig{maxCalls=1, timeWindowSeconds=7200, callIntervalSeconds=0}, mdp_1291=RateLimitConfig{maxCalls=1, timeWindowSeconds=7200, callIntervalSeconds=0}, global-domain_1281=RateLimitConfig{maxCalls=1, timeWindowSeconds=7200, callIntervalSeconds=0}, compass_20214=RateLimitConfig{maxCalls=1, timeWindowSeconds=7200, callIntervalSeconds=0}, compass_143100=RateLimitConfig{maxCalls=1, timeWindowSeconds=7200, callIntervalSeconds=0}, global-domain_1961=RateLimitConfig{maxCalls=1, timeWindowSeconds=7200, callIntervalSeconds=0}, mdp_2196=RateLimitConfig{maxCalls=1, timeWindowSeconds=7200, callIntervalSeconds=0}, mdp_2190=RateLimitConfig{maxCalls=1, timeWindowSeconds=7200, callIntervalSeconds=0}, compass_121100=RateLimitConfig{maxCalls=1, timeWindowSeconds=7200, callIntervalSeconds=0}})
08-08 20:10:10.535 28552 29314 D CloudConfig_stgyHelper: getSupportKitMode localSdkVersion : 1231
08-08 20:10:10.537  3979  4446 D CommonApp-741-10495: DefaultState EVENT_SCENARIOS_CHANGE
08-08 20:10:10.537 28552 29325 E MSP-LOG-SDK-: MspSdkException{code=3014,message=com.heytap.mspsdk.ratelimit.MspRateLimitExceededException: ipc rate limit exceeded in time window}
08-08 20:10:10.537 28552 29325 E MSP-LOG-SDK-: 	at com.heytap.mspsdk.ratelimit.b.Ϳ(SourceFile:56)
08-08 20:10:10.537 28552 29325 E MSP-LOG-SDK-: 	at com.heytap.mspsdk.interceptor.c.Ϳ(SourceFile:40)
08-08 20:10:10.537 28552 29325 E MSP-LOG-SDK-: 	at com.heytap.mspsdk.proxy.b.Ϳ(SourceFile:30)
08-08 20:10:10.537 28552 29325 E MSP-LOG-SDK-: 	at com.heytap.mspsdk.interceptor.c.Ϳ(SourceFile:40)
08-08 20:10:10.537 28552 29325 E MSP-LOG-SDK-: 	at com.heytap.mspsdk.proxy.f.invoke(SourceFile:203)
08-08 20:10:10.537 28552 29325 E MSP-LOG-SDK-: 	at java.lang.reflect.Proxy.invoke(Proxy.java:1009)
08-08 20:10:10.537 28552 29325 E MSP-LOG-SDK-: 	at $Proxy12.getDynamicCondition(Unknown Source)
08-08 20:10:10.537 28552 29325 E MSP-LOG-SDK-: 	at com.heytap.nearx.tangramconfig.kit.client.KitProxy.getDynamicCondition$lambda$1(SourceFile:26)
08-08 20:10:10.537 28552 29325 E MSP-LOG-SDK-: 	at com.heytap.nearx.tangramconfig.kit.client.KitProxy.Ϳ(SourceFile:1)
08-08 20:10:10.537 28552 29325 E MSP-LOG-SDK-: 	at a.a.a.x39.run(SourceFile:1)
08-08 20:10:10.537 28552 29325 E MSP-LOG-SDK-: 	at java.util.concurrent.ThreadPoolExecutor.runWorker(ThreadPoolExecutor.java:1100)
08-08 20:10:10.537 28552 29325 E MSP-LOG-SDK-: 	at java.util.concurrent.ThreadPoolExecutor$Worker.run(ThreadPoolExecutor.java:624)
08-08 20:10:10.537 28552 29325 E MSP-LOG-SDK-: 	at java.lang.Thread.run(Thread.java:1572)
08-08 20:10:10.537  3979  4446 D CommonApp-741-10495: scene=COMMON pn=com.hypernova.phone
08-08 20:10:10.542 28519 29395 W GeneratedMessage: Vulnerable protobuf generated type in use: com.oplus.cloud.cloudscan.proto.WhitelistProto$ResponseDataInfo
08-08 20:10:10.542 28519 29395 W GeneratedMessage: As of 2022/09/29 (release 21.7) makeExtensionsImmutable should not be called from protobuf gencode. If you are seeing this message, your gencode is vulnerable to a denial of service attack. You should regenerate your code using protobuf 25.6 or later. Use the latest version that meets your needs. However, if you understand the risks and wish to continue with vulnerable gencode, you can set the system property `-Dcom.google.protobuf.use_unsafe_pre22_gencode` on the command line to silence this warning. You also can set `-Dcom.google.protobuf.error_on_unsafe_pre22_gencode` to throw an error instead. See security vulnerability: https://github.com/protocolbuffers/protobuf/security/advisories/GHSA-h4h5-3hr4-j3g2
08-08 20:10:10.542 28519 29395 W GeneratedMessage: Vulnerable protobuf generated type in use: com.oplus.cloud.cloudscan.proto.WhitelistProto$UpdateResponse
08-08 20:10:10.542 28519 29395 W GeneratedMessage: As of 2022/09/29 (release 21.7) makeExtensionsImmutable should not be called from protobuf gencode. If you are seeing this message, your gencode is vulnerable to a denial of service attack. You should regenerate your code using protobuf 25.6 or later. Use the latest version that meets your needs. However, if you understand the risks and wish to continue with vulnerable gencode, you can set the system property `-Dcom.google.protobuf.use_unsafe_pre22_gencode` on the command line to silence this warning. You also can set `-Dcom.google.protobuf.error_on_unsafe_pre22_gencode` to throw an error instead. See security vulnerability: https://github.com/protocolbuffers/protobuf/security/advisories/GHSA-h4h5-3hr4-j3g2
08-08 20:10:10.545 28552 29307 I MSP-LOG-SDK-MspSdk: Sdk has initialized! version:2.0.1.14
08-08 20:10:10.547 28552 29307 E MSP-LOG-SDK-RateLimitManager: not_allow_invoke because of time_window_not_allow queue = [1786208604716], config = RateLimitConfig{maxCalls=1, timeWindowSeconds=7200, callIntervalSeconds=0}, ipcInvokeTimeQueueMapKey = com.heytap.nearx.tangramconfig.kit.client.ICloudCtrlServiceModule?@?compass_143100?@?2?@?com.heytap.market, has already call 1 times in 7200 seconds before
08-08 20:10:10.548 28552 29307 E MSP-LOG-SDK-: MspSdkException{code=3014,message=com.heytap.mspsdk.ratelimit.MspRateLimitExceededException: ipc rate limit exceeded in time window}
08-08 20:10:10.548 28552 29307 E MSP-LOG-SDK-: 	at com.heytap.mspsdk.ratelimit.b.Ϳ(SourceFile:56)
08-08 20:10:10.548 28552 29307 E MSP-LOG-SDK-: 	at com.heytap.mspsdk.interceptor.c.Ϳ(SourceFile:40)
08-08 20:10:10.548 28552 29307 E MSP-LOG-SDK-: 	at com.heytap.mspsdk.proxy.b.Ϳ(SourceFile:30)
08-08 20:10:10.548 28552 29307 E MSP-LOG-SDK-: 	at com.heytap.mspsdk.interceptor.c.Ϳ(SourceFile:40)
08-08 20:10:10.548 28552 29307 E MSP-LOG-SDK-: 	at com.heytap.mspsdk.proxy.f.invoke(SourceFile:203)
08-08 20:10:10.548 28552 29307 E MSP-LOG-SDK-: 	at java.lang.reflect.Proxy.invoke(Proxy.java:1009)
08-08 20:10:10.548 28552 29307 E MSP-LOG-SDK-: 	at $Proxy12.getConfigData(Unknown Source)
08-08 20:10:10.548 28552 29307 E MSP-LOG-SDK-: 	at com.heytap.nearx.tangramconfig.kit.client.KitProxy.getConfigData$lambda$3(SourceFile:30)
08-08 20:10:10.548 28552 29307 E MSP-LOG-SDK-: 	at com.heytap.nearx.tangramconfig.kit.client.KitProxy.ԫ(SourceFile:1)
08-08 20:10:10.548 28552 29307 E MSP-LOG-SDK-: 	at a.a.a.y39.run(SourceFile:1)
08-08 20:10:10.548 28552 29307 E MSP-LOG-SDK-: 	at java.util.concurrent.ThreadPoolExecutor.runWorker(ThreadPoolExecutor.java:1100)
08-08 20:10:10.548 28552 29307 E MSP-LOG-SDK-: 	at java.util.concurrent.ThreadPoolExecutor$Worker.run(ThreadPoolExecutor.java:624)
08-08 20:10:10.548 28552 29307 E MSP-LOG-SDK-: 	at java.lang.Thread.run(Thread.java:1572)
08-08 20:10:10.563 28552 29333 I MSP-LOG-SDK-MspSdk: Sdk has initialized! version:2.0.1.14
08-08 20:10:10.565 28552 29314 D CloudConfig_stgyHelper: mspVersionCanSupport mspKitVersion : 2031315
08-08 20:10:10.565 28552 29333 E MSP-LOG-SDK-RateLimitManager: not_allow_invoke because of time_window_not_allow queue = [1786207969803], config = RateLimitConfig{maxCalls=1, timeWindowSeconds=21600, callIntervalSeconds=0}, ipcInvokeTimeQueueMapKey = com.heytap.nearx.tangramconfig.kit.client.ICloudCtrlServiceModule?@?compass_143100?@?1?@?com.heytap.market, has already call 1 times in 21600 seconds before
08-08 20:10:10.566 28552 29333 E MSP-LOG-SDK-: MspSdkException{code=3014,message=com.heytap.mspsdk.ratelimit.MspRateLimitExceededException: ipc rate limit exceeded in time window}
08-08 20:10:10.566 28552 29333 E MSP-LOG-SDK-: 	at com.heytap.mspsdk.ratelimit.b.Ϳ(SourceFile:56)
08-08 20:10:10.566 28552 29333 E MSP-LOG-SDK-: 	at com.heytap.mspsdk.interceptor.c.Ϳ(SourceFile:40)
08-08 20:10:10.566 28552 29333 E MSP-LOG-SDK-: 	at com.heytap.mspsdk.proxy.b.Ϳ(SourceFile:30)
08-08 20:10:10.566 28552 29333 E MSP-LOG-SDK-: 	at com.heytap.mspsdk.interceptor.c.Ϳ(SourceFile:40)
08-08 20:10:10.566 28552 29333 E MSP-LOG-SDK-: 	at com.heytap.mspsdk.proxy.f.invoke(SourceFile:203)
08-08 20:10:10.566 28552 29333 E MSP-LOG-SDK-: 	at java.lang.reflect.Proxy.invoke(Proxy.java:1009)
08-08 20:10:10.566 28552 29333 E MSP-LOG-SDK-: 	at $Proxy12.getDynamicCondition(Unknown Source)
08-08 20:10:10.566 28552 29333 E MSP-LOG-SDK-: 	at com.heytap.nearx.tangramconfig.kit.client.KitProxy.getDynamicCondition$lambda$1(SourceFile:26)
08-08 20:10:10.566 28552 29333 E MSP-LOG-SDK-: 	at com.heytap.nearx.tangramconfig.kit.client.KitProxy.Ϳ(SourceFile:1)
08-08 20:10:10.566 28552 29333 E MSP-LOG-SDK-: 	at a.a.a.x39.run(SourceFile:1)
08-08 20:10:10.566 28552 29333 E MSP-LOG-SDK-: 	at java.util.concurrent.ThreadPoolExecutor.runWorker(ThreadPoolExecutor.java:1100)
08-08 20:10:10.566 28552 29333 E MSP-LOG-SDK-: 	at java.util.concurrent.ThreadPoolExecutor$Worker.run(ThreadPoolExecutor.java:624)
08-08 20:10:10.566 28552 29333 E MSP-LOG-SDK-: 	at java.lang.Thread.run(Thread.java:1572)
08-08 20:10:10.566 28519 28758 W PhoneManager.AppUsageRepository: will delete data before 1783789808143
08-08 20:10:10.566  8090  8354 D WM-SystemJobScheduler: Scheduling work ID 846adcb5-116a-4440-9f10-50f7d9193979Job ID 6595
08-08 20:10:10.575 22186 22186 I adbd    : adbd service requested 'shell,v2,TERM=xterm-256color,raw:rm -f /sdcard/hypernova_recents_hardened.png'
08-08 20:10:10.577  8090  8354 D WM-GreedyScheduler: Ignoring {WorkSpec: 84630d70-a650-48e5-872d-1c3c09d27d91}. Requires device idle.
08-08 20:10:10.577  8090  8354 D WM-GreedyScheduler: Ignoring {WorkSpec: 13163ca3-ff4b-4797-8eb7-c511ae16b89e}. Requires device idle.
08-08 20:10:10.577  8090  8354 D WM-GreedyScheduler: Ignoring {WorkSpec: 79e4468c-caf8-414a-a2b1-691281cdfd14}. Requires device idle.
08-08 20:10:10.577  8090  8354 D WM-GreedyScheduler: Starting work for 846adcb5-116a-4440-9f10-50f7d9193979
08-08 20:10:10.578 28552 29339 I MSP-LOG-SDK-MspSdk: Sdk has initialized! version:2.0.1.14
08-08 20:10:10.582  8090  8090 D WM-SystemJobService: onStartJob for WorkGenerationalId(workSpecId=846adcb5-116a-4440-9f10-50f7d9193979, generation=0)
08-08 20:10:10.582 28552 29339 I MSP-LOG-SDK-ProxyCompat: annotation name is IPCModule
08-08 20:10:10.583 28552 29339 I MSP-LOG-SDK-ProxyCompat: ipcModule is @com.heytap.msp.ipc.annotation.IPCModule(authsOrActions=[com.heytap.htms.action.CLOUD_CTRL_SERVICE], ipcType=SERVICE, targetComponentClass=com.heytap.msp.cloudctrl.ipc.CloudCtrlService, targetModuleClass=com.heytap.msp.cloudctrl.ipc.CloudCtrlServiceModule, targetPackage=com.heytap.htms)
08-08 20:10:10.583 28552 29308 I MSP-LOG-SDK-MspSdk: Sdk has initialized! version:2.0.1.14
08-08 20:10:10.586 28552 29308 E MSP-LOG-SDK-RateLimitManager: not_allow_invoke because of time_window_not_allow queue = [1786207969803], config = RateLimitConfig{maxCalls=1, timeWindowSeconds=21600, callIntervalSeconds=0}, ipcInvokeTimeQueueMapKey = com.heytap.nearx.tangramconfig.kit.client.ICloudCtrlServiceModule?@?compass_143100?@?1?@?com.heytap.market, has already call 1 times in 21600 seconds before
08-08 20:10:10.586 28552 29308 E MSP-LOG-SDK-: MspSdkException{code=3014,message=com.heytap.mspsdk.ratelimit.MspRateLimitExceededException: ipc rate limit exceeded in time window}
08-08 20:10:10.586 28552 29308 E MSP-LOG-SDK-: 	at com.heytap.mspsdk.ratelimit.b.Ϳ(SourceFile:56)
08-08 20:10:10.586 28552 29308 E MSP-LOG-SDK-: 	at com.heytap.mspsdk.interceptor.c.Ϳ(SourceFile:40)
08-08 20:10:10.586 28552 29308 E MSP-LOG-SDK-: 	at com.heytap.mspsdk.proxy.b.Ϳ(SourceFile:30)
08-08 20:10:10.586 28552 29308 E MSP-LOG-SDK-: 	at com.heytap.mspsdk.interceptor.c.Ϳ(SourceFile:40)
08-08 20:10:10.586 28552 29308 E MSP-LOG-SDK-: 	at com.heytap.mspsdk.proxy.f.invoke(SourceFile:203)
08-08 20:10:10.586 28552 29308 E MSP-LOG-SDK-: 	at java.lang.reflect.Proxy.invoke(Proxy.java:1009)
08-08 20:10:10.586 28552 29308 E MSP-LOG-SDK-: 	at $Proxy12.getDynamicCondition(Unknown Source)
08-08 20:10:10.586 28552 29308 E MSP-LOG-SDK-: 	at com.heytap.nearx.tangramconfig.kit.client.KitProxy.getDynamicCondition$lambda$1(SourceFile:26)
08-08 20:10:10.586 28552 29308 E MSP-LOG-SDK-: 	at com.heytap.nearx.tangramconfig.kit.client.KitProxy.Ϳ(SourceFile:1)
08-08 20:10:10.586 28552 29308 E MSP-LOG-SDK-: 	at a.a.a.x39.run(SourceFile:1)
08-08 20:10:10.586 28552 29308 E MSP-LOG-SDK-: 	at java.util.concurrent.ThreadPoolExecutor.runWorker(ThreadPoolExecutor.java:1100)
08-08 20:10:10.586 28552 29308 E MSP-LOG-SDK-: 	at java.util.concurrent.ThreadPoolExecutor$Worker.run(ThreadPoolExecutor.java:624)
08-08 20:10:10.586 28552 29308 E MSP-LOG-SDK-: 	at java.lang.Thread.run(Thread.java:1572)
08-08 20:10:10.587  8090  8354 D WM-Processor: Processor: processing WorkGenerationalId(workSpecId=846adcb5-116a-4440-9f10-50f7d9193979, generation=0)
08-08 20:10:10.590  8090  8425 D WM-Processor: Work WorkGenerationalId(workSpecId=846adcb5-116a-4440-9f10-50f7d9193979, generation=0) is already enqueued for processing
08-08 20:10:10.593   896   896 E lowmemorykiller: device memory 234355 free 16298 file 223248
08-08 20:10:10.600 28552 29339 I MSP-LOG-SDK-PackageReplace: filter target = TargetInfo{name='com.heytap.msp.cloudctrl.ipc.CloudCtrlService', packageName='com.heytap.htms', authorities='null', action='com.heytap.htms.action.CLOUD_CTRL_SERVICE'}
08-08 20:10:10.603 28519 28758 W PhoneManager.AppUsageRepository: day2Buckets start app_usage#1786204800000#1786209008143#3600000
08-08 20:10:10.604  1479  5654 D charge_time: type=cdp/dcp,reserve_soc=1,soc=60,ui_soc=61,current=436,avg=441,not_chg_cnt=0,stable_cnt=7,fcc=4423,fcc_ratio=92,delta=124,debug=0,region=12,ttf=13401(03:43:21),ui_ttf=5139(01:25:39)
08-08 20:10:10.605  8090  8090 D WM-WorkerWrapper: Starting work for com.android.providers.media.MediaServiceV2
08-08 20:10:10.608  8090 29490 I MediaServiceV2: Work initiated for action [ android.intent.action.MEDIA_SCANNER_SCAN_FILE ]
08-08 20:10:10.613  1289  1328 I CallingContextInterceptor: intercept
08-08 20:10:10.614 28519 29015 W PhoneManager.AppUsageRepository: will updateBucketData app_usage#1786204800000#1786209008143#BucketConfig(timeWindow=3600000, recentDataKeptTime=1814400000, expiredTime=2419200000)#[BucketEntity(type=app_usage, status=OK, beginTimeMillis=1786204800000, timeWindow=3600000, savedTimeMillis=1786209008143), BucketEntity(type=app_usage, status=OTW, beginTimeMillis=1786208400000, timeWindow=3600000, savedTimeMillis=1786209008143)]
08-08 20:10:10.614  1289  1328 I AppUpgradeInterceptor: DeviceUtils.isOwnBrand:true
08-08 20:10:10.615  1289  1328 I MethodCallInterceptor: [MethodCallInfo]kitName:cloudctrl, callingPkg:com.heytap.market, targetClassName:com.heytap.msp.cloudctrl.ipc.CloudCtrlServiceModule, methodId:4, processName:com.heytap.htms:cloudctrl, pid:1289, mspSdkVersionName:2.0.1.14
08-08 20:10:10.615  1289  1328 I ProcessBridge: [Dispatcher]:getDispathcer
08-08 20:10:10.617 28552 29339 I MSP-LOG-SDK-StandardListChain: i, 35ms
08-08 20:10:10.617 28519 29015 W PhoneManager.AppUsageRepository: syncData succ 1786204800000
08-08 20:10:10.617 28552 29339 I MSP-LOG-SDK-StandardListChain: b, 37ms
08-08 20:10:10.617 28552 29339 I MSP-LOG-SDK-StandardListChain: b, 37ms
08-08 20:10:10.619 28519 28519 I PhoneManager.AppUsageManager: [checkAllFinish],app usage all finish, start check if need show notification
08-08 20:10:10.623 28519 28754 W PhoneManager.AppUsageRepository: query: 1785013200000 # 1786209010623
08-08 20:10:10.630  8090 29490 W ModernMediaScanner: Trouble scanning /storage/emulated/0/hypernova_recents_hardened.png
08-08 20:10:10.630  8090 29490 W ModernMediaScanner: java.io.FileNotFoundException: /storage/emulated/0/hypernova_recents_hardened.png: open failed: ENOENT (No such file or directory)
08-08 20:10:10.630  8090 29490 W ModernMediaScanner: 	at libcore.io.IoBridge.open(IoBridge.java:574)
08-08 20:10:10.630  8090 29490 W ModernMediaScanner: 	at java.io.FileInputStream.<init>(FileInputStream.java:179)
08-08 20:10:10.630  8090 29490 W ModernMediaScanner: 	at com.android.providers.media.scan.ModernMediaScanner.scanItemImage(ModernMediaScanner.java:1767)
08-08 20:10:10.630  8090 29490 W ModernMediaScanner: 	at com.android.providers.media.scan.ModernMediaScanner.scanItem(ModernMediaScanner.java:1337)
08-08 20:10:10.630  8090 29490 W ModernMediaScanner: 	at com.android.providers.media.scan.ModernMediaScanner.-$$Nest$mscanItem(ModernMediaScanner.java:0)
08-08 20:10:10.630  8090 29490 W ModernMediaScanner: 	at com.android.providers.media.scan.ModernMediaScanner$Scan.visitFile(ModernMediaScanner.java:1042)
08-08 20:10:10.630  8090 29490 W ModernMediaScanner: 	at com.android.providers.media.scan.ModernMediaScanner$Scan.visitFile(ModernMediaScanner.java:528)
08-08 20:10:10.630  8090 29490 W ModernMediaScanner: 	at java.nio.file.Files.walkFileTree(Files.java:2730)
08-08 20:10:10.630  8090 29490 W ModernMediaScanner: 	at java.nio.file.Files.walkFileTree(Files.java:2802)
08-08 20:10:10.630  8090 29490 W ModernMediaScanner: 	at com.android.providers.media.scan.ModernMediaScanner$Scan.walkFileTree(ModernMediaScanner.java:651)
08-08 20:10:10.630  8090 29490 W ModernMediaScanner: 	at com.android.providers.media.scan.ModernMediaScanner$Scan.runInternal(ModernMediaScanner.java:610)
08-08 20:10:10.630  8090 29490 W ModernMediaScanner: 	at com.android.providers.media.scan.ModernMediaScanner$Scan.run(ModernMediaScanner.java:599)
08-08 20:10:10.630  8090 29490 W ModernMediaScanner: 	at com.android.providers.media.scan.ModernMediaScanner.scanFile(ModernMediaScanner.java:428)
08-08 20:10:10.630  8090 29490 W ModernMediaScanner: 	at com.android.providers.media.MediaProvider.scanFile(MediaProvider.java:2502)
08-08 20:10:10.630  8090 29490 W ModernMediaScanner: 	at com.android.providers.media.MediaService.onScanFile(MediaService.java:255)
08-08 20:10:10.630  8090 29490 W ModernMediaScanner: 	at com.android.providers.media.MediaServiceV2.doWork(MediaServiceV2.java:210)
08-08 20:10:10.630  8090 29490 W ModernMediaScanner: 	at androidx.work.Worker.$r8$lambda$opNRPVQx7zi4ENxyGPOIhxFU0oM(Worker.kt:64)
08-08 20:10:10.630  8090 29490 W ModernMediaScanner: 	at androidx.work.Worker$$ExternalSyntheticLambda0.invoke(R8$$SyntheticClass:0)
08-08 20:10:10.630  8090 29490 W ModernMediaScanner: 	at androidx.work.WorkerKt.future$lambda$0$1(Worker.kt:100)
08-08 20:10:10.630  8090 29490 W ModernMediaScanner: 	at androidx.work.WorkerKt.$r8$lambda$YRKOYg4KOcZY2JOe5siOBop394I(Worker.kt:0)
08-08 20:10:10.630  8090 29490 W ModernMediaScanner: 	at androidx.work.WorkerKt$$ExternalSyntheticLambda2.run(R8$$SyntheticClass:0)
08-08 20:10:10.630  8090 29490 W ModernMediaScanner: 	at java.util.concurrent.ThreadPoolExecutor.runWorker(ThreadPoolExecutor.java:1100)
08-08 20:10:10.630  8090 29490 W ModernMediaScanner: 	at java.util.concurrent.ThreadPoolExecutor$Worker.run(ThreadPoolExecutor.java:624)
08-08 20:10:10.630  8090 29490 W ModernMediaScanner: 	at java.lang.Thread.run(Thread.java:1572)
08-08 20:10:10.630  8090 29490 W ModernMediaScanner: Caused by: android.system.ErrnoException: open failed: ENOENT (No such file or directory)
08-08 20:10:10.630  8090 29490 W ModernMediaScanner: 	at libcore.io.Linux.open(Native Method)
08-08 20:10:10.630  8090 29490 W ModernMediaScanner: 	at libcore.io.ForwardingOs.open(ForwardingOs.java:579)
08-08 20:10:10.630  8090 29490 W ModernMediaScanner: 	at libcore.io.BlockGuardOs.open(BlockGuardOs.java:274)
08-08 20:10:10.630  8090 29490 W ModernMediaScanner: 	at libcore.io.ForwardingOs.open(ForwardingOs.java:579)
08-08 20:10:10.630  8090 29490 W ModernMediaScanner: 	at android.app.ActivityThread$AndroidOs.open(ActivityThread.java:9367)
08-08 20:10:10.630  8090 29490 W ModernMediaScanner: 	at libcore.io.IoBridge.open(IoBridge.java:560)
08-08 20:10:10.630  8090 29490 W ModernMediaScanner: 	... 23 more
08-08 20:10:10.631  8090 29490 W PermissionInjector: applyBatch in invalid type: 2
08-08 20:10:10.640  8090 29490 W ModernMediaScanner: Failed to apply ContentProviderOperation(type=update uri=content://media/external_primary/file/120327 values={instance_id=null, compilation=null, disc_number=null, duration=null, album_artist=null, description=null, resolution=null, orientation=null, artist=null, author=null, height=null, is_drm=0, date_modified=1786209010, writer=null, composer=null, _modifier=3, datetaken=null, mime_type=image/png, bitrate=null, cd_track_number=null, year=null, _data=/storage/emulated/0/hypernova_recents_hardened.png, _size=223098, album=null, genre=null, title=hypernova_recents_hardened, width=null, document_id=null, capture_framerate=null, num_tracks=null, original_document_id=null, media_type=1} expectedCount=1 exceptionAllowed)
08-08 20:10:10.640  8090 29490 W ModernMediaScanner: android.content.OperationApplicationException: Expected 1 rows but actual 0
08-08 20:10:10.640  8090 29490 W ModernMediaScanner: 	at android.content.ContentProviderOperation.applyInternal(ContentProviderOperation.java:428)
08-08 20:10:10.640  8090 29490 W ModernMediaScanner: 	at android.content.ContentProviderOperation.apply(ContentProviderOperation.java:347)
08-08 20:10:10.640  8090 29490 W ModernMediaScanner: 	at android.content.ContentProvider.applyBatch(ContentProvider.java:2742)
08-08 20:10:10.640  8090 29490 W ModernMediaScanner: 	at com.android.providers.media.MediaProvider.applyBatch(MediaProvider.java:6379)
08-08 20:10:10.640  8090 29490 W ModernMediaScanner: 	at android.content.ContentProvider.applyBatch(ContentProvider.java:2733)
08-08 20:10:10.640  8090 29490 W ModernMediaScanner: 	at android.content.ContentResolver.applyBatch(ContentResolver.java:2284)
08-08 20:10:10.640  8090 29490 W ModernMediaScanner: 	at com.android.providers.media.scan.ModernMediaScanner$Scan.applyPending(ModernMediaScanner.java:1230)
08-08 20:10:10.640  8090 29490 W ModernMediaScanner: 	at com.android.providers.media.scan.ModernMediaScanner$Scan.walkFileTree(ModernMediaScanner.java:652)
08-08 20:10:10.640  8090 29490 W ModernMediaScanner: 	at com.android.providers.media.scan.ModernMediaScanner$Scan.runInternal(ModernMediaScanner.java:610)
08-08 20:10:10.640  8090 29490 W ModernMediaScanner: 	at com.android.providers.media.scan.ModernMediaScanner$Scan.run(ModernMediaScanner.java:599)
08-08 20:10:10.640  8090 29490 W ModernMediaScanner: 	at com.android.providers.media.scan.ModernMediaScanner.scanFile(ModernMediaScanner.java:428)
08-08 20:10:10.640  8090 29490 W ModernMediaScanner: 	at com.android.providers.media.MediaProvider.scanFile(MediaProvider.java:2502)
08-08 20:10:10.640  8090 29490 W ModernMediaScanner: 	at com.android.providers.media.MediaService.onScanFile(MediaService.java:255)
08-08 20:10:10.640  8090 29490 W ModernMediaScanner: 	at com.android.providers.media.MediaServiceV2.doWork(MediaServiceV2.java:210)
08-08 20:10:10.640  8090 29490 W ModernMediaScanner: 	at androidx.work.Worker.$r8$lambda$opNRPVQx7zi4ENxyGPOIhxFU0oM(Worker.kt:64)
08-08 20:10:10.640  8090 29490 W ModernMediaScanner: 	at androidx.work.Worker$$ExternalSyntheticLambda0.invoke(R8$$SyntheticClass:0)
08-08 20:10:10.640  8090 29490 W ModernMediaScanner: 	at androidx.work.WorkerKt.future$lambda$0$1(Worker.kt:100)
08-08 20:10:10.640  8090 29490 W ModernMediaScanner: 	at androidx.work.WorkerKt.$r8$lambda$YRKOYg4KOcZY2JOe5siOBop394I(Worker.kt:0)
08-08 20:10:10.640  8090 29490 W ModernMediaScanner: 	at androidx.work.WorkerKt$$ExternalSyntheticLambda2.run(R8$$SyntheticClass:0)
08-08 20:10:10.640  8090 29490 W ModernMediaScanner: 	at java.util.concurrent.ThreadPoolExecutor.runWorker(ThreadPoolExecutor.java:1100)
08-08 20:10:10.640  8090 29490 W ModernMediaScanner: 	at java.util.concurrent.ThreadPoolExecutor$Worker.run(ThreadPoolExecutor.java:624)
08-08 20:10:10.640  8090 29490 W ModernMediaScanner: 	at java.lang.Thread.run(Thread.java:1572)
08-08 20:10:10.642  8090 10007 I MediaProvider: Deleted 0 1 0 0 0 0 0 items on external_primary due to com.android.shell
08-08 20:10:10.646  8090 29490 I MediaServiceV2: Work ended for action [ android.intent.action.MEDIA_SCANNER_SCAN_FILE ]
08-08 20:10:10.653   896   896 E lowmemorykiller: device memory 234140 free 16879 file 222579
08-08 20:10:10.655  3009  3712 I Osense-PsiDetector: 914,65,2907,4607,37,133,95,742,1127,360,509,0,4,5772
08-08 20:10:10.656  8090  8427 I WM-WorkerWrapper: Worker result SUCCESS for Work [ id=846adcb5-116a-4440-9f10-50f7d9193979, tags={ com.android.providers.media.MediaServiceV2 } ]
08-08 20:10:10.660 22186 22186 I adbd    : adbd service requested 'shell,v2,TERM=xterm-256color:export ANDROID_LOG_TAGS=''; exec logcat '-d' '-v' 'threadtime''
08-08 20:10:10.663  8090  8090 D WM-Processor: Processor 846adcb5-116a-4440-9f10-50f7d9193979 executed; reschedule = false
08-08 20:10:10.664  8090  8090 D WM-SystemJobService: 846adcb5-116a-4440-9f10-50f7d9193979 executed on JobScheduler
08-08 20:10:10.671  8090  8433 D WM-GreedyScheduler: Cancelling work ID 846adcb5-116a-4440-9f10-50f7d9193979
08-08 20:10:10.673  8090  8433 D WM-GreedyScheduler: Ignoring {WorkSpec: 84630d70-a650-48e5-872d-1c3c09d27d91}. Requires device idle.
08-08 20:10:10.674  8090  8433 D WM-GreedyScheduler: Ignoring {WorkSpec: 13163ca3-ff4b-4797-8eb7-c511ae16b89e}. Requires device idle.
08-08 20:10:10.674  8090  8433 D WM-GreedyScheduler: Ignoring {WorkSpec: 79e4468c-caf8-414a-a2b1-691281cdfd14}. Requires device idle.
08-08 20:10:10.694   896   896 E lowmemorykiller: device memory 233551 free 15927 file 222793
08-08 20:10:10.698 28519 29480 D WM-SystemJobScheduler: Reconciling jobs
08-08 20:10:10.702  1479  1567 D BatteryChargeControl: bcc get no support from charging protocol
08-08 20:10:10.709  8090  8354 D WM-SystemJobScheduler: Scheduling work ID 8515d3a7-c97e-4d41-94eb-81cb295b2271Job ID 6596
08-08 20:10:10.716  8090  8354 D WM-GreedyScheduler: Ignoring {WorkSpec: 84630d70-a650-48e5-872d-1c3c09d27d91}. Requires device idle.
08-08 20:10:10.716  8090  8354 D WM-GreedyScheduler: Ignoring {WorkSpec: 13163ca3-ff4b-4797-8eb7-c511ae16b89e}. Requires device idle.
08-08 20:10:10.716  8090  8354 D WM-GreedyScheduler: Ignoring {WorkSpec: 79e4468c-caf8-414a-a2b1-691281cdfd14}. Requires device idle.
08-08 20:10:10.718 28519 29480 D WM-ForceStopRunnable: Found unfinished work, scheduling it.
08-08 20:10:10.728  3009  4718 D ShortcutService: rescanPackageIfNeeded 0@com.coloros.phonemanager, forceRescan=false , isNewApp=false
08-08 20:10:10.736  3009  8360 D ShortcutService: rescanPackageIfNeeded 0@com.coloros.phonemanager, forceRescan=false , isNewApp=false
08-08 20:10:10.745 28519 29480 D WM-SystemJobScheduler: Scheduling work ID 2b391097-e0ca-4fd9-851b-e9a8da84b17dJob ID 2184
08-08 20:10:10.757   896   896 E lowmemorykiller: device memory 233231 free 15250 file 223130
08-08 20:10:10.758  3009  3712 I Osense-PsiDetector: 911,59,2903,4607,37,133,95,745,1129,363,508,0,4,5773
08-08 20:10:10.758  3009  3705 I Osense-BaseDecisionMaker: notifySceneToAthenaPolicy: SCENE_RES_MEM_PSI_NORMAL, bundle: Bundle[{memLevel=4}]
08-08 20:10:10.759  3009  3705 I Osense-BaseDecisionMaker: scene: SCENE_RES_MEM_PSI_NORMAL, excutingPolicy: clear
08-08 20:10:10.760  3009  3705 D Osense-BaseDecisionMaker: invoke clear policy,type: cached
08-08 20:10:10.760  3009  3705 I Osense-BaseDecisionMaker: notifySceneToAthenaPolicy: SCENE_RES_MEM_PSI_LEAK, bundle: Bundle[{memLevel=4}]
08-08 20:10:10.762  3009  3710 I OsenseKillAction: KillAction: [atomic clean] start name=lowmem, requestId=122338, startAvail=911, startFreeMB=60, purposeAvailMB=1200, purposeFreeMB=-1, anonRssTarget=289, minBgCount=0, swapTarget=0, scene=SCENE_RES_MEM_PSI_NORMAL, type=cached, qb=false, cchOnly=true, urgency=false, hoggingCpuPids={}, invalid-cnt=4
08-08 20:10:10.762  3009  3710 I OsenseKillAction: KillAction: [atomic clean] end: skip for no-killable-cached-process
08-08 20:10:10.762  3009  3710 I OsenseKillAction: KillAction: 289mb more anonRss to reclaim, 0mb more swapMb to reclaim, <skip> mem guard, cur avail=0mb, bundle: Bundle[{appcareThreshold=0, triggerMemory=1000, qbmode=false, memLevel=4, type=cached, level=1, scene=SCENE_RES_MEM_PSI_NORMAL, requestId=122338, purposeMemory=1200}]
08-08 20:10:10.767 28519 29480 D WM-SystemJobScheduler: Scheduling work ID 95efbb0a-52a8-4fdd-beb5-306e043c05e5Job ID 2185
08-08 20:10:10.777 28552 29118 W m.heytap.market: Suspending all threads took: 31.505ms
