--------- beginning of main
08-08 20:11:22.263 28665 28665 D ViewRootImplExtImpl: the up motion event handled by client, just return
08-08 20:11:22.275 28665 28665 I oplus.android.OplusFrameworkFactoryImpl: get feature:IOplusDynamicVsyncFeature
08-08 20:11:22.275 28665 28665 I oplus.android.OplusFrameworkFactoryImpl: get feature:IOplusDynamicVsyncFeature
08-08 20:11:22.275 28665 28665 I oplus.android.OplusFrameworkFactoryImpl: get feature:IOplusDynamicVsyncFeature
08-08 20:11:22.275  1598  1598 I OplusPerfCount: The num of client composition of  in last 60195 ms is: 8
08-08 20:11:22.278  1598  1598 I OplusPerfCount: The num of blur fliter in last 60195 ms is: 8
08-08 20:11:22.283  1598  1598 I OplusPerfCount: The layer number in last 60195ms is: 4 layer, 97 time, 
08-08 20:11:22.317  3680  3902 I SystemUi--Statusbar: OplusNetworkSpeedControllExImpl-->updateNetworkSpeed: isConnected:true,isSwitchOn:true
08-08 20:11:22.326  3680  3902 I SystemUi--Statusbar: OplusNetworkSpeedControllExImpl-->getTotalByte: totalRxBytes:29285872929,totalTxBytes:2707912021,loopbackTxBytes:6855097,loopbackRxBytes:6855097 ,totalBytes:31980074756
08-08 20:11:22.332  3009  3571 I InputDispatcher: injectInputEvent: targetUid=<not set>, syncMode=WAIT_FOR_FINISHED, timeout=30000ms, policyFlags=0x8000000, event=MotionEvent { action=DOWN, id[0]=0, x[0]=610, y[0]=1542, eventTime=542878151000000, downTime=542878151000000, deviceId=4, source=TOUCHSCREEN, displayId=0, eventId=0xd28827c1}
08-08 20:11:22.333  3009  3571 E InputDispatcher: Inconsistent event: MotionEvent { action=DOWN, id[0]=0, x[0]=610, y[0]=1542, eventTime=542878151000000, downTime=542878151000000, deviceId=4, source=TOUCHSCREEN, displayId=0, eventId=0xd28827c1}, reason: Injection on 0: Invalid DOWN event - pointers already down for device DeviceId(-1): {DeviceId(-1): {1, 0}}
08-08 20:11:22.336 28665 28665 V AutofillManager: requestHideFillUi(null): anchor = null
08-08 20:11:22.336  3680  4525 I SystemUi--NavBar: NoBackGesture-->display_id_0 Start gesture: MotionEvent { action=ACTION_DOWN, actionButton=0, id[0]=0, x[0]=610.0, y[0]=1542.0, toolType[0]=TOOL_TYPE_FINGER, buttonState=0, classification=NONE, metaState=0, flags=0x0, edgeFlags=0x0, pointerCount=1, historySize=0, eventTime=542878151, downTime=542878151, deviceId=-1, source=0x1002, displayId=0, eventId=-762828863 }
08-08 20:11:22.336  4088  4088 D AnimSeqTimeStamp: getTimeGapToLastStartAppTime: 542878155
08-08 20:11:22.336  3680  4525 I SystemUi--NavBar: NoBackGesture-->display_id_0 Not in side gesture area
08-08 20:11:22.336  4088  4088 I OplusBaseTouchInteractionService: onInputEvent(), ACTION_DOWN, Consumer=TYPE_NO_OP
--------- beginning of system
08-08 20:11:22.337  3009  3127 D PowerManagerService: userActivityNoUpdateLocked: groupId=0, eventTime=542878151, event=touch, flags=0x0, uid=1000
08-08 20:11:22.337  3009  3566 D OGG_Detector: D:done mCurrStatus: 0
08-08 20:11:22.338  3009  3719 I [UAH_CLIENT]: UahEventAcquire, cmdid:37, pkg:none, identity:OplusUAwareInputHelper
08-08 20:11:22.339  3009  3571 I InputDispatcher: injectInputEvent: targetUid=<not set>, syncMode=WAIT_FOR_FINISHED, timeout=30000ms, policyFlags=0x8000000, event=MotionEvent { action=UP, id[0]=0, x[0]=610, y[0]=1542, eventTime=542878151000000, downTime=542878151000000, deviceId=4, source=TOUCHSCREEN, displayId=0, eventId=0xdf5bc4c7}
08-08 20:11:22.339  3009  3719 D UAH-UahAdaptHelper: adaptSetNotification identity = OplusUAwareInputHelpersrc = 1000 , type 0 ,p1 = -1 ,p2 = -1 ,p3 = -1 ,p4 =
08-08 20:11:22.340  3009  3719 I [UAH_CLIENT]: uahRuleCtl, ruleId:1000, status:0
08-08 20:11:22.342  3009  3571 E InputDispatcher: Inconsistent event: MotionEvent { action=UP, id[0]=0, x[0]=610, y[0]=1542, eventTime=542878151000000, downTime=542878151000000, deviceId=4, source=TOUCHSCREEN, displayId=0, eventId=0xdf5bc4c7}, reason: Injection on 0: Got ACTION_UP, but we have pointers: {1, 0} for device DeviceId(-1)
08-08 20:11:22.345 28665 28665 D ViewRootImplExtImpl: the up motion event handled by client, just return
08-08 20:11:22.345  4088  4088 D AnimSeqTimeStamp: getTimeGapToLastStartAppTime: 542878163
08-08 20:11:22.345  3009  3719 D UAH-UahAdaptHelper: adaptSetNotification identity = OplusUAwareInputHelpersrc = 1000 , type 1 ,p1 = -1 ,p2 = -1 ,p3 = -1 ,p4 =
08-08 20:11:22.345  3009  3719 I [UAH_CLIENT]: uahRuleCtl, ruleId:1000, status:1
08-08 20:11:22.350 28665 28665 I oplus.android.OplusFrameworkFactoryImpl: get feature:IOplusDynamicVsyncFeature
08-08 20:11:22.350 28665 28665 I oplus.android.OplusFrameworkFactoryImpl: get feature:IOplusDynamicVsyncFeature
08-08 20:11:22.350 28665 28665 I oplus.android.OplusFrameworkFactoryImpl: get feature:IOplusDynamicVsyncFeature
08-08 20:11:22.351 22186 22186 I adbd    : adbd service requested 'shell,v2,TERM=xterm-256color,raw:for i in 1 2 3 4 5; do input tap 610 1542; input tap 95 1542; input tap 610 1542; input tap 450 1542; input tap 610 1542; input tap 270 1542; input tap 610 1542; input tap 95 1542; done; echo batch-one-complete'
08-08 20:11:22.414  3009  3535 I InputDispatcher: injectInputEvent: targetUid=<not set>, syncMode=WAIT_FOR_FINISHED, timeout=30000ms, policyFlags=0x8000000, event=MotionEvent { action=DOWN, id[0]=0, x[0]=95, y[0]=1542, eventTime=542878233000000, downTime=542878233000000, deviceId=4, source=TOUCHSCREEN, displayId=0, eventId=0xe6f12a04}
08-08 20:11:22.416  3009  3535 E InputDispatcher: Inconsistent event: MotionEvent { action=DOWN, id[0]=0, x[0]=95, y[0]=1542, eventTime=542878233000000, downTime=542878233000000, deviceId=4, source=TOUCHSCREEN, displayId=0, eventId=0xe6f12a04}, reason: Injection on 0: Invalid DOWN event - pointers already down for device DeviceId(-1): {DeviceId(-1): {1, 0}}
08-08 20:11:22.417  4088  4088 D AnimSeqTimeStamp: getTimeGapToLastStartAppTime: 542878237
08-08 20:11:22.418  3680  4525 I SystemUi--NavBar: NoBackGesture-->display_id_0 Start gesture: MotionEvent { action=ACTION_DOWN, actionButton=0, id[0]=0, x[0]=95.0, y[0]=1542.0, toolType[0]=TOOL_TYPE_FINGER, buttonState=0, classification=NONE, metaState=0, flags=0x0, edgeFlags=0x0, pointerCount=1, historySize=0, eventTime=542878233, downTime=542878233, deviceId=-1, source=0x1002, displayId=0, eventId=-420402684 }
08-08 20:11:22.418  3009  3719 I [UAH_CLIENT]: UahEventAcquire, cmdid:37, pkg:none, identity:OplusUAwareInputHelper
08-08 20:11:22.418  3680  4525 I SystemUi--NavBar: NoBackGesture-->display_id_0 Not in side gesture area
08-08 20:11:22.418  4088  4088 I OplusBaseTouchInteractionService: onInputEvent(), ACTION_DOWN, Consumer=TYPE_NO_OP
08-08 20:11:22.419  3009  3566 D OGG_Detector: D:done mCurrStatus: 0
08-08 20:11:22.419  3009  3719 D UAH-UahAdaptHelper: adaptSetNotification identity = OplusUAwareInputHelpersrc = 1000 , type 0 ,p1 = -1 ,p2 = -1 ,p3 = -1 ,p4 =
08-08 20:11:22.419  3009  3719 I [UAH_CLIENT]: uahRuleCtl, ruleId:1000, status:0
08-08 20:11:22.428  3009  3571 I InputDispatcher: injectInputEvent: targetUid=<not set>, syncMode=WAIT_FOR_FINISHED, timeout=30000ms, policyFlags=0x8000000, event=MotionEvent { action=DOWN, id[0]=0, x[0]=610, y[0]=1542, eventTime=542878247000000, downTime=542878247000000, deviceId=4, source=TOUCHSCREEN, displayId=0, eventId=0xf6e9c13c}
08-08 20:11:22.429  3009  3571 E InputDispatcher: Inconsistent event: MotionEvent { action=DOWN, id[0]=0, x[0]=610, y[0]=1542, eventTime=542878247000000, downTime=542878247000000, deviceId=4, source=TOUCHSCREEN, displayId=0, eventId=0xf6e9c13c}, reason: Injection on 0: Invalid DOWN event - pointers already down for device DeviceId(-1): {DeviceId(-1): {1, 0}}
08-08 20:11:22.431  4088  4088 D AnimSeqTimeStamp: getTimeGapToLastStartAppTime: 542878250
08-08 20:11:22.431  3680  4525 I SystemUi--NavBar: NoBackGesture-->display_id_0 Start gesture: MotionEvent { action=ACTION_DOWN, actionButton=0, id[0]=0, x[0]=610.0, y[0]=1542.0, toolType[0]=TOOL_TYPE_FINGER, buttonState=0, classification=NONE, metaState=0, flags=0x0, edgeFlags=0x0, pointerCount=1, historySize=0, eventTime=542878247, downTime=542878247, deviceId=-1, source=0x1002, displayId=0, eventId=-152452804 }
08-08 20:11:22.431  3680  4525 I SystemUi--NavBar: NoBackGesture-->display_id_0 Not in side gesture area
08-08 20:11:22.431  4088  4088 I OplusBaseTouchInteractionService: onInputEvent(), ACTION_DOWN, Consumer=TYPE_NO_OP
08-08 20:11:22.432  3009  3566 D OGG_Detector: D:done mCurrStatus: 0
08-08 20:11:22.432  3009  3719 I [UAH_CLIENT]: UahEventAcquire, cmdid:37, pkg:none, identity:OplusUAwareInputHelper
08-08 20:11:22.434  3009  3719 D UAH-UahAdaptHelper: adaptSetNotification identity = OplusUAwareInputHelpersrc = 1000 , type 0 ,p1 = -1 ,p2 = -1 ,p3 = -1 ,p4 =
08-08 20:11:22.434  3009  3719 I [UAH_CLIENT]: uahRuleCtl, ruleId:1000, status:0
08-08 20:11:22.515  1416 10610 I WifiHAL : event received NL80211_CMD_VENDOR, vendor_id = 0x1374, subcmd = 0xd
08-08 20:11:22.515  2259  2259 I cnss-daemon: nl80211 response handler invoked
08-08 20:11:22.515  2259  2259 I cnss-daemon: nl80211_response_handler: cmd 103, vendorID 4980, subcmd 13  received
08-08 20:11:22.716 28665 28665 V AutofillManager: requestHideFillUi(null): anchor = null
08-08 20:11:22.718 28665 28665 V AutofillManager: requestHideFillUi(null): anchor = null
08-08 20:11:22.718  3009  3535 I InputDispatcher: injectInputEvent: targetUid=<not set>, syncMode=WAIT_FOR_FINISHED, timeout=30000ms, policyFlags=0x8000000, event=MotionEvent { action=UP, id[0]=0, x[0]=95, y[0]=1542, eventTime=542878233000000, downTime=542878233000000, deviceId=4, source=TOUCHSCREEN, displayId=0, eventId=0xef60520c}
08-08 20:11:22.727  3009  3535 E InputDispatcher: Inconsistent event: MotionEvent { action=UP, id[0]=0, x[0]=95, y[0]=1542, eventTime=542878233000000, downTime=542878233000000, deviceId=4, source=TOUCHSCREEN, displayId=0, eventId=0xef60520c}, reason: Injection on 0: Got ACTION_UP, but we have pointers: {1, 0} for device DeviceId(-1)
08-08 20:11:22.732  4088  4088 D AnimSeqTimeStamp: getTimeGapToLastStartAppTime: 542878551
08-08 20:11:22.733  3009  3719 D UAH-UahAdaptHelper: adaptSetNotification identity = OplusUAwareInputHelpersrc = 1000 , type 1 ,p1 = -1 ,p2 = -1 ,p3 = -1 ,p4 =
08-08 20:11:22.733  3009  3719 I [UAH_CLIENT]: uahRuleCtl, ruleId:1000, status:1
08-08 20:11:22.734  3009  3571 I InputDispatcher: injectInputEvent: targetUid=<not set>, syncMode=WAIT_FOR_FINISHED, timeout=30000ms, policyFlags=0x8000000, event=MotionEvent { action=UP, id[0]=0, x[0]=610, y[0]=1542, eventTime=542878247000000, downTime=542878247000000, deviceId=4, source=TOUCHSCREEN, displayId=0, eventId=0xd9bf9bf0}
08-08 20:11:22.738  3009  3571 E InputDispatcher: Inconsistent event: MotionEvent { action=UP, id[0]=0, x[0]=610, y[0]=1542, eventTime=542878247000000, downTime=542878247000000, deviceId=4, source=TOUCHSCREEN, displayId=0, eventId=0xd9bf9bf0}, reason: Injection on 0: Got ACTION_UP, but we have pointers: {1, 0} for device DeviceId(-1)
08-08 20:11:22.739  3009  3571 W InputManager: Input event injection from pid 30981 failed.
08-08 20:11:22.769  1299 10375 E TetherController: property_get sys.radio.data.modem_share_flag return 0, 1!
08-08 20:11:22.773  1479  1567 D BatteryChargeControl: bcc get no support from charging protocol
08-08 20:11:22.792  3009  3571 I InputDispatcher: injectInputEvent: targetUid=<not set>, syncMode=WAIT_FOR_FINISHED, timeout=30000ms, policyFlags=0x8000000, event=MotionEvent { action=DOWN, id[0]=0, x[0]=95, y[0]=1542, eventTime=542878611000000, downTime=542878611000000, deviceId=4, source=TOUCHSCREEN, displayId=0, eventId=0xdb1af970}
08-08 20:11:22.794  3009  3571 E InputDispatcher: Inconsistent event: MotionEvent { action=DOWN, id[0]=0, x[0]=95, y[0]=1542, eventTime=542878611000000, downTime=542878611000000, deviceId=4, source=TOUCHSCREEN, displayId=0, eventId=0xdb1af970}, reason: Injection on 0: Invalid DOWN event - pointers already down for device DeviceId(-1): {DeviceId(-1): {1, 0}}
08-08 20:11:22.795  4088  4088 D AnimSeqTimeStamp: getTimeGapToLastStartAppTime: 542878614
08-08 20:11:22.795  3680  4525 I SystemUi--NavBar: NoBackGesture-->display_id_0 Start gesture: MotionEvent { action=ACTION_DOWN, actionButton=0, id[0]=0, x[0]=95.0, y[0]=1542.0, toolType[0]=TOOL_TYPE_FINGER, buttonState=0, classification=NONE, metaState=0, flags=0x0, edgeFlags=0x0, pointerCount=1, historySize=0, eventTime=542878611, downTime=542878611, deviceId=-1, source=0x1002, displayId=0, eventId=-618989200 }
08-08 20:11:22.795  3680  4525 I SystemUi--NavBar: NoBackGesture-->display_id_0 Not in side gesture area
08-08 20:11:22.796  3009  3127 D PowerManagerService: userActivityNoUpdateLocked: groupId=0, eventTime=542878611, event=touch, flags=0x0, uid=1000
08-08 20:11:22.796  3009  3719 I [UAH_CLIENT]: UahEventAcquire, cmdid:37, pkg:none, identity:OplusUAwareInputHelper
08-08 20:11:22.796  4088  4088 I OplusBaseTouchInteractionService: onInputEvent(), ACTION_DOWN, Consumer=TYPE_NO_OP
08-08 20:11:22.797  3009  3566 D OGG_Detector: D:done mCurrStatus: 0
08-08 20:11:22.797  3009  3719 D UAH-UahAdaptHelper: adaptSetNotification identity = OplusUAwareInputHelpersrc = 1000 , type 0 ,p1 = -1 ,p2 = -1 ,p3 = -1 ,p4 =
08-08 20:11:22.798  3009  3719 I [UAH_CLIENT]: uahRuleCtl, ruleId:1000, status:0
08-08 20:11:22.883  1479  5654 D charge_time: type=cdp/dcp,reserve_soc=1,soc=61,ui_soc=62,current=1033,avg=1029,not_chg_cnt=0,stable_cnt=7,fcc=4423,fcc_ratio=92,delta=58,debug=0,region=12,ttf=5891(01:38:11),ui_ttf=5067(01:24:27)
08-08 20:11:22.895 28601 28615 I IPCThreadState: oneway function results for code 2 on binder at 0xb40000736b1e0360 will be dropped but finished with status UNKNOWN_TRANSACTION
08-08 20:11:22.923 28623 28623 I Finsky:background: [2] Memory trim requested to level 40
08-08 20:11:22.935 28665 28665 D ViewRootImplExtImpl: the up motion event handled by client, just return
08-08 20:11:22.935 28665 28665 V AutofillManager: requestHideFillUi(null): anchor = null
08-08 20:11:22.937  3009  3571 I InputDispatcher: injectInputEvent: targetUid=<not set>, syncMode=WAIT_FOR_FINISHED, timeout=30000ms, policyFlags=0x8000000, event=MotionEvent { action=UP, id[0]=0, x[0]=95, y[0]=1542, eventTime=542878611000000, downTime=542878611000000, deviceId=4, source=TOUCHSCREEN, displayId=0, eventId=0xeef156f5}
08-08 20:11:22.940  3009  3571 E InputDispatcher: Inconsistent event: MotionEvent { action=UP, id[0]=0, x[0]=95, y[0]=1542, eventTime=542878611000000, downTime=542878611000000, deviceId=4, source=TOUCHSCREEN, displayId=0, eventId=0xeef156f5}, reason: Injection on 0: Got ACTION_UP, but we have pointers: {1, 0} for device DeviceId(-1)
08-08 20:11:22.941  4088  4088 D AnimSeqTimeStamp: getTimeGapToLastStartAppTime: 542878760
08-08 20:11:22.941 28665 28665 D ViewRootImplExtImpl: the up motion event handled by client, just return
08-08 20:11:22.942  3009  3719 D UAH-UahAdaptHelper: adaptSetNotification identity = OplusUAwareInputHelpersrc = 1000 , type 1 ,p1 = -1 ,p2 = -1 ,p3 = -1 ,p4 =
08-08 20:11:22.942  3009  3719 I [UAH_CLIENT]: uahRuleCtl, ruleId:1000, status:1
08-08 20:11:22.951 28665 28665 I oplus.android.OplusFrameworkFactoryImpl: get feature:IOplusDynamicVsyncFeature
08-08 20:11:22.951 28665 28665 I oplus.android.OplusFrameworkFactoryImpl: get feature:IOplusDynamicVsyncFeature
08-08 20:11:22.951 28665 28665 I oplus.android.OplusFrameworkFactoryImpl: get feature:IOplusDynamicVsyncFeature
08-08 20:11:22.998  3009  3571 I InputDispatcher: injectInputEvent: targetUid=<not set>, syncMode=WAIT_FOR_FINISHED, timeout=30000ms, policyFlags=0x8000000, event=MotionEvent { action=DOWN, id[0]=0, x[0]=610, y[0]=1542, eventTime=542878817000000, downTime=542878817000000, deviceId=4, source=TOUCHSCREEN, displayId=0, eventId=0xc5fb92e5}
08-08 20:11:23.000  3009  3571 E InputDispatcher: Inconsistent event: MotionEvent { action=DOWN, id[0]=0, x[0]=610, y[0]=1542, eventTime=542878817000000, downTime=542878817000000, deviceId=4, source=TOUCHSCREEN, displayId=0, eventId=0xc5fb92e5}, reason: Injection on 0: Invalid DOWN event - pointers already down for device DeviceId(-1): {DeviceId(-1): {1, 0}}
08-08 20:11:23.002 28665 28665 V AutofillManager: requestHideFillUi(null): anchor = null
08-08 20:11:23.002  4088  4088 D AnimSeqTimeStamp: getTimeGapToLastStartAppTime: 542878821
08-08 20:11:23.002  3680  4525 I SystemUi--NavBar: NoBackGesture-->display_id_0 Start gesture: MotionEvent { action=ACTION_DOWN, actionButton=0, id[0]=0, x[0]=610.0, y[0]=1542.0, toolType[0]=TOOL_TYPE_FINGER, buttonState=0, classification=NONE, metaState=0, flags=0x0, edgeFlags=0x0, pointerCount=1, historySize=0, eventTime=542878817, downTime=542878817, deviceId=-1, source=0x1002, displayId=0, eventId=-973368603 }
08-08 20:11:23.002  3680  4525 I SystemUi--NavBar: NoBackGesture-->display_id_0 Not in side gesture area
08-08 20:11:23.002  4088  4088 I OplusBaseTouchInteractionService: onInputEvent(), ACTION_DOWN, Consumer=TYPE_NO_OP
08-08 20:11:23.003  3009  3127 D PowerManagerService: userActivityNoUpdateLocked: groupId=0, eventTime=542878817, event=touch, flags=0x0, uid=1000
08-08 20:11:23.003  3009  3719 I [UAH_CLIENT]: UahEventAcquire, cmdid:37, pkg:none, identity:OplusUAwareInputHelper
08-08 20:11:23.003  3009  3571 I InputDispatcher: injectInputEvent: targetUid=<not set>, syncMode=WAIT_FOR_FINISHED, timeout=30000ms, policyFlags=0x8000000, event=MotionEvent { action=UP, id[0]=0, x[0]=610, y[0]=1542, eventTime=542878817000000, downTime=542878817000000, deviceId=4, source=TOUCHSCREEN, displayId=0, eventId=0xece5bb36}
08-08 20:11:23.005  3009  3535 I InputDispatcher: injectInputEvent: targetUid=<not set>, syncMode=WAIT_FOR_FINISHED, timeout=30000ms, policyFlags=0x8000000, event=MotionEvent { action=DOWN, id[0]=0, x[0]=610, y[0]=1542, eventTime=542878823000000, downTime=542878823000000, deviceId=4, source=TOUCHSCREEN, displayId=0, eventId=0xe3632702}
08-08 20:11:23.005  3009  3566 D OGG_Detector: D:done mCurrStatus: 0
08-08 20:11:23.005  3009  3719 D UAH-UahAdaptHelper: adaptSetNotification identity = OplusUAwareInputHelpersrc = 1000 , type 0 ,p1 = -1 ,p2 = -1 ,p3 = -1 ,p4 =
08-08 20:11:23.005  3009  3719 I [UAH_CLIENT]: uahRuleCtl, ruleId:1000, status:0
08-08 20:11:23.006  3009  3571 E InputDispatcher: Inconsistent event: MotionEvent { action=UP, id[0]=0, x[0]=610, y[0]=1542, eventTime=542878817000000, downTime=542878817000000, deviceId=4, source=TOUCHSCREEN, displayId=0, eventId=0xece5bb36}, reason: Injection on 0: Got ACTION_UP, but we have pointers: {1, 0} for device DeviceId(-1)
08-08 20:11:23.008  4088  4088 D AnimSeqTimeStamp: getTimeGapToLastStartAppTime: 542878827
08-08 20:11:23.008 28665 28665 D ViewRootImplExtImpl: the up motion event handled by client, just return
08-08 20:11:23.009  3009  3719 D UAH-UahAdaptHelper: adaptSetNotification identity = OplusUAwareInputHelpersrc = 1000 , type 1 ,p1 = -1 ,p2 = -1 ,p3 = -1 ,p4 =
08-08 20:11:23.009  3009  3719 I [UAH_CLIENT]: uahRuleCtl, ruleId:1000, status:1
08-08 20:11:23.014 28665 28665 I oplus.android.OplusFrameworkFactoryImpl: get feature:IOplusDynamicVsyncFeature
08-08 20:11:23.014 28665 28665 I oplus.android.OplusFrameworkFactoryImpl: get feature:IOplusDynamicVsyncFeature
08-08 20:11:23.014 28665 28665 I oplus.android.OplusFrameworkFactoryImpl: get feature:IOplusDynamicVsyncFeature
08-08 20:11:23.015  3009  3535 E InputDispatcher: Inconsistent event: MotionEvent { action=DOWN, id[0]=0, x[0]=610, y[0]=1542, eventTime=542878823000000, downTime=542878823000000, deviceId=4, source=TOUCHSCREEN, displayId=0, eventId=0xe3632702}, reason: Injection on 0: Invalid DOWN event - pointers already down for device DeviceId(-1): {DeviceId(-1): {1, 0}}
08-08 20:11:23.018  4088  4088 D AnimSeqTimeStamp: getTimeGapToLastStartAppTime: 542878837
08-08 20:11:23.018  3009  3566 D OGG_Detector: D:done mCurrStatus: 0
08-08 20:11:23.018  3680  4525 I SystemUi--NavBar: NoBackGesture-->display_id_0 Start gesture: MotionEvent { action=ACTION_DOWN, actionButton=0, id[0]=0, x[0]=610.0, y[0]=1542.0, toolType[0]=TOOL_TYPE_FINGER, buttonState=0, classification=NONE, metaState=0, flags=0x0, edgeFlags=0x0, pointerCount=1, historySize=0, eventTime=542878823, downTime=542878823, deviceId=-1, source=0x1002, displayId=0, eventId=-480041214 }
08-08 20:11:23.018  4088  4088 I OplusBaseTouchInteractionService: onInputEvent(), ACTION_DOWN, Consumer=TYPE_NO_OP
08-08 20:11:23.018  3680  4525 I SystemUi--NavBar: NoBackGesture-->display_id_0 Not in side gesture area
08-08 20:11:23.018  3009  3719 I [UAH_CLIENT]: UahEventAcquire, cmdid:37, pkg:none, identity:OplusUAwareInputHelper
08-08 20:11:23.020  3009  3719 D UAH-UahAdaptHelper: adaptSetNotification identity = OplusUAwareInputHelpersrc = 1000 , type 0 ,p1 = -1 ,p2 = -1 ,p3 = -1 ,p4 =
08-08 20:11:23.020  3009  3719 I [UAH_CLIENT]: uahRuleCtl, ruleId:1000, status:0
08-08 20:11:23.070  3009  3571 I InputDispatcher: injectInputEvent: targetUid=<not set>, syncMode=WAIT_FOR_FINISHED, timeout=30000ms, policyFlags=0x8000000, event=MotionEvent { action=DOWN, id[0]=0, x[0]=450, y[0]=1542, eventTime=542878889000000, downTime=542878889000000, deviceId=4, source=TOUCHSCREEN, displayId=0, eventId=0xdf3af3b2}
08-08 20:11:23.071  3009  3571 E InputDispatcher: Inconsistent event: MotionEvent { action=DOWN, id[0]=0, x[0]=450, y[0]=1542, eventTime=542878889000000, downTime=542878889000000, deviceId=4, source=TOUCHSCREEN, displayId=0, eventId=0xdf3af3b2}, reason: Injection on 0: Invalid DOWN event - pointers already down for device DeviceId(-1): {DeviceId(-1): {1, 0}}
08-08 20:11:23.074  4088  4088 D AnimSeqTimeStamp: getTimeGapToLastStartAppTime: 542878893
08-08 20:11:23.074  3680  4525 I SystemUi--NavBar: NoBackGesture-->display_id_0 Start gesture: MotionEvent { action=ACTION_DOWN, actionButton=0, id[0]=0, x[0]=450.0, y[0]=1542.0, toolType[0]=TOOL_TYPE_FINGER, buttonState=0, classification=NONE, metaState=0, flags=0x0, edgeFlags=0x0, pointerCount=1, historySize=0, eventTime=542878889, downTime=542878889, deviceId=-1, source=0x1002, displayId=0, eventId=-549784654 }
08-08 20:11:23.074  3680  4525 I SystemUi--NavBar: NoBackGesture-->display_id_0 Not in side gesture area
08-08 20:11:23.075  3009  3566 D OGG_Detector: D:done mCurrStatus: 0
08-08 20:11:23.075  4088  4088 I OplusBaseTouchInteractionService: onInputEvent(), ACTION_DOWN, Consumer=TYPE_NO_OP
08-08 20:11:23.075  3009  3719 I [UAH_CLIENT]: UahEventAcquire, cmdid:37, pkg:none, identity:OplusUAwareInputHelper
08-08 20:11:23.077  3009  3719 D UAH-UahAdaptHelper: adaptSetNotification identity = OplusUAwareInputHelpersrc = 1000 , type 0 ,p1 = -1 ,p2 = -1 ,p3 = -1 ,p4 =
08-08 20:11:23.077  3009  3719 I [UAH_CLIENT]: uahRuleCtl, ruleId:1000, status:0
08-08 20:11:23.089  3009  3442 D WifiStaIfaceHidlImpl: getCachedScanData is not implemented by HIDL
08-08 20:11:23.100  4047  4047 D VendorWifiService: onEvent event:9,action:1
08-08 20:11:23.103  3009  3545 D OplusWifiPower_TriggerCenter: mComponentCallback: wifistat
08-08 20:11:23.185  3979  4446 D CommonApp-741-10495: transport layer data is invalid
08-08 20:11:23.196  1479  1479 D vendor.oplus.hardware.charger-V6-service: get_ui_charge_icon_type 0 0 0 0 0
08-08 20:11:23.198  1479  1479 D vendor.oplus.hardware.charger-V6-service: oplus_chg_get_cpa_power 7500 charge_online 1 retention_topic 0
08-08 20:11:23.199  1479  1479 D vendor.oplus.hardware.charger-V6-service: oplus_chg_get_cpa_power 7500 charge_online 1 retention_topic 0
08-08 20:11:23.199  1479  1479 D vendor.oplus.hardware.charger-V6-service: getIsSingleHyperSupport=2, cpa_power=7
08-08 20:11:23.199  1479  1479 E vendor.oplus.hardware.charger-V6-service: Failed to open the file: /sys/class/oplus_chg/common/plc. Error 2: No such file or directory
08-08 20:11:23.207  3680  3680 I SystemUi--Statusbar: BatteryControllerExt-->updateBatteryChangeIntent():broadcast=android.intent.action.BATTERY_CHANGED,level=62,scale=100
08-08 20:11:23.207  3680  3680 I SystemUi--Statusbar: BatteryRepository-->level: 62 -- isSavingMode: false
08-08 20:11:23.212  4047  4047 D SubsysBroadcastManager: onReceive action:android.intent.action.BATTERY_CHANGED
08-08 20:11:23.215  1479  1479 D vendor.oplus.hardware.charger-V6-service: get_ui_charge_icon_type 0 0 0 0 0
08-08 20:11:23.216 28909 28909 D DeviceStatisticsService: onReceive: action= android.intent.action.BATTERY_CHANGED
08-08 20:11:23.216  1479  1479 D vendor.oplus.hardware.charger-V6-service: oplus_chg_get_cpa_power 7500 charge_online 1 retention_topic 0
08-08 20:11:23.217  1479  1479 D vendor.oplus.hardware.charger-V6-service: oplus_chg_get_cpa_power 7500 charge_online 1 retention_topic 0
08-08 20:11:23.217  1479  1479 D vendor.oplus.hardware.charger-V6-service: getIsSingleHyperSupport=2, cpa_power=7
08-08 20:11:23.218  1479  1479 E vendor.oplus.hardware.charger-V6-service: Failed to open the file: /sys/class/oplus_chg/common/plc. Error 2: No such file or directory
08-08 20:11:23.223 31047 31047 D CustomLogManagerService: onReceive android.intent.action.BATTERY_CHANGED
08-08 20:11:23.225  3009  3134 D OplusDisplayBrightnessBroadcastReceiver: onReceive action = android.intent.action.BATTERY_CHANGED , listeners = [com.android.server.display.OplusFeatureHDREnhanceBrightness$PhoneInfoReceiver@1d811b8, com.android.server.display.OplusFeatureEdrEnhanceBrightness$PhoneInfoReceiver@ab5cb91]
08-08 20:11:23.225  6966  7029 E Battery : a: getAISleepDuration: predictResult is null.
08-08 20:11:23.225  6966  7029 E Battery : ChargeProtectionUtils: mCanlendarTmp.isEmpty()!
08-08 20:11:23.315  3009  3096 I ActivityManager: Test idle failed due to e3b2fb 21279:android.process.media/u0a63 runnable at +388ms because NORMAL
08-08 20:11:23.392 28665 28665 V AutofillManager: requestHideFillUi(null): anchor = null
08-08 20:11:23.393 28665 28665 V AutofillManager: requestHideFillUi(null): anchor = null
08-08 20:11:23.393  3009  3535 I InputDispatcher: injectInputEvent: targetUid=<not set>, syncMode=WAIT_FOR_FINISHED, timeout=30000ms, policyFlags=0x8000000, event=MotionEvent { action=UP, id[0]=0, x[0]=610, y[0]=1542, eventTime=542878823000000, downTime=542878823000000, deviceId=4, source=TOUCHSCREEN, displayId=0, eventId=0xc6f72f26}
08-08 20:11:23.399  3009  3535 E InputDispatcher: Inconsistent event: MotionEvent { action=UP, id[0]=0, x[0]=610, y[0]=1542, eventTime=542878823000000, downTime=542878823000000, deviceId=4, source=TOUCHSCREEN, displayId=0, eventId=0xc6f72f26}, reason: Injection on 0: Got ACTION_UP, but we have pointers: {1, 0} for device DeviceId(-1)
08-08 20:11:23.401  4088  4088 D AnimSeqTimeStamp: getTimeGapToLastStartAppTime: 542879221
08-08 20:11:23.402  3009  3719 D UAH-UahAdaptHelper: adaptSetNotification identity = OplusUAwareInputHelpersrc = 1000 , type 1 ,p1 = -1 ,p2 = -1 ,p3 = -1 ,p4 =
08-08 20:11:23.402  3009  3719 I [UAH_CLIENT]: uahRuleCtl, ruleId:1000, status:1
08-08 20:11:23.403  3009  3571 I InputDispatcher: injectInputEvent: targetUid=<not set>, syncMode=WAIT_FOR_FINISHED, timeout=30000ms, policyFlags=0x8000000, event=MotionEvent { action=UP, id[0]=0, x[0]=450, y[0]=1542, eventTime=542878889000000, downTime=542878889000000, deviceId=4, source=TOUCHSCREEN, displayId=0, eventId=0xe64711a1}
08-08 20:11:23.407  3009  3571 E InputDispatcher: Inconsistent event: MotionEvent { action=UP, id[0]=0, x[0]=450, y[0]=1542, eventTime=542878889000000, downTime=542878889000000, deviceId=4, source=TOUCHSCREEN, displayId=0, eventId=0xe64711a1}, reason: Injection on 0: Got ACTION_UP, but we have pointers: {1, 0} for device DeviceId(-1)
08-08 20:11:23.407  3009  3571 W InputManager: Input event injection from pid 31003 failed.
08-08 20:11:23.472  3009  3571 I InputDispatcher: injectInputEvent: targetUid=<not set>, syncMode=WAIT_FOR_FINISHED, timeout=30000ms, policyFlags=0x8000000, event=MotionEvent { action=DOWN, id[0]=0, x[0]=610, y[0]=1542, eventTime=542879291000000, downTime=542879291000000, deviceId=4, source=TOUCHSCREEN, displayId=0, eventId=0xd4647913}
08-08 20:11:23.475  3009  3571 E InputDispatcher: Inconsistent event: MotionEvent { action=DOWN, id[0]=0, x[0]=610, y[0]=1542, eventTime=542879291000000, downTime=542879291000000, deviceId=4, source=TOUCHSCREEN, displayId=0, eventId=0xd4647913}, reason: Injection on 0: Invalid DOWN event - pointers already down for device DeviceId(-1): {DeviceId(-1): {1, 0}}
08-08 20:11:23.477  4088  4088 D AnimSeqTimeStamp: getTimeGapToLastStartAppTime: 542879296
08-08 20:11:23.477  3009  3566 D OGG_Detector: D:done mCurrStatus: 0
08-08 20:11:23.477  3680  4525 I SystemUi--NavBar: NoBackGesture-->display_id_0 Start gesture: MotionEvent { action=ACTION_DOWN, actionButton=0, id[0]=0, x[0]=610.0, y[0]=1542.0, toolType[0]=TOOL_TYPE_FINGER, buttonState=0, classification=NONE, metaState=0, flags=0x0, edgeFlags=0x0, pointerCount=1, historySize=0, eventTime=542879291, downTime=542879291, deviceId=-1, source=0x1002, displayId=0, eventId=-731612909 }
08-08 20:11:23.477  4088  4088 I OplusBaseTouchInteractionService: onInputEvent(), ACTION_DOWN, Consumer=TYPE_NO_OP
08-08 20:11:23.477  3680  4525 I SystemUi--NavBar: NoBackGesture-->display_id_0 Not in side gesture area
08-08 20:11:23.477  3009  3719 I [UAH_CLIENT]: UahEventAcquire, cmdid:37, pkg:none, identity:OplusUAwareInputHelper
08-08 20:11:23.477  3009  3127 D PowerManagerService: userActivityNoUpdateLocked: groupId=0, eventTime=542879291, event=touch, flags=0x0, uid=1000
08-08 20:11:23.478  3009  3719 D UAH-UahAdaptHelper: adaptSetNotification identity = OplusUAwareInputHelpersrc = 1000 , type 0 ,p1 = -1 ,p2 = -1 ,p3 = -1 ,p4 =
08-08 20:11:23.479  3009  3719 I [UAH_CLIENT]: uahRuleCtl, ruleId:1000, status:0
08-08 20:11:23.634 28665 28665 D ViewRootImplExtImpl: the up motion event handled by client, just return
08-08 20:11:23.634 28665 28665 V AutofillManager: requestHideFillUi(null): anchor = null
08-08 20:11:23.636  3009  3571 I InputDispatcher: injectInputEvent: targetUid=<not set>, syncMode=WAIT_FOR_FINISHED, timeout=30000ms, policyFlags=0x8000000, event=MotionEvent { action=UP, id[0]=0, x[0]=610, y[0]=1542, eventTime=542879291000000, downTime=542879291000000, deviceId=4, source=TOUCHSCREEN, displayId=0, eventId=0xefda82e8}
08-08 20:11:23.642  3009  3571 E InputDispatcher: Inconsistent event: MotionEvent { action=UP, id[0]=0, x[0]=610, y[0]=1542, eventTime=542879291000000, downTime=542879291000000, deviceId=4, source=TOUCHSCREEN, displayId=0, eventId=0xefda82e8}, reason: Injection on 0: Got ACTION_UP, but we have pointers: {1, 0} for device DeviceId(-1)
08-08 20:11:23.644  4088  4088 D AnimSeqTimeStamp: getTimeGapToLastStartAppTime: 542879463
08-08 20:11:23.644  3009  3719 D UAH-UahAdaptHelper: adaptSetNotification identity = OplusUAwareInputHelpersrc = 1000 , type 1 ,p1 = -1 ,p2 = -1 ,p3 = -1 ,p4 =
08-08 20:11:23.645  3009  3719 I [UAH_CLIENT]: uahRuleCtl, ruleId:1000, status:1
08-08 20:11:23.646 28665 28665 I oplus.android.OplusFrameworkFactoryImpl: get feature:IOplusDynamicVsyncFeature
08-08 20:11:23.646 28665 28665 I oplus.android.OplusFrameworkFactoryImpl: get feature:IOplusDynamicVsyncFeature
08-08 20:11:23.646 28665 28665 I oplus.android.OplusFrameworkFactoryImpl: get feature:IOplusDynamicVsyncFeature
08-08 20:11:23.713  3009  3535 I InputDispatcher: injectInputEvent: targetUid=<not set>, syncMode=WAIT_FOR_FINISHED, timeout=30000ms, policyFlags=0x8000000, event=MotionEvent { action=DOWN, id[0]=0, x[0]=450, y[0]=1542, eventTime=542879532000000, downTime=542879532000000, deviceId=4, source=TOUCHSCREEN, displayId=0, eventId=0xcbcd4375}
08-08 20:11:23.715  3009  3535 E InputDispatcher: Inconsistent event: MotionEvent { action=DOWN, id[0]=0, x[0]=450, y[0]=1542, eventTime=542879532000000, downTime=542879532000000, deviceId=4, source=TOUCHSCREEN, displayId=0, eventId=0xcbcd4375}, reason: Injection on 0: Invalid DOWN event - pointers already down for device DeviceId(-1): {DeviceId(-1): {1, 0}}
08-08 20:11:23.717  4088  4088 D AnimSeqTimeStamp: getTimeGapToLastStartAppTime: 542879536
08-08 20:11:23.717  3009  3566 D OGG_Detector: D:done mCurrStatus: 0
08-08 20:11:23.717  3680  4525 I SystemUi--NavBar: NoBackGesture-->display_id_0 Start gesture: MotionEvent { action=ACTION_DOWN, actionButton=0, id[0]=0, x[0]=450.0, y[0]=1542.0, toolType[0]=TOOL_TYPE_FINGER, buttonState=0, classification=NONE, metaState=0, flags=0x0, edgeFlags=0x0, pointerCount=1, historySize=0, eventTime=542879532, downTime=542879532, deviceId=-1, source=0x1002, displayId=0, eventId=-875740299 }
08-08 20:11:23.717  3680  4525 I SystemUi--NavBar: NoBackGesture-->display_id_0 Not in side gesture area
08-08 20:11:23.717  4088  4088 I OplusBaseTouchInteractionService: onInputEvent(), ACTION_DOWN, Consumer=TYPE_NO_OP
08-08 20:11:23.717  3009  3127 D PowerManagerService: userActivityNoUpdateLocked: groupId=0, eventTime=542879532, event=touch, flags=0x0, uid=1000
08-08 20:11:23.717  3009  3719 I [UAH_CLIENT]: UahEventAcquire, cmdid:37, pkg:none, identity:OplusUAwareInputHelper
08-08 20:11:23.719  3009  3719 D UAH-UahAdaptHelper: adaptSetNotification identity = OplusUAwareInputHelpersrc = 1000 , type 0 ,p1 = -1 ,p2 = -1 ,p3 = -1 ,p4 =
08-08 20:11:23.719  3009  3719 I [UAH_CLIENT]: uahRuleCtl, ruleId:1000, status:0
08-08 20:11:23.775  1479  1567 D BatteryChargeControl: bcc get no support from charging protocol
08-08 20:11:23.788  1299 10375 E TetherController: property_get sys.radio.data.modem_share_flag return 0, 1!
08-08 20:11:23.871  1479  1562 D vendor.oplus.hardware.charger-V6-service: ret_value:159, read content:,335,349,4112,4122,-993,1500,2200,61,62,1,6,1425,4560,62,1,0,1,1,0,0,4470,0,6,0,6,0,0,0,-2740,0,1,1,0,0,41,41,41,0,0,0,0,0,0,0,0,0,0,4,0,1,0,100,0,0,0,0,0,0,0
08-08 20:11:23.871  1479  1562 D vendor.oplus.hardware.charger-V6-service: gmtime: 2026-08-08-20-11-23
08-08 20:11:23.873  1479  1562 D vendor.oplus.hardware.charger-V6-service: usb_online:1, ac_online:0, wireless_online:-2147483648
08-08 20:11:23.890  1479  5654 D charge_time: write 5066s(01:24:26) to ttf, rc=6
08-08 20:11:23.890  1479  5654 D charge_time: type=cdp/dcp,reserve_soc=1,soc=61,ui_soc=62,current=993,avg=1022,not_chg_cnt=0,stable_cnt=7,fcc=4423,fcc_ratio=92,delta=59,debug=0,region=12,ttf=5924(01:38:44),ui_ttf=5066(01:24:26)
08-08 20:11:24.210  3979  4446 D CommonApp-741-10495: transport layer data is invalid
08-08 20:11:24.313  3009  3998 I OplusHansManager : uid=10488, pkg=com.instagram.android F enter(), M stay=10
08-08 20:11:24.320  3009  3998 I OplusHansManager : freeze uid: 10488 com.instagram.android pids: [30037] scene: LcdOn
08-08 20:11:24.321  7071 18718 D IHansComunication: HANS sendMessageToKernel: threadId = 517145082992, netLinkSetup = 1, type = PKG, targetUid = 10488, pkgCmd = ADD_ONE_UID
08-08 20:11:24.324  3009  4134 I OplusHansManager : unfreeze uid: 10488 com.instagram.android pids: [30037] reason: ExecutingComponent scene: LcdOn
08-08 20:11:24.324  3009  4015 I OplusHansManager : p_BC uid=10488 pkg=com.instagram.android
08-08 20:11:24.325  3009  4015 I OplusBinderProxy: proxyBinder uid: 10488 pkg: com.instagram.android proxy: true calling: OFreezer
08-08 20:11:24.325  3009  3998 I OplusHansManager : uid=10488, pkg=com.instagram.android F exit(), F stay=0, reason=ExecutingComponent
08-08 20:11:24.325  3009  4015 I OplusHansManager : up_BC uid=10488 pkg=com.instagram.android
08-08 20:11:24.325  3009  4015 I OplusBinderProxy: proxyBinder uid: 10488 pkg: com.instagram.android proxy: false calling: OFreezer
08-08 20:11:24.520  1416 10610 I WifiHAL : event received NL80211_CMD_VENDOR, vendor_id = 0x1374, subcmd = 0xd
08-08 20:11:24.521  2259  2259 I cnss-daemon: nl80211 response handler invoked
08-08 20:11:24.521  2259  2259 I cnss-daemon: nl80211_response_handler: cmd 103, vendorID 4980, subcmd 13  received
08-08 20:11:24.776  1479  1567 D BatteryChargeControl: bcc get no support from charging protocol
08-08 20:11:24.804  1299 10375 E TetherController: property_get sys.radio.data.modem_share_flag return 0, 1!
08-08 20:11:24.897  1479  5654 D charge_time: type=cdp/dcp,reserve_soc=1,soc=61,ui_soc=62,current=1063,avg=1026,not_chg_cnt=0,stable_cnt=7,fcc=4423,fcc_ratio=92,delta=60,debug=0,region=12,ttf=5904(01:38:24),ui_ttf=5065(01:24:25)
08-08 20:11:24.899 28665 28665 D ViewRootImplExtImpl: the up motion event handled by client, just return
08-08 20:11:24.900 28665 28665 V AutofillManager: requestHideFillUi(null): anchor = null
08-08 20:11:24.901 28665 28665 I Choreographer: Skipped 74 frames!  The application may be doing too much work on its main thread.
08-08 20:11:24.902  3009  3535 I InputDispatcher: injectInputEvent: targetUid=<not set>, syncMode=WAIT_FOR_FINISHED, timeout=30000ms, policyFlags=0x8000000, event=MotionEvent { action=UP, id[0]=0, x[0]=450, y[0]=1542, eventTime=542879532000000, downTime=542879532000000, deviceId=4, source=TOUCHSCREEN, displayId=0, eventId=0xc851c954}
08-08 20:11:24.914  3009  3535 E InputDispatcher: Inconsistent event: MotionEvent { action=UP, id[0]=0, x[0]=450, y[0]=1542, eventTime=542879532000000, downTime=542879532000000, deviceId=4, source=TOUCHSCREEN, displayId=0, eventId=0xc851c954}, reason: Injection on 0: Got ACTION_UP, but we have pointers: {1, 0} for device DeviceId(-1)
08-08 20:11:24.916  4088  4088 D AnimSeqTimeStamp: getTimeGapToLastStartAppTime: 542880735
08-08 20:11:24.917  3009  3719 D UAH-UahAdaptHelper: adaptSetNotification identity = OplusUAwareInputHelpersrc = 1000 , type 1 ,p1 = -1 ,p2 = -1 ,p3 = -1 ,p4 =
08-08 20:11:24.917  3009  3719 I [UAH_CLIENT]: uahRuleCtl, ruleId:1000, status:1
08-08 20:11:24.976  3009  3571 I InputDispatcher: injectInputEvent: targetUid=<not set>, syncMode=WAIT_FOR_FINISHED, timeout=30000ms, policyFlags=0x8000000, event=MotionEvent { action=DOWN, id[0]=0, x[0]=270, y[0]=1542, eventTime=542880794000000, downTime=542880794000000, deviceId=4, source=TOUCHSCREEN, displayId=0, eventId=0xecea1eb1}
08-08 20:11:24.978  3009  3571 E InputDispatcher: Inconsistent event: MotionEvent { action=DOWN, id[0]=0, x[0]=270, y[0]=1542, eventTime=542880794000000, downTime=542880794000000, deviceId=4, source=TOUCHSCREEN, displayId=0, eventId=0xecea1eb1}, reason: Injection on 0: Invalid DOWN event - pointers already down for device DeviceId(-1): {DeviceId(-1): {1, 0}}
08-08 20:11:24.979  4088  4088 D AnimSeqTimeStamp: getTimeGapToLastStartAppTime: 542880799
08-08 20:11:24.980  4088  4088 I OplusBaseTouchInteractionService: onInputEvent(), ACTION_DOWN, Consumer=TYPE_NO_OP
08-08 20:11:24.980  3009  3127 D PowerManagerService: userActivityNoUpdateLocked: groupId=0, eventTime=542880794, event=touch, flags=0x0, uid=1000
08-08 20:11:24.980  3009  3719 I [UAH_CLIENT]: UahEventAcquire, cmdid:37, pkg:none, identity:OplusUAwareInputHelper
08-08 20:11:24.981  3680  4525 I SystemUi--NavBar: NoBackGesture-->display_id_0 Start gesture: MotionEvent { action=ACTION_DOWN, actionButton=0, id[0]=0, x[0]=270.0, y[0]=1542.0, toolType[0]=TOOL_TYPE_FINGER, buttonState=0, classification=NONE, metaState=0, flags=0x0, edgeFlags=0x0, pointerCount=1, historySize=0, eventTime=542880794, downTime=542880794, deviceId=-1, source=0x1002, displayId=0, eventId=-320201039 }
08-08 20:11:24.981  3009  3566 D OGG_Detector: D:done mCurrStatus: 0
08-08 20:11:24.981  3680  4525 I SystemUi--NavBar: NoBackGesture-->display_id_0 Not in side gesture area
08-08 20:11:24.982  3009  3719 D UAH-UahAdaptHelper: adaptSetNotification identity = OplusUAwareInputHelpersrc = 1000 , type 0 ,p1 = -1 ,p2 = -1 ,p3 = -1 ,p4 =
08-08 20:11:24.982  3009  3719 I [UAH_CLIENT]: uahRuleCtl, ruleId:1000, status:0
08-08 20:11:25.226 31047  3500 D CustomLogManagerService: WorkHandler msg.what :5
08-08 20:11:25.236  3979  4446 D CommonApp-741-10495: transport layer data is invalid
08-08 20:11:25.237 31047  3500 D CustomLogManagerService: curTemp:335 limit:390
08-08 20:11:25.238 31047  3500 D CustomLogManagerService: checkUploadStatus: isSceenOn=true activeNetType=1 isCharging=true isUploading:false temperatureLimit:false
08-08 20:11:25.238 31047  3500 D CustomLogManagerService: sys.log.customer=false
08-08 20:11:25.238 31047  3500 D CustomLogManagerService: isHaveCustomLogCollecting :false
08-08 20:11:25.777  1479  1567 D BatteryChargeControl: bcc get no support from charging protocol
08-08 20:11:25.816  1299 10375 E TetherController: property_get sys.radio.data.modem_share_flag return 0, 1!
08-08 20:11:25.903  1479  5654 D charge_time: type=cdp/dcp,reserve_soc=1,soc=61,ui_soc=62,current=1066,avg=1035,not_chg_cnt=0,stable_cnt=7,fcc=4423,fcc_ratio=92,delta=61,debug=0,region=12,ttf=5861(01:37:41),ui_ttf=5064(01:24:24)
08-08 20:11:25.953 28665 28665 D ViewRootImplExtImpl: the up motion event handled by client, just return
08-08 20:11:25.954 28665 28665 V AutofillManager: requestHideFillUi(null): anchor = null
08-08 20:11:25.956  3009  3571 I InputDispatcher: injectInputEvent: targetUid=<not set>, syncMode=WAIT_FOR_FINISHED, timeout=30000ms, policyFlags=0x8000000, event=MotionEvent { action=UP, id[0]=0, x[0]=270, y[0]=1542, eventTime=542880794000000, downTime=542880794000000, deviceId=4, source=TOUCHSCREEN, displayId=0, eventId=0xca4fe11d}
08-08 20:11:25.959  3009  3571 E InputDispatcher: Inconsistent event: MotionEvent { action=UP, id[0]=0, x[0]=270, y[0]=1542, eventTime=542880794000000, downTime=542880794000000, deviceId=4, source=TOUCHSCREEN, displayId=0, eventId=0xca4fe11d}, reason: Injection on 0: Got ACTION_UP, but we have pointers: {1, 0} for device DeviceId(-1)
08-08 20:11:25.961  4088  4088 D AnimSeqTimeStamp: getTimeGapToLastStartAppTime: 542881780
08-08 20:11:25.961  3009  3719 D UAH-UahAdaptHelper: adaptSetNotification identity = OplusUAwareInputHelpersrc = 1000 , type 1 ,p1 = -1 ,p2 = -1 ,p3 = -1 ,p4 =
08-08 20:11:25.962  3009  3719 I [UAH_CLIENT]: uahRuleCtl, ruleId:1000, status:1
08-08 20:11:25.966 28665 29931 I HWUI    : Davey! duration=2312ms; Flags=0, FrameTimelineVsyncId=160668886, IntendedVsync=542879468167443, Vsync=542880714547297, InputEventId=-875740299, HandleInputStart=542880721649364, AnimationStart=542880721654051, PerformTraversalsStart=542880723515301, DrawStart=542881526909937, FrameDeadline=542879484834109, FrameInterval=542880720663791, FrameStartTime=16842971, SyncQueued=542881761156186, SyncStart=542881761327332, IssueDrawCommandsStart=542881771560041, SwapBuffers=542881774474780, FrameCompleted=542881780547436, DequeueBufferDuration=84427, QueueBufferDuration=486094, GpuCompleted=542881780547436, SwapBuffersCompleted=542881775509051, DisplayPresentTime=0, CommandSubmissionCompleted=542881774474780, 
08-08 20:11:25.985 28665 28665 I oplus.android.OplusFrameworkFactoryImpl: get feature:IOplusDynamicVsyncFeature
08-08 20:11:25.985 28665 28665 I oplus.android.OplusFrameworkFactoryImpl: get feature:IOplusDynamicVsyncFeature
08-08 20:11:25.985 28665 28665 I oplus.android.OplusFrameworkFactoryImpl: get feature:IOplusDynamicVsyncFeature
08-08 20:11:26.030  3009  3030 I InputDispatcher: injectInputEvent: targetUid=<not set>, syncMode=WAIT_FOR_FINISHED, timeout=30000ms, policyFlags=0x8000000, event=MotionEvent { action=DOWN, id[0]=0, x[0]=610, y[0]=1542, eventTime=542881848000000, downTime=542881848000000, deviceId=4, source=TOUCHSCREEN, displayId=0, eventId=0xdd93a6bc}
08-08 20:11:26.043  3009  3030 E InputDispatcher: Inconsistent event: MotionEvent { action=DOWN, id[0]=0, x[0]=610, y[0]=1542, eventTime=542881848000000, downTime=542881848000000, deviceId=4, source=TOUCHSCREEN, displayId=0, eventId=0xdd93a6bc}, reason: Injection on 0: Invalid DOWN event - pointers already down for device DeviceId(-1): {DeviceId(-1): {1, 0}}
08-08 20:11:26.046  4088  4088 D AnimSeqTimeStamp: getTimeGapToLastStartAppTime: 542881865
08-08 20:11:26.046  4088  4088 I OplusBaseTouchInteractionService: onInputEvent(), ACTION_DOWN, Consumer=TYPE_NO_OP
08-08 20:11:26.047  3680  4525 I SystemUi--NavBar: NoBackGesture-->display_id_0 Start gesture: MotionEvent { action=ACTION_DOWN, actionButton=0, id[0]=0, x[0]=610.0, y[0]=1542.0, toolType[0]=TOOL_TYPE_FINGER, buttonState=0, classification=NONE, metaState=0, flags=0x0, edgeFlags=0x0, pointerCount=1, historySize=0, eventTime=542881848, downTime=542881848, deviceId=-1, source=0x1002, displayId=0, eventId=-577526084 }
08-08 20:11:26.047  3680  4525 I SystemUi--NavBar: NoBackGesture-->display_id_0 Not in side gesture area
08-08 20:11:26.047  3009  3719 I [UAH_CLIENT]: UahEventAcquire, cmdid:37, pkg:none, identity:OplusUAwareInputHelper
08-08 20:11:26.047  3009  3127 D PowerManagerService: userActivityNoUpdateLocked: groupId=0, eventTime=542881848, event=touch, flags=0x0, uid=1000
08-08 20:11:26.048  3009  3566 D OGG_Detector: D:done mCurrStatus: 0
08-08 20:11:26.049  3009  3719 D UAH-UahAdaptHelper: adaptSetNotification identity = OplusUAwareInputHelpersrc = 1000 , type 0 ,p1 = -1 ,p2 = -1 ,p3 = -1 ,p4 =
08-08 20:11:26.050  3009  3719 I [UAH_CLIENT]: uahRuleCtl, ruleId:1000, status:0
08-08 20:11:26.123  3009  3442 D WifiStaIfaceHidlImpl: getCachedScanData is not implemented by HIDL
08-08 20:11:26.136  4047  4047 D VendorWifiService: onEvent event:9,action:1
08-08 20:11:26.139  3009  3545 D OplusWifiPower_TriggerCenter: mComponentCallback: wifistat
08-08 20:11:26.239  3009  3998 I OplusHansManager : uid=10329, pkg=com.ziipin.softkeyboard.saudi cannot transition from R to M, importance=input
08-08 20:11:26.258  3979  4446 D CommonApp-741-10495: transport layer data is invalid
08-08 20:11:26.330  3680  3902 I SystemUi--Statusbar: OplusNetworkSpeedControllExImpl-->updateNetworkSpeed: isConnected:true,isSwitchOn:true
08-08 20:11:26.350 28665 28665 D ViewRootImplExtImpl: the up motion event handled by client, just return
08-08 20:11:26.351 28665 28665 V AutofillManager: requestHideFillUi(null): anchor = null
08-08 20:11:26.352 28665 28665 I Choreographer: Skipped 85 frames!  The application may be doing too much work on its main thread.
08-08 20:11:26.353  3009  3030 I InputDispatcher: injectInputEvent: targetUid=<not set>, syncMode=WAIT_FOR_FINISHED, timeout=30000ms, policyFlags=0x8000000, event=MotionEvent { action=UP, id[0]=0, x[0]=610, y[0]=1542, eventTime=542881848000000, downTime=542881848000000, deviceId=4, source=TOUCHSCREEN, displayId=0, eventId=0xd9877386}
08-08 20:11:26.354  3680  3902 I SystemUi--Statusbar: OplusNetworkSpeedControllExImpl-->getTotalByte: totalRxBytes:29285872929,totalTxBytes:2707912021,loopbackTxBytes:6855097,loopbackRxBytes:6855097 ,totalBytes:31980074756
08-08 20:11:26.356  3009  3030 E InputDispatcher: Inconsistent event: MotionEvent { action=UP, id[0]=0, x[0]=610, y[0]=1542, eventTime=542881848000000, downTime=542881848000000, deviceId=4, source=TOUCHSCREEN, displayId=0, eventId=0xd9877386}, reason: Injection on 0: Got ACTION_UP, but we have pointers: {1, 0} for device DeviceId(-1)
08-08 20:11:26.357  4088  4088 D AnimSeqTimeStamp: getTimeGapToLastStartAppTime: 542882177
08-08 20:11:26.358  3009  3719 D UAH-UahAdaptHelper: adaptSetNotification identity = OplusUAwareInputHelpersrc = 1000 , type 1 ,p1 = -1 ,p2 = -1 ,p3 = -1 ,p4 =
08-08 20:11:26.358  3009  3719 I [UAH_CLIENT]: uahRuleCtl, ruleId:1000, status:1
08-08 20:11:26.419  3009  3535 I InputDispatcher: injectInputEvent: targetUid=<not set>, syncMode=WAIT_FOR_FINISHED, timeout=30000ms, policyFlags=0x8000000, event=MotionEvent { action=DOWN, id[0]=0, x[0]=610, y[0]=1542, eventTime=542882238000000, downTime=542882238000000, deviceId=4, source=TOUCHSCREEN, displayId=0, eventId=0xf1d9ef56}
08-08 20:11:26.422  3009  3535 E InputDispatcher: Inconsistent event: MotionEvent { action=DOWN, id[0]=0, x[0]=610, y[0]=1542, eventTime=542882238000000, downTime=542882238000000, deviceId=4, source=TOUCHSCREEN, displayId=0, eventId=0xf1d9ef56}, reason: Injection on 0: Invalid DOWN event - pointers already down for device DeviceId(-1): {DeviceId(-1): {1, 0}}
08-08 20:11:26.423  4088  4088 D AnimSeqTimeStamp: getTimeGapToLastStartAppTime: 542882242
08-08 20:11:26.423  3680  4525 I SystemUi--NavBar: NoBackGesture-->display_id_0 Start gesture: MotionEvent { action=ACTION_DOWN, actionButton=0, id[0]=0, x[0]=610.0, y[0]=1542.0, toolType[0]=TOOL_TYPE_FINGER, buttonState=0, classification=NONE, metaState=0, flags=0x0, edgeFlags=0x0, pointerCount=1, historySize=0, eventTime=542882238, downTime=542882238, deviceId=-1, source=0x1002, displayId=0, eventId=-237375658 }
08-08 20:11:26.423  3680  4525 I SystemUi--NavBar: NoBackGesture-->display_id_0 Not in side gesture area
08-08 20:11:26.423  4088  4088 I OplusBaseTouchInteractionService: onInputEvent(), ACTION_DOWN, Consumer=TYPE_NO_OP
08-08 20:11:26.423  3009  3566 D OGG_Detector: D:done mCurrStatus: 0
08-08 20:11:26.424  3009  3719 I [UAH_CLIENT]: UahEventAcquire, cmdid:37, pkg:none, identity:OplusUAwareInputHelper
08-08 20:11:26.424  3009  3127 D PowerManagerService: userActivityNoUpdateLocked: groupId=0, eventTime=542882238, event=touch, flags=0x0, uid=1000
08-08 20:11:26.425  3009  3719 D UAH-UahAdaptHelper: adaptSetNotification identity = OplusUAwareInputHelpersrc = 1000 , type 0 ,p1 = -1 ,p2 = -1 ,p3 = -1 ,p4 =
08-08 20:11:26.426  3009  3719 I [UAH_CLIENT]: uahRuleCtl, ruleId:1000, status:0
08-08 20:11:26.524  1416 10610 I WifiHAL : event received NL80211_CMD_VENDOR, vendor_id = 0x1374, subcmd = 0xd
08-08 20:11:26.524  2259  2259 I cnss-daemon: nl80211 response handler invoked
08-08 20:11:26.524  2259  2259 I cnss-daemon: nl80211_response_handler: cmd 103, vendorID 4980, subcmd 13  received
08-08 20:11:26.570 28665 28665 D ViewRootImplExtImpl: the up motion event handled by client, just return
08-08 20:11:26.571 28665 28665 V AutofillManager: requestHideFillUi(null): anchor = null
08-08 20:11:26.573  3009  3535 I InputDispatcher: injectInputEvent: targetUid=<not set>, syncMode=WAIT_FOR_FINISHED, timeout=30000ms, policyFlags=0x8000000, event=MotionEvent { action=UP, id[0]=0, x[0]=610, y[0]=1542, eventTime=542882238000000, downTime=542882238000000, deviceId=4, source=TOUCHSCREEN, displayId=0, eventId=0xfc904415}
08-08 20:11:26.577  3009  3535 E InputDispatcher: Inconsistent event: MotionEvent { action=UP, id[0]=0, x[0]=610, y[0]=1542, eventTime=542882238000000, downTime=542882238000000, deviceId=4, source=TOUCHSCREEN, displayId=0, eventId=0xfc904415}, reason: Injection on 0: Got ACTION_UP, but we have pointers: {1, 0} for device DeviceId(-1)
08-08 20:11:26.579  4088  4088 D AnimSeqTimeStamp: getTimeGapToLastStartAppTime: 542882398
08-08 20:11:26.579  3009  3719 D UAH-UahAdaptHelper: adaptSetNotification identity = OplusUAwareInputHelpersrc = 1000 , type 1 ,p1 = -1 ,p2 = -1 ,p3 = -1 ,p4 =
08-08 20:11:26.579  3009  3719 I [UAH_CLIENT]: uahRuleCtl, ruleId:1000, status:1
08-08 20:11:26.584 28665 28665 I oplus.android.OplusFrameworkFactoryImpl: get feature:IOplusDynamicVsyncFeature
08-08 20:11:26.584 28665 28665 I oplus.android.OplusFrameworkFactoryImpl: get feature:IOplusDynamicVsyncFeature
08-08 20:11:26.584 28665 28665 I oplus.android.OplusFrameworkFactoryImpl: get feature:IOplusDynamicVsyncFeature
08-08 20:11:26.588 28665 29931 I HWUI    : Davey! duration=1665ms; Flags=0, FrameTimelineVsyncId=160668918, IntendedVsync=542880732369609, Vsync=542882165994144, InputEventId=-577526084, HandleInputStart=542882172377280, AnimationStart=542882172381551, PerformTraversalsStart=542882173193634, DrawStart=542882319929936, FrameDeadline=542881809164107, FrameInterval=542882171236707, FrameStartTime=16866171, SyncQueued=542882383445665, SyncStart=542882383603738, IssueDrawCommandsStart=542882388984728, SwapBuffers=542882391873165, FrameCompleted=542882398011343, DequeueBufferDuration=78698, QueueBufferDuration=682031, GpuCompleted=542882398011343, SwapBuffersCompleted=542882394227540, DisplayPresentTime=0, CommandSubmissionCompleted=542882391873165, 
08-08 20:11:26.605 28665 28665 D ViewRootImplExtImpl: the up motion event handled by client, just return
08-08 20:11:26.641 28665 28665 I oplus.android.OplusFrameworkFactoryImpl: get feature:IOplusDynamicVsyncFeature
08-08 20:11:26.641 28665 28665 I oplus.android.OplusFrameworkFactoryImpl: get feature:IOplusDynamicVsyncFeature
08-08 20:11:26.641 28665 28665 I oplus.android.OplusFrameworkFactoryImpl: get feature:IOplusDynamicVsyncFeature
08-08 20:11:26.642  3009  3535 I InputDispatcher: injectInputEvent: targetUid=<not set>, syncMode=WAIT_FOR_FINISHED, timeout=30000ms, policyFlags=0x8000000, event=MotionEvent { action=DOWN, id[0]=0, x[0]=270, y[0]=1542, eventTime=542882461000000, downTime=542882461000000, deviceId=4, source=TOUCHSCREEN, displayId=0, eventId=0xf3cc4d80}
08-08 20:11:26.644  3009  3535 E InputDispatcher: Inconsistent event: MotionEvent { action=DOWN, id[0]=0, x[0]=270, y[0]=1542, eventTime=542882461000000, downTime=542882461000000, deviceId=4, source=TOUCHSCREEN, displayId=0, eventId=0xf3cc4d80}, reason: Injection on 0: Invalid DOWN event - pointers already down for device DeviceId(-1): {DeviceId(-1): {1, 0}}
08-08 20:11:26.646  4088  4088 D AnimSeqTimeStamp: getTimeGapToLastStartAppTime: 542882465
08-08 20:11:26.646  3680  4525 I SystemUi--NavBar: NoBackGesture-->display_id_0 Start gesture: MotionEvent { action=ACTION_DOWN, actionButton=0, id[0]=0, x[0]=270.0, y[0]=1542.0, toolType[0]=TOOL_TYPE_FINGER, buttonState=0, classification=NONE, metaState=0, flags=0x0, edgeFlags=0x0, pointerCount=1, historySize=0, eventTime=542882461, downTime=542882461, deviceId=-1, source=0x1002, displayId=0, eventId=-204714624 }
08-08 20:11:26.646  3680  4525 I SystemUi--NavBar: NoBackGesture-->display_id_0 Not in side gesture area
08-08 20:11:26.646  4088  4088 I OplusBaseTouchInteractionService: onInputEvent(), ACTION_DOWN, Consumer=TYPE_NO_OP
08-08 20:11:26.646  3009  3127 D PowerManagerService: userActivityNoUpdateLocked: groupId=0, eventTime=542882461, event=touch, flags=0x0, uid=1000
08-08 20:11:26.647  3009  3719 I [UAH_CLIENT]: UahEventAcquire, cmdid:37, pkg:none, identity:OplusUAwareInputHelper
08-08 20:11:26.647  3009  3566 D OGG_Detector: D:done mCurrStatus: 0
08-08 20:11:26.648  3009  3719 D UAH-UahAdaptHelper: adaptSetNotification identity = OplusUAwareInputHelpersrc = 1000 , type 0 ,p1 = -1 ,p2 = -1 ,p3 = -1 ,p4 =
08-08 20:11:26.648  3009  3719 I [UAH_CLIENT]: uahRuleCtl, ruleId:1000, status:0
08-08 20:11:26.666  3009  3030 I InputDispatcher: injectInputEvent: targetUid=<not set>, syncMode=WAIT_FOR_FINISHED, timeout=30000ms, policyFlags=0x8000000, event=MotionEvent { action=DOWN, id[0]=0, x[0]=95, y[0]=1542, eventTime=542882485000000, downTime=542882485000000, deviceId=4, source=TOUCHSCREEN, displayId=0, eventId=0xfc5c9183}
08-08 20:11:26.667  3009  3030 E InputDispatcher: Inconsistent event: MotionEvent { action=DOWN, id[0]=0, x[0]=95, y[0]=1542, eventTime=542882485000000, downTime=542882485000000, deviceId=4, source=TOUCHSCREEN, displayId=0, eventId=0xfc5c9183}, reason: Injection on 0: Invalid DOWN event - pointers already down for device DeviceId(-1): {DeviceId(-1): {1, 0}}
08-08 20:11:26.669  4088  4088 D AnimSeqTimeStamp: getTimeGapToLastStartAppTime: 542882488
08-08 20:11:26.669  3680  4525 I SystemUi--NavBar: NoBackGesture-->display_id_0 Start gesture: MotionEvent { action=ACTION_DOWN, actionButton=0, id[0]=0, x[0]=95.0, y[0]=1542.0, toolType[0]=TOOL_TYPE_FINGER, buttonState=0, classification=NONE, metaState=0, flags=0x0, edgeFlags=0x0, pointerCount=1, historySize=0, eventTime=542882485, downTime=542882485, deviceId=-1, source=0x1002, displayId=0, eventId=-61042301 }
08-08 20:11:26.670  3680  4525 I SystemUi--NavBar: NoBackGesture-->display_id_0 Not in side gesture area
08-08 20:11:26.670  3009  3719 I [UAH_CLIENT]: UahEventAcquire, cmdid:37, pkg:none, identity:OplusUAwareInputHelper
08-08 20:11:26.670  4088  4088 I OplusBaseTouchInteractionService: onInputEvent(), ACTION_DOWN, Consumer=TYPE_NO_OP
08-08 20:11:26.671  3009  3566 D OGG_Detector: D:done mCurrStatus: 0
08-08 20:11:26.671  3009  3719 D UAH-UahAdaptHelper: adaptSetNotification identity = OplusUAwareInputHelpersrc = 1000 , type 0 ,p1 = -1 ,p2 = -1 ,p3 = -1 ,p4 =
08-08 20:11:26.671  3009  3719 I [UAH_CLIENT]: uahRuleCtl, ruleId:1000, status:0
08-08 20:11:26.779  1479  1567 D BatteryChargeControl: bcc get no support from charging protocol
08-08 20:11:26.832  1299 10375 E TetherController: property_get sys.radio.data.modem_share_flag return 0, 1!
08-08 20:11:26.911  1479  5654 D charge_time: type=cdp/dcp,reserve_soc=1,soc=61,ui_soc=62,current=1059,avg=1042,not_chg_cnt=0,stable_cnt=7,fcc=4423,fcc_ratio=92,delta=62,debug=0,region=12,ttf=5826(01:37:06),ui_ttf=5063(01:24:23)
08-08 20:11:27.004 28665 28665 V AutofillManager: requestHideFillUi(null): anchor = null
08-08 20:11:27.005 28665 28665 V AutofillManager: requestHideFillUi(null): anchor = null
08-08 20:11:27.005  3009  3535 I InputDispatcher: injectInputEvent: targetUid=<not set>, syncMode=WAIT_FOR_FINISHED, timeout=30000ms, policyFlags=0x8000000, event=MotionEvent { action=UP, id[0]=0, x[0]=270, y[0]=1542, eventTime=542882461000000, downTime=542882461000000, deviceId=4, source=TOUCHSCREEN, displayId=0, eventId=0xed912084}
08-08 20:11:27.009  3009  3535 E InputDispatcher: Inconsistent event: MotionEvent { action=UP, id[0]=0, x[0]=270, y[0]=1542, eventTime=542882461000000, downTime=542882461000000, deviceId=4, source=TOUCHSCREEN, displayId=0, eventId=0xed912084}, reason: Injection on 0: Got ACTION_UP, but we have pointers: {1, 0} for device DeviceId(-1)
08-08 20:11:27.011  4088  4088 D AnimSeqTimeStamp: getTimeGapToLastStartAppTime: 542882830
08-08 20:11:27.011  3009  3719 D UAH-UahAdaptHelper: adaptSetNotification identity = OplusUAwareInputHelpersrc = 1000 , type 1 ,p1 = -1 ,p2 = -1 ,p3 = -1 ,p4 =
08-08 20:11:27.011  3009  3030 I InputDispatcher: injectInputEvent: targetUid=<not set>, syncMode=WAIT_FOR_FINISHED, timeout=30000ms, policyFlags=0x8000000, event=MotionEvent { action=UP, id[0]=0, x[0]=95, y[0]=1542, eventTime=542882485000000, downTime=542882485000000, deviceId=4, source=TOUCHSCREEN, displayId=0, eventId=0xdc613794}
08-08 20:11:27.011  3009  3719 I [UAH_CLIENT]: uahRuleCtl, ruleId:1000, status:1
08-08 20:11:27.014  3009  3030 E InputDispatcher: Inconsistent event: MotionEvent { action=UP, id[0]=0, x[0]=95, y[0]=1542, eventTime=542882485000000, downTime=542882485000000, deviceId=4, source=TOUCHSCREEN, displayId=0, eventId=0xdc613794}, reason: Injection on 0: Got ACTION_UP, but we have pointers: {1, 0} for device DeviceId(-1)
08-08 20:11:27.014  3009  3030 W InputManager: Input event injection from pid 31040 failed.
08-08 20:11:27.027 22186 22186 I adbd    : adbd service requested 'shell,v2,TERM=xterm-256color,raw:sleep 3'
08-08 20:11:27.240 28665 28665 D ViewRootImplExtImpl: the up motion event handled by client, just return
08-08 20:11:27.252 28665 28665 I oplus.android.OplusFrameworkFactoryImpl: get feature:IOplusDynamicVsyncFeature
08-08 20:11:27.252 28665 28665 I oplus.android.OplusFrameworkFactoryImpl: get feature:IOplusDynamicVsyncFeature
08-08 20:11:27.252 28665 28665 I oplus.android.OplusFrameworkFactoryImpl: get feature:IOplusDynamicVsyncFeature
08-08 20:11:27.281  3979  4446 D CommonApp-741-10495: transport layer data is invalid
08-08 20:11:27.323  3009  3535 I InputDispatcher: injectInputEvent: targetUid=<not set>, syncMode=WAIT_FOR_FINISHED, timeout=30000ms, policyFlags=0x8000000, event=MotionEvent { action=DOWN, id[0]=0, x[0]=610, y[0]=1542, eventTime=542883142000000, downTime=542883142000000, deviceId=4, source=TOUCHSCREEN, displayId=0, eventId=0xf80cb5c4}
08-08 20:11:27.325  3009  3535 E InputDispatcher: Inconsistent event: MotionEvent { action=DOWN, id[0]=0, x[0]=610, y[0]=1542, eventTime=542883142000000, downTime=542883142000000, deviceId=4, source=TOUCHSCREEN, displayId=0, eventId=0xf80cb5c4}, reason: Injection on 0: Invalid DOWN event - pointers already down for device DeviceId(-1): {DeviceId(-1): {1, 0}}
08-08 20:11:27.327 28665 28665 V AutofillManager: requestHideFillUi(null): anchor = null
08-08 20:11:27.327  4088  4088 D AnimSeqTimeStamp: getTimeGapToLastStartAppTime: 542883146
08-08 20:11:27.327  3009  3566 D OGG_Detector: D:done mCurrStatus: 0
08-08 20:11:27.327  4088  4088 I OplusBaseTouchInteractionService: onInputEvent(), ACTION_DOWN, Consumer=TYPE_NO_OP
08-08 20:11:27.327  3680  4525 I SystemUi--NavBar: NoBackGesture-->display_id_0 Start gesture: MotionEvent { action=ACTION_DOWN, actionButton=0, id[0]=0, x[0]=610.0, y[0]=1542.0, toolType[0]=TOOL_TYPE_FINGER, buttonState=0, classification=NONE, metaState=0, flags=0x0, edgeFlags=0x0, pointerCount=1, historySize=0, eventTime=542883142, downTime=542883142, deviceId=-1, source=0x1002, displayId=0, eventId=-133384764 }
08-08 20:11:27.327  3680  4525 I SystemUi--NavBar: NoBackGesture-->display_id_0 Not in side gesture area
08-08 20:11:27.327  3009  3127 D PowerManagerService: userActivityNoUpdateLocked: groupId=0, eventTime=542883142, event=touch, flags=0x0, uid=1000
08-08 20:11:27.328  3009  3719 I [UAH_CLIENT]: UahEventAcquire, cmdid:37, pkg:none, identity:OplusUAwareInputHelper
08-08 20:11:27.328  3009  3535 I InputDispatcher: injectInputEvent: targetUid=<not set>, syncMode=WAIT_FOR_FINISHED, timeout=30000ms, policyFlags=0x8000000, event=MotionEvent { action=UP, id[0]=0, x[0]=610, y[0]=1542, eventTime=542883142000000, downTime=542883142000000, deviceId=4, source=TOUCHSCREEN, displayId=0, eventId=0xdbd07fd8}
08-08 20:11:27.329  3009  3719 D UAH-UahAdaptHelper: adaptSetNotification identity = OplusUAwareInputHelpersrc = 1000 , type 0 ,p1 = -1 ,p2 = -1 ,p3 = -1 ,p4 =
08-08 20:11:27.329  3009  3719 I [UAH_CLIENT]: uahRuleCtl, ruleId:1000, status:0
08-08 20:11:27.331  3009  3535 E InputDispatcher: Inconsistent event: MotionEvent { action=UP, id[0]=0, x[0]=610, y[0]=1542, eventTime=542883142000000, downTime=542883142000000, deviceId=4, source=TOUCHSCREEN, displayId=0, eventId=0xdbd07fd8}, reason: Injection on 0: Got ACTION_UP, but we have pointers: {1, 0} for device DeviceId(-1)
08-08 20:11:27.332 28665 28665 D ViewRootImplExtImpl: the up motion event handled by client, just return
08-08 20:11:27.332  4088  4088 D AnimSeqTimeStamp: getTimeGapToLastStartAppTime: 542883151
08-08 20:11:27.333  3009  3719 D UAH-UahAdaptHelper: adaptSetNotification identity = OplusUAwareInputHelpersrc = 1000 , type 1 ,p1 = -1 ,p2 = -1 ,p3 = -1 ,p4 =
08-08 20:11:27.333  3009  3719 I [UAH_CLIENT]: uahRuleCtl, ruleId:1000, status:1
08-08 20:11:27.338 28665 28665 I oplus.android.OplusFrameworkFactoryImpl: get feature:IOplusDynamicVsyncFeature
08-08 20:11:27.338 28665 28665 I oplus.android.OplusFrameworkFactoryImpl: get feature:IOplusDynamicVsyncFeature
08-08 20:11:27.338 28665 28665 I oplus.android.OplusFrameworkFactoryImpl: get feature:IOplusDynamicVsyncFeature
08-08 20:11:27.390  3009  3535 I InputDispatcher: injectInputEvent: targetUid=<not set>, syncMode=WAIT_FOR_FINISHED, timeout=30000ms, policyFlags=0x8000000, event=MotionEvent { action=DOWN, id[0]=0, x[0]=95, y[0]=1542, eventTime=542883209000000, downTime=542883209000000, deviceId=4, source=TOUCHSCREEN, displayId=0, eventId=0xfb616373}
08-08 20:11:27.392  3009  3535 E InputDispatcher: Inconsistent event: MotionEvent { action=DOWN, id[0]=0, x[0]=95, y[0]=1542, eventTime=542883209000000, downTime=542883209000000, deviceId=4, source=TOUCHSCREEN, displayId=0, eventId=0xfb616373}, reason: Injection on 0: Invalid DOWN event - pointers already down for device DeviceId(-1): {DeviceId(-1): {1, 0}}
08-08 20:11:27.395  4088  4088 D AnimSeqTimeStamp: getTimeGapToLastStartAppTime: 542883214
08-08 20:11:27.395  3009  3566 D OGG_Detector: D:done mCurrStatus: 0
08-08 20:11:27.395  3680  4525 I SystemUi--NavBar: NoBackGesture-->display_id_0 Start gesture: MotionEvent { action=ACTION_DOWN, actionButton=0, id[0]=0, x[0]=95.0, y[0]=1542.0, toolType[0]=TOOL_TYPE_FINGER, buttonState=0, classification=NONE, metaState=0, flags=0x0, edgeFlags=0x0, pointerCount=1, historySize=0, eventTime=542883209, downTime=542883209, deviceId=-1, source=0x1002, displayId=0, eventId=-77503629 }
08-08 20:11:27.395  3680  4525 I SystemUi--NavBar: NoBackGesture-->display_id_0 Not in side gesture area
08-08 20:11:27.396  3009  3719 I [UAH_CLIENT]: UahEventAcquire, cmdid:37, pkg:none, identity:OplusUAwareInputHelper
08-08 20:11:27.396  4088  4088 I OplusBaseTouchInteractionService: onInputEvent(), ACTION_DOWN, Consumer=TYPE_NO_OP
08-08 20:11:27.397  3009  3719 D UAH-UahAdaptHelper: adaptSetNotification identity = OplusUAwareInputHelpersrc = 1000 , type 0 ,p1 = -1 ,p2 = -1 ,p3 = -1 ,p4 =
08-08 20:11:27.397  3009  3719 I [UAH_CLIENT]: uahRuleCtl, ruleId:1000, status:0
08-08 20:11:27.619  3979  4446 D CommonApp-741-10495: DefaultState EVENT_SCENARIOS_CHANGE
08-08 20:11:27.619  3979  4446 D CommonApp-741-10495: scene=COMMON pn=com.hypernova.phone
08-08 20:11:27.696 28665 28665 V AutofillManager: requestHideFillUi(null): anchor = null
08-08 20:11:27.698  3009  3535 I InputDispatcher: injectInputEvent: targetUid=<not set>, syncMode=WAIT_FOR_FINISHED, timeout=30000ms, policyFlags=0x8000000, event=MotionEvent { action=UP, id[0]=0, x[0]=95, y[0]=1542, eventTime=542883209000000, downTime=542883209000000, deviceId=4, source=TOUCHSCREEN, displayId=0, eventId=0xc2eba1cf}
08-08 20:11:27.704  3009  3535 E InputDispatcher: Inconsistent event: MotionEvent { action=UP, id[0]=0, x[0]=95, y[0]=1542, eventTime=542883209000000, downTime=542883209000000, deviceId=4, source=TOUCHSCREEN, displayId=0, eventId=0xc2eba1cf}, reason: Injection on 0: Got ACTION_UP, but we have pointers: {1, 0} for device DeviceId(-1)
08-08 20:11:27.708  4088  4088 D AnimSeqTimeStamp: getTimeGapToLastStartAppTime: 542883527
08-08 20:11:27.709  3009  3719 D UAH-UahAdaptHelper: adaptSetNotification identity = OplusUAwareInputHelpersrc = 1000 , type 1 ,p1 = -1 ,p2 = -1 ,p3 = -1 ,p4 =
08-08 20:11:27.709  3009  3719 I [UAH_CLIENT]: uahRuleCtl, ruleId:1000, status:1
08-08 20:11:27.780  1479  1567 D BatteryChargeControl: bcc get no support from charging protocol
08-08 20:11:27.848  1299 10375 E TetherController: property_get sys.radio.data.modem_share_flag return 0, 1!
08-08 20:11:27.909 28665 28665 D ViewRootImplExtImpl: the up motion event handled by client, just return
08-08 20:11:27.915  1479  5654 D charge_time: type=cdp/dcp,reserve_soc=1,soc=61,ui_soc=62,current=1033,avg=1042,not_chg_cnt=0,stable_cnt=7,fcc=4423,fcc_ratio=92,delta=63,debug=0,region=12,ttf=5825(01:37:05),ui_ttf=5062(01:24:22)
08-08 20:11:27.921 28665 28665 I oplus.android.OplusFrameworkFactoryImpl: get feature:IOplusDynamicVsyncFeature
08-08 20:11:27.921 28665 28665 I oplus.android.OplusFrameworkFactoryImpl: get feature:IOplusDynamicVsyncFeature
08-08 20:11:27.921 28665 28665 I oplus.android.OplusFrameworkFactoryImpl: get feature:IOplusDynamicVsyncFeature
08-08 20:11:27.990  3009  3535 I InputDispatcher: injectInputEvent: targetUid=<not set>, syncMode=WAIT_FOR_FINISHED, timeout=30000ms, policyFlags=0x8000000, event=MotionEvent { action=DOWN, id[0]=0, x[0]=610, y[0]=1542, eventTime=542883809000000, downTime=542883809000000, deviceId=4, source=TOUCHSCREEN, displayId=0, eventId=0xffb05e3e}
08-08 20:11:27.993  3009  3535 E InputDispatcher: Inconsistent event: MotionEvent { action=DOWN, id[0]=0, x[0]=610, y[0]=1542, eventTime=542883809000000, downTime=542883809000000, deviceId=4, source=TOUCHSCREEN, displayId=0, eventId=0xffb05e3e}, reason: Injection on 0: Invalid DOWN event - pointers already down for device DeviceId(-1): {DeviceId(-1): {1, 0}}
08-08 20:11:27.995 28665 28665 V AutofillManager: requestHideFillUi(null): anchor = null
08-08 20:11:27.996  3680  4525 I SystemUi--NavBar: NoBackGesture-->display_id_0 Start gesture: MotionEvent { action=ACTION_DOWN, actionButton=0, id[0]=0, x[0]=610.0, y[0]=1542.0, toolType[0]=TOOL_TYPE_FINGER, buttonState=0, classification=NONE, metaState=0, flags=0x0, edgeFlags=0x0, pointerCount=1, historySize=0, eventTime=542883809, downTime=542883809, deviceId=-1, source=0x1002, displayId=0, eventId=-5218754 }
08-08 20:11:27.996  3680  4525 I SystemUi--NavBar: NoBackGesture-->display_id_0 Not in side gesture area
08-08 20:11:27.996  4088  4088 D AnimSeqTimeStamp: getTimeGapToLastStartAppTime: 542883815
08-08 20:11:27.997  4088  4088 I OplusBaseTouchInteractionService: onInputEvent(), ACTION_DOWN, Consumer=TYPE_NO_OP
08-08 20:11:27.997  3009  3127 D PowerManagerService: userActivityNoUpdateLocked: groupId=0, eventTime=542883809, event=touch, flags=0x0, uid=1000
08-08 20:11:27.998  3009  3719 I [UAH_CLIENT]: UahEventAcquire, cmdid:37, pkg:none, identity:OplusUAwareInputHelper
08-08 20:11:27.998  3009  3535 I InputDispatcher: injectInputEvent: targetUid=<not set>, syncMode=WAIT_FOR_FINISHED, timeout=30000ms, policyFlags=0x8000000, event=MotionEvent { action=UP, id[0]=0, x[0]=610, y[0]=1542, eventTime=542883809000000, downTime=542883809000000, deviceId=4, source=TOUCHSCREEN, displayId=0, eventId=0xdb33310f}
08-08 20:11:27.998  3009  3566 D OGG_Detector: D:done mCurrStatus: 0
08-08 20:11:27.999  3009  3719 D UAH-UahAdaptHelper: adaptSetNotification identity = OplusUAwareInputHelpersrc = 1000 , type 0 ,p1 = -1 ,p2 = -1 ,p3 = -1 ,p4 =
08-08 20:11:27.999  3009  3719 I [UAH_CLIENT]: uahRuleCtl, ruleId:1000, status:0
08-08 20:11:28.002  3009  3535 E InputDispatcher: Inconsistent event: MotionEvent { action=UP, id[0]=0, x[0]=610, y[0]=1542, eventTime=542883809000000, downTime=542883809000000, deviceId=4, source=TOUCHSCREEN, displayId=0, eventId=0xdb33310f}, reason: Injection on 0: Got ACTION_UP, but we have pointers: {1, 0} for device DeviceId(-1)
08-08 20:11:28.003  4088  4088 D AnimSeqTimeStamp: getTimeGapToLastStartAppTime: 542883823
08-08 20:11:28.004 28665 28665 D ViewRootImplExtImpl: the up motion event handled by client, just return
08-08 20:11:28.004  3009  3719 D UAH-UahAdaptHelper: adaptSetNotification identity = OplusUAwareInputHelpersrc = 1000 , type 1 ,p1 = -1 ,p2 = -1 ,p3 = -1 ,p4 =
08-08 20:11:28.004  3009  3719 I [UAH_CLIENT]: uahRuleCtl, ruleId:1000, status:1
08-08 20:11:28.011 28665 28665 I oplus.android.OplusFrameworkFactoryImpl: get feature:IOplusDynamicVsyncFeature
08-08 20:11:28.012 28665 28665 I oplus.android.OplusFrameworkFactoryImpl: get feature:IOplusDynamicVsyncFeature
08-08 20:11:28.012 28665 28665 I oplus.android.OplusFrameworkFactoryImpl: get feature:IOplusDynamicVsyncFeature
08-08 20:11:28.060  3009  3535 I InputDispatcher: injectInputEvent: targetUid=<not set>, syncMode=WAIT_FOR_FINISHED, timeout=30000ms, policyFlags=0x8000000, event=MotionEvent { action=DOWN, id[0]=0, x[0]=95, y[0]=1542, eventTime=542883879000000, downTime=542883879000000, deviceId=4, source=TOUCHSCREEN, displayId=0, eventId=0xf6be5c0d}
08-08 20:11:28.062  3009  3535 E InputDispatcher: Inconsistent event: MotionEvent { action=DOWN, id[0]=0, x[0]=95, y[0]=1542, eventTime=542883879000000, downTime=542883879000000, deviceId=4, source=TOUCHSCREEN, displayId=0, eventId=0xf6be5c0d}, reason: Injection on 0: Invalid DOWN event - pointers already down for device DeviceId(-1): {DeviceId(-1): {1, 0}}
08-08 20:11:28.063  4088  4088 D AnimSeqTimeStamp: getTimeGapToLastStartAppTime: 542883883
08-08 20:11:28.064  3680  4525 I SystemUi--NavBar: NoBackGesture-->display_id_0 Start gesture: MotionEvent { action=ACTION_DOWN, actionButton=0, id[0]=0, x[0]=95.0, y[0]=1542.0, toolType[0]=TOOL_TYPE_FINGER, buttonState=0, classification=NONE, metaState=0, flags=0x0, edgeFlags=0x0, pointerCount=1, historySize=0, eventTime=542883879, downTime=542883879, deviceId=-1, source=0x1002, displayId=0, eventId=-155296755 }
08-08 20:11:28.064  3680  4525 I SystemUi--NavBar: NoBackGesture-->display_id_0 Not in side gesture area
08-08 20:11:28.064  3009  3566 D OGG_Detector: D:done mCurrStatus: 0
08-08 20:11:28.064  3009  3719 I [UAH_CLIENT]: UahEventAcquire, cmdid:37, pkg:none, identity:OplusUAwareInputHelper
08-08 20:11:28.065  4088  4088 I OplusBaseTouchInteractionService: onInputEvent(), ACTION_DOWN, Consumer=TYPE_NO_OP
08-08 20:11:28.065  3009  3719 D UAH-UahAdaptHelper: adaptSetNotification identity = OplusUAwareInputHelpersrc = 1000 , type 0 ,p1 = -1 ,p2 = -1 ,p3 = -1 ,p4 =
08-08 20:11:28.066  3009  3719 I [UAH_CLIENT]: uahRuleCtl, ruleId:1000, status:0
08-08 20:11:28.305  3979  4446 D CommonApp-741-10495: transport layer data is invalid
08-08 20:11:28.317  3009  3096 I ActivityManager: Test idle failed due to 47d9d 30037:com.instagram.android/u0a488 not runnable because EMPTY
08-08 20:11:28.319  1479  1479 D vendor.oplus.hardware.charger-V6-service: get_ui_charge_icon_type 0 0 0 0 0
08-08 20:11:28.320  1479  1479 D vendor.oplus.hardware.charger-V6-service: oplus_chg_get_cpa_power 7500 charge_online 1 retention_topic 0
08-08 20:11:28.321  1479  1479 D vendor.oplus.hardware.charger-V6-service: oplus_chg_get_cpa_power 7500 charge_online 1 retention_topic 0
08-08 20:11:28.321  1479  1479 D vendor.oplus.hardware.charger-V6-service: getIsSingleHyperSupport=2, cpa_power=7
08-08 20:11:28.321  1479  1479 E vendor.oplus.hardware.charger-V6-service: Failed to open the file: /sys/class/oplus_chg/common/plc. Error 2: No such file or directory
08-08 20:11:28.335  3680  3680 I SystemUi--Statusbar: BatteryControllerExt-->updateBatteryChangeIntent():broadcast=android.intent.action.BATTERY_CHANGED,level=62,scale=100
08-08 20:11:28.335  3680  3680 I SystemUi--Statusbar: BatteryRepository-->level: 62 -- isSavingMode: false
08-08 20:11:28.337  4047  4047 D SubsysBroadcastManager: onReceive action:android.intent.action.BATTERY_CHANGED
08-08 20:11:28.337  1479  1479 D vendor.oplus.hardware.charger-V6-service: get_ui_charge_icon_type 0 0 0 0 0
08-08 20:11:28.340 28909 28909 D DeviceStatisticsService: onReceive: action= android.intent.action.BATTERY_CHANGED
08-08 20:11:28.340  1479  1479 D vendor.oplus.hardware.charger-V6-service: oplus_chg_get_cpa_power 7500 charge_online 1 retention_topic 0
08-08 20:11:28.341  1479  1479 D vendor.oplus.hardware.charger-V6-service: oplus_chg_get_cpa_power 7500 charge_online 1 retention_topic 0
08-08 20:11:28.341  1479  1479 D vendor.oplus.hardware.charger-V6-service: getIsSingleHyperSupport=2, cpa_power=7
08-08 20:11:28.342  1479  1479 E vendor.oplus.hardware.charger-V6-service: Failed to open the file: /sys/class/oplus_chg/common/plc. Error 2: No such file or directory
08-08 20:11:28.342 31047 31047 D CustomLogManagerService: onReceive android.intent.action.BATTERY_CHANGED
08-08 20:11:28.344  3009  3134 D OplusDisplayBrightnessBroadcastReceiver: onReceive action = android.intent.action.BATTERY_CHANGED , listeners = [com.android.server.display.OplusFeatureHDREnhanceBrightness$PhoneInfoReceiver@1d811b8, com.android.server.display.OplusFeatureEdrEnhanceBrightness$PhoneInfoReceiver@ab5cb91]
08-08 20:11:28.345  6966  7029 E Battery : a: getAISleepDuration: predictResult is null.
08-08 20:11:28.345  6966  7029 E Battery : ChargeProtectionUtils: mCanlendarTmp.isEmpty()!
08-08 20:11:28.402 28665 28665 V AutofillManager: requestHideFillUi(null): anchor = null
08-08 20:11:28.406  3009  3535 I InputDispatcher: injectInputEvent: targetUid=<not set>, syncMode=WAIT_FOR_FINISHED, timeout=30000ms, policyFlags=0x8000000, event=MotionEvent { action=UP, id[0]=0, x[0]=95, y[0]=1542, eventTime=542883879000000, downTime=542883879000000, deviceId=4, source=TOUCHSCREEN, displayId=0, eventId=0xdb8c47a5}
08-08 20:11:28.422  3009  3535 E InputDispatcher: Inconsistent event: MotionEvent { action=UP, id[0]=0, x[0]=95, y[0]=1542, eventTime=542883879000000, downTime=542883879000000, deviceId=4, source=TOUCHSCREEN, displayId=0, eventId=0xdb8c47a5}, reason: Injection on 0: Got ACTION_UP, but we have pointers: {1, 0} for device DeviceId(-1)
08-08 20:11:28.424  4088  4088 D AnimSeqTimeStamp: getTimeGapToLastStartAppTime: 542884243
08-08 20:11:28.425  3009  3719 D UAH-UahAdaptHelper: adaptSetNotification identity = OplusUAwareInputHelpersrc = 1000 , type 1 ,p1 = -1 ,p2 = -1 ,p3 = -1 ,p4 =
08-08 20:11:28.425  3009  3719 I [UAH_CLIENT]: uahRuleCtl, ruleId:1000, status:1
08-08 20:11:28.528  1416 10610 I WifiHAL : event received NL80211_CMD_VENDOR, vendor_id = 0x1374, subcmd = 0xd
08-08 20:11:28.529  2259  2259 I cnss-daemon: nl80211 response handler invoked
08-08 20:11:28.529  2259  2259 I cnss-daemon: nl80211_response_handler: cmd 103, vendorID 4980, subcmd 13  received
08-08 20:11:28.624 28665 28665 D ViewRootImplExtImpl: the up motion event handled by client, just return
08-08 20:11:28.635 28665 28665 I oplus.android.OplusFrameworkFactoryImpl: get feature:IOplusDynamicVsyncFeature
08-08 20:11:28.635 28665 28665 I oplus.android.OplusFrameworkFactoryImpl: get feature:IOplusDynamicVsyncFeature
08-08 20:11:28.635 28665 28665 I oplus.android.OplusFrameworkFactoryImpl: get feature:IOplusDynamicVsyncFeature
08-08 20:11:28.702  3009  3881 I InputDispatcher: injectInputEvent: targetUid=<not set>, syncMode=WAIT_FOR_FINISHED, timeout=30000ms, policyFlags=0x8000000, event=MotionEvent { action=DOWN, id[0]=0, x[0]=610, y[0]=1542, eventTime=542884521000000, downTime=542884521000000, deviceId=4, source=TOUCHSCREEN, displayId=0, eventId=0xf81a4166}
08-08 20:11:28.705  3009  3881 E InputDispatcher: Inconsistent event: MotionEvent { action=DOWN, id[0]=0, x[0]=610, y[0]=1542, eventTime=542884521000000, downTime=542884521000000, deviceId=4, source=TOUCHSCREEN, displayId=0, eventId=0xf81a4166}, reason: Injection on 0: Invalid DOWN event - pointers already down for device DeviceId(-1): {DeviceId(-1): {1, 0}}
08-08 20:11:28.707 28665 28665 V AutofillManager: requestHideFillUi(null): anchor = null
08-08 20:11:28.707  4088  4088 D AnimSeqTimeStamp: getTimeGapToLastStartAppTime: 542884526
08-08 20:11:28.707  3680  4525 I SystemUi--NavBar: NoBackGesture-->display_id_0 Start gesture: MotionEvent { action=ACTION_DOWN, actionButton=0, id[0]=0, x[0]=610.0, y[0]=1542.0, toolType[0]=TOOL_TYPE_FINGER, buttonState=0, classification=NONE, metaState=0, flags=0x0, edgeFlags=0x0, pointerCount=1, historySize=0, eventTime=542884521, downTime=542884521, deviceId=-1, source=0x1002, displayId=0, eventId=-132497050 }
08-08 20:11:28.707  3680  4525 I SystemUi--NavBar: NoBackGesture-->display_id_0 Not in side gesture area
08-08 20:11:28.707  4088  4088 I OplusBaseTouchInteractionService: onInputEvent(), ACTION_DOWN, Consumer=TYPE_NO_OP
08-08 20:11:28.707  3009  3127 D PowerManagerService: userActivityNoUpdateLocked: groupId=0, eventTime=542884521, event=touch, flags=0x0, uid=1000
08-08 20:11:28.708  3009  3719 I [UAH_CLIENT]: UahEventAcquire, cmdid:37, pkg:none, identity:OplusUAwareInputHelper
08-08 20:11:28.708  3009  3881 I InputDispatcher: injectInputEvent: targetUid=<not set>, syncMode=WAIT_FOR_FINISHED, timeout=30000ms, policyFlags=0x8000000, event=MotionEvent { action=UP, id[0]=0, x[0]=610, y[0]=1542, eventTime=542884521000000, downTime=542884521000000, deviceId=4, source=TOUCHSCREEN, displayId=0, eventId=0xdae26f25}
08-08 20:11:28.710  3009  3719 D UAH-UahAdaptHelper: adaptSetNotification identity = OplusUAwareInputHelpersrc = 1000 , type 0 ,p1 = -1 ,p2 = -1 ,p3 = -1 ,p4 =
08-08 20:11:28.710  3009  3719 I [UAH_CLIENT]: uahRuleCtl, ruleId:1000, status:0
08-08 20:11:28.711  3009  3566 D OGG_Detector: D:done mCurrStatus: 0
08-08 20:11:28.712  3009  3881 E InputDispatcher: Inconsistent event: MotionEvent { action=UP, id[0]=0, x[0]=610, y[0]=1542, eventTime=542884521000000, downTime=542884521000000, deviceId=4, source=TOUCHSCREEN, displayId=0, eventId=0xdae26f25}, reason: Injection on 0: Got ACTION_UP, but we have pointers: {1, 0} for device DeviceId(-1)
08-08 20:11:28.714  4088  4088 D AnimSeqTimeStamp: getTimeGapToLastStartAppTime: 542884533
08-08 20:11:28.714 28665 28665 D ViewRootImplExtImpl: the up motion event handled by client, just return
08-08 20:11:28.715  3009  3719 D UAH-UahAdaptHelper: adaptSetNotification identity = OplusUAwareInputHelpersrc = 1000 , type 1 ,p1 = -1 ,p2 = -1 ,p3 = -1 ,p4 =
08-08 20:11:28.715  3009  3719 I [UAH_CLIENT]: uahRuleCtl, ruleId:1000, status:1
08-08 20:11:28.720 28665 28665 I oplus.android.OplusFrameworkFactoryImpl: get feature:IOplusDynamicVsyncFeature
08-08 20:11:28.721 28665 28665 I oplus.android.OplusFrameworkFactoryImpl: get feature:IOplusDynamicVsyncFeature
08-08 20:11:28.721 28665 28665 I oplus.android.OplusFrameworkFactoryImpl: get feature:IOplusDynamicVsyncFeature
08-08 20:11:28.776  3009  3030 I InputDispatcher: injectInputEvent: targetUid=<not set>, syncMode=WAIT_FOR_FINISHED, timeout=30000ms, policyFlags=0x8000000, event=MotionEvent { action=DOWN, id[0]=0, x[0]=450, y[0]=1542, eventTime=542884595000000, downTime=542884595000000, deviceId=4, source=TOUCHSCREEN, displayId=0, eventId=0xcb2cbab5}
08-08 20:11:28.777  3009  3030 E InputDispatcher: Inconsistent event: MotionEvent { action=DOWN, id[0]=0, x[0]=450, y[0]=1542, eventTime=542884595000000, downTime=542884595000000, deviceId=4, source=TOUCHSCREEN, displayId=0, eventId=0xcb2cbab5}, reason: Injection on 0: Invalid DOWN event - pointers already down for device DeviceId(-1): {DeviceId(-1): {1, 0}}
08-08 20:11:28.779  4088  4088 D AnimSeqTimeStamp: getTimeGapToLastStartAppTime: 542884598
08-08 20:11:28.779  4088  4088 I OplusBaseTouchInteractionService: onInputEvent(), ACTION_DOWN, Consumer=TYPE_NO_OP
08-08 20:11:28.779  3009  3719 I [UAH_CLIENT]: UahEventAcquire, cmdid:37, pkg:none, identity:OplusUAwareInputHelper
08-08 20:11:28.780  3680  4525 I SystemUi--NavBar: NoBackGesture-->display_id_0 Start gesture: MotionEvent { action=ACTION_DOWN, actionButton=0, id[0]=0, x[0]=450.0, y[0]=1542.0, toolType[0]=TOOL_TYPE_FINGER, buttonState=0, classification=NONE, metaState=0, flags=0x0, edgeFlags=0x0, pointerCount=1, historySize=0, eventTime=542884595, downTime=542884595, deviceId=-1, source=0x1002, displayId=0, eventId=-886261067 }
08-08 20:11:28.780  3680  4525 I SystemUi--NavBar: NoBackGesture-->display_id_0 Not in side gesture area
08-08 20:11:28.780  3009  3566 D OGG_Detector: D:done mCurrStatus: 0
08-08 20:11:28.781  3009  3719 D UAH-UahAdaptHelper: adaptSetNotification identity = OplusUAwareInputHelpersrc = 1000 , type 0 ,p1 = -1 ,p2 = -1 ,p3 = -1 ,p4 =
08-08 20:11:28.781  3009  3719 I [UAH_CLIENT]: uahRuleCtl, ruleId:1000, status:0
08-08 20:11:28.782  1479  1567 D BatteryChargeControl: bcc get no support from charging protocol
08-08 20:11:28.860  1299 10375 E TetherController: property_get sys.radio.data.modem_share_flag return 0, 1!
08-08 20:11:28.873  1479  1562 D vendor.oplus.hardware.charger-V6-service: ret_value:160, read content:,335,348,4111,4116,-1062,1500,2200,61,62,1,6,1425,4560,62,1,0,1,1,0,0,4470,0,6,0,6,0,0,0,-2740,0,1,1,0,0,41,41,41,0,0,0,0,0,0,0,0,0,0,4,0,1,0,100,0,0,0,0,0,0,0
08-08 20:11:28.873  1479  1562 D vendor.oplus.hardware.charger-V6-service: gmtime: 2026-08-08-20-11-28
08-08 20:11:28.874  1479  1562 D vendor.oplus.hardware.charger-V6-service: usb_online:1, ac_online:0, wireless_online:-2147483648
08-08 20:11:28.922  1479  5654 D charge_time: write 5061s(01:24:21) to ttf, rc=6
08-08 20:11:28.923  1479  5654 D charge_time: type=cdp/dcp,reserve_soc=1,soc=61,ui_soc=62,current=1062,avg=1056,not_chg_cnt=0,stable_cnt=7,fcc=4423,fcc_ratio=92,delta=64,debug=0,region=12,ttf=5760(01:36:00),ui_ttf=5061(01:24:21)
08-08 20:11:29.093 28665 28665 V AutofillManager: requestHideFillUi(null): anchor = null
08-08 20:11:29.094  3009  3030 I InputDispatcher: injectInputEvent: targetUid=<not set>, syncMode=WAIT_FOR_FINISHED, timeout=30000ms, policyFlags=0x8000000, event=MotionEvent { action=UP, id[0]=0, x[0]=450, y[0]=1542, eventTime=542884595000000, downTime=542884595000000, deviceId=4, source=TOUCHSCREEN, displayId=0, eventId=0xf59f3c9c}
08-08 20:11:29.098  3009  3030 E InputDispatcher: Inconsistent event: MotionEvent { action=UP, id[0]=0, x[0]=450, y[0]=1542, eventTime=542884595000000, downTime=542884595000000, deviceId=4, source=TOUCHSCREEN, displayId=0, eventId=0xf59f3c9c}, reason: Injection on 0: Got ACTION_UP, but we have pointers: {1, 0} for device DeviceId(-1)
08-08 20:11:29.099  4088  4088 D AnimSeqTimeStamp: getTimeGapToLastStartAppTime: 542884918
08-08 20:11:29.099  3009  3719 D UAH-UahAdaptHelper: adaptSetNotification identity = OplusUAwareInputHelpersrc = 1000 , type 1 ,p1 = -1 ,p2 = -1 ,p3 = -1 ,p4 =
08-08 20:11:29.099  3009  3719 I [UAH_CLIENT]: uahRuleCtl, ruleId:1000, status:1
08-08 20:11:29.153  3009  3442 D WifiStaIfaceHidlImpl: getCachedScanData is not implemented by HIDL
08-08 20:11:29.184  4047  4047 D VendorWifiService: onEvent event:9,action:1
08-08 20:11:29.192  3009  3545 D OplusWifiPower_TriggerCenter: mComponentCallback: wifistat
08-08 20:11:29.306 28665 28665 D ViewRootImplExtImpl: the up motion event handled by client, just return
08-08 20:11:29.318 28665 28665 I oplus.android.OplusFrameworkFactoryImpl: get feature:IOplusDynamicVsyncFeature
08-08 20:11:29.318 28665 28665 I oplus.android.OplusFrameworkFactoryImpl: get feature:IOplusDynamicVsyncFeature
08-08 20:11:29.318 28665 28665 I oplus.android.OplusFrameworkFactoryImpl: get feature:IOplusDynamicVsyncFeature
08-08 20:11:29.330  3979  4446 D CommonApp-741-10495: transport layer data is invalid
08-08 20:11:29.375  3009  3030 I InputDispatcher: injectInputEvent: targetUid=<not set>, syncMode=WAIT_FOR_FINISHED, timeout=30000ms, policyFlags=0x8000000, event=MotionEvent { action=DOWN, id[0]=0, x[0]=610, y[0]=1542, eventTime=542885194000000, downTime=542885194000000, deviceId=4, source=TOUCHSCREEN, displayId=0, eventId=0xc8ce5ce3}
08-08 20:11:29.377  3009  3030 E InputDispatcher: Inconsistent event: MotionEvent { action=DOWN, id[0]=0, x[0]=610, y[0]=1542, eventTime=542885194000000, downTime=542885194000000, deviceId=4, source=TOUCHSCREEN, displayId=0, eventId=0xc8ce5ce3}, reason: Injection on 0: Invalid DOWN event - pointers already down for device DeviceId(-1): {DeviceId(-1): {1, 0}}
08-08 20:11:29.379  4088  4088 D AnimSeqTimeStamp: getTimeGapToLastStartAppTime: 542885198
08-08 20:11:29.379  3680  4525 I SystemUi--NavBar: NoBackGesture-->display_id_0 Start gesture: MotionEvent { action=ACTION_DOWN, actionButton=0, id[0]=0, x[0]=610.0, y[0]=1542.0, toolType[0]=TOOL_TYPE_FINGER, buttonState=0, classification=NONE, metaState=0, flags=0x0, edgeFlags=0x0, pointerCount=1, historySize=0, eventTime=542885194, downTime=542885194, deviceId=-1, source=0x1002, displayId=0, eventId=-925999901 }
08-08 20:11:29.379  3680  4525 I SystemUi--NavBar: NoBackGesture-->display_id_0 Not in side gesture area
08-08 20:11:29.379  4088  4088 I OplusBaseTouchInteractionService: onInputEvent(), ACTION_DOWN, Consumer=TYPE_NO_OP
08-08 20:11:29.379  3009  3127 D PowerManagerService: userActivityNoUpdateLocked: groupId=0, eventTime=542885194, event=touch, flags=0x0, uid=1000
08-08 20:11:29.379  3009  3719 I [UAH_CLIENT]: UahEventAcquire, cmdid:37, pkg:none, identity:OplusUAwareInputHelper
08-08 20:11:29.379  3009  3566 D OGG_Detector: D:done mCurrStatus: 0
08-08 20:11:29.381  3009  3719 D UAH-UahAdaptHelper: adaptSetNotification identity = OplusUAwareInputHelpersrc = 1000 , type 0 ,p1 = -1 ,p2 = -1 ,p3 = -1 ,p4 =
08-08 20:11:29.381  3009  3719 I [UAH_CLIENT]: uahRuleCtl, ruleId:1000, status:0
08-08 20:11:29.784  1479  1567 D BatteryChargeControl: bcc get no support from charging protocol
08-08 20:11:29.880  1299 10375 E TetherController: property_get sys.radio.data.modem_share_flag return 0, 1!
08-08 20:11:29.925  1479  5654 D charge_time: type=cdp/dcp,reserve_soc=1,soc=61,ui_soc=62,current=1046,avg=1053,not_chg_cnt=0,stable_cnt=7,fcc=4423,fcc_ratio=92,delta=65,debug=0,region=12,ttf=5773(01:36:13),ui_ttf=5060(01:24:20)
08-08 20:11:30.090 22186 22186 I adbd    : adbd service requested 'shell,v2,TERM=xterm-256color,raw:dumpsys window'
08-08 20:11:30.217 22186 22186 I adbd    : adbd service requested 'shell,v2,TERM=xterm-256color,raw:pidof com.hypernova.phone'
08-08 20:11:30.302 22186 22186 I adbd    : adbd service requested 'shell,v2,TERM=xterm-256color:export ANDROID_LOG_TAGS=''; exec logcat '-d' '-v' 'threadtime''
08-08 20:11:30.345 31047  3500 D CustomLogManagerService: WorkHandler msg.what :5
08-08 20:11:30.350 31047  3500 D CustomLogManagerService: curTemp:335 limit:390
08-08 20:11:30.351 31047  3500 D CustomLogManagerService: checkUploadStatus: isSceenOn=true activeNetType=1 isCharging=true isUploading:false temperatureLimit:false
08-08 20:11:30.351 31047  3500 D CustomLogManagerService: sys.log.customer=false
08-08 20:11:30.351 31047  3500 D CustomLogManagerService: isHaveCustomLogCollecting :false
08-08 20:11:30.353  3979  4446 D CommonApp-741-10495: transport layer data is invalid
08-08 20:11:30.356  3680  3902 I SystemUi--Statusbar: OplusNetworkSpeedControllExImpl-->updateNetworkSpeed: isConnected:true,isSwitchOn:true
08-08 20:11:30.369  3680  3902 I SystemUi--Statusbar: OplusNetworkSpeedControllExImpl-->getTotalByte: totalRxBytes:29285873029,totalTxBytes:2707912121,loopbackTxBytes:6855197,loopbackRxBytes:6855197 ,totalBytes:31980074756
08-08 20:11:30.419 22186 22186 I adbd    : adbd service requested 'shell,v2,TERM=xterm-256color,raw:screencap -p /sdcard/hypernova_post_stress.png'
08-08 20:11:30.530  1416 10610 I WifiHAL : event received NL80211_CMD_VENDOR, vendor_id = 0x1374, subcmd = 0xd
08-08 20:11:30.530  2259  2259 I cnss-daemon: nl80211 response handler invoked
08-08 20:11:30.531  2259  2259 I cnss-daemon: nl80211_response_handler: cmd 103, vendorID 4980, subcmd 13  received
08-08 20:11:30.599 28665 28665 V AutofillManager: requestHideFillUi(null): anchor = null
08-08 20:11:30.601  3009  3030 I InputDispatcher: injectInputEvent: targetUid=<not set>, syncMode=WAIT_FOR_FINISHED, timeout=30000ms, policyFlags=0x8000000, event=MotionEvent { action=UP, id[0]=0, x[0]=610, y[0]=1542, eventTime=542885194000000, downTime=542885194000000, deviceId=4, source=TOUCHSCREEN, displayId=0, eventId=0xed3d7061}
08-08 20:11:30.601 28665 28665 I Choreographer: Skipped 75 frames!  The application may be doing too much work on its main thread.
08-08 20:11:30.605  3009  3030 E InputDispatcher: Inconsistent event: MotionEvent { action=UP, id[0]=0, x[0]=610, y[0]=1542, eventTime=542885194000000, downTime=542885194000000, deviceId=4, source=TOUCHSCREEN, displayId=0, eventId=0xed3d7061}, reason: Injection on 0: Got ACTION_UP, but we have pointers: {1, 0} for device DeviceId(-1)
08-08 20:11:30.606  3009  3719 D UAH-UahAdaptHelper: adaptSetNotification identity = OplusUAwareInputHelpersrc = 1000 , type 1 ,p1 = -1 ,p2 = -1 ,p3 = -1 ,p4 =
08-08 20:11:30.607  3009  3719 I [UAH_CLIENT]: uahRuleCtl, ruleId:1000, status:1
08-08 20:11:30.607  4088  4088 D AnimSeqTimeStamp: getTimeGapToLastStartAppTime: 542886426
08-08 20:11:30.739 28967 25511 I GmsCoreXrpcWrapper: (REDACTED) Creating a custom channel provider with trafficStatsTag=%d trafficStatsUid=%d
08-08 20:11:30.751 25458 25458 D BoundBrokerSvc: onBind: Intent { act=com.google.android.gms.onboardingconsent.api.ConsentManagerApiService.START dat=chimera-action:/... cmp=com.google.android.gms/.chimera.GmsApiService mCallingUid=10114 }
08-08 20:11:30.751 25458 25458 D BoundBrokerSvc: Loading bound service for intent: Intent { act=com.google.android.gms.onboardingconsent.api.ConsentManagerApiService.START dat=chimera-action:/... cmp=com.google.android.gms/.chimera.GmsApiService mCallingUid=10114 }
08-08 20:11:30.785  1479  1567 D BatteryChargeControl: bcc get no support from charging protocol
08-08 20:11:30.810  3009  3708 I Osense-BaseDecisionMaker: notifySceneToAthenaPolicy: SCENE_RES_IO_PSI, bundle: Bundle[{ioLevel=3}]
08-08 20:11:30.810  3009  3708 I Osense-BaseDecisionMaker: OSense not supported scene! SCENE_RES_IO_PSI
08-08 20:11:30.815 25458 25467 I ConsentManagerApiServic: (REDACTED) ConsentManagerApiService onGetService success %s
08-08 20:11:30.827 28967 25511 I LocationReportUplIntOp: Uploading owner sightings. [CONTEXT service_id=284 ratelimit_period="5 MINUTES" ]
08-08 20:11:30.829 28967 25511 I GmsCoreXrpcWrapper: (REDACTED) Returning a channel provider with trafficStatsTag=%d trafficStatsUid=%d
08-08 20:11:30.907  1299 10375 E TetherController: property_get sys.radio.data.modem_share_flag return 0, 1!
08-08 20:11:30.930  1479  5654 D charge_time: type=cdp/dcp,reserve_soc=1,soc=61,ui_soc=62,current=1055,avg=1051,not_chg_cnt=0,stable_cnt=7,fcc=4423,fcc_ratio=92,delta=66,debug=0,region=12,ttf=5781(01:36:21),ui_ttf=5059(01:24:19)
08-08 20:11:31.009 28967 30961 E khqw    : *~*~*~ Previous channel {0} was garbage collected without being shut down! ~*~*~*
08-08 20:11:31.009 28967 30961 E khqw    :     Make sure to call shutdown()/shutdownNow()
08-08 20:11:31.009 28967 30961 E khqw    : java.lang.RuntimeException: ManagedChannel allocation site
08-08 20:11:31.009 28967 30961 E khqw    : 	at khqv.<init>(:com.google.android.gms@262833035@26.28.33 (260400-955982596):21)
08-08 20:11:31.009 28967 30961 E khqw    : 	at khqw.<init>(:com.google.android.gms@262833035@26.28.33 (260400-955982596):10)
08-08 20:11:31.009 28967 30961 E khqw    : 	at khqu.a(:com.google.android.gms@262833035@26.28.33 (260400-955982596):300)
08-08 20:11:31.009 28967 30961 E khqw    : 	at kgyl.a(:com.google.android.gms@262833035@26.28.33 (260400-955982596):5)
08-08 20:11:31.009 28967 30961 E khqw    : 	at dhkf.h(:com.google.android.gms@262833035@26.28.33 (260400-955982596):144)
08-08 20:11:31.009 28967 30961 E khqw    : 	at hylg.a(:com.google.android.gms@262833035@26.28.33 (260400-955982596):142)
08-08 20:11:31.009 28967 30961 E khqw    : 	at hlpz.a(:com.google.android.gms@262833035@26.28.33 (260400-955982596):17)
08-08 20:11:31.009 28967 30961 E khqw    : 	at huuw.a(:com.google.android.gms@262833035@26.28.33 (260400-955982596):3)
08-08 20:11:31.009 28967 30961 E khqw    : 	at hutx.run(:com.google.android.gms@262833035@26.28.33 (260400-955982596):19)
08-08 20:11:31.009 28967 30961 E khqw    : 	at huuy.run(:com.google.android.gms@262833035@26.28.33 (260400-955982596):5)
08-08 20:11:31.009 28967 30961 E khqw    : 	at bmks.c(:com.google.android.gms@262833035@26.28.33 (260400-955982596):50)
08-08 20:11:31.009 28967 30961 E khqw    : 	at bmks.run(:com.google.android.gms@262833035@26.28.33 (260400-955982596):71)
08-08 20:11:31.009 28967 30961 E khqw    : 	at java.util.concurrent.ThreadPoolExecutor.runWorker(ThreadPoolExecutor.java:1100)
08-08 20:11:31.009 28967 30961 E khqw    : 	at java.util.concurrent.ThreadPoolExecutor$Worker.run(ThreadPoolExecutor.java:624)
08-08 20:11:31.009 28967 30961 E khqw    : 	at bmqn.run(:com.google.android.gms@262833035@26.28.33 (260400-955982596):8)
08-08 20:11:31.009 28967 30961 E khqw    : 	at java.lang.Thread.run(Thread.java:1572)
08-08 20:11:31.124   896   896 E lowmemorykiller: device memory 255874 free 17874 file 240598
08-08 20:11:31.125  3009  3712 I Osense-PsiDetector: 999,69,2611,4607,44,129,91,516,1254,317,622,0,4,5789
08-08 20:11:31.127  3009  3705 I Osense-BaseDecisionMaker: notifySceneToAthenaPolicy: SCENE_RES_MEM_PSI_NORMAL, bundle: Bundle[{memLevel=4}]
08-08 20:11:31.127   896   896 E lowmemorykiller: device memory 255874 free 17874 file 240534
08-08 20:11:31.133  3009  3705 I Osense-BaseDecisionMaker: scene: SCENE_RES_MEM_PSI_NORMAL, excutingPolicy: clear
08-08 20:11:31.133  3009  3705 D Osense-BaseDecisionMaker: invoke clear policy,type: cached
08-08 20:11:31.133  3009  3705 I Osense-BaseDecisionMaker: notifySceneToAthenaPolicy: SCENE_RES_MEM_PSI_LEAK, bundle: Bundle[{memLevel=4}]
08-08 20:11:31.137  3009  3710 I OsenseKillAction: KillAction: [atomic clean] start name=lowmem, requestId=122382, startAvail=999, startFreeMB=69, purposeAvailMB=1200, purposeFreeMB=-1, anonRssTarget=201, minBgCount=0, swapTarget=0, scene=SCENE_RES_MEM_PSI_NORMAL, type=cached, qb=false, cchOnly=true, urgency=false, hoggingCpuPids={}, invalid-cnt=1
08-08 20:11:31.144  3009  3710 I OsenseKillAction: KillAction: group process done, total=1ms, firstLoop=1ms, updateProcessInfo=0ms, idleList=0ms, curBg=3
08-08 20:11:31.145  3009  3710 I OsenseKillAction: scanCchEmptyProc: +++++++ start double check +++++++
08-08 20:11:31.145  3009  3710 I OsenseKillAction: scanCchEmptyProc: cch check done: killablePss=0kb, killableAnonRss=40mb, time=1ms, candidate cnt: 1
08-08 20:11:31.145  3009  3710 I OsenseKillAction: scanNonUiProc: ----------start check non ui proc-----------
08-08 20:11:31.145  3009  3710 I OsenseKillAction: scanNonUiProc: done check non ui proc: killablePss=0kb, killableAnonRss=0mb, time=0ms, collected proc num: 0
08-08 20:11:31.145  3009  3710 I OsenseKillAction: scanOomAdj: skip scan oom adj for lowmem
08-08 20:11:31.145  3009  3710 I OsenseKillAction: scanAllProc: skip scan all proc for lowmem
08-08 20:11:31.150  3009  3710 I OsenseKillAction: KillAction: Kill ProcessInfo{27175:com.whatsapp/u0a320 oom:CEM/41/905/cch-empty mem:0/40/71 extra:30s/false/false/0/15/false}: CachedClean 5ms
08-08 20:11:31.150  3009  3710 I OsenseKillAction: KillAction: done execute kill, pi2app=0ms, monitor=0ms, kill=5ms, total=5ms, kill cnt=1, local cnt=1
08-08 20:11:31.150  3009  3710 I OsenseKillAction: KillAction: [atomic clean] end requestId=122382, endAvail=998mb, reclaimed: [pss=0mb, anonRss=40mb, swap=71mb, mem=40mb, Rss=195mb], timing: [total=14ms, update=2ms, readMem=3ms, group=1ms, cch=1ms, nonUi=0ms, oomadj=0ms, allProc=0ms, monitor=0ms, kill=5ms], sysinfo: [bgcount=3]
08-08 20:11:31.151  3009  3710 I OsenseKillAction: KillAction: 161mb more anonRss to reclaim, 0mb more swapMb to reclaim, <skip> mem guard, cur avail=998mb, bundle: Bundle[{appcareThreshold=0, triggerMemory=1000, qbmode=false, memLevel=4, type=cached, level=1, scene=SCENE_RES_MEM_PSI_NORMAL, requestId=122382, purposeMemory=1200}]
08-08 20:11:31.195 31118 31118 E libEGL  : No entry found in platform lookup table for eglSurfaceAttribMTK
08-08 20:11:31.197 31118 31118 D ExtensionsLoader: createInstance(64bit) : createExtendedFactory
08-08 20:11:31.198 31118 31118 D ExtensionsLoader: Opened libguiextimpl.so
08-08 20:11:31.218 28665 28672 I hypernova.phone: Background concurrent mark compact GC freed 13MB AllocSpace bytes, 0(0B) LOS objects, 49% free, 13MB/26MB, paused 658us,3.359ms total 108.404ms
08-08 20:11:31.228   896   896 E lowmemorykiller: device memory 261204 free 24361 file 238627
08-08 20:11:31.255  3009  3098 I libprocessgroup: Removed cgroup /sys/fs/cgroup/uid_10320/pid_27175
08-08 20:11:31.256  3009  3535 I ActivityManager: Death received, pid = 27175, processName = com.whatsapp for thread android.os.BinderProxy@8b29116
08-08 20:11:31.257  3009  3779 I ActivityManager: Process com.whatsapp (pid 27175) has died: cch+5 CEM 
08-08 20:11:31.258  3009  3779 W OplusAppStartupConfigExt_OplusAppStartupCommonSceneStrategy: Blacklist is Empty
08-08 20:11:31.258  3009  3779 D OplusAppStartupConfigExt: RestartService prevent pkg com.whatsapp result = false
08-08 20:11:31.261  1300  1300 I Zygote  : Process 27175 exited due to signal 9 (Killed)
08-08 20:11:31.265  3979  4433 I ProcessManager: onProcessDied pid:27175, uid:10320
08-08 20:11:31.266  3979  4433 D AppSceneEventManager: handleMessage: 101
08-08 20:11:31.266  3009  4134 I OplusHansManager : onUidGone(), 10320 com.whatsapp exit SM
08-08 20:11:31.266  3009  4134 I OplusHansManager : onUidGone(),  keep: 10320 com.whatsapp alarm
08-08 20:11:31.267  3009  3998 I OplusHansManager : uid=10320, pkg=com.whatsapp F exit SM
08-08 20:11:31.267  3009  3998 I OplusHansManager : uid=10320, pkg=com.whatsapp F exit(), F stay=28, reason=UidGone
08-08 20:11:31.268  3009  3998 I OplusHansManager : unfreeze uid: 10320 com.whatsapp pids: [27175] reason: UidGone scene: LcdOn
08-08 20:11:31.268  5345  5374 D OplusAtlas.OplusAtlasEventDispatch: setEvent:atlas_event_on_process_died info:pid:27175,uid:10320
08-08 20:11:31.269  3009  3998 I OplusHansManager : uid=10320, pkg=com.whatsapp M exit(), M stay=0
08-08 20:11:31.269  3009  3998 I OplusHansManager : uid=10320, pkg=com.whatsapp R exit(), R stay=0
08-08 20:11:31.269  5345  8987 D OplusAtlas.OplusMessageHandler: handleMessage: Msg { when=-1ms what=1 obj=com.oplus.atlas.OplusAtlasEvent@7ee6b1e target=com.oplus.atlas.OplusMessageHandler$MyHandler }
08-08 20:11:31.269  5345  8816 D OplusAtlas.OplusMessageHandler: handleMessage: Msg { when=-1ms what=1 obj=com.oplus.atlas.OplusAtlasEvent@7ee6b1e target=com.oplus.atlas.OplusMessageHandler$MyHandler }
08-08 20:11:31.270  3979  4433 I DispatcherPolicy: onBaseEvent EventId=22	INPUT_PROCESS_DIED	TimeStamp =1786209091266	Intent =null	Content =null	Pid =27175	PkgName =com.whatsapp
08-08 20:11:31.270  3979  4433 I GamingScene: onInputEvent : INPUT_PROCESS_DIED
08-08 20:11:31.271  3009  4015 I OplusHansManager : up_BC uid=10320 pkg=com.whatsapp
08-08 20:11:31.274  3009  3072 D DisplayManagerService: Drop pending events for gone uid 10320
08-08 20:11:31.329   896   896 E lowmemorykiller: device memory 262268 free 30600 file 233391
08-08 20:11:31.342 31118 31118 D OplusUtils: OplusUtils [89]: 
08-08 20:11:31.377  3979  4446 D CommonApp-741-10495: transport layer data is invalid
08-08 20:11:31.414 31118 31118 E screencap: createInstance(64bit) : createExtendedFactory
08-08 20:11:31.424 31118 31118 E screencap: createInstance(64bit) : createExtendedFactory
08-08 20:11:31.425 31118 31118 E screencap: Opened libinputextensionsimpl.so
08-08 20:11:31.425 31118 31118 E screencap: Opened libinputextensionsimpl.so
08-08 20:11:31.430   896   896 E lowmemorykiller: device memory 261748 free 29563 file 234659
08-08 20:11:31.437 31118 31118 W BpBinder: Linking to death on android.gui.ISurfaceComposer but there are no threads (yet?) listening to incoming transactions. See ProcessState::startThreadPool and ProcessState::setThreadPoolMaxThreadCount. Generally you should setup the binder threadpool before other initialization steps.
08-08 20:11:31.438 31118 31118 W ProcessState: Extra binder thread started, but 0 threads requested. Do not use *startThreadPool when zero threads are requested.
08-08 20:11:31.441  1598  1767 D SurfaceFlinger: captureDisplayById from pid 0 display 4630947257990075265
08-08 20:11:31.456  3009  3571 D ActivityManager: freezer override set to true
08-08 20:11:31.531   896   896 E lowmemorykiller: device memory 261208 free 27985 file 236100
08-08 20:11:31.601  3009  3571 D ProcessCpuTrackerExtImpl: mContext is already set, return now! 
08-08 20:11:31.618 28967 25511 I NearbyMediums: No BLE Fast/GATT advertisements found in the latest cycle.
08-08 20:11:31.619 28967 25511 I NearbyMediums: Current Tracked Scanning Clients are : {NearbyConnections.EnvironmentMonitor, NearbySharing}
08-08 20:11:31.622  3009  3571 D ActivityManager: freezer override set to false
08-08 20:11:31.631   896   896 E lowmemorykiller: device memory 260808 free 27223 file 236826
08-08 20:11:31.633  8090  8872 W MediaProvider: isAppCloneUserPair for user 0: false
08-08 20:11:31.699  1399 13000 I vendor.qti.bluetooth@1.0-ibs_handler: [ibs_handler.cpp:778] ProcessIbsCmd: Received IBS_WAKE_IND: 0xFD
08-08 20:11:31.699  1399 13000 D vendor.qti.bluetooth@1.0-ibs_handler: [ibs_handler.cpp:372] SerialClockVote: vote for UART CLK ON
08-08 20:11:31.700  1399 13000 D vendor.qti.bluetooth@1.0-wake_lock: [wake_lock.cpp:135] Acquire wakelock is acquired 
08-08 20:11:31.700  1399 13000 I vendor.qti.bluetooth@1.0-ibs_handler: [ibs_handler.cpp:795] ProcessIbsCmd: Writing IBS_WAKE_ACK
08-08 20:11:31.702 12944 12969 D bluetooth: [acl_arbiter.cc:69] InterceptAttPacket: Intercepting ATT packet and forwarding to Rust
08-08 20:11:31.703 12944 12969 E Bluetooth: [gatt_main.cc:1078] gatt_data_process
08-08 20:11:31.703 12944 12969 I oplus_bt_stack_ble_event: report_stack_ble_last_data_transfer, 20:**:**:**:ca:c6
08-08 20:11:31.705 12944 13018 D bt_btif_gattc: [btif_gatt_client.cc:142] btif_gattc_upstreams_evt: Event BTA_GATTC_NOTIF_EVT [10]
08-08 20:11:31.710 19189 20451 D MoYoung : onDeviceBattery: 59
08-08 20:11:31.712 19189 20451 I HealthLife.full: BaseWearableDevice, Infinix XWatch N4, CA:C6, 0x000000041f0310102d, onBatteryChanged battery=59
08-08 20:11:31.732 19189 19189 D HealthDeviceManager: battery = 59 ----- isCharge = false
08-08 20:11:31.732   896   896 E lowmemorykiller: device memory 260806 free 26657 file 237390
08-08 20:11:31.733 19189 19189 D HealthDeviceManager: battery = 59 ----- isCharge = false
08-08 20:11:31.742  1399 13000 I vendor.qti.bluetooth@1.0-ibs_handler: [ibs_handler.cpp:825] ProcessIbsCmd: Received IBS_SLEEP_IND: 0xFE
08-08 20:11:31.742  1399 13000 D vendor.qti.bluetooth@1.0-ibs_handler: [ibs_handler.cpp:391] SerialClockVote: vote for UART CLK OFF
08-08 20:11:31.786  1479  1567 D BatteryChargeControl: bcc get no support from charging protocol
08-08 20:11:31.808 28967 30763 I NetworkScheduler.Stats: (REDACTED) Task %s/%s started execution. cause:%s exec_start_elapsed_seconds: %s
08-08 20:11:31.825 28967 30961 I NetworkScheduler.Stats: (REDACTED) Task %s/%s finished executing. cause:%s result: %s elapsed_millis: %s uptime_millis: %s exec_start_elapsed_seconds: %s
08-08 20:11:31.835   896   896 E lowmemorykiller: device memory 260050 free 25649 file 237642
08-08 20:11:31.849  3009  3708 I Osense-BaseDecisionMaker: notifySceneToAthenaPolicy: SCENE_RES_IO_PSI, bundle: Bundle[{ioLevel=3}]
08-08 20:11:31.849  3009  3708 I Osense-BaseDecisionMaker: OSense not supported scene! SCENE_RES_IO_PSI
08-08 20:11:31.892  1399 12980 D vendor.qti.bluetooth@1.0-wake_lock: [wake_lock.cpp:158] Release wakelock is released 
08-08 20:11:31.915  1299 10375 E TetherController: property_get sys.radio.data.modem_share_flag return 0, 1!
08-08 20:11:31.933  1479  5654 D charge_time: type=cdp/dcp,reserve_soc=1,soc=61,ui_soc=62,current=775,avg=994,not_chg_cnt=0,stable_cnt=7,fcc=4423,fcc_ratio=92,delta=67,debug=0,region=12,ttf=6058(01:40:58),ui_ttf=5058(01:24:18)
08-08 20:11:31.935   896   896 E lowmemorykiller: device memory 259382 free 24893 file 237730
08-08 20:11:31.972 28665 28665 D ViewRootImplExtImpl: the up motion event handled by client, just return
08-08 20:11:31.973 28665 28665 I Choreographer: Skipped 81 frames!  The application may be doing too much work on its main thread.
08-08 20:11:31.986  3009  3030 I ActivityManager: Broadcasting: Intent { act=android.intent.action.MEDIA_SCANNER_SCAN_FILE dat=file:///... flg=0x400000 }
08-08 20:11:31.990  3009  3030 I ActivityManager: Enqueued broadcast Intent { act=android.intent.action.MEDIA_SCANNER_SCAN_FILE dat=file:///... flg=0x400000 }: 0
08-08 20:11:31.997 28665 29931 I HWUI    : Davey! duration=2651ms; Flags=0, FrameTimelineVsyncId=160669193, IntendedVsync=542885146547052, Vsync=542886408983427, InputEventId=-925999901, HandleInputStart=542886422066133, AnimationStart=542886422070195, PerformTraversalsStart=542886423940351, DrawStart=542887435279882, FrameDeadline=542885163213718, FrameInterval=542886421148112, FrameStartTime=16832485, SyncQueued=542887779461080, SyncStart=542887779621705, IssueDrawCommandsStart=542887789911861, SwapBuffers=542887792721705, FrameCompleted=542887798698007, DequeueBufferDuration=60313, QueueBufferDuration=630625, GpuCompleted=542887798698007, SwapBuffersCompleted=542887794122070, DisplayPresentTime=0, CommandSubmissionCompleted=542887792721705, 
08-08 20:11:32.002 28665 28665 I oplus.android.OplusFrameworkFactoryImpl: get feature:IOplusDynamicVsyncFeature
08-08 20:11:32.002 28665 28665 I oplus.android.OplusFrameworkFactoryImpl: get feature:IOplusDynamicVsyncFeature
08-08 20:11:32.002 28665 28665 I oplus.android.OplusFrameworkFactoryImpl: get feature:IOplusDynamicVsyncFeature
08-08 20:11:32.013  8090  8090 I MediaServiceV2: Creating work for intent Intent { act=android.intent.action.MEDIA_SCANNER_SCAN_FILE dat=file:///... flg=0x1400010 cmp=com.google.android.providers.media.module/com.android.providers.media.MediaServiceV2 }
08-08 20:11:32.035   896   896 E lowmemorykiller: device memory 260172 free 25048 file 238361
08-08 20:11:32.038  3009  3030 I InputDispatcher: injectInputEvent: targetUid=<not set>, syncMode=WAIT_FOR_FINISHED, timeout=30000ms, policyFlags=0x8000000, event=MotionEvent { action=DOWN, id[0]=0, x[0]=270, y[0]=1542, eventTime=542887857000000, downTime=542887857000000, deviceId=4, source=TOUCHSCREEN, displayId=0, eventId=0xee2815ce}
08-08 20:11:32.040  3009  3030 E InputDispatcher: Inconsistent event: MotionEvent { action=DOWN, id[0]=0, x[0]=270, y[0]=1542, eventTime=542887857000000, downTime=542887857000000, deviceId=4, source=TOUCHSCREEN, displayId=0, eventId=0xee2815ce}, reason: Injection on 0: Invalid DOWN event - pointers already down for device DeviceId(-1): {DeviceId(-1): {1, 0}}
08-08 20:11:32.040 22186 22186 I adbd    : adbd service requested 'sync:'
08-08 20:11:32.042  3009  3127 D PowerManagerService: userActivityNoUpdateLocked: groupId=0, eventTime=542887857, event=touch, flags=0x0, uid=1000
08-08 20:11:32.043  3009  3719 I [UAH_CLIENT]: UahEventAcquire, cmdid:37, pkg:none, identity:OplusUAwareInputHelper
08-08 20:11:32.043  4088  4088 D AnimSeqTimeStamp: getTimeGapToLastStartAppTime: 542887862
08-08 20:11:32.043  3680  4525 I SystemUi--NavBar: NoBackGesture-->display_id_0 Start gesture: MotionEvent { action=ACTION_DOWN, actionButton=0, id[0]=0, x[0]=270.0, y[0]=1542.0, toolType[0]=TOOL_TYPE_FINGER, buttonState=0, classification=NONE, metaState=0, flags=0x0, edgeFlags=0x0, pointerCount=1, historySize=0, eventTime=542887857, downTime=542887857, deviceId=-1, source=0x1002, displayId=0, eventId=-299362866 }
08-08 20:11:32.044  3680  4525 I SystemUi--NavBar: NoBackGesture-->display_id_0 Not in side gesture area
08-08 20:11:32.044  4088  4088 I OplusBaseTouchInteractionService: onInputEvent(), ACTION_DOWN, Consumer=TYPE_NO_OP
08-08 20:11:32.044  3009  3566 D OGG_Detector: D:done mCurrStatus: 0
08-08 20:11:32.044  3009  3719 D UAH-UahAdaptHelper: adaptSetNotification identity = OplusUAwareInputHelpersrc = 1000 , type 0 ,p1 = -1 ,p2 = -1 ,p3 = -1 ,p4 =
08-08 20:11:32.045  3009  3719 I [UAH_CLIENT]: uahRuleCtl, ruleId:1000, status:0
08-08 20:11:32.047  8090  8090 I MediaServiceV2: Work enqueued for intent: Intent { act=android.intent.action.MEDIA_SCANNER_SCAN_FILE dat=file:///... flg=0x1400010 cmp=com.google.android.providers.media.module/com.android.providers.media.MediaServiceV2 }
08-08 20:11:32.049  3009  3554 I ActivityManager: Broadcast completed: result=0
08-08 20:11:32.109 22186 22186 I adbd    : adbd service requested 'shell,v2,TERM=xterm-256color,raw:rm -f /sdcard/hypernova_post_stress.png'
08-08 20:11:32.122  8090  8425 D WM-SystemJobScheduler: Scheduling work ID 941c6bd4-c58c-4474-95bf-bd28dd8b5a8eJob ID 6597
08-08 20:11:32.136   896   896 E lowmemorykiller: device memory 259846 free 24352 file 238706
08-08 20:11:32.140  8090  8425 D WM-GreedyScheduler: Ignoring {WorkSpec: 84630d70-a650-48e5-872d-1c3c09d27d91}. Requires device idle.
08-08 20:11:32.140  8090  8425 D WM-GreedyScheduler: Ignoring {WorkSpec: 13163ca3-ff4b-4797-8eb7-c511ae16b89e}. Requires device idle.
08-08 20:11:32.141  8090  8425 D WM-GreedyScheduler: Ignoring {WorkSpec: 79e4468c-caf8-414a-a2b1-691281cdfd14}. Requires device idle.
08-08 20:11:32.141  8090  8425 D WM-GreedyScheduler: Starting work for 941c6bd4-c58c-4474-95bf-bd28dd8b5a8e
08-08 20:11:32.152  8090  8090 D WM-SystemJobService: onStartJob for WorkGenerationalId(workSpecId=941c6bd4-c58c-4474-95bf-bd28dd8b5a8e, generation=0)
08-08 20:11:32.152  8090  8425 D WM-Processor: Processor: processing WorkGenerationalId(workSpecId=941c6bd4-c58c-4474-95bf-bd28dd8b5a8e, generation=0)
08-08 20:11:32.162 28967 29156 I cn_CronetUrlRequestContext: destroyNativeStreamLocked org.chromium.net.impl.CronetBidirectionalStream@3d9d890
08-08 20:11:32.167  8090  8090 D WM-WorkerWrapper: Starting work for com.android.providers.media.MediaServiceV2
08-08 20:11:32.167  8090  8425 D WM-Processor: Work WorkGenerationalId(workSpecId=941c6bd4-c58c-4474-95bf-bd28dd8b5a8e, generation=0) is already enqueued for processing
08-08 20:11:32.169  8090 31148 I MediaServiceV2: Work initiated for action [ android.intent.action.MEDIA_SCANNER_SCAN_FILE ]
08-08 20:11:32.191  8090  9738 I MediaProvider: Deleted 0 1 0 0 0 0 0 items on external_primary due to com.android.shell
08-08 20:11:32.191  8090 31148 W ModernMediaScanner: Failed to visit /storage/emulated/0/hypernova_post_stress.png: java.nio.file.NoSuchFileException: /storage/emulated/0/hypernova_post_stress.png
08-08 20:11:32.211  3009  3442 D WifiStaIfaceHidlImpl: getCachedScanData is not implemented by HIDL
08-08 20:11:32.223  3009  3545 D OplusWifiPower_TriggerCenter: mComponentCallback: wifistat
08-08 20:11:32.224  4047  4047 D VendorWifiService: onEvent event:9,action:1
08-08 20:11:32.277  8090  8354 D WM-SystemJobScheduler: Scheduling work ID 1d29f8f2-b9a0-4fc3-b84e-3a9b9734edf3Job ID 6598
08-08 20:11:32.283  8090  8354 D WM-GreedyScheduler: Ignoring {WorkSpec: 84630d70-a650-48e5-872d-1c3c09d27d91}. Requires device idle.
08-08 20:11:32.283  8090  8354 D WM-GreedyScheduler: Ignoring {WorkSpec: 13163ca3-ff4b-4797-8eb7-c511ae16b89e}. Requires device idle.
08-08 20:11:32.283  8090  8354 D WM-GreedyScheduler: Ignoring {WorkSpec: 79e4468c-caf8-414a-a2b1-691281cdfd14}. Requires device idle.
08-08 20:11:32.401  3979  4446 D CommonApp-741-10495: transport layer data is invalid
08-08 20:11:32.401 28665 28665 V AutofillManager: requestHideFillUi(null): anchor = null
08-08 20:11:32.404  3009  3030 I InputDispatcher: injectInputEvent: targetUid=<not set>, syncMode=WAIT_FOR_FINISHED, timeout=30000ms, policyFlags=0x8000000, event=MotionEvent { action=UP, id[0]=0, x[0]=270, y[0]=1542, eventTime=542887857000000, downTime=542887857000000, deviceId=4, source=TOUCHSCREEN, displayId=0, eventId=0xc0bbcf69}
08-08 20:11:32.407  3009  3030 E InputDispatcher: Inconsistent event: MotionEvent { action=UP, id[0]=0, x[0]=270, y[0]=1542, eventTime=542887857000000, downTime=542887857000000, deviceId=4, source=TOUCHSCREEN, displayId=0, eventId=0xc0bbcf69}, reason: Injection on 0: Got ACTION_UP, but we have pointers: {1, 0} for device DeviceId(-1)
08-08 20:11:32.408  4088  4088 D AnimSeqTimeStamp: getTimeGapToLastStartAppTime: 542888227
08-08 20:11:32.409  3009  3719 D UAH-UahAdaptHelper: adaptSetNotification identity = OplusUAwareInputHelpersrc = 1000 , type 1 ,p1 = -1 ,p2 = -1 ,p3 = -1 ,p4 =
08-08 20:11:32.409  3009  3719 I [UAH_CLIENT]: uahRuleCtl, ruleId:1000, status:1
08-08 20:11:32.526  1416 10610 I WifiHAL : event received NL80211_CMD_VENDOR, vendor_id = 0x1374, subcmd = 0xd
08-08 20:11:32.527  2259  2259 I cnss-daemon: nl80211 response handler invoked
08-08 20:11:32.527  2259  2259 I cnss-daemon: nl80211_response_handler: cmd 103, vendorID 4980, subcmd 13  received
08-08 20:11:32.618 28665 28665 D ViewRootImplExtImpl: the up motion event handled by client, just return
08-08 20:11:32.629 28665 28665 I oplus.android.OplusFrameworkFactoryImpl: get feature:IOplusDynamicVsyncFeature
08-08 20:11:32.629 28665 28665 I oplus.android.OplusFrameworkFactoryImpl: get feature:IOplusDynamicVsyncFeature
08-08 20:11:32.629 28665 28665 I oplus.android.OplusFrameworkFactoryImpl: get feature:IOplusDynamicVsyncFeature
08-08 20:11:32.685  3009  3030 I InputDispatcher: injectInputEvent: targetUid=<not set>, syncMode=WAIT_FOR_FINISHED, timeout=30000ms, policyFlags=0x8000000, event=MotionEvent { action=DOWN, id[0]=0, x[0]=610, y[0]=1542, eventTime=542888503000000, downTime=542888503000000, deviceId=4, source=TOUCHSCREEN, displayId=0, eventId=0xd76225d3}
08-08 20:11:32.687  3009  3030 E InputDispatcher: Inconsistent event: MotionEvent { action=DOWN, id[0]=0, x[0]=610, y[0]=1542, eventTime=542888503000000, downTime=542888503000000, deviceId=4, source=TOUCHSCREEN, displayId=0, eventId=0xd76225d3}, reason: Injection on 0: Invalid DOWN event - pointers already down for device DeviceId(-1): {DeviceId(-1): {1, 0}}
08-08 20:11:32.689 28665 28665 V AutofillManager: requestHideFillUi(null): anchor = null
08-08 20:11:32.689  4088  4088 D AnimSeqTimeStamp: getTimeGapToLastStartAppTime: 542888508
08-08 20:11:32.689  3680  4525 I SystemUi--NavBar: NoBackGesture-->display_id_0 Start gesture: MotionEvent { action=ACTION_DOWN, actionButton=0, id[0]=0, x[0]=610.0, y[0]=1542.0, toolType[0]=TOOL_TYPE_FINGER, buttonState=0, classification=NONE, metaState=0, flags=0x0, edgeFlags=0x0, pointerCount=1, historySize=0, eventTime=542888503, downTime=542888503, deviceId=-1, source=0x1002, displayId=0, eventId=-681433645 }
08-08 20:11:32.689  3680  4525 I SystemUi--NavBar: NoBackGesture-->display_id_0 Not in side gesture area
08-08 20:11:32.689  4088  4088 I OplusBaseTouchInteractionService: onInputEvent(), ACTION_DOWN, Consumer=TYPE_NO_OP
08-08 20:11:32.689  3009  3566 D OGG_Detector: D:done mCurrStatus: 0
08-08 20:11:32.690  3009  3127 D PowerManagerService: userActivityNoUpdateLocked: groupId=0, eventTime=542888503, event=touch, flags=0x0, uid=1000
08-08 20:11:32.690  3009  3719 I [UAH_CLIENT]: UahEventAcquire, cmdid:37, pkg:none, identity:OplusUAwareInputHelper
08-08 20:11:32.690  3009  3030 I InputDispatcher: injectInputEvent: targetUid=<not set>, syncMode=WAIT_FOR_FINISHED, timeout=30000ms, policyFlags=0x8000000, event=MotionEvent { action=UP, id[0]=0, x[0]=610, y[0]=1542, eventTime=542888503000000, downTime=542888503000000, deviceId=4, source=TOUCHSCREEN, displayId=0, eventId=0xe93ae241}
08-08 20:11:32.691  3009  3719 D UAH-UahAdaptHelper: adaptSetNotification identity = OplusUAwareInputHelpersrc = 1000 , type 0 ,p1 = -1 ,p2 = -1 ,p3 = -1 ,p4 =
08-08 20:11:32.691  3009  3719 I [UAH_CLIENT]: uahRuleCtl, ruleId:1000, status:0
08-08 20:11:32.694  3009  3030 E InputDispatcher: Inconsistent event: MotionEvent { action=UP, id[0]=0, x[0]=610, y[0]=1542, eventTime=542888503000000, downTime=542888503000000, deviceId=4, source=TOUCHSCREEN, displayId=0, eventId=0xe93ae241}, reason: Injection on 0: Got ACTION_UP, but we have pointers: {1, 0} for device DeviceId(-1)
08-08 20:11:32.695 28665 28665 D ViewRootImplExtImpl: the up motion event handled by client, just return
08-08 20:11:32.695  4088  4088 D AnimSeqTimeStamp: getTimeGapToLastStartAppTime: 542888514
08-08 20:11:32.696  3009  3719 D UAH-UahAdaptHelper: adaptSetNotification identity = OplusUAwareInputHelpersrc = 1000 , type 1 ,p1 = -1 ,p2 = -1 ,p3 = -1 ,p4 =
08-08 20:11:32.696  3009  3719 I [UAH_CLIENT]: uahRuleCtl, ruleId:1000, status:1
08-08 20:11:32.701 28665 28665 I oplus.android.OplusFrameworkFactoryImpl: get feature:IOplusDynamicVsyncFeature
08-08 20:11:32.701 28665 28665 I oplus.android.OplusFrameworkFactoryImpl: get feature:IOplusDynamicVsyncFeature
08-08 20:11:32.701 28665 28665 I oplus.android.OplusFrameworkFactoryImpl: get feature:IOplusDynamicVsyncFeature
08-08 20:11:32.741 19189 19189 D HealthDeviceManager: updateDevice DisplayTemplateBean(controlId='health-20:EC:98:01:CA:C6',packageName='com.transsion.healthlife'，title='Infinix XWatch N4', mCustomIcon=null, subTitle=, deviceTypeId=2, pid = 0x000000041f0310102d,deviceConnectedStatus=true, deviceConnectedDesc='Connected', extraInfoOneIcon=Icon(typ=RESOURCE pkg=com.transsion.healthlife id=0x7f10000d), extraInfoOneDesc=59%, extraInfoTwoIcon=null, extraInfoTwoDesc=, deviceLastConnectedTime=1786209091731, targetPackageName=com.transsion.healthlife, targetClassName=com.transsion.module.sport.view.ActionActivity,isSupportClickCard=true,deviceSingleId=,deviceShowLevel=0),cardDisplay=null,displayMessage=59,displayCustomIcon=null, sortLevel=0, boxBattery:null, deviceServiceMap:{find_watch={}, message_send={=feature_enable}}
08-08 20:11:32.742 19189 19189 D DeviceProviderService: updateDevice DisplayTemplateBean(controlId='health-20:EC:98:01:CA:C6',packageName='com.transsion.healthlife'，title='Infinix XWatch N4', mCustomIcon=null, subTitle=, deviceTypeId=2, pid = 0x000000041f0310102d,deviceConnectedStatus=true, deviceConnectedDesc='Connected', extraInfoOneIcon=Icon(typ=RESOURCE pkg=com.transsion.healthlife id=0x7f10000d), extraInfoOneDesc=59%, extraInfoTwoIcon=null, extraInfoTwoDesc=, deviceLastConnectedTime=1786209091731, targetPackageName=com.transsion.healthlife, targetClassName=com.transsion.module.sport.view.ActionActivity,isSupportClickCard=true,deviceSingleId=,deviceShowLevel=0),cardDisplay=null,displayMessage=59,displayCustomIcon=null, sortLevel=0, boxBattery:null, deviceServiceMap:{find_watch={}, message_send={=feature_enable}} 
08-08 20:11:32.747 19189 19189 D TCHelper: writeSettingProvider:[{"boxBattery":"","cardDisplayType":-1,"cardType":1,"controlId":"health-20:EC:98:01:CA:C6","deviceConnectedDesc":"Connected","deviceConnectedStatus":true,"deviceLastConnectedTime":1786209091731,"deviceServiceMap":{"find_watch":{},"message_send":{"":"feature_enable"}},"deviceShowLevel":0,"deviceSwitch":false,"deviceTypeId":2,"displayMessage":"59","extraInfoOneDesc":"59%","extraInfoTwoDesc":"","isAppDisconnected":true,"isSupportClickCard":true,"packageName":"com.transsion.healthlife","pid":"0x000000041f0310102d","sortLevel":0,"subTitle":"","switchActionType":0,"targetClassName":"com.transsion.module.sport.view.ActionActivity","targetPackageName":"com.transsion.module.sport.view.ActionActivity","title":"Infinix XWatch N4"}]
08-08 20:11:32.747 19189 19189 E TCHelper: writeSettingProvider error 
08-08 20:11:32.748 19189 19189 D IotcardConverter: convertToIotCardBean: health-20:EC:98:01:CA:C6
08-08 20:11:32.749 19189 19189 D DeviceProviderService: checkChannelEnable channel state:TRANSIENT_FAILURE
08-08 20:11:32.752 19189 19189 D DeviceProviderService: build channel state:IDLE
08-08 20:11:32.755  3009  3030 I InputDispatcher: injectInputEvent: targetUid=<not set>, syncMode=WAIT_FOR_FINISHED, timeout=30000ms, policyFlags=0x8000000, event=MotionEvent { action=DOWN, id[0]=0, x[0]=95, y[0]=1542, eventTime=542888574000000, downTime=542888574000000, deviceId=4, source=TOUCHSCREEN, displayId=0, eventId=0xe9aa9af3}
08-08 20:11:32.756  3009  3030 E InputDispatcher: Inconsistent event: MotionEvent { action=DOWN, id[0]=0, x[0]=95, y[0]=1542, eventTime=542888574000000, downTime=542888574000000, deviceId=4, source=TOUCHSCREEN, displayId=0, eventId=0xe9aa9af3}, reason: Injection on 0: Invalid DOWN event - pointers already down for device DeviceId(-1): {DeviceId(-1): {1, 0}}
08-08 20:11:32.758  4088  4088 D AnimSeqTimeStamp: getTimeGapToLastStartAppTime: 542888577
08-08 20:11:32.758  3680  4525 I SystemUi--NavBar: NoBackGesture-->display_id_0 Start gesture: MotionEvent { action=ACTION_DOWN, actionButton=0, id[0]=0, x[0]=95.0, y[0]=1542.0, toolType[0]=TOOL_TYPE_FINGER, buttonState=0, classification=NONE, metaState=0, flags=0x0, edgeFlags=0x0, pointerCount=1, historySize=0, eventTime=542888574, downTime=542888574, deviceId=-1, source=0x1002, displayId=0, eventId=-374695181 }
08-08 20:11:32.758  3680  4525 I SystemUi--NavBar: NoBackGesture-->display_id_0 Not in side gesture area
08-08 20:11:32.759  3009  3719 I [UAH_CLIENT]: UahEventAcquire, cmdid:37, pkg:none, identity:OplusUAwareInputHelper
08-08 20:11:32.760  3009  3719 D UAH-UahAdaptHelper: adaptSetNotification identity = OplusUAwareInputHelpersrc = 1000 , type 0 ,p1 = -1 ,p2 = -1 ,p3 = -1 ,p4 =
08-08 20:11:32.760  3009  3719 I [UAH_CLIENT]: uahRuleCtl, ruleId:1000, status:0
08-08 20:11:32.761  4088  4088 I OplusBaseTouchInteractionService: onInputEvent(), ACTION_DOWN, Consumer=TYPE_NO_OP
08-08 20:11:32.761  3009  3566 D OGG_Detector: D:done mCurrStatus: 0
08-08 20:11:32.787  1479  1567 D BatteryChargeControl: bcc get no support from charging protocol
08-08 20:11:32.889  3009  3708 I Osense-BaseDecisionMaker: notifySceneToAthenaPolicy: SCENE_RES_IO_PSI, bundle: Bundle[{ioLevel=3}]
08-08 20:11:32.890  3009  3708 I Osense-BaseDecisionMaker: OSense not supported scene! SCENE_RES_IO_PSI
08-08 20:11:32.928  1299 10375 E TetherController: property_get sys.radio.data.modem_share_flag return 0, 1!
08-08 20:11:32.936  1479  5654 D charge_time: type=cdp/dcp,reserve_soc=1,soc=61,ui_soc=62,current=745,avg=936,not_chg_cnt=0,stable_cnt=7,fcc=4423,fcc_ratio=92,delta=68,debug=0,region=12,ttf=6381(01:46:21),ui_ttf=5057(01:24:17)
08-08 20:11:33.105 28665 28665 V AutofillManager: requestHideFillUi(null): anchor = null
08-08 20:11:33.106  3009  3030 I InputDispatcher: injectInputEvent: targetUid=<not set>, syncMode=WAIT_FOR_FINISHED, timeout=30000ms, policyFlags=0x8000000, event=MotionEvent { action=UP, id[0]=0, x[0]=95, y[0]=1542, eventTime=542888574000000, downTime=542888574000000, deviceId=4, source=TOUCHSCREEN, displayId=0, eventId=0xc4ee945d}
08-08 20:11:33.110  3009  3030 E InputDispatcher: Inconsistent event: MotionEvent { action=UP, id[0]=0, x[0]=95, y[0]=1542, eventTime=542888574000000, downTime=542888574000000, deviceId=4, source=TOUCHSCREEN, displayId=0, eventId=0xc4ee945d}, reason: Injection on 0: Got ACTION_UP, but we have pointers: {1, 0} for device DeviceId(-1)
08-08 20:11:33.112  4088  4088 D AnimSeqTimeStamp: getTimeGapToLastStartAppTime: 542888931
08-08 20:11:33.112  3009  3719 D UAH-UahAdaptHelper: adaptSetNotification identity = OplusUAwareInputHelpersrc = 1000 , type 1 ,p1 = -1 ,p2 = -1 ,p3 = -1 ,p4 =
08-08 20:11:33.112  3009  3719 I [UAH_CLIENT]: uahRuleCtl, ruleId:1000, status:1
08-08 20:11:33.193 22186 22186 I adbd    : adbd service requested 'shell,v2:getprop'
08-08 20:11:33.315 28665 28665 D ViewRootImplExtImpl: the up motion event handled by client, just return
08-08 20:11:33.327 28665 28665 I oplus.android.OplusFrameworkFactoryImpl: get feature:IOplusDynamicVsyncFeature
08-08 20:11:33.327 28665 28665 I oplus.android.OplusFrameworkFactoryImpl: get feature:IOplusDynamicVsyncFeature
08-08 20:11:33.327 28665 28665 I oplus.android.OplusFrameworkFactoryImpl: get feature:IOplusDynamicVsyncFeature
08-08 20:11:33.385  3009  3030 I InputDispatcher: injectInputEvent: targetUid=<not set>, syncMode=WAIT_FOR_FINISHED, timeout=30000ms, policyFlags=0x8000000, event=MotionEvent { action=DOWN, id[0]=0, x[0]=610, y[0]=1542, eventTime=542889203000000, downTime=542889203000000, deviceId=4, source=TOUCHSCREEN, displayId=0, eventId=0xd7a33b57}
08-08 20:11:33.390  3009  3030 E InputDispatcher: Inconsistent event: MotionEvent { action=DOWN, id[0]=0, x[0]=610, y[0]=1542, eventTime=542889203000000, downTime=542889203000000, deviceId=4, source=TOUCHSCREEN, displayId=0, eventId=0xd7a33b57}, reason: Injection on 0: Invalid DOWN event - pointers already down for device DeviceId(-1): {DeviceId(-1): {1, 0}}
08-08 20:11:33.392 28665 28665 V AutofillManager: requestHideFillUi(null): anchor = null
08-08 20:11:33.393  3009  3566 D OGG_Detector: D:done mCurrStatus: 0
08-08 20:11:33.393  3009  3719 I [UAH_CLIENT]: UahEventAcquire, cmdid:37, pkg:none, identity:OplusUAwareInputHelper
08-08 20:11:33.395  3009  3030 I InputDispatcher: injectInputEvent: targetUid=<not set>, syncMode=WAIT_FOR_FINISHED, timeout=30000ms, policyFlags=0x8000000, event=MotionEvent { action=UP, id[0]=0, x[0]=610, y[0]=1542, eventTime=542889203000000, downTime=542889203000000, deviceId=4, source=TOUCHSCREEN, displayId=0, eventId=0xc964b0e4}
08-08 20:11:33.394  4088  4088 D AnimSeqTimeStamp: getTimeGapToLastStartAppTime: 542889213
08-08 20:11:33.394  3680  4525 I SystemUi--NavBar: NoBackGesture-->display_id_0 Start gesture: MotionEvent { action=ACTION_DOWN, actionButton=0, id[0]=0, x[0]=610.0, y[0]=1542.0, toolType[0]=TOOL_TYPE_FINGER, buttonState=0, classification=NONE, metaState=0, flags=0x0, edgeFlags=0x0, pointerCount=1, historySize=0, eventTime=542889203, downTime=542889203, deviceId=-1, source=0x1002, displayId=0, eventId=-677168297 }
08-08 20:11:33.395  3680  4525 I SystemUi--NavBar: NoBackGesture-->display_id_0 Not in side gesture area
08-08 20:11:33.395  3009  3719 D UAH-UahAdaptHelper: adaptSetNotification identity = OplusUAwareInputHelpersrc = 1000 , type 0 ,p1 = -1 ,p2 = -1 ,p3 = -1 ,p4 =
08-08 20:11:33.395  4088  4088 I OplusBaseTouchInteractionService: onInputEvent(), ACTION_DOWN, Consumer=TYPE_NO_OP
08-08 20:11:33.396  3009  3719 I [UAH_CLIENT]: uahRuleCtl, ruleId:1000, status:0
08-08 20:11:33.396  3009  3127 D PowerManagerService: userActivityNoUpdateLocked: groupId=0, eventTime=542889203, event=touch, flags=0x0, uid=1000
08-08 20:11:33.399  3009  3030 E InputDispatcher: Inconsistent event: MotionEvent { action=UP, id[0]=0, x[0]=610, y[0]=1542, eventTime=542889203000000, downTime=542889203000000, deviceId=4, source=TOUCHSCREEN, displayId=0, eventId=0xc964b0e4}, reason: Injection on 0: Got ACTION_UP, but we have pointers: {1, 0} for device DeviceId(-1)
08-08 20:11:33.400  4088  4088 D AnimSeqTimeStamp: getTimeGapToLastStartAppTime: 542889219
08-08 20:11:33.400 28665 28665 D ViewRootImplExtImpl: the up motion event handled by client, just return
08-08 20:11:33.401  3009  3719 D UAH-UahAdaptHelper: adaptSetNotification identity = OplusUAwareInputHelpersrc = 1000 , type 1 ,p1 = -1 ,p2 = -1 ,p3 = -1 ,p4 =
08-08 20:11:33.401  3009  3719 I [UAH_CLIENT]: uahRuleCtl, ruleId:1000, status:1
08-08 20:11:33.405 28665 28665 I oplus.android.OplusFrameworkFactoryImpl: get feature:IOplusDynamicVsyncFeature
08-08 20:11:33.406 28665 28665 I oplus.android.OplusFrameworkFactoryImpl: get feature:IOplusDynamicVsyncFeature
08-08 20:11:33.406 28665 28665 I oplus.android.OplusFrameworkFactoryImpl: get feature:IOplusDynamicVsyncFeature
08-08 20:11:33.425  3979  4446 D CommonApp-741-10495: transport layer data is invalid
08-08 20:11:33.470  3009  4131 I InputDispatcher: injectInputEvent: targetUid=<not set>, syncMode=WAIT_FOR_FINISHED, timeout=30000ms, policyFlags=0x8000000, event=MotionEvent { action=DOWN, id[0]=0, x[0]=95, y[0]=1542, eventTime=542889289000000, downTime=542889289000000, deviceId=4, source=TOUCHSCREEN, displayId=0, eventId=0xf2cfa9df}
08-08 20:11:33.471  3009  4131 E InputDispatcher: Inconsistent event: MotionEvent { action=DOWN, id[0]=0, x[0]=95, y[0]=1542, eventTime=542889289000000, downTime=542889289000000, deviceId=4, source=TOUCHSCREEN, displayId=0, eventId=0xf2cfa9df}, reason: Injection on 0: Invalid DOWN event - pointers already down for device DeviceId(-1): {DeviceId(-1): {1, 0}}
08-08 20:11:33.473  4088  4088 D AnimSeqTimeStamp: getTimeGapToLastStartAppTime: 542889292
08-08 20:11:33.473  3680  4525 I SystemUi--NavBar: NoBackGesture-->display_id_0 Start gesture: MotionEvent { action=ACTION_DOWN, actionButton=0, id[0]=0, x[0]=95.0, y[0]=1542.0, toolType[0]=TOOL_TYPE_FINGER, buttonState=0, classification=NONE, metaState=0, flags=0x0, edgeFlags=0x0, pointerCount=1, historySize=0, eventTime=542889289, downTime=542889289, deviceId=-1, source=0x1002, displayId=0, eventId=-221271585 }
08-08 20:11:33.473  3680  4525 I SystemUi--NavBar: NoBackGesture-->display_id_0 Not in side gesture area
08-08 20:11:33.474  3009  3719 I [UAH_CLIENT]: UahEventAcquire, cmdid:37, pkg:none, identity:OplusUAwareInputHelper
08-08 20:11:33.475  3009  3719 D UAH-UahAdaptHelper: adaptSetNotification identity = OplusUAwareInputHelpersrc = 1000 , type 0 ,p1 = -1 ,p2 = -1 ,p3 = -1 ,p4 =
08-08 20:11:33.475  4088  4088 I OplusBaseTouchInteractionService: onInputEvent(), ACTION_DOWN, Consumer=TYPE_NO_OP
08-08 20:11:33.476  3009  3719 I [UAH_CLIENT]: uahRuleCtl, ruleId:1000, status:0
08-08 20:11:33.476  3009  3566 D OGG_Detector: D:done mCurrStatus: 0
08-08 20:11:33.757  8090  8090 D WM-DelayedWorkTracker: Scheduling work 1d29f8f2-b9a0-4fc3-b84e-3a9b9734edf3
08-08 20:11:33.758  3009  3373 V AlarmManager: sending alarm Alarm{701aa96 type 3 origWhen 895764381 whenElapsed 895764381 android} uid 1000 whenElapsed 895764381 windowLength 423229 maxWhenElapsed 896187610 repeatInterval 0 action null component null tag *job.cleanup* flags 0x8 procName system_server
08-08 20:11:33.758  8090  8090 D WM-GreedyScheduler: Starting tracking for 1d29f8f2-b9a0-4fc3-b84e-3a9b9734edf3
08-08 20:11:33.759  3009  3373 V AlarmManager: sending alarm Alarm{3b38617 type 3 origWhen 895789713 whenElapsed 895789713 android} uid 1000 whenElapsed 895789713 windowLength 0 maxWhenElapsed 895789713 repeatInterval 0 action null component null tag *job.delay* flags 0x0 procName system_server
08-08 20:11:33.759  3009  3373 V AlarmManager: sending alarm Alarm{3154a04 type 1 origWhen 1786209078557 whenElapsed 895774512 org.hicham.salaat} uid 10326 whenElapsed 895774512 windowLength 89982 maxWhenElapsed 895864494 repeatInterval 0 action com.opensignal.sdk.data.receiver.ALARM_PIPELINE component null flags 0x8 procName org.hicham.salaat
08-08 20:11:33.764  8090  8425 D WM-ConstraintTracker: BatteryNotLowTracker: initial state = true
08-08 20:11:33.766  8090  8425 D WM-BrdcstRcvrCnstrntTrc: BatteryNotLowTracker: registering receiver
08-08 20:11:33.771 28665 28665 V AutofillManager: requestHideFillUi(null): anchor = null
08-08 20:11:33.773  3009  4131 I InputDispatcher: injectInputEvent: targetUid=<not set>, syncMode=WAIT_FOR_FINISHED, timeout=30000ms, policyFlags=0x8000000, event=MotionEvent { action=UP, id[0]=0, x[0]=95, y[0]=1542, eventTime=542889289000000, downTime=542889289000000, deviceId=4, source=TOUCHSCREEN, displayId=0, eventId=0xc30fea47}
08-08 20:11:33.775  8090  8354 D WM-GreedyScheduler: Constraints met: Scheduling work ID WorkGenerationalId(workSpecId=1d29f8f2-b9a0-4fc3-b84e-3a9b9734edf3, generation=0)
08-08 20:11:33.777  3009  4131 E InputDispatcher: Inconsistent event: MotionEvent { action=UP, id[0]=0, x[0]=95, y[0]=1542, eventTime=542889289000000, downTime=542889289000000, deviceId=4, source=TOUCHSCREEN, displayId=0, eventId=0xc30fea47}, reason: Injection on 0: Got ACTION_UP, but we have pointers: {1, 0} for device DeviceId(-1)
08-08 20:11:33.778  4088  4088 D AnimSeqTimeStamp: getTimeGapToLastStartAppTime: 542889597
08-08 20:11:33.779  3009  3719 D UAH-UahAdaptHelper: adaptSetNotification identity = OplusUAwareInputHelpersrc = 1000 , type 1 ,p1 = -1 ,p2 = -1 ,p3 = -1 ,p4 =
08-08 20:11:33.779  3009  3719 I [UAH_CLIENT]: uahRuleCtl, ruleId:1000, status:1
08-08 20:11:33.779  8090  8354 D WM-Processor: Processor: processing WorkGenerationalId(workSpecId=1d29f8f2-b9a0-4fc3-b84e-3a9b9734edf3, generation=0)
08-08 20:11:33.787  1479  1567 D BatteryChargeControl: bcc get no support from charging protocol
08-08 20:11:33.790  8090  8090 D WM-WorkerWrapper: Starting work for com.android.providers.media.photopicker.sync.ProactiveSyncWorker
08-08 20:11:33.792  3009  3282 W OplusAppStartupConfigExt_OplusAppStartupCommonSceneStrategy: Blacklist is Empty
08-08 20:11:33.792  3009  3282 D OplusAppStartupConfigExt: StartService prevent pkg com.facebook.orca result = false
08-08 20:11:33.794  3009  3282 V GrammaticalInflectionUtils: AttributionSource: android.content.AttributionSource@544a585e does not have READ_SYSTEM_GRAMMATICAL_GENDER permission.
08-08 20:11:33.794  8090 31175 I PSyncWorker: Starting proactive picker sync from sync source: 1
08-08 20:11:33.795  8090 31175 I PickerSyncTracker: Created new sync future java.util.concurrent.CompletableFuture@40d7de5[Not completed, 1 dependents]. Future map: {1d29f8f2-b9a0-4fc3-b84e-3a9b9734edf3=java.util.concurrent.CompletableFuture@40d7de5[Not completed, 1 dependents]}
08-08 20:11:33.797  8090 31175 D PickerSyncController: syncAllMediaFromProvider() LOCAL, auth=com.android.providers.media.photopicker, retry=true
08-08 20:11:33.797  8090 31175 D PickerSyncController: getSyncRequestParams() LOCAL, auth=com.android.providers.media.photopicker
08-08 20:11:33.802  8044 31174 W JobInfo : Job 'org.hicham.salaat/com.opensignal.sdk.data.task.ExecutingJobService#44884494' has a deadline with no functional constraints. The deadline won't improve job execution latency. Consider removing the deadline.
08-08 20:11:33.805  3009  3030 W JobInfo : Job 'org.hicham.salaat/com.opensignal.sdk.data.task.ExecutingJobService#44884494' has a deadline with no functional constraints. The deadline won't improve job execution latency. Consider removing the deadline.
08-08 20:11:33.805  8044 31176 W JobInfo : Job 'org.hicham.salaat/com.opensignal.sdk.data.task.ExecutingJobService#44884494' has a deadline with no functional constraints. The deadline won't improve job execution latency. Consider removing the deadline.
08-08 20:11:33.807  3009  5276 W JobInfo : Job 'org.hicham.salaat/com.opensignal.sdk.data.task.ExecutingJobService#44884494' has a deadline with no functional constraints. The deadline won't improve job execution latency. Consider removing the deadline.
08-08 20:11:33.811  1300  1300 D Zygote  : Forked child process 31177
08-08 20:11:33.812  3009  3097 I ActivityManager: Start proc 31177:com.facebook.orca/u0a398 for service {com.facebook.orca/com.facebook.analytics2.logger.legacy.uploader.LollipopUploadService}
08-08 20:11:33.816  8090 31148 I MediaProvider: Scanned external_primary due to REASON_DEMAND, found 0 items in 1633ms, 0 inserts 0 updates 0 deletes
08-08 20:11:33.818  8090 31148 I MediaServiceV2: Work ended for action [ android.intent.action.MEDIA_SCANNER_SCAN_FILE ]
08-08 20:11:33.822  8090  8433 I WM-WorkerWrapper: Worker result SUCCESS for Work [ id=941c6bd4-c58c-4474-95bf-bd28dd8b5a8e, tags={ com.android.providers.media.MediaServiceV2 } ]
08-08 20:11:33.827  8090  8090 D WM-Processor: Processor 941c6bd4-c58c-4474-95bf-bd28dd8b5a8e executed; reschedule = false
08-08 20:11:33.828  8090  8090 D WM-SystemJobService: 941c6bd4-c58c-4474-95bf-bd28dd8b5a8e executed on JobScheduler
08-08 20:11:33.832  3009  3097 W ContextImpl: Calling a method in the system process without a qualified user: android.app.ContextImpl.sendBroadcast:1261 com.android.server.am.OplusAppStartupConfig.sendAbnormalNotify:1927 com.android.server.am.OplusAppStartupConfig.notifyAbnormalInfo:1860 com.android.server.am.OplusAppStartupManager.handleStartAppInfo:5356 com.android.server.am.ProcessListExtImpl.hookHandleProcessStart:294 
08-08 20:11:33.842 31177 31177 I m.facebook.orca: Using generational CollectorTypeCMC GC.
08-08 20:11:33.846  8090 31175 D PickerSyncController:    Latest ID/Gen=1701:47fd3e27-2be5-4011-807d-ec1b2af5ba7c:external_primary/694683
08-08 20:11:33.846  8090 31175 D PickerSyncController:    Cached ID/Gen=1701:47fd3e27-2be5-4011-807d-ec1b2af5ba7c:external_primary/694675
08-08 20:11:33.846  8090 31175 D PickerSyncController:    RESULT=SyncRequestParams{type=MEDIA_INCREMENTAL, gen=694675, latest=Bundle[{last_media_sync_generation=694683, media_collection_id=1701:47fd3e27-2be5-4011-807d-ec1b2af5ba7c:external_primary}], pageSize=1000}
08-08 20:11:33.847  8090 31175 I PickerSyncController: Executing SyncAdd. isLocal: true. authority: com.android.providers.media.photopicker
08-08 20:11:33.847  8090 31175 D PickerSyncLockManager: Trying to acquire lock com.android.providers.media.photopicker.sync.CloseableReentrantLock@4e60368[Unlocked]. Lock Name = CLOUD_PROVIDER_LOCK. Threads that may be waiting to acquire this lock = [] with timeout.
08-08 20:11:33.847  8090 31175 D CloseableReentrantLock: Successfully acquired lock com.android.providers.media.photopicker.sync.CloseableReentrantLock@4e60368[Locked by thread pool-2-thread-368]. Lock Name = CLOUD_PROVIDER_LOCK. Threads that may be waiting to acquire this lock = []
08-08 20:11:33.847  8090 31175 D CloseableReentrantLock: Successfully released lock com.android.providers.media.photopicker.sync.CloseableReentrantLock@4e60368[Unlocked]. Lock Name = CLOUD_PROVIDER_LOCK. Threads that may be waiting to acquire this lock = []
08-08 20:11:33.847  8090 31175 D ExternalDbFacade: Token received for queryMedia = null
08-08 20:11:33.863 31177 31177 D nativeloader: Load libframework-connectivity-tiramisu-jni.so using APEX ns com_android_tethering for caller /apex/com.android.tethering/javalib/framework-connectivity-t.jar: ok
08-08 20:11:33.864  8090  8090 D WM-SystemJobService: onStartJob for WorkGenerationalId(workSpecId=1d29f8f2-b9a0-4fc3-b84e-3a9b9734edf3, generation=0)
08-08 20:11:33.867  8090  8427 D WM-GreedyScheduler: Cancelling work ID 941c6bd4-c58c-4474-95bf-bd28dd8b5a8e
08-08 20:11:33.868  3009  3009 W JobScheduler: Job didn't exist in JobStore: #org.hicham.salaat/44884494
08-08 20:11:33.869  8090 31175 D PickerSyncLockManager: Trying to acquire lock com.android.providers.media.photopicker.sync.CloseableReentrantLock@4e60368[Unlocked]. Lock Name = CLOUD_PROVIDER_LOCK. Threads that may be waiting to acquire this lock = [] with timeout.
08-08 20:11:33.869  8090 31175 D CloseableReentrantLock: Successfully acquired lock com.android.providers.media.photopicker.sync.CloseableReentrantLock@4e60368[Locked by thread pool-2-thread-368]. Lock Name = CLOUD_PROVIDER_LOCK. Threads that may be waiting to acquire this lock = []
08-08 20:11:33.869  8090 31175 D PickerSyncController: Clearing next page token for key: local_provider:media_add:resume
08-08 20:11:33.869  8090 31175 D CloseableReentrantLock: Successfully released lock com.android.providers.media.photopicker.sync.CloseableReentrantLock@4e60368[Unlocked]. Lock Name = CLOUD_PROVIDER_LOCK. Threads that may be waiting to acquire this lock = []
08-08 20:11:33.869  8090 31175 D PickerNotificationSender: Sending a notification for media update
08-08 20:11:33.871  8090  8427 D WM-GreedyScheduler: Ignoring {WorkSpec: 84630d70-a650-48e5-872d-1c3c09d27d91}. Requires device idle.
08-08 20:11:33.871  8090 31175 D PickerNotificationSender: Sending a notification for merged album media update Videos
08-08 20:11:33.871  8090  8427 D WM-GreedyScheduler: Ignoring {WorkSpec: 13163ca3-ff4b-4797-8eb7-c511ae16b89e}. Requires device idle.
08-08 20:11:33.871  8090 31175 D PickerNotificationSender: Sending a notification for album media update Videos
08-08 20:11:33.871  8090  8427 D WM-GreedyScheduler: Ignoring {WorkSpec: 79e4468c-caf8-414a-a2b1-691281cdfd14}. Requires device idle.
08-08 20:11:33.871 31177 31177 D OplusActivityThreadExtImpl: java.lang.NoSuchMethodException: dalvik.system.VMRuntime.SupressionGC [int, int]
08-08 20:11:33.872 31177 31177 W libc    : Access denied finding property "persist.vendor.sys.activitylog"
08-08 20:11:33.872  8090 31175 D PickerNotificationSender: Sending a notification for merged album media update Favorites
08-08 20:11:33.872  8090 31175 D PickerNotificationSender: Sending a notification for album media update Favorites
08-08 20:11:33.872 31177 31177 I OneTrace: Mark active for pid=31177? true
08-08 20:11:33.873 31177 31177 D cutils-dev: otrace_set_tracing_enabled? true tag:0
08-08 20:11:33.873  8090  8427 D WM-Processor: Work WorkGenerationalId(workSpecId=1d29f8f2-b9a0-4fc3-b84e-3a9b9734edf3, generation=0) is already enqueued for processing
08-08 20:11:33.873  8090 31175 I PickerSyncController: Paged sync successful. QueryArgs: Bundle[{android.provider.extra.SYNC_GENERATION=694675, android.provider.extra.PAGE_SIZE=1000}] Total Rows: 0
08-08 20:11:33.874  8090 31175 I PickerSyncController: Executing SyncRemove. isLocal: true. authority: com.android.providers.media.photopicker
08-08 20:11:33.874  8090 31175 D PickerSyncLockManager: Trying to acquire lock com.android.providers.media.photopicker.sync.CloseableReentrantLock@4e60368[Unlocked]. Lock Name = CLOUD_PROVIDER_LOCK. Threads that may be waiting to acquire this lock = [] with timeout.
08-08 20:11:33.874  8090 31175 D CloseableReentrantLock: Successfully acquired lock com.android.providers.media.photopicker.sync.CloseableReentrantLock@4e60368[Locked by thread pool-2-thread-368]. Lock Name = CLOUD_PROVIDER_LOCK. Threads that may be waiting to acquire this lock = []
08-08 20:11:33.874  8090 31175 D CloseableReentrantLock: Successfully released lock com.android.providers.media.photopicker.sync.CloseableReentrantLock@4e60368[Unlocked]. Lock Name = CLOUD_PROVIDER_LOCK. Threads that may be waiting to acquire this lock = []
08-08 20:11:33.874  1479  1562 D vendor.oplus.hardware.charger-V6-service: ret_value:159, read content:,335,348,4111,4116,-745,1500,2200,61,62,1,6,1425,4560,62,1,0,1,1,0,0,4470,0,6,0,6,0,0,0,-2740,0,1,1,0,0,41,41,41,0,0,0,0,0,0,0,0,0,0,4,0,1,0,100,0,0,0,0,0,0,0
08-08 20:11:33.874 31177 31177 D cutils-dev: properties changed in otrace_seq_number_changed!
08-08 20:11:33.875  1479  1562 D vendor.oplus.hardware.charger-V6-service: gmtime: 2026-08-08-20-11-33
08-08 20:11:33.875  1479  1562 D vendor.oplus.hardware.charger-V6-service: usb_online:1, ac_online:0, wireless_online:-2147483648
08-08 20:11:33.880  3009  4718 D ActivityTaskManagerServiceExtImpl: preBindApplication record is null
08-08 20:11:33.881  3009  4718 D RGBNormalizeServer: OplusRGBNormalize feature enabled ? false
08-08 20:11:33.881  3009  4718 D ResourcesManagerCache: For package com.facebook.orca we got cacheList [null] appInfoExt is null ? false hasFeature ? false
08-08 20:11:33.890 31177 31177 D OplusActivityManager: get AMS extension: android.os.BinderProxy@c7dd74c
08-08 20:11:33.891 31177 31186 D OplusAppHeapManager: java.lang.NoSuchMethodException: dalvik.system.VMRuntime.updateProcessValue [int, int, int]
08-08 20:11:33.892  3009  4134 I OplusHansManager : onUidActive(), uid=10398, pkgName=com.facebook.orca, can enter SM
08-08 20:11:33.892  3009  4134 I OplusHansManager : onUidActive() update stay time, uid=10398, pkgName=com.facebook.orca, U stay=66
08-08 20:11:33.893  3009  3998 I OplusHansManager : uid=10398, pkg=com.facebook.orca enter SM
08-08 20:11:33.893  3009  3998 I OplusHansManager : uid=10398, pkg=com.facebook.orca R enter(), D stay=0
08-08 20:11:33.894 31177 31177 D callGcSupression: java.lang.NullPointerException: Attempt to invoke virtual method 'java.lang.Object java.lang.reflect.Method.invoke(java.lang.Object, java.lang.Object[])' on a null object reference
08-08 20:11:33.897 31177 31177 D CompactWindowAppManager: initCompactApplicationInfo CompactMode: , NormalMode: 
08-08 20:11:33.899  3009  3282 W JobServiceContext: Sending onNetworkChanged for a job that isn't started. JobStatus{d7a7020 #u0a398/2131429878 com.facebook.orca/com.facebook.analytics2.logger.legacy.uploader.LollipopUploadService u=0 s=10398 TIME=-1m11s830ms:+58m48s170ms NET READY}
08-08 20:11:33.903 31177 31177 D OplusScrollToTopManager: setIsInWhiteList false
08-08 20:11:33.903 31177 31177 D OplusViewDebugManager: OplusViewDebugManager Constructor android.view.debug.OplusViewDebugManager@d151caa [mHasViewDebugProperty true] [mHasMsgDebugProperty false] [DEBUG false] [EXTRAINFOENABLE false] [LIGHT_OS true]
08-08 20:11:33.909  8090 31175 E PickerDbFacade: Could not get first date taken millis for media id: 120328
08-08 20:11:33.912  8090 31175 W PickerDbFacade: Unable to promote cloud media with localId: 120328
08-08 20:11:33.913  8090 31175 D PickerSyncLockManager: Trying to acquire lock com.android.providers.media.photopicker.sync.CloseableReentrantLock@4e60368[Unlocked]. Lock Name = CLOUD_PROVIDER_LOCK. Threads that may be waiting to acquire this lock = [] with timeout.
08-08 20:11:33.913 31177 31177 W libc    : Access denied finding property "ro.odm.prev.product.name"
08-08 20:11:33.913  8090 31175 D CloseableReentrantLock: Successfully acquired lock com.android.providers.media.photopicker.sync.CloseableReentrantLock@4e60368[Locked by thread pool-2-thread-368]. Lock Name = CLOUD_PROVIDER_LOCK. Threads that may be waiting to acquire this lock = []
08-08 20:11:33.913  8090 31175 D PickerSyncController: Clearing next page token for key: local_provider:media_remove:resume
08-08 20:11:33.913  8090 31175 D CloseableReentrantLock: Successfully released lock com.android.providers.media.photopicker.sync.CloseableReentrantLock@4e60368[Unlocked]. Lock Name = CLOUD_PROVIDER_LOCK. Threads that may be waiting to acquire this lock = []
08-08 20:11:33.913  8090 31175 D PickerNotificationSender: Sending a notification for media update
08-08 20:11:33.914  8090 31175 D PickerNotificationSender: Sending a notification for merged album media update Videos
08-08 20:11:33.914  8090 31175 D PickerNotificationSender: Sending a notification for album media update Videos
08-08 20:11:33.916  8090 31175 D PickerNotificationSender: Sending a notification for merged album media update Favorites
08-08 20:11:33.916 31177 31177 D ApplicationLoaders: Returning zygote-cached class loader: /system/framework/org.apache.http.legacy.jar
08-08 20:11:33.916  8090 31175 D PickerNotificationSender: Sending a notification for album media update Favorites
08-08 20:11:33.916 31177 31177 D ApplicationLoaders: Returning zygote-cached class loader: /system_ext/framework/androidx.window.extensions.jar
08-08 20:11:33.916 31177 31177 D ApplicationLoaders: Returning zygote-cached class loader: /system_ext/framework/androidx.window.sidecar.jar
08-08 20:11:33.917  8090 31175 I PickerSyncController: Paged sync successful. QueryArgs: Bundle[{android.provider.extra.SYNC_GENERATION=694675, android.provider.extra.PAGE_SIZE=1000}] Total Rows: 0
08-08 20:11:33.918  8090 31175 I PickerSyncTracker: Marked sync future complete for work id: 1d29f8f2-b9a0-4fc3-b84e-3a9b9734edf3. Future map: {}
08-08 20:11:33.918  8090 31175 I PSyncWorker: Completed picker proactive sync complete from local provider.
08-08 20:11:33.920  8090  8433 I WM-WorkerWrapper: Worker result SUCCESS for Work [ id=1d29f8f2-b9a0-4fc3-b84e-3a9b9734edf3, tags={ com.android.providers.media.photopicker.sync.ProactiveSyncWorker } ]
08-08 20:11:33.924  8090  8090 D WM-Processor: Processor 1d29f8f2-b9a0-4fc3-b84e-3a9b9734edf3 executed; reschedule = false
08-08 20:11:33.925  8090  8090 D WM-GreedyScheduler: Stopping tracking for WorkGenerationalId(workSpecId=1d29f8f2-b9a0-4fc3-b84e-3a9b9734edf3, generation=0)
08-08 20:11:33.926  8090  8090 D WM-SystemJobService: 1d29f8f2-b9a0-4fc3-b84e-3a9b9734edf3 executed on JobScheduler
08-08 20:11:33.935  3009  3708 I Osense-BaseDecisionMaker: notifySceneToAthenaPolicy: SCENE_RES_IO_PSI, bundle: Bundle[{ioLevel=3}]
08-08 20:11:33.937  3009  3708 I Osense-BaseDecisionMaker: OSense not supported scene! SCENE_RES_IO_PSI
08-08 20:11:33.940  1479  5654 D charge_time: write 5056s(01:24:16) to ttf, rc=6
08-08 20:11:33.940  1479  5654 D charge_time: type=cdp/dcp,reserve_soc=1,soc=61,ui_soc=62,current=841,avg=892,not_chg_cnt=0,stable_cnt=7,fcc=4423,fcc_ratio=92,delta=69,debug=0,region=12,ttf=6654(01:50:54),ui_ttf=5056(01:24:16)
08-08 20:11:33.943  8090  8433 D WM-GreedyScheduler: Cancelling work ID 1d29f8f2-b9a0-4fc3-b84e-3a9b9734edf3
08-08 20:11:33.945  8090  8433 D WM-GreedyScheduler: Ignoring {WorkSpec: 84630d70-a650-48e5-872d-1c3c09d27d91}. Requires device idle.
08-08 20:11:33.945  8090  8433 D WM-GreedyScheduler: Ignoring {WorkSpec: 13163ca3-ff4b-4797-8eb7-c511ae16b89e}. Requires device idle.
08-08 20:11:33.945  8090  8433 D WM-GreedyScheduler: Ignoring {WorkSpec: 79e4468c-caf8-414a-a2b1-691281cdfd14}. Requires device idle.
08-08 20:11:33.945  8090  8433 D WM-BrdcstRcvrCnstrntTrc: BatteryNotLowTracker: unregistering receiver
08-08 20:11:33.947  8490 21369 I PTC.DISC.AndroidMultiLanServer: Watcher sysNif=[wlan0], userNif=[wlan0 state=(LISTEN JOIN(CEAB2B|63107)), ], clientNif=[wlan0 state=(LISTEN), ], tcpServer state=LISTEN, ipv4=10.145.0.24
08-08 20:11:33.951  1299 10375 E TetherController: property_get sys.radio.data.modem_share_flag return 0, 1!
08-08 20:11:33.980  3009  3571 D AS.AudioService: uid 10326, callingApp = org.hicham.salaat
08-08 20:11:33.980  5345 29479 D OplusAtlasService: checkIsInDaemonlistByName module:audio-binder-opt-list packageName:org.hicham.salaat
08-08 20:11:33.982  3009  3571 D AS.AudioService: uid 10326, callingApp = org.hicham.salaat
08-08 20:11:33.982  5345 29479 D OplusAtlasService: checkIsInDaemonlistByName module:audio-binder-opt-list packageName:org.hicham.salaat
08-08 20:11:33.983  3009  3571 D AS.AudioService: uid 10326, callingApp = org.hicham.salaat
08-08 20:11:33.983  5345 29479 D OplusAtlasService: checkIsInDaemonlistByName module:audio-binder-opt-list packageName:org.hicham.salaat
08-08 20:11:33.984  3009  3571 D AS.AudioService: uid 10326, callingApp = org.hicham.salaat
08-08 20:11:33.984  5345 29479 D OplusAtlasService: checkIsInDaemonlistByName module:audio-binder-opt-list packageName:org.hicham.salaat
08-08 20:11:33.987  3009  3571 D AS.AudioService: uid 10326, callingApp = org.hicham.salaat
08-08 20:11:33.988  5345 29479 D OplusAtlasService: checkIsInDaemonlistByName module:audio-binder-opt-list packageName:org.hicham.salaat
08-08 20:11:33.988  3009  3571 D AS.AudioService: uid 10326, callingApp = org.hicham.salaat
08-08 20:11:33.989  5345 29479 D OplusAtlasService: checkIsInDaemonlistByName module:audio-binder-opt-list packageName:org.hicham.salaat
08-08 20:11:33.989  3009  3571 D AS.AudioService: uid 10326, callingApp = org.hicham.salaat
08-08 20:11:33.990  5345 29479 D OplusAtlasService: checkIsInDaemonlistByName module:audio-binder-opt-list packageName:org.hicham.salaat
08-08 20:11:33.990  3009  3571 D AS.AudioService: uid 10326, callingApp = org.hicham.salaat
08-08 20:11:33.991  5345 29479 D OplusAtlasService: checkIsInDaemonlistByName module:audio-binder-opt-list packageName:org.hicham.salaat
08-08 20:11:34.050 31177 31177 W m.facebook.orca: Failed to find entry 'classes.dex': Entry not found
08-08 20:11:34.052 31177 31177 W m.facebook.orca: Failed to find entry 'classes.dex': Entry not found
08-08 20:11:34.053 31177 31177 W m.facebook.orca: Failed to find entry 'classes.dex': Entry not found
08-08 20:11:34.054 31177 31177 W m.facebook.orca: Failed to find entry 'classes.dex': Entry not found
08-08 20:11:34.057 31177 31177 D nativeloader: Configuring clns-7 for other apk /data/app/~~2yNjDMCfodtIoQdf3oT9CQ==/com.facebook.orca-EI_zpxeC1w_Bx856VeYlgw==/base.apk:/data/app/~~2yNjDMCfodtIoQdf3oT9CQ==/com.facebook.orca-EI_zpxeC1w_Bx856VeYlgw==/split_arsegmentation.apk:/data/app/~~2yNjDMCfodtIoQdf3oT9CQ==/com.facebook.orca-EI_zpxeC1w_Bx856VeYlgw==/split_arservicesforexpressionfitting.apk:/data/app/~~2yNjDMCfodtIoQdf3oT9CQ==/com.facebook.orca-EI_zpxeC1w_Bx856VeYlgw==/split_arservicesforruntimerigmapping.apk:/data/app/~~2yNjDMCfodtIoQdf3oT9CQ==/com.facebook.orca-EI_zpxeC1w_Bx856VeYlgw==/split_executorch.apk. target_sdk_version=36, uses_libraries=, library_path=/data/app/~~2yNjDMCfodtIoQdf3oT9CQ==/com.facebook.orca-EI_zpxeC1w_Bx856VeYlgw==/lib/arm64:/data/app/~~2yNjDMCfodtIoQdf3oT9CQ==/com.facebook.orca-EI_zpxeC1w_Bx856VeYlgw==/base.apk!/lib/arm64-v8a:/data/app/~~2yNjDMCfodtIoQdf3oT9CQ==/com.facebook.orca-EI_zpxeC1w_Bx856VeYlgw==/split_arsegmentation.apk!/lib/arm64-v8a:/data/app/~~2yNjDMCfodtIoQdf3oT9CQ==/com.facebook.orca-EI_zpxeC1w_Bx856VeYlgw==/split
08-08 20:11:34.077 12944 12944 I OplusCustomScanStrategy: msg.what = 6
08-08 20:11:34.085 31177 31177 W AppComponentFactory: requestVanillaClassLoader : true
08-08 20:11:34.112 31177 31177 W PluginClassLoader: setOptPluginClassLoaderEnabled: true
08-08 20:11:34.112 31177 31177 W AppComponentFactory: PluginClassLoaderOpt enabled
08-08 20:11:34.118 28967 24134 I FusedLocation: (REDACTED) getLastLocation() noteOp denied for %s
08-08 20:11:34.158 31177 31177 V GraphicsEnvironment: Currently set values for:
08-08 20:11:34.158 31177 31177 V GraphicsEnvironment:   angle_gl_driver_selection_pkgs=[]
08-08 20:11:34.159 31177 31177 V GraphicsEnvironment:   angle_gl_driver_selection_values=[]
08-08 20:11:34.159 31177 31177 V GraphicsEnvironment: Global.Settings values are invalid: number of packages: 0, number of values: 0
08-08 20:11:34.159 31177 31177 V GraphicsEnvironment: Neither updatable production driver nor prerelease driver is supported.
08-08 20:11:34.164 31177 31177 D ResourcesManagerExtImpl: applyConfigurationToAppResourcesLocked app.getDisplayId() return callback.displayId:-1
08-08 20:11:34.191 31177 31177 W AppComponentFactory: Instantiating Application
08-08 20:11:34.192  1479  1479 D vendor.oplus.hardware.charger-V6-service: get_ui_charge_icon_type 0 0 0 0 0
08-08 20:11:34.194  1479  1479 D vendor.oplus.hardware.charger-V6-service: oplus_chg_get_cpa_power 7500 charge_online 1 retention_topic 0
08-08 20:11:34.204  1479  1479 D vendor.oplus.hardware.charger-V6-service: oplus_chg_get_cpa_power 7500 charge_online 1 retention_topic 0
08-08 20:11:34.204  1479  1479 D vendor.oplus.hardware.charger-V6-service: getIsSingleHyperSupport=2, cpa_power=7
08-08 20:11:34.205  1479  1479 E vendor.oplus.hardware.charger-V6-service: Failed to open the file: /sys/class/oplus_chg/common/plc. Error 2: No such file or directory
08-08 20:11:34.206 31177 31177 W InitStatus: Providers blocked (172309072)
08-08 20:11:34.213  3680  3680 I SystemUi--Statusbar: BatteryControllerExt-->updateBatteryChangeIntent():broadcast=android.intent.action.BATTERY_CHANGED,level=62,scale=100
08-08 20:11:34.213  3680  3680 I SystemUi--Statusbar: BatteryRepository-->level: 62 -- isSavingMode: false
08-08 20:11:34.220 31177 31177 W InitStatus: Services blocked (18768969)
08-08 20:11:34.221 31177 31177 W InitStatus: BroadcastReceivers blocked (99950926)
08-08 20:11:34.226  1479  1479 D vendor.oplus.hardware.charger-V6-service: get_ui_charge_icon_type 0 0 0 0 0
08-08 20:11:34.227  1479  1479 D vendor.oplus.hardware.charger-V6-service: oplus_chg_get_cpa_power 7500 charge_online 1 retention_topic 0
08-08 20:11:34.228  1479  1479 D vendor.oplus.hardware.charger-V6-service: oplus_chg_get_cpa_power 7500 charge_online 1 retention_topic 0
08-08 20:11:34.228  1479  1479 D vendor.oplus.hardware.charger-V6-service: getIsSingleHyperSupport=2, cpa_power=7
08-08 20:11:34.228  1479  1479 E vendor.oplus.hardware.charger-V6-service: Failed to open the file: /sys/class/oplus_chg/common/plc. Error 2: No such file or directory
08-08 20:11:34.229  4047  4047 D SubsysBroadcastManager: onReceive action:android.intent.action.BATTERY_CHANGED
08-08 20:11:34.232 28665 28665 D ViewRootImplExtImpl: the up motion event handled by client, just return
08-08 20:11:34.235 28909 28909 D DeviceStatisticsService: onReceive: action= android.intent.action.BATTERY_CHANGED
08-08 20:11:34.241   896   896 E lowmemorykiller: device memory 251781 free 11061 file 243924
08-08 20:11:34.248  3009  3134 D OplusDisplayBrightnessBroadcastReceiver: onReceive action = android.intent.action.BATTERY_CHANGED , listeners = [com.android.server.display.OplusFeatureHDREnhanceBrightness$PhoneInfoReceiver@1d811b8, com.android.server.display.OplusFeatureEdrEnhanceBrightness$PhoneInfoReceiver@ab5cb91]
08-08 20:11:34.249 28665 28665 I oplus.android.OplusFrameworkFactoryImpl: get feature:IOplusDynamicVsyncFeature
08-08 20:11:34.250 28665 28665 I oplus.android.OplusFrameworkFactoryImpl: get feature:IOplusDynamicVsyncFeature
08-08 20:11:34.250 28665 28665 I oplus.android.OplusFrameworkFactoryImpl: get feature:IOplusDynamicVsyncFeature
08-08 20:11:34.250 31047 31047 D CustomLogManagerService: onReceive android.intent.action.BATTERY_CHANGED
08-08 20:11:34.255 28665 28685 I HWUI    : Davey! duration=842ms; Flags=0, FrameTimelineVsyncId=160669353, IntendedVsync=542889224680660, Vsync=542889591347312, InputEventId=-221271585, HandleInputStart=542889593481913, AnimationStart=542889593485975, PerformTraversalsStart=542889594169621, DrawStart=542889866993058, FrameDeadline=542889241347326, FrameInterval=542889593012381, FrameStartTime=16666666, SyncQueued=542890044673058, SyncStart=542890044851548, IssueDrawCommandsStart=542890049678683, SwapBuffers=542890057522538, FrameCompleted=542890066953631, DequeueBufferDuration=92864, QueueBufferDuration=1423490, GpuCompleted=542890066953631, SwapBuffersCompleted=542890060998944, DisplayPresentTime=35192970650200, CommandSubmissionCompleted=542890057522538, 
08-08 20:11:34.259  3009  3712 I Osense-PsiDetector: 982,46,2653,4607,43,133,91,542,1266,310,639,0,4,5704
08-08 20:11:34.260  3009  3705 I Osense-BaseDecisionMaker: notifySceneToAthenaPolicy: SCENE_RES_MEM_PSI_NORMAL, bundle: Bundle[{memLevel=3}]
08-08 20:11:34.261  6966  7029 E Battery : a: getAISleepDuration: predictResult is null.
08-08 20:11:34.261  6966  7029 E Battery : ChargeProtectionUtils: mCanlendarTmp.isEmpty()!
08-08 20:11:34.263 31177 31177 W CrashLoopRemedyLog: unable to delete remedy log, instaCrash: false
08-08 20:11:34.264 31177 31177 W CrashLoopRemedyLog: unable to delete remedy log, instaCrash: true
08-08 20:11:34.266  3009  3705 I Osense-BaseDecisionMaker: scene: SCENE_RES_MEM_PSI_NORMAL, excutingPolicy: clear
08-08 20:11:34.267  3009  3705 D Osense-BaseDecisionMaker: invoke clear policy,type: cached
08-08 20:11:34.270  3009  3710 I OsenseKillAction: KillAction: [atomic clean] start name=lowmem, requestId=122383, startAvail=980, startFreeMB=46, purposeAvailMB=1200, purposeFreeMB=-1, anonRssTarget=220, minBgCount=0, swapTarget=0, scene=SCENE_RES_MEM_PSI_NORMAL, type=cached, qb=false, cchOnly=true, urgency=false, hoggingCpuPids={}, invalid-cnt=0
08-08 20:11:34.274  3009  3710 I OsenseKillAction: KillAction: group process done, total=1ms, firstLoop=0ms, updateProcessInfo=1ms, idleList=0ms, curBg=3
08-08 20:11:34.274  3009  3710 I OsenseKillAction: scanCchEmptyProc: +++++++ start double check +++++++
08-08 20:11:34.274  3009  3710 I OsenseKillAction: scanCchEmptyProc: cch check done: killablePss=0kb, killableAnonRss=34mb, time=0ms, candidate cnt: 1
08-08 20:11:34.274  3009  3710 I OsenseKillAction: scanNonUiProc: ----------start check non ui proc-----------
08-08 20:11:34.274  3009  3710 I OsenseKillAction: scanNonUiProc: done check non ui proc: killablePss=0kb, killableAnonRss=0mb, time=0ms, collected proc num: 0
08-08 20:11:34.274  3009  3710 I OsenseKillAction: scanOomAdj: skip scan oom adj for lowmem
08-08 20:11:34.274  3009  3710 I OsenseKillAction: scanAllProc: skip scan all proc for lowmem
08-08 20:11:34.277  3009  3710 I OsenseKillAction: KillAction: Kill ProcessInfo{29548:com.google.android.apps.photos/u0a259 oom:CEM/29/905/cch-empty mem:0/34/56 extra:61s/true/false/0/15/false}: CachedClean 3ms
08-08 20:11:34.277  3009  3710 I OsenseKillAction: KillAction: done execute kill, pi2app=0ms, monitor=0ms, kill=3ms, total=3ms, kill cnt=1, local cnt=1
08-08 20:11:34.277  3009  3710 I OsenseKillAction: KillAction: [atomic clean] end requestId=122383, endAvail=979mb, reclaimed: [pss=0mb, anonRss=34mb, swap=56mb, mem=34mb, Rss=155mb], timing: [total=8ms, update=1ms, readMem=2ms, group=1ms, cch=0ms, nonUi=0ms, oomadj=0ms, allProc=0ms, monitor=0ms, kill=3ms], sysinfo: [bgcount=3]
08-08 20:11:34.277  3009  3710 I OsenseKillAction: KillAction: 186mb more anonRss to reclaim, 0mb more swapMb to reclaim, <skip> mem guard, cur avail=979mb, bundle: Bundle[{appcareThreshold=0, triggerMemory=1000, qbmode=false, memLevel=3, type=cached, level=1, scene=SCENE_RES_MEM_PSI_NORMAL, requestId=122383, purposeMemory=1200}]
08-08 20:11:34.288 31177 31177 W AppComponentFactory: Instantiating ContentProvider
08-08 20:11:34.292 31177 31177 W AppComponentFactory: Instantiating ContentProvider
08-08 20:11:34.292 31177 31177 W AppComponentFactory: Instantiating ContentProvider
08-08 20:11:34.292 31177 31177 W AppComponentFactory: Instantiating ContentProvider
08-08 20:11:34.293 31177 31177 W AppComponentFactory: Instantiating ContentProvider
08-08 20:11:34.294 31177 31197 W InitStatus: Blocking Provider (172309072)
08-08 20:11:34.294 31177 31177 W AppComponentFactory: Instantiating ContentProvider
08-08 20:11:34.294 31177 31177 W AppComponentFactory: Instantiating ContentProvider
08-08 20:11:34.294 31177 31177 W AppComponentFactory: Instantiating ContentProvider
08-08 20:11:34.295 31177 31177 W AppComponentFactory: Instantiating ContentProvider
08-08 20:11:34.295 31177 31177 W AppComponentFactory: Instantiating ContentProvider
08-08 20:11:34.295 31177 31177 W AppComponentFactory: Instantiating ContentProvider
08-08 20:11:34.295 31177 31177 W AppComponentFactory: Instantiating ContentProvider
08-08 20:11:34.295 31177 31177 W AppComponentFactory: Instantiating ContentProvider
08-08 20:11:34.295 31177 31195 W AppInitScheduler|Schedule: Schedule 402:ReliabilityInitConfigureErrorReportingOnProcess, deps=null (0 pending tasks, PriorityHint=VERY_HIGH, isCritical=true)
08-08 20:11:34.295 31177 31195 W AppInitScheduler|Schedule:   Executing 402:ReliabilityInitConfigureErrorReportingOnProcess
08-08 20:11:34.297 31177 31198 W AppInitScheduler|Run: DeadlockMonitor active...
08-08 20:11:34.300 31177 31195 W AppInitScheduler|Schedule: Schedule 224:InitSharedLibraries, deps=null (1 pending tasks, PriorityHint=NORMAL, isCritical=true)
08-08 20:11:34.301 31177 31195 W AppInitScheduler|Schedule:   Executing 224:InitSharedLibraries
08-08 20:11:34.301 31177 31195 W AppInitScheduler|Schedule: Schedule 240:LoadLibDexLoad, deps=[224, 402] (2 pending tasks, PriorityHint=NORMAL, isCritical=true)
08-08 20:11:34.302 31177 31195 W AppInitScheduler|Schedule: Schedule 418:SetupFbGlog, deps=[240] (3 pending tasks, PriorityHint=NORMAL, isCritical=true)
08-08 20:11:34.302 31177 31195 W AppInitScheduler|Schedule: Schedule 124:DisableRuntimeVerification, deps=[418] (4 pending tasks, PriorityHint=NORMAL, isCritical=true)
08-08 20:11:34.303 31177 31195 W AppInitScheduler|Schedule: Schedule 175:GeneratePerfStats, deps=[224] (5 pending tasks, PriorityHint=NORMAL, isCritical=true)
08-08 20:11:34.303 31177 31195 W AppInitScheduler|Schedule: Schedule 207:InitLacrimaEarlyNative, deps=[418] (6 pending tasks, PriorityHint=NORMAL, isCritical=true)
08-08 20:11:34.303 31177 31195 W AppInitScheduler|Schedule: Schedule 238:LoadDexes, deps=[124] (7 pending tasks, PriorityHint=NORMAL, isCritical=true)
08-08 20:11:34.304 31177 31195 W AppInitScheduler|Schedule: Schedule 232:IsolatedLongtailAppInit, deps=[238] (8 pending tasks, PriorityHint=NORMAL, isCritical=true)
08-08 20:11:34.304 31177 31177 W AppComponentFactory: Instantiating ContentProvider
08-08 20:11:34.304 31177 31195 W AppInitScheduler|Schedule: Schedule 247:MaybeTraceColdStart, deps=[124] (9 pending tasks, PriorityHint=NORMAL, isCritical=true)
08-08 20:11:34.305 31177 31195 W AppInitScheduler|Schedule: Schedule 241:LoadVoltronModules, deps=[207, 232, 247] (10 pending tasks, PriorityHint=NORMAL, isCritical=true)
08-08 20:11:34.305 31177 31195 W AppInitScheduler|Schedule: Schedule 119:CreateApplicationImpl, deps=[175, 241] (11 pending tasks, PriorityHint=CRITICAL_PATH, isCritical=true)
08-08 20:11:34.306 31177 31195 W AppInitScheduler|Schedule: Schedule 231:InitUltralight, deps=[241] (12 pending tasks, PriorityHint=CRITICAL_PATH, isCritical=true)
08-08 20:11:34.306 31177 31195 W AppInitScheduler|Schedule: Schedule 406:RunOnApplicationInit, deps=[241] (13 pending tasks, PriorityHint=CRITICAL_PATH, isCritical=true)
08-08 20:11:34.306 31177 31195 W AppInitScheduler|Schedule: Schedule 0:AddMainDexStoreInfoToReliabilityLogging, deps=[238] (14 pending tasks, PriorityHint=NORMAL, isCritical=false)
08-08 20:11:34.307 31177 31195 W AppInitScheduler|Schedule: Schedule 171:FreeApkZipToReduceMemoryUsage, deps=[238] (15 pending tasks, PriorityHint=NORMAL, isCritical=false)
08-08 20:11:34.307 31177 31195 W AppInitScheduler|Schedule: Schedule 195:InitClassTracing, deps=[418] (16 pending tasks, PriorityHint=NORMAL, isCritical=false)
08-08 20:11:34.307 31177 31195 W AppInitScheduler|Schedule: Schedule 198:InitDeadResourceDetection, deps=[240] (17 pending tasks, PriorityHint=NORMAL, isCritical=false)
08-08 20:11:34.307 31177 31195 W AppInitScheduler|Schedule: Schedule 239:LoadLibColdStart, deps=[207, 247] (18 pending tasks, PriorityHint=NORMAL, isCritical=true)
08-08 20:11:34.308 31177 31195 W AppInitScheduler|Schedule: Schedule 229:InitTerminateHandler, deps=[239] (19 pending tasks, PriorityHint=NORMAL, isCritical=false)
08-08 20:11:34.308 31177 31177 D nativeloader: Load libSchedAssistJni.so using system ns (caller=/system/framework/oplus-framework.jar): ok
08-08 20:11:34.308 31177 31195 W AppInitScheduler|Schedule: Schedule 376:PreloadStartupLightSharedPreferenceUsages, deps=null (20 pending tasks, PriorityHint=NORMAL, isCritical=false)
08-08 20:11:34.308 31177 31195 W AppInitScheduler|Schedule:   Executing 376:PreloadStartupLightSharedPreferenceUsages
08-08 20:11:34.308 31177 31177 D ExtensionsLoader: createInstance(64bit) : createExtendedFactory
08-08 20:11:34.309 31177 31195 W OnProcessInitInvoker: Ignored missing AppInit dependency: 162:FixArtDebugging
08-08 20:11:34.310 31177 31177 D ExtensionsLoader: Opened libSchedAssistExtImpl.so
08-08 20:11:34.310 31177 31177 E SchedAssist: sysOpen failed with error=Permission denied
08-08 20:11:34.310 31177 31177 E SchedAssist: open sharedFd failed with error=Permission denied
08-08 20:11:34.310 31177 31177 E SchedAssist: open sharedFd failed with error=Permission denied
08-08 20:11:34.310 31177 31177 E SchedAssist: open sharedFd failed with error=Permission denied
08-08 20:11:34.310 31177 31177 E SchedAssist: open sharedFd failed with error=No such file or directory
08-08 20:11:34.313 31177 31200 W AppInitScheduler|Run: Running InitSharedLibraries [*], order=1, priorityHint=NORMAL 
08-08 20:11:34.313 31177 31201 W AppInitScheduler|Run: Running PreloadStartupLightSharedPreferenceUsages, order=20, priorityHint=NORMAL 
08-08 20:11:34.314 31177 31200 W SoLoader: Initializing SoLoader: 4098
08-08 20:11:34.321 31177 31177 D OplusGraphicsEvent: OplusGraphicsEventListener create now!
08-08 20:11:34.324 31177 31177 D OplusGraphicsEvent: addEventListener success!
08-08 20:11:34.326  3009  3998 I OplusHansManager : uid=10488, pkg=com.instagram.android F enter(), M stay=10
08-08 20:11:34.316 31177 31199 W AppInitScheduler|Run: Running ReliabilityInitConfigureErrorReportingOnProcess [*], order=0, priorityHint=VERY_HIGH 
08-08 20:11:34.330  3009  3998 I OplusHansManager : freeze uid: 10488 com.instagram.android pids: [30037] scene: LcdOn
08-08 20:11:34.330  3009  4718 E ScrollOptim [OplusPerfService]: isScrollOptimEnable: mSoptBean = ScrollOptimBean, mOptEnable=true, mCommonOnly=false, mPreAnimStrategy=1, mPreAnimBlacklist=[com.kyk.world, com.shopify.arrive], mPreAnimWhitelist=[], mInsertNum=1, mFrameInsertList={com.shopify.arrive={}, com.sina.weibo={com.sina.weibo.VisitorMainTabActivity=3}, com.tencent.mm={com.tencent.mm.ui.AlbumUI=3, com.tencent.mm.plugin.sns.ui.SnsTimeLineUI=3, com.tencent.mm.plugin.sns.ui.improve.ImproveSnsTimelineUI=3}, com.taobao.idlefish={}, com.kyk.world={}}, mSCEnableList={com.ss.android.ugc.aweme=[com.ss.android.ugc.aweme.splash.SplashActivity], com.sankuai.meituan=[com.meituan.android.pt.homepage.activity.MainActivity], com.dragon.read=[com.dragon.read.pages.main.MainFragmentActivity], com.sina.weibo=[com.sina.weibo.VisitorMainTabActivity], com.xunmeng.pinduoduo=[com.xunmeng.pinduoduo.activity.NewPageActivity], com.tencent.qqmusic=[com.tencent.qqmusic.activity.AppStarterActivity], com.tencent.mobileqq=[com.qzone.feed.ui.activity.QZoneFriendFeedActivity], com.tencent.qqlive=[com.tencent.qqlive.ona.activity.SplashHomeActivity], com.ct.client=[com.ct.client.activity.MainActivity]}
08-08 20:11:34.331  3009  4718 E ScrollOptim [OplusPerfService]: isScrollOptimEnable: pkgName = com.facebook.orca, output = Bundle[{pre_anim_enable=true, frame_insert_list=null, frame_insert_default_num=1, scroll_changed_enable_list=null}]
08-08 20:11:34.331 31177 31200 W SoLoader: SoLoader initialized: 4098
08-08 20:11:34.331 31177 31200 W FbSoLoader: Setting up native deps, useAssetManager=true
08-08 20:11:34.331 31177 31177 D ScrollOptim [ConfigManager]: initOptConfig: pkg= com.facebook.orca, mOptEnable= true, mAnimAheadEnable= true, mInsertDefaultNum= 1, mFrameInsertEnableList= {}, mSCEnableList= []
08-08 20:11:34.332  7071 18718 D IHansComunication: HANS sendMessageToKernel: threadId = 517145082992, netLinkSetup = 1, type = PKG, targetUid = 10488, pkgCmd = ADD_ONE_UID
08-08 20:11:34.336 31177 31200 W FbSoLoader: Will use precomputed native lib dependencies file
08-08 20:11:34.338  3009  4134 I OplusHansManager : unfreeze uid: 10488 com.instagram.android pids: [30037] reason: ExecutingComponent scene: LcdOn
08-08 20:11:34.338  3009  3998 I OplusHansManager : uid=10488, pkg=com.instagram.android F exit(), F stay=0, reason=ExecutingComponent
08-08 20:11:34.338  3009  4015 I OplusHansManager : p_BC uid=10488 pkg=com.instagram.android
08-08 20:11:34.339  3009  4015 I OplusBinderProxy: proxyBinder uid: 10488 pkg: com.instagram.android proxy: true calling: OFreezer
08-08 20:11:34.339  3009  4015 I OplusHansManager : up_BC uid=10488 pkg=com.instagram.android
08-08 20:11:34.339  3009  4015 I OplusBinderProxy: proxyBinder uid: 10488 pkg: com.instagram.android proxy: false calling: OFreezer
08-08 20:11:34.341 31177 31200 W SoLoader: Prepending SoSource lib-compressed: SuperpackSoSource[root = /data/data/com.facebook.orca/lib-compressed flags = 0 split = dynamic split:base compressedPath = assets/lib/libs.spo identity = base]
08-08 20:11:34.342   896   896 E lowmemorykiller: device memory 250245 free 12365 file 241476
08-08 20:11:34.342 31177 31199 W MessengerLacrimaConfig: MessengerLacrimaConfig.earlyInit
08-08 20:11:34.343 31177 31199 W MessengerLacrimaConfig: Enabling Lacrima internal instrumentation. Reporting events by QPL.
08-08 20:11:34.346   896   896 E lowmemorykiller: device memory 250168 free 12239 file 241525
08-08 20:11:34.346  3009  4718 I InputDispatcher: injectInputEvent: targetUid=<not set>, syncMode=WAIT_FOR_FINISHED, timeout=30000ms, policyFlags=0x8000000, event=MotionEvent { action=DOWN, id[0]=0, x[0]=610, y[0]=1542, eventTime=542890165000000, downTime=542890165000000, deviceId=4, source=TOUCHSCREEN, displayId=0, eventId=0xefdc3bf9}
08-08 20:11:34.347 31177 31199 W MessengerLacrimaConfig: Using Lacrima AddOn Config
08-08 20:11:34.348  3009  4718 E InputDispatcher: Inconsistent event: MotionEvent { action=DOWN, id[0]=0, x[0]=610, y[0]=1542, eventTime=542890165000000, downTime=542890165000000, deviceId=4, source=TOUCHSCREEN, displayId=0, eventId=0xefdc3bf9}, reason: Injection on 0: Invalid DOWN event - pointers already down for device DeviceId(-1): {DeviceId(-1): {1, 0}}
08-08 20:11:34.349 31177 31200 W FbSoLoader: Initialized FBSoLoader
08-08 20:11:34.349 31177 31200 W AppInitScheduler|Run:   Finished InitSharedLibraries in 37ms
08-08 20:11:34.349 31177 31200 W AppInitScheduler|Schedule:   Executing 175:GeneratePerfStats
08-08 20:11:34.349  3009  3712 I Osense-PsiDetector: 976,47,2682,4607,42,133,91,548,1260,307,635,0,4,5678
08-08 20:11:34.350 31177 31204 W AppInitScheduler|Run: Running GeneratePerfStats [*], order=5, priorityHint=NORMAL 
08-08 20:11:34.351  3009  3127 D PowerManagerService: userActivityNoUpdateLocked: groupId=0, eventTime=542890165, event=touch, flags=0x0, uid=1000
08-08 20:11:34.352  3009  3719 I [UAH_CLIENT]: UahEventAcquire, cmdid:37, pkg:none, identity:OplusUAwareInputHelper
08-08 20:11:34.352  4088  4088 D AnimSeqTimeStamp: getTimeGapToLastStartAppTime: 542890171
08-08 20:11:34.353  4088  4088 I OplusBaseTouchInteractionService: onInputEvent(), ACTION_DOWN, Consumer=TYPE_NO_OP
08-08 20:11:34.352  3680  4525 I SystemUi--NavBar: NoBackGesture-->display_id_0 Start gesture: MotionEvent { action=ACTION_DOWN, actionButton=0, id[0]=0, x[0]=610.0, y[0]=1542.0, toolType[0]=TOOL_TYPE_FINGER, buttonState=0, classification=NONE, metaState=0, flags=0x0, edgeFlags=0x0, pointerCount=1, historySize=0, eventTime=542890165, downTime=542890165, deviceId=-1, source=0x1002, displayId=0, eventId=-270779399 }
08-08 20:11:34.353  3680  4525 I SystemUi--NavBar: NoBackGesture-->display_id_0 Not in side gesture area
08-08 20:11:34.354  3009  3719 D UAH-UahAdaptHelper: adaptSetNotification identity = OplusUAwareInputHelpersrc = 1000 , type 0 ,p1 = -1 ,p2 = -1 ,p3 = -1 ,p4 =
08-08 20:11:34.354  3009  3719 I [UAH_CLIENT]: uahRuleCtl, ruleId:1000, status:0
08-08 20:11:34.356  3009  3566 D OGG_Detector: D:done mCurrStatus: 0
08-08 20:11:34.358  3009  3705 I Osense-BaseDecisionMaker: notifySceneToAthenaPolicy: SCENE_RES_MEM_PSI_NORMAL, bundle: Bundle[{memLevel=4}]
08-08 20:11:34.362 28665 28665 V AutofillManager: requestHideFillUi(null): anchor = null
08-08 20:11:34.363  3009  4718 I InputDispatcher: injectInputEvent: targetUid=<not set>, syncMode=WAIT_FOR_FINISHED, timeout=30000ms, policyFlags=0x8000000, event=MotionEvent { action=UP, id[0]=0, x[0]=610, y[0]=1542, eventTime=542890165000000, downTime=542890165000000, deviceId=4, source=TOUCHSCREEN, displayId=0, eventId=0xd5b50513}
08-08 20:11:34.363  3009  3705 I Osense-BaseDecisionMaker: scene: SCENE_RES_MEM_PSI_NORMAL, excutingPolicy: clear
08-08 20:11:34.365  3009  4718 E InputDispatcher: Inconsistent event: MotionEvent { action=UP, id[0]=0, x[0]=610, y[0]=1542, eventTime=542890165000000, downTime=542890165000000, deviceId=4, source=TOUCHSCREEN, displayId=0, eventId=0xd5b50513}, reason: Injection on 0: Got ACTION_UP, but we have pointers: {1, 0} for device DeviceId(-1)
08-08 20:11:34.365 31177 31204 W AppInitScheduler|Run:   Finished GeneratePerfStats in 16ms
08-08 20:11:34.366  3009  3705 D Osense-BaseDecisionMaker: invoke clear policy,type: cached
08-08 20:11:34.366  4088  4088 D AnimSeqTimeStamp: getTimeGapToLastStartAppTime: 542890186
08-08 20:11:34.367 28665 28665 D ViewRootImplExtImpl: the up motion event handled by client, just return
08-08 20:11:34.367  3009  3719 D UAH-UahAdaptHelper: adaptSetNotification identity = OplusUAwareInputHelpersrc = 1000 , type 1 ,p1 = -1 ,p2 = -1 ,p3 = -1 ,p4 =
08-08 20:11:34.367  3009  3719 I [UAH_CLIENT]: uahRuleCtl, ruleId:1000, status:1
08-08 20:11:34.367  3009  3705 I Osense-BaseDecisionMaker: notifySceneToAthenaPolicy: SCENE_RES_MEM_PSI_LEAK, bundle: Bundle[{memLevel=4}]
08-08 20:11:34.369  3009  3710 I OsenseKillAction: KillAction: [atomic clean] start name=lowmem, requestId=122384, startAvail=976, startFreeMB=47, purposeAvailMB=1200, purposeFreeMB=-1, anonRssTarget=224, minBgCount=0, swapTarget=0, scene=SCENE_RES_MEM_PSI_NORMAL, type=cached, qb=false, cchOnly=true, urgency=false, hoggingCpuPids={}, invalid-cnt=0
08-08 20:11:34.369  3009  3710 I OsenseKillAction: KillAction: last: 979mb, 542890097, 1200mb, now: 976mb, 542890188, 1200mb
08-08 20:11:34.369  3009  3710 I OsenseKillAction: KillAction: [atomic clean] end: skip for reclaim-continuously
08-08 20:11:34.369  3009  3710 I OsenseKillAction: KillAction: 224mb more anonRss to reclaim, 0mb more swapMb to reclaim, <skip> mem guard, cur avail=0mb, bundle: Bundle[{appcareThreshold=0, triggerMemory=1000, qbmode=false, memLevel=4, type=cached, level=1, scene=SCENE_RES_MEM_PSI_NORMAL, requestId=122384, purposeMemory=1200}]
08-08 20:11:34.369  3680  3902 I SystemUi--Statusbar: OplusNetworkSpeedControllExImpl-->updateNetworkSpeed: isConnected:true,isSwitchOn:true
08-08 20:11:34.375 28665 28665 I oplus.android.OplusFrameworkFactoryImpl: get feature:IOplusDynamicVsyncFeature
08-08 20:11:34.375 28665 28665 I oplus.android.OplusFrameworkFactoryImpl: get feature:IOplusDynamicVsyncFeature
08-08 20:11:34.375 28665 28665 I oplus.android.OplusFrameworkFactoryImpl: get feature:IOplusDynamicVsyncFeature
08-08 20:11:34.383 31177 31199 W lacrima : LacrimaConfigBuilder.setUserIdActorId not called, using 0
08-08 20:11:34.383 31177 31199 W lacrima : LacrimaConfigBuilder.setUserIdActingAccountId not called, using 0
08-08 20:11:34.414  3680  3902 I SystemUi--Statusbar: OplusNetworkSpeedControllExImpl-->getTotalByte: totalRxBytes:29285879440,totalTxBytes:2707919034,loopbackTxBytes:6855397,loopbackRxBytes:6855397 ,totalBytes:31980087680
08-08 20:11:34.439  3009  4718 I InputDispatcher: injectInputEvent: targetUid=<not set>, syncMode=WAIT_FOR_FINISHED, timeout=30000ms, policyFlags=0x8000000, event=MotionEvent { action=DOWN, id[0]=0, x[0]=450, y[0]=1542, eventTime=542890258000000, downTime=542890258000000, deviceId=4, source=TOUCHSCREEN, displayId=0, eventId=0xe29f59ad}
08-08 20:11:34.441  3009  4718 E InputDispatcher: Inconsistent event: MotionEvent { action=DOWN, id[0]=0, x[0]=450, y[0]=1542, eventTime=542890258000000, downTime=542890258000000, deviceId=4, source=TOUCHSCREEN, displayId=0, eventId=0xe29f59ad}, reason: Injection on 0: Invalid DOWN event - pointers already down for device DeviceId(-1): {DeviceId(-1): {1, 0}}
08-08 20:11:34.442   896   896 E lowmemorykiller: device memory 250868 free 26482 file 228211
08-08 20:11:34.443  4088  4088 D AnimSeqTimeStamp: getTimeGapToLastStartAppTime: 542890262
08-08 20:11:34.443  3680  4525 I SystemUi--NavBar: NoBackGesture-->display_id_0 Start gesture: MotionEvent { action=ACTION_DOWN, actionButton=0, id[0]=0, x[0]=450.0, y[0]=1542.0, toolType[0]=TOOL_TYPE_FINGER, buttonState=0, classification=NONE, metaState=0, flags=0x0, edgeFlags=0x0, pointerCount=1, historySize=0, eventTime=542890258, downTime=542890258, deviceId=-1, source=0x1002, displayId=0, eventId=-492873299 }
08-08 20:11:34.443  3680  4525 I SystemUi--NavBar: NoBackGesture-->display_id_0 Not in side gesture area
08-08 20:11:34.444  4088  4088 I OplusBaseTouchInteractionService: onInputEvent(), ACTION_DOWN, Consumer=TYPE_NO_OP
08-08 20:11:34.444  3009  3719 I [UAH_CLIENT]: UahEventAcquire, cmdid:37, pkg:none, identity:OplusUAwareInputHelper
08-08 20:11:34.446  3009  3719 D UAH-UahAdaptHelper: adaptSetNotification identity = OplusUAwareInputHelpersrc = 1000 , type 0 ,p1 = -1 ,p2 = -1 ,p3 = -1 ,p4 =
08-08 20:11:34.447  3009  3719 I [UAH_CLIENT]: uahRuleCtl, ruleId:1000, status:0
08-08 20:11:34.449  3009  3098 I libprocessgroup: Removed cgroup /sys/fs/cgroup/uid_10259/pid_29548
08-08 20:11:34.449  3009  3566 D OGG_Detector: D:done mCurrStatus: 0
08-08 20:11:34.451 31177 31199 W MemProcWatermarkReader: [AI] Failed to open zoneinfo file
08-08 20:11:34.451  1300  1300 I Zygote  : Process 29548 exited due to signal 9 (Killed)
08-08 20:11:34.452  3009  4131 I ActivityManager: Death received, pid = 29548, processName = com.google.android.apps.photos for thread android.os.BinderProxy@e064518
08-08 20:11:34.453 31177 31199 W lacrima : Start JavaAppDeathCrashDetector... X.0xU
08-08 20:11:34.453  3009  3781 I ActivityManager: Process com.google.android.apps.photos (pid 29548) has died: cch+5 CEM 
08-08 20:11:34.455  3009  3781 W OplusAppStartupConfigExt_OplusAppStartupCommonSceneStrategy: Blacklist is Empty
08-08 20:11:34.455  3009  3781 D OplusAppStartupConfigExt: RestartService prevent pkg com.google.android.apps.photos result = false
08-08 20:11:34.455 31177 31199 W lacrima : Sending pending reports
08-08 20:11:34.460 31177 31199 W AppInitScheduler|Run:   Finished ReliabilityInitConfigureErrorReportingOnProcess in 144ms
08-08 20:11:34.460 31177 31199 W AppInitScheduler|Schedule:   Executing 240:LoadLibDexLoad
08-08 20:11:34.460  3009  3450 D ConnectivityService: releasing NetworkRequest [ REQUEST id=105163, [ Capabilities: INTERNET&NOT_RESTRICTED&TRUSTED&NOT_VCN_MANAGED&NOT_BANDWIDTH_CONSTRAINED Uid: 10259 RequestorUid: 10259 RequestorPkg: com.google.android.apps.photos UnderlyingNetworks: Null] ] (release request)
08-08 20:11:34.478  5345 29479 D OplusAtlas.OplusAtlasEventDispatch: setEvent:atlas_event_on_process_died info:pid:29548,uid:10259
08-08 20:11:34.479  3009  3072 D DisplayManagerService: Drop pending events for gone uid 10259
08-08 20:11:34.483 31177 31220 W AppInitScheduler|Run: Running LoadLibDexLoad [*], order=2, priorityHint=NORMAL 
08-08 20:11:34.483  5345  8816 D OplusAtlas.OplusMessageHandler: handleMessage: Msg { when=-1ms what=1 obj=com.oplus.atlas.OplusAtlasEvent@c5aefff target=com.oplus.atlas.OplusMessageHandler$MyHandler }
08-08 20:11:34.484  3979  4433 I ProcessManager: onProcessDied pid:29548, uid:10259
08-08 20:11:34.484 31177 31177 W AppComponentFactory: Instantiating ContentProvider
08-08 20:11:34.485 31177 31177 W AppComponentFactory: Instantiating ContentProvider
08-08 20:11:34.485 31177 31177 W AppComponentFactory: Instantiating ContentProvider
08-08 20:11:34.485  3979  4433 D RunningProcessManager: genEmptyProcessInfo from pid = 29548
08-08 20:11:34.485  3979  4433 D AppSceneEventManager: handleMessage: 101
08-08 20:11:34.486  3979  4433 I DispatcherPolicy: onBaseEvent EventId=22	INPUT_PROCESS_DIED	TimeStamp =1786209094485	Intent =null	Content =null	Pid =29548	PkgName =null
08-08 20:11:34.486  3979  4433 I GamingScene: onInputEvent : INPUT_PROCESS_DIED
08-08 20:11:34.468  3979  4446 D CommonApp-741-10495: transport layer data is invalid
08-08 20:11:34.492 31177 31201 W AppInitScheduler|Run:   Finished PreloadStartupLightSharedPreferenceUsages in 180ms
08-08 20:11:34.497  5345  8987 D OplusAtlas.OplusMessageHandler: handleMessage: Msg { when=-15ms what=1 obj=com.oplus.atlas.OplusAtlasEvent@c5aefff target=com.oplus.atlas.OplusMessageHandler$MyHandler }
08-08 20:11:34.510 31177 31177 W AppInit5: type=1400 audit(0.0:1242110): avc:  granted  { execute } for  path="/data/data/com.facebook.orca/lib-compressed/libearlystartup.so" dev="dm-84" ino=1281390 scontext=u:r:untrusted_app:s0:c142,c257,c512,c768 tcontext=u:object_r:app_data_file:s0:c142,c257,c512,c768 tclass=file app=com.facebook.orca
08-08 20:11:34.521  3009  3571 I ActivityManager: Flag disabled. Ignoring finishAttachApplication from uid: 10398. pid: 31177
08-08 20:11:34.523 31177 31177 W InitStatus: Blocking Service (18768969)
08-08 20:11:34.529 31177 31220 D nativeloader: Load /data/data/com.facebook.orca/lib-compressed/libearlystartup.so using class loader ns clns-7 (caller=/data/app/~~2yNjDMCfodtIoQdf3oT9CQ==/com.facebook.orca-EI_zpxeC1w_Bx856VeYlgw==/base.apk): ok
08-08 20:11:34.538  1416 10610 I WifiHAL : event received NL80211_CMD_VENDOR, vendor_id = 0x1374, subcmd = 0xd
08-08 20:11:34.542  2259  2259 I cnss-daemon: nl80211 response handler invoked
08-08 20:11:34.542  2259  2259 I cnss-daemon: nl80211_response_handler: cmd 103, vendorID 4980, subcmd 13  received
08-08 20:11:34.543 31177 31220 W AppInitScheduler|Run:   Finished LoadLibDexLoad in 60ms
08-08 20:11:34.544 31177 31220 W AppInitScheduler|Schedule:   Executing 418:SetupFbGlog
08-08 20:11:34.544   896   896 E lowmemorykiller: device memory 250256 free 25120 file 229088
08-08 20:11:34.544 31177 31220 W AppInitScheduler|Schedule:   Executing 198:InitDeadResourceDetection
08-08 20:11:34.546 31177 31223 W AppInitScheduler|Run: Running SetupFbGlog [*], order=3, priorityHint=NORMAL 
08-08 20:11:34.546 31177 31224 W AppInitScheduler|Run: Running InitDeadResourceDetection, order=17, priorityHint=NORMAL 
08-08 20:11:34.546 31177 31224 W AppInitScheduler|Run:   Finished InitDeadResourceDetection in 1ms
08-08 20:11:34.547 31177 31223 W AppInitScheduler|Run:   Finished SetupFbGlog in 1ms
08-08 20:11:34.547 31177 31223 W AppInitScheduler|Schedule:   Executing 124:DisableRuntimeVerification
08-08 20:11:34.547 31177 31223 W AppInitScheduler|Schedule:   Executing 207:InitLacrimaEarlyNative
08-08 20:11:34.547 31177 31223 W AppInitScheduler|Schedule:   Executing 195:InitClassTracing
08-08 20:11:34.548 31177 31200 W AppInitScheduler|Run: Running InitClassTracing, order=16, priorityHint=NORMAL 
08-08 20:11:34.549 31177 31225 W AppInitScheduler|Run: Running DisableRuntimeVerification [*], order=4, priorityHint=NORMAL 
08-08 20:11:34.549 31177 31200 W AppInitScheduler|Run:   Finished InitClassTracing in 2ms
08-08 20:11:34.552 31177 31226 W AppInitScheduler|Run: Running InitLacrimaEarlyNative [*], order=6, priorityHint=NORMAL 
08-08 20:11:34.552 31177 31226 W MessengerLacrimaConfig: MessengerLacrimaConfig.earlyNativeInit
08-08 20:11:34.560 31177 31225 V v9p     : Not disabled
08-08 20:11:34.562 31177 31225 E rtvip   : error 10 (0xd503245f)
08-08 20:11:34.562 31177 31225 E rtvip   : error 2
08-08 20:11:34.562 31177 31225 W Verifier: Could not disable RTV
08-08 20:11:34.562 31177 31225 W AppInitScheduler|Run:   Finished DisableRuntimeVerification in 14ms
08-08 20:11:34.563 31177 31225 W AppInitScheduler|Schedule:   Executing 238:LoadDexes
08-08 20:11:34.563 31177 31225 W AppInitScheduler|Schedule:   Executing 247:MaybeTraceColdStart
08-08 20:11:34.564 31177 31204 W AppInitScheduler|Run: Running LoadDexes [*], order=7, priorityHint=NORMAL 
08-08 20:11:34.564 31177 31225 W AppInitScheduler|Run: Running MaybeTraceColdStart [*], order=9, priorityHint=NORMAL 
08-08 20:11:34.567 31177 31204 W DexTricksAppInit: Skipping dex loading.
08-08 20:11:34.567 31177 31204 W DexTricksAppInit: MultiDexClassLoaderLight: false
08-08 20:11:34.567 31177 31204 W DexTricksAppInit: ReflectionClassLoader: false
08-08 20:11:34.567 31177 31204 W DexTricksAppInit: isVanillaClassLoaderRequested: true
08-08 20:11:34.569 31177 31204 W DexLibLoader: integrateWithLibSigChain: taking over signal registration
08-08 20:11:34.574 31177 31177 W AppInit8: type=1400 audit(0.0:1242111): avc:  granted  { execute } for  path="/data/data/com.facebook.orca/lib-compressed/libstartup.so" dev="dm-84" ino=1282319 scontext=u:r:untrusted_app:s0:c142,c257,c512,c768 tcontext=u:object_r:app_data_file:s0:c142,c257,c512,c768 tclass=file app=com.facebook.orca
08-08 20:11:34.626  3979  4446 D CommonApp-741-10495: DefaultState EVENT_SCENARIOS_CHANGE
08-08 20:11:34.627  3979  4446 D CommonApp-741-10495: scene=COMMON pn=com.hypernova.phone
08-08 20:11:34.644   896   896 E lowmemorykiller: device memory 248872 free 21596 file 231203
08-08 20:11:34.675 31177 31225 D nativeloader: Load /data/data/com.facebook.orca/lib-compressed/libstartup.so using class loader ns clns-7 (caller=/data/app/~~2yNjDMCfodtIoQdf3oT9CQ==/com.facebook.orca-EI_zpxeC1w_Bx856VeYlgw==/base.apk): ok
08-08 20:11:34.675 31177 31204 V runtime-internals: hooked signal using trap ()
08-08 20:11:34.679 31177 31204 V runtime-internals: hooked sigaction using trap ()
08-08 20:11:34.679 31177 31204 W AppInitScheduler|Run:   Finished LoadDexes in 116ms
08-08 20:11:34.680 31177 31204 W AppInitScheduler|Schedule:   Executing 232:IsolatedLongtailAppInit
08-08 20:11:34.680 31177 31204 W AppInitScheduler|Schedule:   Executing 0:AddMainDexStoreInfoToReliabilityLogging
08-08 20:11:34.680 31177 31204 W AppInitScheduler|Schedule:   Executing 171:FreeApkZipToReduceMemoryUsage
08-08 20:11:34.680 31177 31201 W AppInitScheduler|Run: Running IsolatedLongtailAppInit [*], order=8, priorityHint=NORMAL 
08-08 20:11:34.681 31177 31201 W AppInitScheduler|Run:   Finished IsolatedLongtailAppInit in 0ms
08-08 20:11:34.681 31177 31220 W AppInitScheduler|Run: Running AddMainDexStoreInfoToReliabilityLogging, order=14, priorityHint=NORMAL 
08-08 20:11:34.681 31177 31220 W AppInitScheduler|Run:   Finished AddMainDexStoreInfoToReliabilityLogging in 0ms
08-08 20:11:34.681 31177 31220 W AppInitScheduler|Run: Running FreeApkZipToReduceMemoryUsage, order=15, priorityHint=NORMAL 
08-08 20:11:34.681 31177 31220 W AppInitScheduler|Run:   Finished FreeApkZipToReduceMemoryUsage in 0ms
08-08 20:11:34.684 31177 31213 I AdrenoGLES-0: QUALCOMM build                   : a800de1061, I09c0ebfd3c
08-08 20:11:34.684 31177 31213 I AdrenoGLES-0: Build Date                       : 10/22/24
08-08 20:11:34.684 31177 31213 I AdrenoGLES-0: OpenGL ES Shader Compiler Version: EV031.36.08.30
08-08 20:11:34.684 31177 31213 I AdrenoGLES-0: Local Branch                     : 
08-08 20:11:34.684 31177 31213 I AdrenoGLES-0: Remote Branch                    : refs/tags/AU_LINUX_ANDROID_LA.VENDOR.1.0.11.00.00.770.073
08-08 20:11:34.684 31177 31213 I AdrenoGLES-0: Remote Branch                    : NONE
08-08 20:11:34.684 31177 31213 I AdrenoGLES-0: Reconstruct Branch               : NOTHING
08-08 20:11:34.685 31177 31213 I AdrenoGLES-0: Build Config                     : S P 12.1.1 AArch64
08-08 20:11:34.685 31177 31213 I AdrenoGLES-0: Driver Path                      : /vendor/lib64/egl/libGLESv2_adreno.so
08-08 20:11:34.685 31177 31213 I AdrenoGLES-0: Driver Version                   : 0615.92
08-08 20:11:34.687 31177 31226 D nativeloader: Load /data/app/~~2yNjDMCfodtIoQdf3oT9CQ==/com.facebook.orca-EI_zpxeC1w_Bx856VeYlgw==/lib/arm64/libbreakpad.so using class loader ns clns-7 (caller=/data/app/~~2yNjDMCfodtIoQdf3oT9CQ==/com.facebook.orca-EI_zpxeC1w_Bx856VeYlgw==/base.apk): ok
08-08 20:11:34.701 31177 31226 W lacrima : The minidump file is empty!
08-08 20:11:34.705 31177 31225 W Profilo/TraceControl: Loom client config id: 3179584876581313201
08-08 20:11:34.705 31177 31225 W AppInitScheduler|Run:   Finished MaybeTraceColdStart in 142ms
08-08 20:11:34.710 31177 31226 W lacrima : Start AnrAppDeathDetector... X.02L
08-08 20:11:34.712 31177 31226 W AppInitScheduler|Run:   Finished InitLacrimaEarlyNative in 160ms
08-08 20:11:34.713 31177 31226 W AppInitScheduler|Schedule:   Executing 241:LoadVoltronModules
08-08 20:11:34.713 31177 31226 W AppInitScheduler|Schedule:   Executing 239:LoadLibColdStart
08-08 20:11:34.713 31177 31226 W AppInitScheduler|Run: Running LoadVoltronModules [*], order=10, priorityHint=NORMAL 
08-08 20:11:34.713 31177 31223 W AppInitScheduler|Run: Running LoadLibColdStart [*], order=18, priorityHint=NORMAL 
08-08 20:11:34.713 31177 31223 W AppInitScheduler|Run:   Finished LoadLibColdStart in 0ms
08-08 20:11:34.714 31177 31223 W AppInitScheduler|Schedule:   Executing 229:InitTerminateHandler
08-08 20:11:34.714 31177 31223 W AppInitScheduler|Run: Running InitTerminateHandler, order=19, priorityHint=NORMAL 
08-08 20:11:34.718 31177 31223 W AppInitScheduler|Run:   Finished InitTerminateHandler in 3ms
08-08 20:11:34.738 31177 31226 W AppInitScheduler|Run:   Finished LoadVoltronModules in 25ms
08-08 20:11:34.738 31177 31226 W AppInitScheduler|Schedule:   Executing 119:CreateApplicationImpl
08-08 20:11:34.738 31177 31226 W AppInitScheduler|Schedule:   Executing 231:InitUltralight
08-08 20:11:34.738 31177 31226 W AppInitScheduler|Schedule:   Executing 406:RunOnApplicationInit
08-08 20:11:34.738 31177 31226 W AppInitScheduler|Run: Running InitUltralight [*], order=12, priorityHint=CRITICAL_PATH 
08-08 20:11:34.738 31177 31201 W AppInitScheduler|Run: Running CreateApplicationImpl [*], order=11, priorityHint=CRITICAL_PATH 
08-08 20:11:34.738 31177 31220 W AppInitScheduler|Run: Running RunOnApplicationInit [*], order=13, priorityHint=CRITICAL_PATH 
08-08 20:11:34.743 31177 31201 W AppInitScheduler|Run:   Finished CreateApplicationImpl in 5ms
08-08 20:11:34.745 31177 31226 W AppInitScheduler|Run:   Finished InitUltralight in 7ms
08-08 20:11:34.745   896   896 E lowmemorykiller: device memory 247629 free 20009 file 231532
08-08 20:11:34.746 31177 31220 W AppInitScheduler|Schedule: Schedule 158:FbSharedPreferenceInitializer, deps=null (1 pending tasks, PriorityHint=VERY_HIGH, isCritical=true)
08-08 20:11:34.746 31177 31220 W AppInitScheduler|Schedule:   Executing 158:FbSharedPreferenceInitializer
08-08 20:11:34.746 31177 31220 W AppInitScheduler|Schedule: Schedule 174:GatekeeperStoreInitializer, deps=null (2 pending tasks, PriorityHint=VERY_HIGH, isCritical=true)
08-08 20:11:34.746 31177 31220 W AppInitScheduler|Schedule:   Executing 174:GatekeeperStoreInitializer
08-08 20:11:34.746 31177 31204 W AppInitScheduler|Run: Running FbSharedPreferenceInitializer [*], order=21, priorityHint=VERY_HIGH 
08-08 20:11:34.747 31177 31225 W AppInitScheduler|Run: Running GatekeeperStoreInitializer [*], order=22, priorityHint=VERY_HIGH 
08-08 20:11:34.748 31177 31220 W AppInitScheduler|Schedule: Schedule 192:InitAuthentication, deps=null (3 pending tasks, PriorityHint=NORMAL, isCritical=true)
08-08 20:11:34.749 31177 31220 W AppInitScheduler|Schedule:   Executing 192:InitAuthentication
08-08 20:11:34.750 31177 31220 W AppInitScheduler|Schedule: Schedule 266:MobileConfigAdminIdInit, deps=[192] (4 pending tasks, PriorityHint=VERY_HIGH, isCritical=true)
08-08 20:11:34.750 31177 31200 W AppInitScheduler|Run: Running InitAuthentication [*], order=23, priorityHint=NORMAL 
08-08 20:11:34.751 31177 31220 W AppInitScheduler|Schedule: Schedule 268:MobileConfigInit, deps=[192] (5 pending tasks, PriorityHint=VERY_HIGH, isCritical=true)
08-08 20:11:34.751 31177 31220 W AppInitScheduler|Schedule: Schedule 271:MobileConfigSessionlessInit, deps=null (6 pending tasks, PriorityHint=VERY_HIGH, isCritical=true)
08-08 20:11:34.752 31177 31220 W AppInitScheduler|Schedule:   Executing 271:MobileConfigSessionlessInit
08-08 20:11:34.752 31177 31220 W AppInitScheduler|Schedule: Schedule 201:InitExecutors, deps=null (7 pending tasks, PriorityHint=NORMAL, isCritical=true)
08-08 20:11:34.752 31177 31199 W AppInitScheduler|Run: Running MobileConfigSessionlessInit [*], order=26, priorityHint=VERY_HIGH 
08-08 20:11:34.753 31177 31220 W AppInitScheduler|Schedule:   Executing 201:InitExecutors
08-08 20:11:34.753 31177 31223 W AppInitScheduler|Run: Running InitExecutors [*], order=27, priorityHint=NORMAL 
08-08 20:11:34.753 31177 31220 W AppInitScheduler|Schedule: Schedule 425:StartupQPLInit, deps=[201, 266, 268, 271] (8 pending tasks, PriorityHint=VERY_HIGH, isCritical=true)
08-08 20:11:34.754 31177 31220 W AppInitScheduler|Schedule: Schedule 430:StringResourcesDelegate, deps=[158, 201] (9 pending tasks, PriorityHint=HIGH, isCritical=true)
08-08 20:11:34.754 31177 31220 W AppInitScheduler|Schedule: Schedule 3:AnalyticsLoggerInit, deps=[201, 266, 268, 271] (10 pending tasks, PriorityHint=NORMAL, isCritical=true)
08-08 20:11:34.755 31177 31222 W AppInitScheduler|Schedule: Shutting down, all work scheduled.
08-08 20:11:34.755 31177 31222 W AppInitScheduler|Schedule: java.lang.RuntimeException
08-08 20:11:34.755 31177 31222 W AppInitScheduler|Schedule: 	at X.0kR.A05(:5)
08-08 20:11:34.755 31177 31222 W AppInitScheduler|Schedule: 	at com.facebook.messenger.app.MessengerApplicationImpl.A00(:63)
08-08 20:11:34.755 31177 31222 W AppInitScheduler|Schedule: 	at X.0GW.run(:9)
08-08 20:11:34.755 31177 31220 E AppInitScheduler|Schedule: Call to schedule after shutdown: 130:E2EForceMobileConfigAdminIdFetch, deps=[266, 271]
08-08 20:11:34.756 31177 31220 E AppInitScheduler|Schedule: Call to schedule after shutdown: 131:E2EForceMobileConfigFetch, deps=[3]
08-08 20:11:34.756 31177 31222 W AppInitScheduler|Schedule: Shut down called with 13 pending tasks
08-08 20:11:34.756 31177 31220 E AppInitScheduler|Schedule: Call to schedule after shutdown: 132:E2EForceMobileConfigSessionlessFetch, deps=[271]
08-08 20:11:34.757 31177 31220 E AppInitScheduler|Schedule: Call to schedule after shutdown: 161:FdidInitSync, deps=[268]
08-08 20:11:34.757 31177 31220 E AppInitScheduler|Schedule: Call to schedule after shutdown: 191:InitAppModuleFallbackLoader, deps=null
08-08 20:11:34.757 31177 31220 W AppInitScheduler|Schedule:   Executing 191:InitAppModuleFallbackLoader
08-08 20:11:34.757 31177 31224 W AppInitScheduler|Run: Running InitAppModuleFallbackLoader [*], order=35, priorityHint=NORMAL 
08-08 20:11:34.758 31177 31204 W AppInitScheduler|Run:   Finished FbSharedPreferenceInitializer in 12ms
08-08 20:11:34.758 31177 31220 E AppInitScheduler|Schedule: Call to schedule after shutdown: 407:RunPerfMarkers, deps=[425]
08-08 20:11:34.759 31177 31220 E AppInitScheduler|Schedule: Call to schedule after shutdown: 220:InitPushLiteSdk, deps=[3, 407]
08-08 20:11:34.759 31177 31220 E AppInitScheduler|Schedule: Call to schedule after shutdown: 237:LithoConfiguration, deps=[158, 201, 266, 268]
08-08 20:11:34.759 31177 31220 E AppInitScheduler|Schedule: Call to schedule after shutdown: 388:PrivacyUiiDetectionLogger, deps=[271]
08-08 20:11:34.759 31177 31220 E AppInitScheduler|Schedule: Call to schedule after shutdown: 460:WaitForUIDependenciesInitializer, deps=[130, 131, 132, 161, 174, 191, 220, 237, 388, 430]
08-08 20:11:34.759 31177 31220 E AppInitScheduler|Schedule: Call to schedule after shutdown: 125:DismissSplashScreens, deps=[460]
08-08 20:11:34.759 31177 31220 E AppInitScheduler|Schedule: Call to schedule after shutdown: 428:StaticGraphServiceFactoryInitializer, deps=[239]
08-08 20:11:34.760 31177 31220 W AppInitScheduler|Schedule:   Executing 428:StaticGraphServiceFactoryInitializer
08-08 20:11:34.760 31177 31220 E AppInitScheduler|Schedule: Call to schedule after shutdown: 159:FbSharedPreferenceInitializerAsync, deps=null
08-08 20:11:34.761 31177 31201 W AppInitScheduler|Run: Running StaticGraphServiceFactoryInitializer [*], order=42, priorityHint=CRITICAL_PATH 
08-08 20:11:34.761 31177 31220 W AppInitScheduler|Schedule:   Executing 159:FbSharedPreferenceInitializerAsync
08-08 20:11:34.761 31177 31220 E AppInitScheduler|Schedule: Call to schedule after shutdown: 377:PreloadStartupLightSharedPreferenceUsagesAppInit, deps=null
08-08 20:11:34.761 31177 31224 W AppInitScheduler|Run:   Finished InitAppModuleFallbackLoader in 3ms
08-08 20:11:34.761 31177 31220 W AppInitScheduler|Schedule:   Executing 377:PreloadStartupLightSharedPreferenceUsagesAppInit
08-08 20:11:34.761 31177 31220 E AppInitScheduler|Schedule: Call to schedule after shutdown: 139:EarliestPossibleColdStartClassPreloadStarterOrca, deps=null
08-08 20:11:34.761 31177 31224 W AppInitScheduler|Run: Running FbSharedPreferenceInitializerAsync, order=43, priorityHint=VERY_HIGH 
08-08 20:11:34.761 31177 31226 W AppInitScheduler|Run: Running PreloadStartupLightSharedPreferenceUsagesAppInit, order=44, priorityHint=VERY_HIGH 
08-08 20:11:34.761 31177 31220 W AppInitScheduler|Schedule:   Executing 139:EarliestPossibleColdStartClassPreloadStarterOrca
08-08 20:11:34.762 31177 31220 E AppInitScheduler|Schedule: Call to schedule after shutdown: 250:MessengerAppSwitchIntentSecureContextPluginInitializer, deps=null
08-08 20:11:34.762 31177 31220 W AppInitScheduler|Schedule:   Executing 250:MessengerAppSwitchIntentSecureContextPluginInitializer
08-08 20:11:34.762 31177 31220 E AppInitScheduler|Schedule: Call to schedule after shutdown: 253:MessengerHighPriInitializer, deps=[158, 174]
08-08 20:11:34.762 31177 31220 E AppInitScheduler|Schedule: Call to schedule after shutdown: 254:MessengerInboxCloseConnectionsLater, deps=[253, 407]
08-08 20:11:34.762 31177 31204 W AppInitScheduler|Run: Running EarliestPossibleColdStartClassPreloadStarterOrca, order=45, priorityHint=HIGH 
08-08 20:11:34.762 31177 31220 E AppInitScheduler|Schedule: Call to schedule after shutdown: 256:MessengerMCPPluginInitializer, deps=[239]
08-08 20:11:34.762 31177 31220 W AppInitScheduler|Schedule:   Executing 256:MessengerMCPPluginInitializer
08-08 20:11:34.762 31177 31220 E AppInitScheduler|Schedule: Call to schedule after shutdown: 257:MessengerMdCoreBootstrap, deps=[256, 268]
08-08 20:11:34.762 31177 31220 E AppInitScheduler|Schedule: Call to schedule after shutdown: 258:MessengerMdCorePandoInit, deps=[268]
08-08 20:11:34.762 31177 31220 E AppInitScheduler|Schedule: Call to schedule after shutdown: 260:MessengerMsysBootstrap, deps=[256, 268]
08-08 20:11:34.762 31177 31220 E AppInitScheduler|Schedule: Call to schedule after shutdown: 464:WarmVolumeCache, deps=[158, 266]
08-08 20:11:34.762 31177 31220 E AppInitScheduler|Schedule: Call to schedule after shutdown: 1:AddProcessNameToErrorReport, deps=null
08-08 20:11:34.762 31177 31220 W AppInitScheduler|Schedule:   Executing 1:AddProcessNameToErrorReport
08-08 20:11:34.762 31177 31220 E AppInitScheduler|Schedule: Call to schedule after shutdown: 2:AnalyticsInit, deps=[174, 268]
08-08 20:11:34.762 31177 31220 E AppInitScheduler|Schedule: Call to schedule after shutdown: 4:AnalyticsLoggerPostInitReplay, deps=[3]
08-08 20:11:34.762 31177 31220 E AppInitScheduler|Schedule: Call to schedule after shutdown: 114:ClientCacheEdgeManagerInitializer, deps=[158, 201, 266, 268]
08-08 20:11:34.762 31177 31220 E AppInitScheduler|Schedule: Call to schedule after shutdown: 115:ClientCacheEdgeManagerInitializerUserScoped, deps=[158, 201, 268]
08-08 20:11:34.762 31177 31220 E AppInitScheduler|Schedule: Call to schedule after shutdown: 122:DgwEarlySyncInitializer, deps=[201, 239, 266, 268, 271]
08-08 20:11:34.762 31177 31220 E AppInitScheduler|Schedule: Call to schedule after shutdown: 123:DgwPlatformizedSignalingProxyInitializerAppInit, deps=[122]
08-08 20:11:34.762 31177 31220 E AppInitScheduler|Schedule: Call to schedule after shutdown: 129:DownloadedFbResources, deps=[268, 271]
08-08 20:11:34.762 31177 31220 E AppInitScheduler|Schedule: Call to schedule after shutdown: 151:ErrorReporterSecondaryInit, deps=[158, 192, 201]
08-08 20:11:34.762 31177 31220 E AppInitScheduler|Schedule: Call to schedule after shutdown: 343:NotifyAppStateManagerOnCreateComplete, deps=[201, 268]
08-08 20:11:34.762 31177 31220 E AppInitScheduler|Schedule: Call to schedule after shutdown: 160:FbSharedUIQREnvironment, deps=[158, 343]
08-08 20:11:34.762 31177 31220 E AppInitScheduler|Schedule: Call to schedule after shutdown: 163:FixieActivityManagerHook, deps=null
08-08 20:11:34.762 31177 31220 W AppInitScheduler|Schedule:   Executing 163:FixieActivityManagerHook
08-08 20:11:34.763 31177 31220 E AppInitScheduler|Schedule: Call to schedule after shutdown: 165:FixieLimitNativeStackSize, deps=null
08-08 20:11:34.763 31177 31220 W AppInitScheduler|Schedule:   Executing 165:FixieLimitNativeStackSize
08-08 20:11:34.763 31177 31220 E AppInitScheduler|Schedule: Call to schedule after shutdown: 166:FixieNoSync, deps=null
08-08 20:11:34.763 31177 31220 W AppInitScheduler|Schedule:   Executing 166:FixieNoSync
08-08 20:11:34.763 31177 31220 E AppInitScheduler|Schedule: Call to schedule after shutdown: 189:InitAppChoreographer, deps=null
08-08 20:11:34.763 31177 31220 W AppInitScheduler|Schedule:   Executing 189:InitAppChoreographer
08-08 20:11:34.763 31177 31220 E AppInitScheduler|Schedule: Call to schedule after shutdown: 167:FixieScheduleIdleWork, deps=[189, 460]
08-08 20:11:34.763 31177 31220 E AppInitScheduler|Schedule: Call to schedule after shutdown: 170:ForegroundServiceTracker, deps=null
08-08 20:11:34.763 31177 31220 W AppInitScheduler|Schedule:   Executing 170:ForegroundServiceTracker
08-08 20:11:34.763 31177 31220 E AppInitScheduler|Schedule: Call to schedule after shutdown: 182:HandleAppComponentsForPreTosBuild, deps=null
08-08 20:11:34.763 31177 31220 W AppInitScheduler|Schedule:   Executing 182:HandleAppComponentsForPreTosBuild
08-08 20:11:34.763 31177 31220 E AppInitScheduler|Schedule: Call to schedule after shutdown: 184:INeedInitForBroadcastReceiverRegister, deps=[425]
08-08 20:11:34.764 31177 31220 E AppInitScheduler|Schedule: Call to schedule after shutdown: 185:INeedInitForEventBusRegister, deps=null
08-08 20:11:34.764 31177 31220 W AppInitScheduler|Schedule:   Executing 185:INeedInitForEventBusRegister
08-08 20:11:34.764 31177 31220 E AppInitScheduler|Schedule: Call to schedule after shutdown: 186:INeedInitForGatekeepersListenerRegister, deps=null
08-08 20:11:34.765 31177 31201 W AppInitScheduler|Run:   Finished StaticGraphServiceFactoryInitializer in 4ms
08-08 20:11:34.765 31177 31220 W AppInitScheduler|Schedule:   Executing 186:INeedInitForGatekeepersListenerRegister
08-08 20:11:34.765 31177 31220 E AppInitScheduler|Schedule: Call to schedule after shutdown: 187:INeedInitForSharedPrefsListenerRegister, deps=[266, 268, 271]
08-08 20:11:34.765 31177 31201 W AppInitScheduler|Run: Running MessengerAppSwitchIntentSecureContextPluginInitializer, order=46, priorityHint=HIGH 
08-08 20:11:34.766 31177 31220 E AppInitScheduler|Schedule: Call to schedule after shutdown: 188:InitAndroidX, deps=[238]
08-08 20:11:34.767 31177 31220 W AppInitScheduler|Schedule:   Executing 188:InitAndroidX
08-08 20:11:34.768 31177 31220 E AppInitScheduler|Schedule: Call to schedule after shutdown: 204:InitFury, deps=[268]
08-08 20:11:34.769 31177 31220 E AppInitScheduler|Schedule: Call to schedule after shutdown: 208:InitLacrimaLaterInit, deps=[207]
08-08 20:11:34.769 31177 31226 W AppInitScheduler|Run:   Finished PreloadStartupLightSharedPreferenceUsagesAppInit in 7ms
08-08 20:11:34.769 31177 31226 W AppInitScheduler|Run: Running MessengerMCPPluginInitializer, order=49, priorityHint=HIGH 
08-08 20:11:34.770 31177 31220 W AppInitScheduler|Schedule:   Executing 208:InitLacrimaLaterInit
08-08 20:11:34.770 31177 31201 W AppInitScheduler|Run:   Finished MessengerAppSwitchIntentSecureContextPluginInitializer in 5ms
08-08 20:11:34.770 31177 31201 W AppInitScheduler|Run: Running AddProcessNameToErrorReport, order=54, priorityHint=NORMAL 
08-08 20:11:34.770 31177 31220 E AppInitScheduler|Schedule: Call to schedule after shutdown: 209:InitLogging, deps=null
08-08 20:11:34.771 31177 31220 W AppInitScheduler|Schedule:   Executing 209:InitLogging
08-08 20:11:34.772 31177 31220 E AppInitScheduler|Schedule: Call to schedule after shutdown: 211:InitMemoryDumpHandler, deps=[268]
08-08 20:11:34.771 31177 31201 W AppInitScheduler|Run:   Finished AddProcessNameToErrorReport in 1ms
08-08 20:11:34.772 31177 31201 W AppInitScheduler|Run: Running FixieActivityManagerHook, order=65, priorityHint=NORMAL 
08-08 20:11:34.774 31177 31220 E AppInitScheduler|Schedule: Call to schedule after shutdown: 213:InitMessengerLoggers, deps=[174, 268]
08-08 20:11:34.775 31177 31220 E AppInitScheduler|Schedule: Call to schedule after shutdown: 217:InitPreWarmRsysEngine, deps=[268]
08-08 20:11:34.775 31177 31220 E AppInitScheduler|Schedule: Call to schedule after shutdown: 219:InitPushabilityCheck, deps=[220]
08-08 20:11:34.776 31177 31220 E AppInitScheduler|Schedule: Call to schedule after shutdown: 467:ZeroLibraryInitializer, deps=[3, 158, 425]
08-08 20:11:34.778 31177 31220 E AppInitScheduler|Schedule: Call to schedule after shutdown: 221:InitReliableMedia, deps=[239, 407, 467]
08-08 20:11:34.779 31177 31220 E AppInitScheduler|Schedule: Call to schedule after shutdown: 228:InitSystrace, deps=null
08-08 20:11:34.780 31177 31220 W AppInitScheduler|Schedule:   Executing 228:InitSystrace
08-08 20:11:34.781 31177 31220 E AppInitScheduler|Schedule: Call to schedule after shutdown: 230:InitTrafficNTS, deps=[239, 266, 268, 271]
08-08 20:11:34.783 31177 31220 E AppInitScheduler|Schedule: Call to schedule after shutdown: 234:LanguageSwitcherCommonExInit, deps=[160]
08-08 20:11:34.788  1479  1567 D BatteryChargeControl: bcc get no support from charging protocol
08-08 20:11:34.826 31177 31177 W AppInit3: type=1400 audit(0.0:1242112): avc:  granted  { execute } for  path="/data/data/com.facebook.orca/lib-compressed/libearlystartup.so" dev="dm-84" ino=1281390 scontext=u:r:untrusted_app:s0:c142,c257,c512,c768 tcontext=u:object_r:app_data_file:s0:c142,c257,c512,c768 tclass=file app=com.facebook.orca
08-08 20:11:34.826 31177 31177 W AppInit3: type=1400 audit(0.0:1242113): avc:  granted  { execute } for  path="/data/data/com.facebook.orca/lib-compressed/libearlystartup.so" dev="dm-84" ino=1281390 scontext=u:r:untrusted_app:s0:c142,c257,c512,c768 tcontext=u:object_r:app_data_file:s0:c142,c257,c512,c768 tclass=file app=com.facebook.orca
08-08 20:11:34.826 31177 31177 W AppInit3: type=1400 audit(0.0:1242114): avc:  granted  { execute } for  path="/data/data/com.facebook.orca/lib-compressed/libearlystartup.so" dev="dm-84" ino=1281390 scontext=u:r:untrusted_app:s0:c142,c257,c512,c768 tcontext=u:object_r:app_data_file:s0:c142,c257,c512,c768 tclass=file app=com.facebook.orca
08-08 20:11:34.826 31177 31177 W AppInit3: type=1400 audit(0.0:1242115): avc:  granted  { execute } for  path="/data/data/com.facebook.orca/lib-compressed/libearlystartup.so" dev="dm-84" ino=1281390 scontext=u:r:untrusted_app:s0:c142,c257,c512,c768 tcontext=u:object_r:app_data_file:s0:c142,c257,c512,c768 tclass=file app=com.facebook.orca
08-08 20:11:34.830 31177 31177 W AppInit3: type=1400 audit(0.0:1242116): avc:  granted  { execute } for  path="/data/data/com.facebook.orca/lib-compressed/libearlystartup.so" dev="dm-84" ino=1281390 scontext=u:r:untrusted_app:s0:c142,c257,c512,c768 tcontext=u:object_r:app_data_file:s0:c142,c257,c512,c768 tclass=file app=com.facebook.orca
08-08 20:11:34.830 31177 31177 W AppInit3: type=1400 audit(0.0:1242117): avc:  granted  { execute } for  path="/data/data/com.facebook.orca/lib-compressed/libearlystartup.so" dev="dm-84" ino=1281390 scontext=u:r:untrusted_app:s0:c142,c257,c512,c768 tcontext=u:object_r:app_data_file:s0:c142,c257,c512,c768 tclass=file app=com.facebook.orca
08-08 20:11:34.843 31177 31201 W LOG_FLOWCTRL: ==LOGS OVER PROC QUOTA(300), rows(124) bytes(7451) com.facebook.orca DROPPED==
08-08 20:11:34.843 31177 31201 W msgr.SigquitDetectorLacrima: nativeInit
08-08 20:11:34.845 31177 31225 W msgr.AppInitScheduler|Run:   Finished RegisterMessengerBackgroundRestartedReceiver in 16ms
08-08 20:11:34.845 31177 31225 W msgr.AppInitScheduler|Run: Running MobileConfigSessionlessLaterInit, order=116, priorityHint=LOW 
08-08 20:11:34.846   896   896 E lowmemorykiller: device memory 253216 free 21967 file 233517
08-08 20:11:34.847 31177 31204 W msgr.AppInitScheduler|Run:   Finished EarliestPossibleColdStartClassPreloadStarterOrca in 85ms
08-08 20:11:34.847 31177 31225 W msgr.AppInitScheduler|Run:   Finished MobileConfigSessionlessLaterInit in 1ms
08-08 20:11:34.847 31177 31225 W msgr.AppInitScheduler|Run: Running RuntimesPermissionsUtilLoader, order=120, priorityHint=LOW 
08-08 20:11:34.849 31177 31201 W msgr.lacrima: Start AnrDetector... com.facebook.acra.anr.multisignal.MultiSignalANRDetector
08-08 20:11:34.849 31177 31201 W msgr.MultiSignalANRDetectorLacrima: Starting
08-08 20:11:34.849 31177 31201 W msgr.ProcessAnrErrorMonitor: startMonitoring with delay: 0
08-08 20:11:34.850 31177 31224 W msgr.AppInitScheduler|Run:   Finished FbSharedPreferenceInitializerAsync in 90ms
08-08 20:11:34.851 31177 31220 W msgr.AppInitScheduler|Run:   Finished OrcaFirstInstallInitializer in 29ms
08-08 20:11:34.851 31177 31226 W msgr.AppInitScheduler|Run:   Finished LogController in 38ms
08-08 20:11:34.851 31177 31199 W msgr.AppInitScheduler|Run:   Finished WhitehatOverlayInitializer in 19ms
08-08 20:11:34.852 31177 31200 W msgr.AppInitScheduler|Run:   Finished InitAuthentication in 102ms
08-08 20:11:34.852 31177 31200 W msgr.AppInitScheduler|Schedule:   Executing 266:MobileConfigAdminIdInit
08-08 20:11:34.853 31177 31200 W msgr.AppInitScheduler|Schedule:   Executing 268:MobileConfigInit
08-08 20:11:34.853 31177 31200 W msgr.AppInitScheduler|Schedule:   Executing 151:ErrorReporterSecondaryInit
08-08 20:11:34.853 31177 31200 W msgr.AppInitScheduler|Run: Running MobileConfigAdminIdInit [*], order=24, priorityHint=VERY_HIGH 
08-08 20:11:34.854 31177 31229 W msgr.com.facebook.messenger.msys.provider.MessengerPerUserMsysMailbox: slim mailbox not ready, wait for init finish, size: 1
08-08 20:11:34.855 31177 31204 W msgr.AppInitScheduler|Run: Running MobileConfigInit [*], order=25, priorityHint=VERY_HIGH 
08-08 20:11:34.855 31177 31224 W msgr.AppInitScheduler|Run: Running ErrorReporterSecondaryInit, order=62, priorityHint=NORMAL 
08-08 20:11:34.856 31177 31224 W msgr.AppInitScheduler|Run:   Finished ErrorReporterSecondaryInit in 1ms
08-08 20:11:34.856 31177 31204 W msgr.AppInitScheduler|Run:   Finished MobileConfigInit in 1ms
08-08 20:11:34.856 31177 31204 W msgr.AppInitScheduler|Schedule:   Executing 161:FdidInitSync
08-08 20:11:34.856 31177 31204 W msgr.AppInitScheduler|Schedule:   Executing 257:MessengerMdCoreBootstrap
08-08 20:11:34.856 31177 31204 W msgr.AppInitScheduler|Schedule:   Executing 258:MessengerMdCorePandoInit
08-08 20:11:34.856 31177 31204 W msgr.AppInitScheduler|Schedule:   Executing 260:MessengerMsysBootstrap
08-08 20:11:34.856 31177 31204 W msgr.AppInitScheduler|Schedule:   Executing 2:AnalyticsInit
08-08 20:11:34.856 31177 31204 W msgr.AppInitScheduler|Schedule:   Executing 115:ClientCacheEdgeManagerInitializerUserScoped
08-08 20:11:34.856 31177 31204 W msgr.AppInitScheduler|Schedule:   Executing 129:DownloadedFbResources
08-08 20:11:34.856 31177 31204 W msgr.AppInitScheduler|Schedule:   Executing 343:NotifyAppStateManagerOnCreateComplete
08-08 20:11:34.856 31177 31204 W msgr.AppInitScheduler|Schedule:   Executing 204:InitFury
08-08 20:11:34.856 31177 31204 W msgr.AppInitScheduler|Schedule:   Executing 211:InitMemoryDumpHandler
08-08 20:11:34.856 31177 31204 W msgr.AppInitScheduler|Schedule:   Executing 213:InitMessengerLoggers
08-08 20:11:34.856 31177 31204 W msgr.AppInitScheduler|Schedule:   Executing 217:InitPreWarmRsysEngine
08-08 20:11:34.856 31177 31204 W msgr.AppInitScheduler|Schedule:   Executing 242:LocationRequestDetector
08-08 20:11:34.856 31177 31204 W msgr.AppInitScheduler|Schedule:   Executing 249:MessageQueueDoctor
08-08 20:11:34.856 31177 31204 W msgr.AppInitScheduler|Schedule:   Executing 422:SonarInitializer
08-08 20:11:34.856 31177 31204 W msgr.AppInitScheduler|Schedule:   Executing 462:WarmFacebookEmojiFont
08-08 20:11:34.857 31177 31204 W msgr.AppInitScheduler|Schedule:   Executing 245:LongtailVoltronAppInit
08-08 20:11:34.857 31177 31204 W msgr.AppInitScheduler|Schedule:   Executing 261:MessengerScheduleInitMallocHooks
08-08 20:11:34.857 31177 31220 W msgr.AppInitScheduler|Run: Running MessengerMdCoreBootstrap, order=50, priorityHint=HIGH 
08-08 20:11:34.857 31177 31199 W msgr.AppInitScheduler|Run: Running MessengerMdCorePandoInit, order=51, priorityHint=HIGH 
08-08 20:11:34.857 31177 31204 W msgr.AppInitScheduler|Run: Running FdidInitSync [*], order=34, priorityHint=NORMAL 
08-08 20:11:34.857 31177 31226 W msgr.AppInitScheduler|Run: Running MessengerMsysBootstrap, order=52, priorityHint=HIGH 
08-08 20:11:34.858 31177 31236 W msgr.ProcessAnrErrorMonitor: Starting process monitor checks for process 'com.facebook.orca'
08-08 20:11:34.858 31177 31224 W msgr.AppInitScheduler|Run: Running AnalyticsInit, order=55, priorityHint=NORMAL 
08-08 20:11:34.858 31177 31236 W msgr.MultiSignalANRDetectorLacrima: Started monitoring
08-08 20:11:34.860 31177 31224 W msgr.AppInitScheduler|Run:   Finished AnalyticsInit in 3ms
08-08 20:11:34.861 31177 31224 W msgr.AppInitScheduler|Run: Running ClientCacheEdgeManagerInitializerUserScoped, order=58, priorityHint=NORMAL 
08-08 20:11:34.862 31177 31224 W msgr.AppInitScheduler|Run:   Finished ClientCacheEdgeManagerInitializerUserScoped in 1ms
08-08 20:11:34.862 31177 31224 W msgr.AppInitScheduler|Run: Running DownloadedFbResources, order=61, priorityHint=NORMAL 
08-08 20:11:34.866 31177 31223 W msgr.FrscLanguagePackLoader: Loading FRSC strings for locale (en)
08-08 20:11:34.869 31177 31224 W msgr.AppInitScheduler|Run:   Finished DownloadedFbResources in 7ms
08-08 20:11:34.869 31177 31200 W msgr.AppInitScheduler|Run:   Finished MobileConfigAdminIdInit in 16ms
08-08 20:11:34.869 31177 31224 W msgr.AppInitScheduler|Run: Running NotifyAppStateManagerOnCreateComplete, order=63, priorityHint=NORMAL 
08-08 20:11:34.869 31177 31200 W msgr.AppInitScheduler|Schedule:   Executing 425:StartupQPLInit
08-08 20:11:34.869 31177 31200 W msgr.AppInitScheduler|Schedule:   Executing 3:AnalyticsLoggerInit
08-08 20:11:34.869 31177 31200 W msgr.AppInitScheduler|Schedule:   Executing 130:E2EForceMobileConfigAdminIdFetch
08-08 20:11:34.869 31177 31200 W msgr.AppInitScheduler|Schedule:   Executing 237:LithoConfiguration
08-08 20:11:34.869 31177 31200 W msgr.AppInitScheduler|Schedule:   Executing 464:WarmVolumeCache
08-08 20:11:34.869 31177 31224 W msgr.AppInitScheduler|Run:   Finished NotifyAppStateManagerOnCreateComplete in 0ms
08-08 20:11:34.870 31177 31200 W msgr.AppInitScheduler|Schedule:   Executing 114:ClientCacheEdgeManagerInitializer
08-08 20:11:34.870 31177 31200 W msgr.AppInitScheduler|Schedule:   Executing 122:DgwEarlySyncInitializer
08-08 20:11:34.870 31177 31223 W msgr.AppInitScheduler|Run:   Finished StringResourcesDelegate in 78ms
08-08 20:11:34.870 31177 31200 W msgr.AppInitScheduler|Schedule:   Executing 187:INeedInitForSharedPrefsListenerRegister
08-08 20:11:34.870 31177 31200 W msgr.AppInitScheduler|Schedule:   Executing 230:InitTrafficNTS
08-08 20:11:34.870 31177 31200 W msgr.AppInitScheduler|Schedule:   Executing 267:MobileConfigAdminIdLaterInit
08-08 20:11:34.870 31177 31224 W msgr.AppInitScheduler|Schedule:   Executing 160:FbSharedUIQREnvironment
08-08 20:11:34.870 31177 31200 W msgr.AppInitScheduler|Run: Running StartupQPLInit [*], order=28, priorityHint=VERY_HIGH 
08-08 20:11:34.871 31177 31200 W msgr.QuickPerformanceLoggerModule: Providing QPL... begin
08-08 20:11:34.871 31177 31224 W msgr.AppInitScheduler|Run: Running AnalyticsLoggerInit [*], order=30, priorityHint=NORMAL 
08-08 20:11:34.872 31177 31223 W msgr.AppInitScheduler|Run: Running E2EForceMobileConfigAdminIdFetch [*], order=31, priorityHint=NORMAL 
08-08 20:11:34.872 31177 31223 W msgr.AppInitScheduler|Run:   Finished E2EForceMobileConfigAdminIdFetch in 0ms
08-08 20:11:34.872 31177 31239 E msgr.AppState: Returning default for firstRunInfo
08-08 20:11:34.873 31177 31223 W msgr.AppInitScheduler|Run: Running LithoConfiguration [*], order=38, priorityHint=NORMAL 
08-08 20:11:34.878 31177 31213 E libEGL  : call to OpenGL ES API with no current context (logged once per thread)
08-08 20:11:34.878 31177 31213 E libEGL  : call to OpenGL ES API with no current context (logged once per thread)
08-08 20:11:34.878 31177 31213 E libEGL  : call to OpenGL ES API with no current context (logged once per thread)
08-08 20:11:34.882 31177 31222 W msgr.EndToEndAnalyticsEventListener: WRITE_ANALYTICS_TO_LOGCAT = null, EndToEnd.isRunningEndToEndTest() = false
08-08 20:11:34.886 31177 31204 W msgr.AppInitScheduler|Run:   Finished FdidInitSync in 29ms
08-08 20:11:34.886 31177 31243 W msgr.FrscLanguagePackLoader: FRSC English strings buffer size - (limit : 567258, capacity : 567258)
08-08 20:11:34.887 31177 31204 W msgr.AppInitScheduler|Run: Running WarmVolumeCache, order=53, priorityHint=HIGH 
08-08 20:11:34.887 31177 31204 W msgr.AppInitScheduler|Run:   Finished WarmVolumeCache in 0ms
08-08 20:11:34.887 31177 31204 W msgr.AppInitScheduler|Run: Running ClientCacheEdgeManagerInitializer, order=57, priorityHint=NORMAL 
08-08 20:11:34.887 31177 31204 W msgr.AppInitScheduler|Run:   Finished ClientCacheEdgeManagerInitializer in 0ms
08-08 20:11:34.887 31177 31204 W msgr.AppInitScheduler|Run: Running DgwEarlySyncInitializer, order=59, priorityHint=NORMAL 
08-08 20:11:34.891 31177 31204 W msgr.AppInitScheduler|Run:   Finished DgwEarlySyncInitializer in 3ms
08-08 20:11:34.891 31177 31204 W msgr.AppInitScheduler|Schedule:   Executing 123:DgwPlatformizedSignalingProxyInitializerAppInit
08-08 20:11:34.891 31177 31204 W msgr.AppInitScheduler|Run: Running DgwPlatformizedSignalingProxyInitializerAppInit, order=60, priorityHint=NORMAL 
08-08 20:11:34.892 31177 31204 W msgr.AppInitScheduler|Run:   Finished DgwPlatformizedSignalingProxyInitializerAppInit in 0ms
08-08 20:11:34.893 31177 31204 W msgr.AppInitScheduler|Run: Running FbSharedUIQREnvironment, order=64, priorityHint=NORMAL 
08-08 20:11:34.894 31177 31224 W msgr.AppInitScheduler|Run:   Finished AnalyticsLoggerInit in 23ms
08-08 20:11:34.894 31177 31200 E m.facebook.orca: No implementation found for void com.facebook.quicklog.QuickPerformanceLoggerNativeProvider.nativeUpdateQPLInstance() (tried Java_com_facebook_quicklog_QuickPerformanceLoggerNativeProvider_nativeUpdateQPLInstance and Java_com_facebook_quicklog_QuickPerformanceLoggerNativeProvider_nativeUpdateQPLInstance__) - is the library loaded, e.g. System.loadLibrary?
08-08 20:11:34.894 31177 31224 W msgr.AppInitScheduler|Schedule:   Executing 131:E2EForceMobileConfigFetch
08-08 20:11:34.894 31177 31224 W msgr.AppInitScheduler|Schedule:   Executing 4:AnalyticsLoggerPostInitReplay
08-08 20:11:34.894 31177 31224 W msgr.AppInitScheduler|Run: Running E2EForceMobileConfigFetch [*], order=32, priorityHint=NORMAL 
08-08 20:11:34.895 31177 31200 W msgr.QPLProvider: QuickPerformanceLoggerProvider failed to update native QPL instance, native library. This is expected during early app initialization
08-08 20:11:34.895 31177 31224 W msgr.AppInitScheduler|Run:   Finished E2EForceMobileConfigFetch in 1ms
08-08 20:11:34.895 31177 31224 W msgr.AppInitScheduler|Schedule:   Executing 269:MobileConfigLaterInit
08-08 20:11:34.895 31177 31224 W msgr.AppInitScheduler|Run: Running AnalyticsLoggerPostInitReplay, order=56, priorityHint=NORMAL 
08-08 20:11:34.896 31177 31225 W msgr.AppInitScheduler|Run:   Finished RuntimesPermissionsUtilLoader in 49ms
08-08 20:11:34.896 31177 31204 W msgr.AppInitScheduler|Run:   Finished FbSharedUIQREnvironment in 4ms
08-08 20:11:34.896 31177 31225 W msgr.AppInitScheduler|Run: Running INeedInitForSharedPrefsListenerRegister, order=75, priorityHint=NORMAL 
08-08 20:11:34.896 31177 31204 W msgr.AppInitScheduler|Schedule:   Executing 234:LanguageSwitcherCommonExInit
08-08 20:11:34.896 31177 31225 W msgr.AppInitScheduler|Run:   Finished INeedInitForSharedPrefsListenerRegister in 0ms
08-08 20:11:34.896 31177 31225 W msgr.AppInitScheduler|Run: Running InitFury, order=77, priorityHint=NORMAL 
08-08 20:11:34.897 31177 31204 W msgr.AppInitScheduler|Run: Running InitMemoryDumpHandler, order=80, priorityHint=NORMAL 
08-08 20:11:34.897 31177 31199 W msgr.AppInitScheduler|Run:   Finished MessengerMdCorePandoInit in 40ms
08-08 20:11:34.897 31177 31199 W msgr.AppInitScheduler|Run: Running InitMessengerLoggers, order=81, priorityHint=NORMAL 
08-08 20:11:34.897 31177 31199 W msgr.AppInitScheduler|Run:   Finished InitMessengerLoggers in 0ms
08-08 20:11:34.898 31177 31199 W msgr.AppInitScheduler|Run: Running InitPreWarmRsysEngine, order=82, priorityHint=NORMAL 
08-08 20:11:34.898 31177 31224 W msgr.AppInitScheduler|Run:   Finished AnalyticsLoggerPostInitReplay in 3ms
08-08 20:11:34.898 31177 31224 W msgr.AppInitScheduler|Run: Running InitTrafficNTS, order=87, priorityHint=NORMAL 
08-08 20:11:34.898 31177 31199 W msgr.AppInitScheduler|Run:   Finished InitPreWarmRsysEngine in 0ms
08-08 20:11:34.898 31177 31199 W msgr.AppInitScheduler|Run: Running LanguageSwitcherCommonExInit, order=88, priorityHint=NORMAL 
08-08 20:11:34.898 31177 31224 W msgr.AppInitScheduler|Run:   Finished InitTrafficNTS in 0ms
08-08 20:11:34.898 31177 31224 W msgr.AppInitScheduler|Run: Running LocationRequestDetector, order=89, priorityHint=NORMAL 
08-08 20:11:34.898 31177 31224 W msgr.AppInitScheduler|Run:   Finished LocationRequestDetector in 0ms
08-08 20:11:34.898 31177 31224 W msgr.AppInitScheduler|Run: Running MessageQueueDoctor, order=92, priorityHint=NORMAL 
08-08 20:11:34.899 31177 31224 W msgr.AppInitScheduler|Run:   Finished MessageQueueDoctor in 0ms
08-08 20:11:34.899 31177 31224 W msgr.AppInitScheduler|Run: Running SonarInitializer, order=108, priorityHint=NORMAL 
08-08 20:11:34.899 31177 31224 W msgr.AppInitScheduler|Run:   Finished SonarInitializer in 0ms
08-08 20:11:34.899 31177 31224 W msgr.AppInitScheduler|Run: Running WarmFacebookEmojiFont, order=109, priorityHint=NORMAL 
08-08 20:11:34.899 31177 31242 W m.facebook.orca: JNI RegisterNativeMethods: attempt to register 0 native methods for com.facebook.msys.mci.EventLoggingData
08-08 20:11:34.899 31177 31224 W msgr.AppInitScheduler|Run:   Finished WarmFacebookEmojiFont in 0ms
08-08 20:11:34.899 31177 31224 W msgr.AppInitScheduler|Run: Running LongtailVoltronAppInit, order=112, priorityHint=LOW 
08-08 20:11:34.899 31177 31224 W msgr.HalfnosisInitializer: Halfnosis is not enabled!
08-08 20:11:34.899 31177 31204 W msgr.AppInitScheduler|Run:   Finished InitMemoryDumpHandler in 1ms
08-08 20:11:34.899 31177 31224 W msgr.LongtailVoltronAppInit: HalfnosisInitializer: fail
08-08 20:11:34.899 31177 31224 W msgr.AppInitScheduler|Run:   Finished LongtailVoltronAppInit in 0ms
08-08 20:11:34.899 31177 31224 W msgr.AppInitScheduler|Run: Running MobileConfigAdminIdLaterInit, order=114, priorityHint=LOW 
08-08 20:11:34.899 31177 31224 W msgr.AppInitScheduler|Run:   Finished MobileConfigAdminIdLaterInit in 1ms
08-08 20:11:34.899 31177 31224 W msgr.AppInitScheduler|Run: Running MobileConfigLaterInit, order=115, priorityHint=LOW 
08-08 20:11:34.899 31177 31224 W msgr.AppInitScheduler|Run:   Finished MobileConfigLaterInit in 0ms
08-08 20:11:34.900 31177 31204 W msgr.AppInitScheduler|Run: Running MessengerScheduleInitMallocHooks, order=113, priorityHint=LOW 
08-08 20:11:34.901 31177 31204 W msgr.AppInitScheduler|Run:   Finished MessengerScheduleInitMallocHooks in 2ms
08-08 20:11:34.902 31177 31201 W msgr.AppInitScheduler|Run:   Finished InitLacrimaLaterInit in 100ms
08-08 20:11:34.905 31177 31199 W msgr.AppInitScheduler|Run:   Finished LanguageSwitcherCommonExInit in 7ms
08-08 20:11:34.907 31177 31218 W msgr.lacrima: FixedLengthFiles.init() called twice.
08-08 20:11:34.907 31177 31226 W msgr.com.facebook.messenger.msys.provider.MessengerMsysMailbox: Start initialize mailbox for user: 100010325258311
08-08 20:11:34.907 31177 31218 W msgr.lacrima: FixedLengthFiles.init() called twice.
08-08 20:11:34.908 31177 31226 W msgr.com.facebook.messenger.msys.provider.MessengerPerUserMsysMailbox: initMailboxWithCallback
08-08 20:11:34.914 31177 31223 W msgr.AppInitScheduler|Run:   Finished LithoConfiguration in 42ms
08-08 20:11:34.923 31177 31225 W msgr.AppInitScheduler|Run:   Finished InitFury in 28ms
08-08 20:11:34.924 31177 31213 D BufferQueueConsumer: [](id:79c900000000,api:0,p:-1,c:31177) connect: controlledByApp=true
08-08 20:11:34.925 31177 31213 D ExtensionsLoader: createInstance(64bit) : createExtendedFactory
08-08 20:11:34.926 31177 31213 D ExtensionsLoader: Opened libSchedAssistExtImpl.so
08-08 20:11:34.927 31177 31213 D BufferQueueProducer: [SurfaceTexture-0-31177-0](id:79c900000000,api:1,p:31177,c:31177) connect: api=1 producerControlledByApp=true
08-08 20:11:34.928 31177 31200 W msgr.SadDataOverlayUtils: No data to parse in MC.android_internal_sad_data_overlay.thresholds
08-08 20:11:34.928 31177 31213 D BufferQueueProducer: [SurfaceTexture-0-31177-0](id:79c900000000,api:1,p:31177,c:31177) disconnect: api 1
08-08 20:11:34.928 31177 31213 E libEGL  : call to OpenGL ES API with no current context (logged once per thread)
08-08 20:11:34.930 31177 31257 D AChoreographer: Attaching thread to JVM for AChoreographer
08-08 20:11:34.947  1479  5654 D charge_time: type=cdp/dcp,reserve_soc=1,soc=61,ui_soc=62,current=731,avg=829,not_chg_cnt=0,stable_cnt=7,fcc=4423,fcc_ratio=92,delta=70,debug=0,region=12,ttf=7108(01:58:28),ui_ttf=5055(01:24:15)
08-08 20:11:34.947   896   896 E lowmemorykiller: device memory 252405 free 20936 file 235313
08-08 20:11:34.949 31177 31247 E msgr.msys: E[I Tripwire failed]MCITripwireLog(35)=>Tripwire at xplat/messenger/plugin_infra/src/MessengerPluginInfra/ffi/plugin_registry_load_function_helpers_ffi.rs:795
08-08 20:11:34.951 31177 31247 E msgr.msys: E[I Tripwire failed]MCITripwireLog(35)=>Tripwire at xplat/messenger/plugin_infra/src/MessengerPluginInfra/ffi/plugin_registry_load_function_helpers_ffi.rs:795
08-08 20:11:34.954 31177 31200 W msgr.QuickPerformanceLoggerModule: Provided QPL: 134109452
08-08 20:11:34.954 31177 31200 W msgr.QuickPerformanceLoggerModule: Providing QPL... end
08-08 20:11:34.954 31177 31200 W msgr.AppInitScheduler|Run:   Finished StartupQPLInit in 83ms
08-08 20:11:34.954 31177 31200 W msgr.AppInitScheduler|Schedule:   Executing 407:RunPerfMarkers
08-08 20:11:34.954 31177 31200 W msgr.AppInitScheduler|Schedule:   Executing 184:INeedInitForBroadcastReceiverRegister
08-08 20:11:34.954 31177 31200 W msgr.AppInitScheduler|Schedule:   Executing 467:ZeroLibraryInitializer
08-08 20:11:34.954 31177 31200 W msgr.AppInitScheduler|Schedule:   Executing 389:ProfiloBridgeFactoryImpl
08-08 20:11:34.954 31177 31200 W msgr.AppInitScheduler|Schedule:   Executing 366:PreloadHeroManager
08-08 20:11:34.954 31177 31200 W msgr.AppInitScheduler|Schedule:   Executing 383:PreloadTabPreloadablesBackgroundPrefetch
08-08 20:11:34.954 31177 31200 W msgr.AppInitScheduler|Schedule:   Executing 385:PreloadVideoPrivateSharing
08-08 20:11:34.954 31177 31200 W msgr.AppInitScheduler|Schedule:   Executing 416:SetupBlockingBackgroundComponentReporting
08-08 20:11:34.954 31177 31200 W msgr.AppInitScheduler|Schedule:   Executing 426:StartupQPLReplayer
08-08 20:11:34.954 31177 31200 W msgr.AppInitScheduler|Run: Running RunPerfMarkers [*], order=36, priorityHint=NORMAL 
08-08 20:11:34.955 31177 31224 W msgr.AppInitScheduler|Run: Running INeedInitForBroadcastReceiverRegister, order=72, priorityHint=NORMAL 
08-08 20:11:34.955 31177 31204 W msgr.AppInitScheduler|Run: Running ZeroLibraryInitializer, order=84, priorityHint=NORMAL 
08-08 20:11:34.955 31177 31201 W msgr.AppInitScheduler|Run: Running ProfiloBridgeFactoryImpl, order=101, priorityHint=NORMAL 
08-08 20:11:34.956 31177 31199 W msgr.AppInitScheduler|Run: Running PreloadHeroManager, order=117, priorityHint=LOW 
08-08 20:11:34.957 31177 31225 W msgr.AppInitScheduler|Run: Running PreloadVideoPrivateSharing, order=119, priorityHint=LOW 
08-08 20:11:34.957 31177 31223 W msgr.AppInitScheduler|Run: Running PreloadTabPreloadablesBackgroundPrefetch, order=118, priorityHint=LOW 
08-08 20:11:34.958 31177 31204 W msgr.AppInitScheduler|Run:   Finished ZeroLibraryInitializer in 3ms
08-08 20:11:34.959 31177 31225 W msgr.AppInitScheduler|Run:   Finished PreloadVideoPrivateSharing in 2ms
08-08 20:11:34.959 31177 31225 W msgr.AppInitScheduler|Run: Running SetupBlockingBackgroundComponentReporting, order=121, priorityHint=LOW 
08-08 20:11:34.960 31177 31225 W msgr.AppInitScheduler|Run:   Finished SetupBlockingBackgroundComponentReporting in 1ms
08-08 20:11:34.965 31177 31200 E msgr.AppState: Returning default for firstRunInfo
08-08 20:11:34.966 31177 31200 E msgr.AppState: Returning default for firstRunInfo
08-08 20:11:34.970 31177 31201 W Profilo/TraceControl: Loom client config id: 3179584876581313201
08-08 20:11:34.972  3009  3708 I Osense-BaseDecisionMaker: notifySceneToAthenaPolicy: SCENE_RES_IO_PSI, bundle: Bundle[{ioLevel=3}]
08-08 20:11:34.972 31177 31199 W msgr.AppInitScheduler|Run:   Finished PreloadHeroManager in 16ms
08-08 20:11:34.972  3009  3708 I Osense-BaseDecisionMaker: OSense not supported scene! SCENE_RES_IO_PSI
08-08 20:11:34.974 31177 31204 W msgr.AppInitScheduler|Run: Running StartupQPLReplayer, order=122, priorityHint=LOW 
08-08 20:11:34.977  1299 10375 E TetherController: property_get sys.radio.data.modem_share_flag return 0, 1!
08-08 20:11:34.982 31177 31204 W msgr.AppInitScheduler|Run:   Finished StartupQPLReplayer in 23ms
08-08 20:11:34.983 31177 31204 W msgr.AppInitScheduler|Schedule:   Executing 427:StartupQPLTransitToMatureStage
08-08 20:11:34.983 31177 31204 W msgr.AppInitScheduler|Run: Running StartupQPLTransitToMatureStage, order=123, priorityHint=LOW 
08-08 20:11:34.984 31177 31204 W msgr.AppInitScheduler|Run:   Finished StartupQPLTransitToMatureStage in 1ms
08-08 20:11:34.986 31177 31201 W msgr.AppInitScheduler|Run:   Finished ProfiloBridgeFactoryImpl in 31ms
08-08 20:11:34.987 31177 31224 W msgr.AppInitScheduler|Run:   Finished INeedInitForBroadcastReceiverRegister in 32ms
08-08 20:11:34.987  3009  5276 D ConnectivityService: Returning UNBLOCKED NetworkInfo to uid=10398
08-08 20:11:34.990 31177 31200 E msgr.AppState: Returning default for firstRunInfo
08-08 20:11:34.991 31177 31200 E msgr.AppState: Returning default for firstRunInfo
08-08 20:11:35.002 31177 31200 W msgr.AppInitScheduler|Run:   Finished RunPerfMarkers in 48ms
08-08 20:11:35.003 31177 31200 W msgr.AppInitScheduler|Schedule:   Executing 220:InitPushLiteSdk
08-08 20:11:35.003 31177 31200 W msgr.AppInitScheduler|Schedule:   Executing 254:MessengerInboxCloseConnectionsLater
08-08 20:11:35.003 31177 31200 W msgr.AppInitScheduler|Schedule:   Executing 221:InitReliableMedia
08-08 20:11:35.003 31177 31200 W msgr.AppInitScheduler|Schedule:   Executing 259:MessengerMdCoreSecondPhaseBootstrap
08-08 20:11:35.003 31177 31199 W msgr.AppInitScheduler|Run: Running InitPushLiteSdk [*], order=37, priorityHint=NORMAL 
08-08 20:11:35.003 31177 31200 W msgr.AppInitScheduler|Run: Running MessengerInboxCloseConnectionsLater, order=48, priorityHint=HIGH 
08-08 20:11:35.004 31177 31200 W msgr.AppInitScheduler|Run:   Finished MessengerInboxCloseConnectionsLater in 0ms
08-08 20:11:35.004 31177 31200 W msgr.AppInitScheduler|Run: Running InitReliableMedia, order=85, priorityHint=NORMAL 
08-08 20:11:35.004 31177 31199 W msgr.AppInitScheduler|Run:   Finished InitPushLiteSdk in 1ms
08-08 20:11:35.004 31177 31199 W msgr.AppInitScheduler|Schedule:   Executing 460:WaitForUIDependenciesInitializer
08-08 20:11:35.004 31177 31199 W msgr.AppInitScheduler|Schedule:   Executing 219:InitPushabilityCheck
08-08 20:11:35.004 31177 31200 W msgr.AppInitScheduler|Run:   Finished InitReliableMedia in 0ms
08-08 20:11:35.004 31177 31199 W msgr.AppInitScheduler|Run: Running WaitForUIDependenciesInitializer [*], order=40, priorityHint=CRITICAL_PATH 
08-08 20:11:35.004 31177 31200 W msgr.AppInitScheduler|Run: Running InitPushabilityCheck, order=83, priorityHint=NORMAL 
08-08 20:11:35.005 31177 31199 W msgr.AppInitScheduler|Run:   Finished WaitForUIDependenciesInitializer in 1ms
08-08 20:11:35.005 31177 31199 W msgr.AppInitScheduler|Schedule:   Executing 125:DismissSplashScreens
08-08 20:11:35.005 31177 31199 W msgr.AppInitScheduler|Schedule:   Executing 167:FixieScheduleIdleWork
08-08 20:11:35.005 31177 31199 W msgr.AppInitScheduler|Schedule:   Executing 246:M4ABackgroundSchedulerAppInitJob
08-08 20:11:35.005 31177 31199 W msgr.AppInitScheduler|Schedule:   Executing 404:ReplayBroadcastReceivedDuringAppInit
08-08 20:11:35.005 31177 31199 W msgr.AppInitScheduler|Schedule:   Executing 409:ScheduleLowPriWork
08-08 20:11:35.005 31177 31199 W msgr.AppInitScheduler|Schedule:   Executing 463:WarmUpColdStartReceiver
08-08 20:11:35.005 31177 31199 W msgr.AppInitScheduler|Run: Running DismissSplashScreens [*], order=41, priorityHint=CRITICAL_PATH 
08-08 20:11:35.005 31177 31199 W msgr.InitStatus: Providers unblocked (172309072)
08-08 20:11:35.005 31177 31199 W msgr.InitStatus: Services unblocked (18768969)
08-08 20:11:35.006 31177 31199 W msgr.InitStatus: BroadcastReceivers unblocked (99950926)
08-08 20:11:35.006 31177 31197 W msgr.InitStatus: Unblocked Provider (172309072)
08-08 20:11:35.006 31177 31199 W msgr.AppInitScheduler|Run:   Finished DismissSplashScreens in 1ms
08-08 20:11:35.006 31177 31199 W msgr.AppInitScheduler|Schedule:   Executing 275:MqttEarlySyncInitializerAfterAppCreate
08-08 20:11:35.006 31177 31199 W msgr.AppInitScheduler|Run: Running FixieScheduleIdleWork, order=69, priorityHint=NORMAL 
08-08 20:11:35.006 31177 31177 W msgr.InitStatus: Unblocked Service (18768969)
08-08 20:11:35.006 31177 31199 W msgr.AppInitScheduler|Run:   Finished FixieScheduleIdleWork in 0ms
08-08 20:11:35.006 31177 31199 W msgr.AppInitScheduler|Run: Running M4ABackgroundSchedulerAppInitJob, order=91, priorityHint=NORMAL 
08-08 20:11:35.006 31177 31199 W msgr.AppInitScheduler|Run:   Finished M4ABackgroundSchedulerAppInitJob in 0ms
08-08 20:11:35.006 31177 31199 W msgr.AppInitScheduler|Run: Running MessengerMdCoreSecondPhaseBootstrap, order=95, priorityHint=NORMAL 
08-08 20:11:35.006 31177 31177 W msgr.AppComponentFactory: Instantiating Service
08-08 20:11:35.006 31177 31199 W msgr.AppInitScheduler|Run:   Finished MessengerMdCoreSecondPhaseBootstrap in 1ms
08-08 20:11:35.007 31177 31199 W msgr.AppInitScheduler|Run: Running MqttEarlySyncInitializerAfterAppCreate, order=98, priorityHint=NORMAL 
08-08 20:11:35.007 31177 31204 W msgr.AppInitScheduler|Run: Running ReplayBroadcastReceivedDuringAppInit, order=105, priorityHint=NORMAL 
08-08 20:11:35.007 31177 31204 W msgr.AppInitScheduler|Run:   Finished ReplayBroadcastReceivedDuringAppInit in 0ms
08-08 20:11:35.007 31177 31197 W msgr.InitStatus: Not blocking Provider (172309072)
08-08 20:11:35.007 31177 31204 W msgr.AppInitScheduler|Run: Running ScheduleLowPriWork, order=106, priorityHint=NORMAL 
08-08 20:11:35.007 31177 31204 W msgr.AppInitScheduler|Run:   Finished ScheduleLowPriWork in 1ms
08-08 20:11:35.007 31177 31204 W msgr.AppInitScheduler|Run: Running WarmUpColdStartReceiver, order=110, priorityHint=NORMAL 
08-08 20:11:35.010 31177 31200 W msgr.AppInitScheduler|Run:   Finished InitPushabilityCheck in 6ms
08-08 20:11:35.010 31177 31204 W msgr.AppInitScheduler|Run:   Finished WarmUpColdStartReceiver in 3ms
08-08 20:11:35.020 31177 31230 E MprotectOptimization: Failed to make 0x7431b8e000 (188416 bytes) executable for 7431b8e000-7431bbf000 r--p 0258c000 fe:54 1288020                        /data/app/~~2yNjDMCfodtIoQdf3oT9CQ==/com.facebook.orca-EI_zpxeC1w_Bx856VeYlgw==/oat/arm64/base.odex
08-08 20:11:35.023 31177 31230 W MlockOptimization: mlock2 0x74294a7000 51042304 successful for 74294a7000-742f602000 rw-p 00000000 fe:54 1288088                        /data/app/~~2yNjDMCfodtIoQdf3oT9CQ==/com.facebook.orca-EI_zpxeC1w_Bx856VeYlgw==/oat/arm64/base.vdex
08-08 20:11:35.023 31177 31230 W ExperimentConfigurator: onAppInit completed: 2 configs executed
08-08 20:11:35.025 31177 31177 I Choreographer: Skipped 40 frames!  The application may be doing too much work on its main thread.
08-08 20:11:35.029  3009  4131 D VRR [OPlusExternalRefreshRateManager]: isPkgTfcEnable: pkgName = com.facebook.orca, enable = false
08-08 20:11:35.029  3009  4131 D VRR [OPlusExternalRefreshRateManager]: getTfcMinFramerate: pkgName = com.facebook.orca, min framerate = 0
08-08 20:11:35.030 31177 31177 I DynamicFramerate [FRTCConfigManager]: initFrameRateConfig: 
08-08 20:11:35.030 31177 31177 I DynamicFramerate [FRTCConfigManager]: 	levels: [120, 60]
08-08 20:11:35.030 31177 31177 I DynamicFramerate [FRTCConfigManager]: 	thresholds: [200]
08-08 20:11:35.031 31177 31177 I DynamicFramerate [FRTCConfigManager]: FRTCConfigManager: FRTC_CAPABILITY = 120, package name = com.facebook.orca, WINDOW_ANIMATION_SPEED_RATE = 10, SCROLL_ANIMATION_SPEED_RATE = 20, PACKAGE_ENABLE = false
08-08 20:11:35.031 31177 31177 I DynamicFramerate [DynamicFrameRateController]: init info: mPackageName = com.facebook.orca, mIsEnabled = false
08-08 20:11:35.033 31177 31199 W msgr.AppInitScheduler|Run:   Finished MqttEarlySyncInitializerAfterAppCreate in 26ms
08-08 20:11:35.036 31177 31177 W msgr.2Wl: GWP-ASan gate: noMallocHooks=false, enableGwpAsan=false
08-08 20:11:35.037 31177 31177 W msgr.AppComponentFactory: Instantiating BroadcastReceiver
08-08 20:11:35.039  3009  4131 W PackageManager: package com.facebook.orca uid 10398 pid 31177 call SetEnabledSetting(com.facebook.orca component = com.facebook.mqtt.service.MqttServiceV2, 1, 0)
08-08 20:11:35.039 31177 31223 W msgr.AppInitScheduler|Run:   Finished PreloadTabPreloadablesBackgroundPrefetch in 82ms
08-08 20:11:35.043 31177 31197 W ComponentDiscovery: Class com.google.firebase.dynamicloading.DynamicLoadingRegistrar is not an found.
08-08 20:11:35.048   896   896 E lowmemorykiller: device memory 251113 free 19795 file 235275
08-08 20:11:35.051  3009  4853 W ActivityManager: Background start not allowed: service Intent { cmp=com.facebook.orca/com.facebook.mqtt.service.MqttServiceV2 (has extras) mCallingUid=10398 } to com.facebook.orca/com.facebook.mqtt.service.MqttServiceV2 from pid=31177 uid=10398 pkg=com.facebook.orca startFg?=false
08-08 20:11:35.059 31177 31177 W msgr.BackgroundStartupDetector: coldStartMode=DEFINITELY_BACKGROUND
08-08 20:11:35.065 31177 31267 W msgr.RtiGracefulSystemMethodHelper: [AI] Failed to start service due to IllegalStateException on Android O
08-08 20:11:35.065 31177 31267 W msgr.RtiGracefulSystemMethodHelper: android.app.BackgroundServiceStartNotAllowedException: Not allowed to start service Intent { cmp=com.facebook.orca/com.facebook.mqtt.service.MqttServiceV2 (has extras) }: app is in background uid UidRecord{20ff131 u0a398 TRNB bg:+1s168ms idle change:uncachedprocstate procs:0 seq(3668960,3668941)} caps=-------
08-08 20:11:35.065 31177 31267 W msgr.RtiGracefulSystemMethodHelper: 	at android.app.ContextImpl.startServiceCommon(ContextImpl.java:2014)
08-08 20:11:35.065 31177 31267 W msgr.RtiGracefulSystemMethodHelper: 	at android.app.ContextImpl.startService(ContextImpl.java:1959)
08-08 20:11:35.065 31177 31267 W msgr.RtiGracefulSystemMethodHelper: 	at android.content.ContextWrapper.startService(ContextWrapper.java:837)
08-08 20:11:35.065 31177 31267 W msgr.RtiGracefulSystemMethodHelper: 	at X.09A.DQT(:30)
08-08 20:11:35.065 31177 31267 W msgr.RtiGracefulSystemMethodHelper: 	at X.1g8.A00(:67)
08-08 20:11:35.065 31177 31267 W msgr.RtiGracefulSystemMethodHelper: 	at X.1ct.A01(:62)
08-08 20:11:35.065 31177 31267 W msgr.RtiGracefulSystemMethodHelper: 	at X.1ct.A03(:36)
08-08 20:11:35.065 31177 31267 W msgr.RtiGracefulSystemMethodHelper: 	at X.1fD.run(:92)
08-08 20:11:35.065 31177 31267 W msgr.RtiGracefulSystemMethodHelper: 	at android.os.Handler.handleCallback(Handler.java:959)
08-08 20:11:35.065 31177 31267 W msgr.RtiGracefulSystemMethodHelper: 	at android.os.Handler.dispatchMessage(Handler.java:100)
08-08 20:11:35.065 31177 31267 W msgr.RtiGracefulSystemMethodHelper: 	at android.os.Looper.loopOnce(Looper.java:282)
08-08 20:11:35.065 31177 31267 W msgr.RtiGracefulSystemMethodHelper: 	at android.os.Looper.loop(Looper.java:387)
08-08 20:11:35.065 31177 31267 W msgr.RtiGracefulSystemMethodHelper: 	at android.os.HandlerThread.run(HandlerThread.java:85)
08-08 20:11:35.065 31177 31267 W msgr.RtiGracefulSystemMethodHelper: 	at X.1Cz.run(:0)
08-08 20:11:35.082  3009  4853 W ActivityManager: Background start not allowed: service Intent { cmp=com.facebook.orca/com.facebook.mqtt.service.MqttServiceV2 (has extras) mCallingUid=10398 } to com.facebook.orca/com.facebook.mqtt.service.MqttServiceV2 from pid=31177 uid=10398 pkg=com.facebook.orca startFg?=false
08-08 20:11:35.085 31177 31267 W msgr.RtiGracefulSystemMethodHelper: [AI] Failed to start service due to IllegalStateException on Android O
08-08 20:11:35.085 31177 31267 W msgr.RtiGracefulSystemMethodHelper: android.app.BackgroundServiceStartNotAllowedException: Not allowed to start service Intent { cmp=com.facebook.orca/com.facebook.mqtt.service.MqttServiceV2 (has extras) }: app is in background uid UidRecord{20ff131 u0a398 TRNB bg:+1s199ms idle change:uncachedprocstate procs:0 seq(3668960,3668941)} caps=-------
08-08 20:11:35.085 31177 31267 W msgr.RtiGracefulSystemMethodHelper: 	at android.app.ContextImpl.startServiceCommon(ContextImpl.java:2014)
08-08 20:11:35.085 31177 31267 W msgr.RtiGracefulSystemMethodHelper: 	at android.app.ContextImpl.startService(ContextImpl.java:1959)
08-08 20:11:35.085 31177 31267 W msgr.RtiGracefulSystemMethodHelper: 	at android.content.ContextWrapper.startService(ContextWrapper.java:837)
08-08 20:11:35.085 31177 31267 W msgr.RtiGracefulSystemMethodHelper: 	at X.09A.DQT(:30)
08-08 20:11:35.085 31177 31267 W msgr.RtiGracefulSystemMethodHelper: 	at X.1g8.A00(:67)
08-08 20:11:35.085 31177 31267 W msgr.RtiGracefulSystemMethodHelper: 	at X.1ct.A01(:62)
08-08 20:11:35.085 31177 31267 W msgr.RtiGracefulSystemMethodHelper: 	at X.1gG.run(:16)
08-08 20:11:35.085 31177 31267 W msgr.RtiGracefulSystemMethodHelper: 	at android.os.Handler.handleCallback(Handler.java:959)
08-08 20:11:35.085 31177 31267 W msgr.RtiGracefulSystemMethodHelper: 	at android.os.Handler.dispatchMessage(Handler.java:100)
08-08 20:11:35.085 31177 31267 W msgr.RtiGracefulSystemMethodHelper: 	at android.os.Looper.loopOnce(Looper.java:282)
08-08 20:11:35.085 31177 31267 W msgr.RtiGracefulSystemMethodHelper: 	at android.os.Looper.loop(Looper.java:387)
08-08 20:11:35.085 31177 31267 W msgr.RtiGracefulSystemMethodHelper: 	at android.os.HandlerThread.run(HandlerThread.java:85)
08-08 20:11:35.085 31177 31267 W msgr.RtiGracefulSystemMethodHelper: 	at X.1Cz.run(:0)
08-08 20:11:35.096 31177 31177 W msgr.BackgroundStartupDetector: bgMode=BACKGROUND reason=COLD_START_QUEUE_DRAINED_NO_ACTIVITY
08-08 20:11:35.098 31177 31177 W msgr.AppComponentFactory: Instantiating Service
08-08 20:11:35.099 31177 31242 D nativeloader: Load /data/data/com.facebook.orca/lib-compressed/libmsysmerged.so using class loader ns clns-7 (caller=/data/app/~~2yNjDMCfodtIoQdf3oT9CQ==/com.facebook.orca-EI_zpxeC1w_Bx856VeYlgw==/base.apk): ok
08-08 20:11:35.111 31177 31177 E msgr.SlowAppComponent: 0ms: MessengerApplication instantiating…
08-08 20:11:35.113 31177 31177 E msgr.SlowAppComponent: 905ms: MqttServiceV2 instantiating…
08-08 20:11:35.115 28665 28665 V AutofillManager: requestHideFillUi(null): anchor = null
08-08 20:11:35.116 31177 31177 E msgr.SlowAppComponent: Main thread was blocked for 920ms in the background starting with MessengerApplication
08-08 20:11:35.116 28665 28665 I Choreographer: Skipped 44 frames!  The application may be doing too much work on its main thread.
08-08 20:11:35.117  3009  4718 I InputDispatcher: injectInputEvent: targetUid=<not set>, syncMode=WAIT_FOR_FINISHED, timeout=30000ms, policyFlags=0x8000000, event=MotionEvent { action=UP, id[0]=0, x[0]=450, y[0]=1542, eventTime=542890258000000, downTime=542890258000000, deviceId=4, source=TOUCHSCREEN, displayId=0, eventId=0xd6b79585}
08-08 20:11:35.120  3009  4718 E InputDispatcher: Inconsistent event: MotionEvent { action=UP, id[0]=0, x[0]=450, y[0]=1542, eventTime=542890258000000, downTime=542890258000000, deviceId=4, source=TOUCHSCREEN, displayId=0, eventId=0xd6b79585}, reason: Injection on 0: Got ACTION_UP, but we have pointers: {1, 0} for device DeviceId(-1)
08-08 20:11:35.122  3009  3719 D UAH-UahAdaptHelper: adaptSetNotification identity = OplusUAwareInputHelpersrc = 1000 , type 1 ,p1 = -1 ,p2 = -1 ,p3 = -1 ,p4 =
08-08 20:11:35.122  3009  3719 I [UAH_CLIENT]: uahRuleCtl, ruleId:1000, status:1
08-08 20:11:35.123  4088  4088 D AnimSeqTimeStamp: getTimeGapToLastStartAppTime: 542890942
08-08 20:11:35.124  3009  4134 I OplusHansManager : FastFreeze enter, freeze uids: [10398, 10488]
08-08 20:11:35.124  3009  4134 I OplusHansManager : enter FastFreezer, frontApp: 10495, frozen uids: [10398, 10488], important uids: {10317=bt, 10326=fg-service, 10329=input}, reason: skip-frame
08-08 20:11:35.150   896   896 E lowmemorykiller: device memory 251258 free 22961 file 232294
08-08 20:11:35.234  3009  3442 D WifiStaIfaceHidlImpl: getCachedScanData is not implemented by HIDL
08-08 20:11:35.253   896   896 E lowmemorykiller: device memory 250749 free 22391 file 232355
08-08 20:11:35.264  4047  4047 D VendorWifiService: onEvent event:9,action:1
08-08 20:11:35.266  3009  3545 D OplusWifiPower_TriggerCenter: mComponentCallback: wifistat
08-08 20:11:35.282  3009  3712 I Osense-PsiDetector: 977,85,2684,4607,42,133,91,553,1230,297,610,0,4,5732
08-08 20:11:35.282  3009  3705 I Osense-BaseDecisionMaker: notifySceneToAthenaPolicy: SCENE_RES_MEM_PSI_NORMAL, bundle: Bundle[{memLevel=3}]
08-08 20:11:35.286  3009  3705 I Osense-BaseDecisionMaker: scene: SCENE_RES_MEM_PSI_NORMAL, excutingPolicy: clear
08-08 20:11:35.287  3009  3705 D Osense-BaseDecisionMaker: invoke clear policy,type: cached
08-08 20:11:35.289  3009  3710 I OsenseKillAction: KillAction: [atomic clean] start name=lowmem, requestId=122385, startAvail=977, startFreeMB=85, purposeAvailMB=1200, purposeFreeMB=-1, anonRssTarget=223, minBgCount=0, swapTarget=0, scene=SCENE_RES_MEM_PSI_NORMAL, type=cached, qb=false, cchOnly=true, urgency=false, hoggingCpuPids={}, invalid-cnt=0
08-08 20:11:35.290  3009  3710 I OsenseKillAction: KillAction: last: 979mb, 542890097, 1200mb, now: 977mb, 542891109, 1200mb
08-08 20:11:35.290  3009  3710 I OsenseKillAction: KillAction: [atomic clean] end: skip for reclaim-continuously
08-08 20:11:35.290  3009  3710 I OsenseKillAction: KillAction: 223mb more anonRss to reclaim, 0mb more swapMb to reclaim, <skip> mem guard, cur avail=0mb, bundle: Bundle[{appcareThreshold=0, triggerMemory=1000, qbmode=false, memLevel=3, type=cached, level=1, scene=SCENE_RES_MEM_PSI_NORMAL, requestId=122385, purposeMemory=1200}]
08-08 20:11:35.335 28665 28665 D ViewRootImplExtImpl: the up motion event handled by client, just return
08-08 20:11:35.347 28665 28665 I oplus.android.OplusFrameworkFactoryImpl: get feature:IOplusDynamicVsyncFeature
08-08 20:11:35.347 28665 28665 I oplus.android.OplusFrameworkFactoryImpl: get feature:IOplusDynamicVsyncFeature
08-08 20:11:35.347 28665 28665 I oplus.android.OplusFrameworkFactoryImpl: get feature:IOplusDynamicVsyncFeature
08-08 20:11:35.351 28665 28677 I HWUI    : Davey! duration=978ms; Flags=0, FrameTimelineVsyncId=160669405, IntendedVsync=542890185147550, Vsync=542890926249582, InputEventId=-492873299, HandleInputStart=542890937257329, AnimationStart=542890937261912, PerformTraversalsStart=542890938041339, DrawStart=542891084810298, FrameDeadline=542890370246496, FrameInterval=542890935950402, FrameStartTime=16843228, SyncQueued=542891151096964, SyncStart=542891151249933, IssueDrawCommandsStart=542891153508787, SwapBuffers=542891155922225, FrameCompleted=542891163413058, DequeueBufferDuration=64584, QueueBufferDuration=721771, GpuCompleted=542891163413058, SwapBuffersCompleted=542891157532589, DisplayPresentTime=35192971156169, CommandSubmissionCompleted=542891155922225, 
08-08 20:11:35.420  3009  4853 I InputDispatcher: injectInputEvent: targetUid=<not set>, syncMode=WAIT_FOR_FINISHED, timeout=30000ms, policyFlags=0x8000000, event=MotionEvent { action=DOWN, id[0]=0, x[0]=610, y[0]=1542, eventTime=542891238000000, downTime=542891238000000, deviceId=4, source=TOUCHSCREEN, displayId=0, eventId=0xc77e169f}
08-08 20:11:35.422  3009  4853 E InputDispatcher: Inconsistent event: MotionEvent { action=DOWN, id[0]=0, x[0]=610, y[0]=1542, eventTime=542891238000000, downTime=542891238000000, deviceId=4, source=TOUCHSCREEN, displayId=0, eventId=0xc77e169f}, reason: Injection on 0: Invalid DOWN event - pointers already down for device DeviceId(-1): {DeviceId(-1): {1, 0}}
08-08 20:11:35.424  3009  3566 D OGG_Detector: D:done mCurrStatus: 0
08-08 20:11:35.424  4088  4088 D AnimSeqTimeStamp: getTimeGapToLastStartAppTime: 542891243
08-08 20:11:35.424  3680  4525 I SystemUi--NavBar: NoBackGesture-->display_id_0 Start gesture: MotionEvent { action=ACTION_DOWN, actionButton=0, id[0]=0, x[0]=610.0, y[0]=1542.0, toolType[0]=TOOL_TYPE_FINGER, buttonState=0, classification=NONE, metaState=0, flags=0x0, edgeFlags=0x0, pointerCount=1, historySize=0, eventTime=542891238, downTime=542891238, deviceId=-1, source=0x1002, displayId=0, eventId=-948037985 }
08-08 20:11:35.424  3680  4525 I SystemUi--NavBar: NoBackGesture-->display_id_0 Not in side gesture area
08-08 20:11:35.424  4088  4088 I OplusBaseTouchInteractionService: onInputEvent(), ACTION_DOWN, Consumer=TYPE_NO_OP
08-08 20:11:35.425  3009  3719 I [UAH_CLIENT]: UahEventAcquire, cmdid:37, pkg:none, identity:OplusUAwareInputHelper
08-08 20:11:35.425  3009  3127 D PowerManagerService: userActivityNoUpdateLocked: groupId=0, eventTime=542891238, event=touch, flags=0x0, uid=1000
08-08 20:11:35.427  3009  3719 D UAH-UahAdaptHelper: adaptSetNotification identity = OplusUAwareInputHelpersrc = 1000 , type 0 ,p1 = -1 ,p2 = -1 ,p3 = -1 ,p4 =
08-08 20:11:35.428  3009  3719 I [UAH_CLIENT]: uahRuleCtl, ruleId:1000, status:0
08-08 20:11:35.475  3979  4446 D CommonApp-741-10495: transport layer data is invalid
08-08 20:11:35.691  3887 20183 D IpClient/wlan0: interfaceLinkStateChanged: ifindex 37 up
08-08 20:11:35.790  1479  1567 D BatteryChargeControl: bcc get no support from charging protocol
08-08 20:11:35.954  1479  5654 D charge_time: type=cdp/dcp,reserve_soc=1,soc=61,ui_soc=62,current=645,avg=747,not_chg_cnt=0,stable_cnt=7,fcc=4423,fcc_ratio=92,delta=71,debug=0,region=12,ttf=7821(02:10:21),ui_ttf=5054(01:24:14)
08-08 20:11:36.253 31047  3500 D CustomLogManagerService: WorkHandler msg.what :5
08-08 20:11:36.263 31047  3500 D CustomLogManagerService: curTemp:335 limit:390
08-08 20:11:36.263 31047  3500 D CustomLogManagerService: checkUploadStatus: isSceenOn=true activeNetType=1 isCharging=true isUploading:false temperatureLimit:false
08-08 20:11:36.263 31047  3500 D CustomLogManagerService: sys.log.customer=false
08-08 20:11:36.263 31047  3500 D CustomLogManagerService: isHaveCustomLogCollecting :false
08-08 20:11:36.333  3009  4134 I OplusHansManager : FastFreeze exit, unfreeze uids: [10398, 10488]
08-08 20:11:36.333  3009  4134 I OplusHansManager : exit FastFreezer, unfreeze uids: [10488, 10398] thaw: [], reason: exitFF
08-08 20:11:36.334  3009  4134 I OplusHansManager : notify state machine event=FF_EXIT to uids=[10495, 10317, 10326, 10329, 10398, 10488]
08-08 20:11:36.335 31177 31226 E msgr.AppState: Returning default for firstRunInfo
08-08 20:11:36.337 31177 31198 W msgr.AppInitScheduler|Run:   Waiting on MessengerMsysBootstrap for 1480ms...
08-08 20:11:36.339 31177 31220 E msgr.MDCoreSyncEngineRouter: Unknown event type: SUBSCRIPTION_STATE_CHANGED
08-08 20:11:36.338 31177 31198 W msgr.AppInitScheduler|Run:   Waiting on MessengerMdCoreBootstrap for 1480ms...
08-08 20:11:36.340 31177 31226 E msgr.AppState: Returning default for firstRunInfo
08-08 20:11:36.345 31177 31247 W soft_error.cpp: [DGWClientConfig] : numFailuresForFallback: value 0 outside valid range [1, 100] <force_oncall:mi_client_infra:force_oncall>
08-08 20:11:36.348 31177 31247 W soft_error.cpp: [DGWClientConfig] : sgConnectTimeout: value 0 outside valid range [1, 120] <force_oncall:mi_client_infra:force_oncall>
08-08 20:11:36.351 31177 31247 W soft_error.cpp: [DGWClientConfig] : sgPingTimeout: value 0 outside valid range [1, 60] <force_oncall:mi_client_infra:force_oncall>
08-08 20:11:36.352 31177 31247 W soft_error.cpp: [DGWClientConfig] : tunnelConnectTimeout: value 0 outside valid range [1, 120] <force_oncall:mi_client_infra:force_oncall>
08-08 20:11:36.352 31177 31247 W soft_error.cpp: [DGWClientConfig] : tunnelConnectAckTimeout: value 0 outside valid range [1, 120] <force_oncall:mi_client_infra:force_oncall>
08-08 20:11:36.352  1299 10375 E TetherController: property_get sys.radio.data.modem_share_flag return 0, 1!
08-08 20:11:36.363  3009  4718 D ConnectivityService: requestNetwork for uid/pid:10398/31177 activeRequest: null callbackRequest: 105194 [NetworkRequest [ TRACK_DEFAULT id=105195, [ Capabilities: INTERNET&NOT_RESTRICTED&TRUSTED&NOT_VCN_MANAGED&NOT_BANDWIDTH_CONSTRAINED Uid: 10398 RequestorUid: 10398 RequestorPkg: com.facebook.orca UnderlyingNetworks: Null] ], NetworkRequest [ REQUEST id=105196, [ Transports: SATELLITE Capabilities: INTERNET&NOT_RESTRICTED&TRUSTED&NOT_VCN_MANAGED Uid: 10398 RequestorUid: 10398 RequestorPkg: com.facebook.orca UnderlyingNetworks: Null] ]] callback flags: 0 order: 2147483647 isUidTracked: false declaredMethods: AVAIL|LOST|NC|LP
08-08 20:11:36.372  3009  3450 D ConnectivityService: NetReassign [105195 : null → 741] [c 1] [a 2] [i 4]
08-08 20:11:36.397  3009  5276 D ConnectivityService: requestNetwork for uid/pid:10398/31177 activeRequest: null callbackRequest: 105197 [NetworkRequest [ TRACK_DEFAULT id=105198, [ Capabilities: INTERNET&NOT_RESTRICTED&TRUSTED&NOT_VCN_MANAGED&NOT_BANDWIDTH_CONSTRAINED Uid: 10398 RequestorUid: 10398 RequestorPkg: com.facebook.orca UnderlyingNetworks: Null] ], NetworkRequest [ REQUEST id=105199, [ Transports: SATELLITE Capabilities: INTERNET&NOT_RESTRICTED&TRUSTED&NOT_VCN_MANAGED Uid: 10398 RequestorUid: 10398 RequestorPkg: com.facebook.orca UnderlyingNetworks: Null] ]] callback flags: 0 order: 2147483647 isUidTracked: false declaredMethods: AVAIL|LOST|NC
08-08 20:11:36.400  3009  3450 D ConnectivityService: NetReassign [105198 : null → 741] [c 0] [a 1] [i 1]
08-08 20:11:36.405 31177 31226 W msgr.LazyMailboxPhases: Phase transition: PRE_INIT -> START_INIT
08-08 20:11:36.411 31177 31247 E msgr.AppState: Returning default for firstRunInfo
08-08 20:11:36.416 31177 31291 W msgr.MqttDozeAwareClientWrapper: Doze mode disabled. Starting client
08-08 20:11:36.416 31177 31226 E msgr.msys: E[I Tripwire failed]MCITripwireLog(35)=>Tripwire at xplat/messenger/plugin_infra/src/MessengerPluginInfra/ffi/plugin_registry_load_function_helpers_ffi.rs:795
08-08 20:11:36.416 31177 31226 E msgr.msys: E[I Tripwire failed]MCITripwireLog(35)=>Tripwire at xplat/messenger/plugin_infra/src/MessengerPluginInfra/ffi/plugin_registry_load_function_helpers_ffi.rs:795
08-08 20:11:36.417 31177 31226 E msgr.msys: E[I Tripwire failed]MCITripwireLog(35)=>Tripwire at xplat/messenger/plugin_infra/src/MessengerPluginInfra/ffi/plugin_registry_load_function_helpers_ffi.rs:795
08-08 20:11:36.418 31177 31269 W msgr.AppInitScheduler|Schedule: Callables should only be scheduled from a running AppInit. Use another ExecutorService if you need to run async work outside an AppInit.
08-08 20:11:36.418 31177 31226 E msgr.msys: E[I Tripwire failed]MCITripwireLog(35)=>Tripwire at xplat/messenger/plugin_infra/src/MessengerPluginInfra/ffi/plugin_registry_load_function_helpers_ffi.rs:795
08-08 20:11:36.418 31177 31269 W msgr.AppInitScheduler|Schedule:   Executing async work for null: InjectHttpClient
08-08 20:11:36.423 31177 31242 W msgr.DefaultNetworkConfig: com.facebook.orca: getShouldCheckCertsInternal: true
08-08 20:11:36.424 31177 31226 W msgr.com.facebook.messenger.msys.provider.MessengerPerUserMsysMailbox: 1 callsite(s) from runWithSlimMailboxSerialized() are going to be called
08-08 20:11:36.426 31177 31229 E msgr.AppState: Returning default for firstRunInfo
08-08 20:11:36.433 31177 31226 W msgr.LazyMailboxPhases: Phase transition: START_INIT -> INITIALIZING
08-08 20:11:36.436 31177 31242 E msgr.AppState: Returning default for firstRunInfo
08-08 20:11:36.436 31177 31226 W msgr.AppInitScheduler|Run:   Finished MessengerMsysBootstrap in 1579ms
08-08 20:11:36.441 31177 31177 W SoLoader: Loading omnistore on the main thread
08-08 20:11:36.443 31177 31220 W msgr.AppInitScheduler|Run:   Finished MessengerMdCoreBootstrap in 1586ms
08-08 20:11:36.445 31177 31220 W msgr.AppInitScheduler|Schedule: Pending tasks reached zero, maybe shutting down…
08-08 20:11:36.445 31177 31220 W msgr.AppInitScheduler|Run: All work finished.
08-08 20:11:36.448 31177 31296 W m.facebook.orca: JNI RegisterNativeMethods: attempt to register 0 native methods for com.facebook.msys.mci.AuthDataContext
08-08 20:11:36.450 31177 31177 W m.facebook.orca: JNI RegisterNativeMethods: attempt to register 0 native methods for com.facebook.omnistore.OmnistoreCollectionFrontendHolder
08-08 20:11:36.452 31177 31285 E msgr.msys: E[N mns:DGWClient]_OnResolverSuccess(359)=>Cache refresh succeeded with system DNS resolver. IP count: 1
08-08 20:11:36.480  3009  3450 D ConnectivityService: NetReassign [no changes] [c 0] [a 1] [i 1]
08-08 20:11:36.497  3979  4446 D CommonApp-741-10495: transport layer data is invalid
08-08 20:11:36.514 31177 31242 W msgr.AdvancedCryptoTransport: [not an error] Calling MailboxAdvancedCryptoTransport.login() shouldUseMEMLogin=true
08-08 20:11:36.517 31177 31242 E msgr.msys: E[C MCAMailboxAdvancedCryptoTransport]MCAMailboxAdvancedCryptoTransportLoginSlim(1941)=>MCAMailboxAdvancedCryptoTransportLoginSlim
08-08 20:11:36.534 25458 25458 D BoundBrokerSvc: onBind: Intent { act=com.google.android.gms.auth.blockstore.service.START dat=chimera-action:/... cmp=com.google.android.gms/.chimera.GmsApiService mCallingUid=10398 }
08-08 20:11:36.534 25458 25458 D BoundBrokerSvc: Loading bound service for intent: Intent { act=com.google.android.gms.auth.blockstore.service.START dat=chimera-action:/... cmp=com.google.android.gms/.chimera.GmsApiService mCallingUid=10398 }
08-08 20:11:36.538  1416 10610 I WifiHAL : event received NL80211_CMD_VENDOR, vendor_id = 0x1374, subcmd = 0xd
08-08 20:11:36.540  2259  2259 I cnss-daemon: nl80211 response handler invoked
08-08 20:11:36.540  2259  2259 I cnss-daemon: nl80211_response_handler: cmd 103, vendorID 4980, subcmd 13  received
08-08 20:11:36.589 25458 25895 W OplusExSystemServiceHelper: checkOplusExSystemService intent getComponent is null
08-08 20:11:36.608 25458 25895 W OplusExSystemServiceHelper: checkOplusExSystemService intent getComponent is null
08-08 20:11:36.635 28665 28665 V AutofillManager: requestHideFillUi(null): anchor = null
08-08 20:11:36.636  3009  4853 I InputDispatcher: injectInputEvent: targetUid=<not set>, syncMode=WAIT_FOR_FINISHED, timeout=30000ms, policyFlags=0x8000000, event=MotionEvent { action=UP, id[0]=0, x[0]=610, y[0]=1542, eventTime=542891238000000, downTime=542891238000000, deviceId=4, source=TOUCHSCREEN, displayId=0, eventId=0xe6138f6b}
08-08 20:11:36.637 28665 28665 I Choreographer: Skipped 76 frames!  The application may be doing too much work on its main thread.
08-08 20:11:36.639  3009  4853 E InputDispatcher: Inconsistent event: MotionEvent { action=UP, id[0]=0, x[0]=610, y[0]=1542, eventTime=542891238000000, downTime=542891238000000, deviceId=4, source=TOUCHSCREEN, displayId=0, eventId=0xe6138f6b}, reason: Injection on 0: Got ACTION_UP, but we have pointers: {1, 0} for device DeviceId(-1)
08-08 20:11:36.641  3009  3719 D UAH-UahAdaptHelper: adaptSetNotification identity = OplusUAwareInputHelpersrc = 1000 , type 1 ,p1 = -1 ,p2 = -1 ,p3 = -1 ,p4 =
08-08 20:11:36.641  3009  3719 I [UAH_CLIENT]: uahRuleCtl, ruleId:1000, status:1
08-08 20:11:36.642  4088  4088 D AnimSeqTimeStamp: getTimeGapToLastStartAppTime: 542892461
08-08 20:11:36.656 31177 31316 D omnistore_android_logger: AlarmManager::mainLoop calling alarm callbacks. There are total 0 scheduled tasks, and about to trigger 0 tasks (first task is N/A), then sleep for 43199999 ms
08-08 20:11:36.694 31177 31309 I omnistore_android_logger: Client sending unsubscribe request for collection: messenger_montage_non_user:100010325258311_ambgeO1IrWOGc
08-08 20:11:36.698 31177 31309 I omnistore_android_logger: Client sending unsubscribe request for collection: messenger_montage_v2:100010325258311_ambgeO1IrWOGc
08-08 20:11:36.701 31177 31309 I omnistore_android_logger: Client sending unsubscribe request for collection: messenger_contacts_android_v2:100010325258311_ambgeO1IrWOGc
08-08 20:11:36.703 31177 31309 D omnistore_android_logger: DebouncingRateLimiter attempting event SyncProtocol::onConnectionEstablished
08-08 20:11:36.704 31177 31309 D omnistore_android_logger: Event not rate limited: SyncProtocol::onConnectionEstablished
08-08 20:11:36.704 31177 31309 D omnistore_android_logger: SyncProtocol calling onConnectionEstablished callbacks
08-08 20:11:36.704 31177 31309 D omnistore_android_logger: Removing all queue based subscriptions from rewire state
08-08 20:11:36.706 31177 31309 D omnistore_android_logger: SendQueue::onConnectionEstablished: sending 0 transaction(s)
08-08 20:11:36.707 31177 31318 D omnistore_android_logger: SubscriptionManager::onConnectionEstablished is called back
08-08 20:11:36.711 31177 31318 I omnistore_android_logger: SubscriptionManager skipping connect message.
08-08 20:11:36.789 31177 31329 E msgr.msys: E[I Tripwire failed]MCITripwireLog(35)=>Tripwire at xplat/messenger/plugin_infra/src/MessengerPluginInfra/ffi/plugin_registry_load_function_helpers_ffi.rs:795
08-08 20:11:36.790  1479  1567 D BatteryChargeControl: bcc get no support from charging protocol
08-08 20:11:36.811 31177 31326 E msgr.msys: E[N mns:TigonMNS]_OnResolverSuccess(359)=>Cache refresh succeeded with system DNS resolver. IP count: 1
08-08 20:11:36.813 31177 31296 E msgr.msys: E[I Tripwire failed]MCITripwireLog(35)=>Tripwire at xplat/messenger/plugin_infra/src/MessengerPluginInfra/ffi/plugin_registry_load_function_helpers_ffi.rs:795
08-08 20:11:36.949   896   896 E lowmemorykiller: device memory 244139 free 28549 file 219734
08-08 20:11:36.950   896   896 E lowmemorykiller: device memory 244195 free 28675 file 219538
08-08 20:11:36.950  3009  3712 I Osense-PsiDetector: 953,112,2671,4607,43,133,91,568,1182,273,583,0,4,5760
08-08 20:11:36.953  3009  3705 I Osense-BaseDecisionMaker: notifySceneToAthenaPolicy: SCENE_RES_MEM_PSI_NORMAL, bundle: Bundle[{memLevel=4}]
08-08 20:11:36.957  1479  5654 D charge_time: type=cdp/dcp,reserve_soc=1,soc=61,ui_soc=62,current=1045,avg=801,not_chg_cnt=0,stable_cnt=7,fcc=4423,fcc_ratio=92,delta=72,debug=0,region=12,ttf=7332(02:02:12),ui_ttf=5053(01:24:13)
08-08 20:11:36.960  3009  3705 I Osense-BaseDecisionMaker: scene: SCENE_RES_MEM_PSI_NORMAL, excutingPolicy: clear
08-08 20:11:36.961  3009  3705 D Osense-BaseDecisionMaker: invoke clear policy,type: cached
08-08 20:11:36.962  3009  3705 I Osense-BaseDecisionMaker: notifySceneToAthenaPolicy: SCENE_RES_MEM_PSI_LEAK, bundle: Bundle[{memLevel=4}]
08-08 20:11:36.962  3009  3710 I OsenseKillAction: KillAction: [atomic clean] start name=lowmem, requestId=122386, startAvail=955, startFreeMB=118, purposeAvailMB=1200, purposeFreeMB=-1, anonRssTarget=245, minBgCount=0, swapTarget=0, scene=SCENE_RES_MEM_PSI_NORMAL, type=cached, qb=false, cchOnly=true, urgency=false, hoggingCpuPids={}, invalid-cnt=0
08-08 20:11:36.970  3009  3710 I OsenseKillAction: KillAction: group process done, total=2ms, firstLoop=1ms, updateProcessInfo=1ms, idleList=0ms, curBg=3
08-08 20:11:36.970  3009  3710 I OsenseKillAction: scanCchEmptyProc: +++++++ start double check +++++++
08-08 20:11:36.970  3009  3710 I OsenseKillAction: scanCchEmptyProc: cch check done: killablePss=0kb, killableAnonRss=0mb, time=0ms, candidate cnt: 0
08-08 20:11:36.971  3009  3710 I OsenseKillAction: scanNonUiProc: ----------start check non ui proc-----------
08-08 20:11:36.971  3009  3710 I OsenseKillAction: scanNonUiProc: done check non ui proc: killablePss=0kb, killableAnonRss=0mb, time=0ms, collected proc num: 0
08-08 20:11:36.971  3009  3710 I OsenseKillAction: scanOomAdj: skip scan oom adj for lowmem
08-08 20:11:36.971  3009  3710 I OsenseKillAction: scanAllProc: skip scan all proc for lowmem
08-08 20:11:36.971  3009  3710 I OsenseKillAction: KillAction: done execute kill, pi2app=0ms, monitor=0ms, kill=0ms, total=0ms, kill cnt=0, local cnt=0
08-08 20:11:36.971  3009  3710 I OsenseKillAction: KillAction: [atomic clean] end requestId=122386, endAvail=955mb, reclaimed: [pss=0mb, anonRss=0mb, swap=0mb, mem=0mb, Rss=0mb], timing: [total=9ms, update=2ms, readMem=3ms, group=2ms, cch=0ms, nonUi=0ms, oomadj=0ms, allProc=0ms, monitor=0ms, kill=0ms], sysinfo: [bgcount=3]
08-08 20:11:36.971  3009  3710 I OsenseKillAction: KillAction: 245mb more anonRss to reclaim, 0mb more swapMb to reclaim, <skip> mem guard, cur avail=955mb, bundle: Bundle[{appcareThreshold=0, triggerMemory=1000, qbmode=false, memLevel=4, type=cached, level=1, scene=SCENE_RES_MEM_PSI_NORMAL, requestId=122386, purposeMemory=1200}]
08-08 20:11:37.051   896   896 E lowmemorykiller: device memory 245945 free 36173 file 214501
08-08 20:11:37.084  3009  3611 D OAppNetControlService: Hans update:[10290=false][0|0] blackList:[10334]
08-08 20:11:37.089  3009  3282 I OplusHansManager : unfreeze uid: 10290 com.fitbit.FitbitMobile pids: [30017] reason: Job scene: LcdOn
08-08 20:11:37.092  3009  3998 I OplusHansManager : uid=10290, pkg=com.fitbit.FitbitMobile F exit(), F stay=33, reason=Job
08-08 20:11:37.099  3009  4015 I OplusHansManager : up_BC uid=10290 pkg=com.fitbit.FitbitMobile
08-08 20:11:37.100  3009  4015 I OplusBinderProxy: proxyBinder uid: 10290 pkg: com.fitbit.FitbitMobile proxy: false calling: OFreezer
08-08 20:11:37.151   896   896 E lowmemorykiller: device memory 245005 free 34675 file 215169
08-08 20:11:37.226 31177 31232 W m.facebook.orca: JNI RegisterNativeMethods: attempt to register 0 native methods for com.facebook.pando.PandoDataJNI
08-08 20:11:37.252   896   896 E lowmemorykiller: device memory 243171 free 32121 file 215889
08-08 20:11:37.269 31177 31296 E msgr.msys: E[M [not an error]]_KickOffAuxiliaryDBBootstrapFromMailboxCreation(2337)=>Calling `MCIAuxiliaryDBManagementBootstrap` from Mailbox creation
08-08 20:11:37.269 31177 31296 E msgr.msys: E[D [not an error] MemMciAuxDbManagement]_MCIAuxiliaryDBManagementBootstrap(1892)=>In `Bootstrap`: Will bootstrap for db type 2 because it does not require transfer
08-08 20:11:37.270 31177 31296 E msgr.msys: E[D [not an error] MemMciAuxDbManagement]_MCIAuxiliaryDBManagementBootstrap(1892)=>In `Bootstrap`: Will bootstrap for db type 5 because it does not require transfer
08-08 20:11:37.271 31177 31296 E msgr.msys: E[D [not an error] MemMciAuxDbManagement]_MCIAuxiliaryDBManagementBootstrap(1892)=>In `Bootstrap`: Will bootstrap for db type 1 because it does not require transfer
08-08 20:11:37.271 31177 31296 E msgr.msys: E[D [not an error] MemMciAuxDbManagement]_MCIAuxiliaryDBManagementBootstrap(1892)=>In `Bootstrap`: Will bootstrap for db type 3 because it does not require transfer
08-08 20:11:37.340 31177 31198 W msgr.AppInitScheduler|Run: DeadlockMonitor exiting.
08-08 20:11:37.349 31177 31329 E msgr.msys: E[M [not an error]]_MCAMailboxDatabaseInitialized(1627)=>calling `MCIAuxiliaryDBManagementBootstrapAndTransfer` in main database initialized callback
08-08 20:11:37.350 31177 31329 E msgr.msys: E[D [not an error] MemMciAuxDbManagement]_MCIAuxiliaryDBManagementBootstrap(1870)=>In `BootstrapAndTransfer`: Skipping bootstrap for db type 2 because it does not require transfer
08-08 20:11:37.350 31177 31329 E msgr.msys: E[D [not an error] MemMciAuxDbManagement]_MCIAuxiliaryDBManagementBootstrap(1870)=>In `BootstrapAndTransfer`: Skipping bootstrap for db type 5 because it does not require transfer
08-08 20:11:37.350 31177 31329 E msgr.msys: E[D [not an error] MemMciAuxDbManagement]_MCIAuxiliaryDBManagementBootstrap(1870)=>In `BootstrapAndTransfer`: Skipping bootstrap for db type 1 because it does not require transfer
08-08 20:11:37.351 31177 31329 E msgr.msys: E[D [not an error] MemMciAuxDbManagement]_MCIAuxiliaryDBManagementBootstrap(1870)=>In `BootstrapAndTransfer`: Skipping bootstrap for db type 3 because it does not require transfer
08-08 20:11:37.352 31177 31296 E msgr.msys: E[C MCAMailboxAdvancedCryptoTransport]MCAMailboxAdvancedCryptoTransportLogin(1695)=>MCAMailboxAdvancedCryptoTransportLogin
08-08 20:11:37.353   896   896 E lowmemorykiller: device memory 241272 free 28304 file 217807
08-08 20:11:37.355 31177 31296 E msgr.msys: E[C MCAMailboxAdvancedCryptoTransport]_MailboxLoginCallback(1522)=>_MailboxLoginCallback
08-08 20:11:37.357 31177 31296 E msgr.msys: E[I Tripwire failed]MCITripwireLog(35)=>Tripwire at xplat/messenger/plugin_infra/src/MessengerPluginInfra/ffi/plugin_registry_load_function_helpers_ffi.rs:795
08-08 20:11:37.358 31177 31296 E msgr.msys: E[I Tripwire failed]MCITripwireLog(35)=>Tripwire at xplat/messenger/plugin_infra/src/MessengerPluginInfra/ffi/plugin_registry_load_function_helpers_ffi.rs:795
08-08 20:11:37.362 31177 31296 W msgr.AdvancedCryptoTransport: Login type is USING_MEM_LOGIN
08-08 20:11:37.364 31177 31331 E msgr.PlatformStorageProvider: unsupported value type when platformStorageSaveValue was called
08-08 20:11:37.370  1299 10375 E TetherController: property_get sys.radio.data.modem_share_flag return 0, 1!
08-08 20:11:37.385 31177 31331 E msgr.msys: E[C mem.context]_ConnectAndSetUpConnectionStatesOnExecutionContext(2998)=>[INFO]connect/allowed
08-08 20:11:37.387 31177 31291 E msgr.msys: E[C MEMConnectionManager]__ConnectIfNeededOnNetworkContextAsyncImpl(1274)=>[Critical] Call WCCConnectionConnect with event id: 1
08-08 20:11:37.387 31177 31296 W msgr.LazyMailboxPhases: Phase transition: INITIALIZING -> READY
08-08 20:11:37.388 31177 31291 E msgr.msys: E[N WCCConnectionMEM]_WCCConnectionMEMEmitStateChange(3230)=>[INFO] connection/new_state/connecting [connection_id=610530898, wcc_source=0, wcc_reason=0]
08-08 20:11:37.389 31177 31291 E msgr.msys: E[C MEMConnectionManager]_MEMConnectionManagerStateChangeHandler(638)=>[Critical] MEMConnectionState updated to ID: 1 with connectionId: 610530898
08-08 20:11:37.394  3009  5276 D ConnectivityService: requestNetwork for uid/pid:10398/31177 activeRequest: null callbackRequest: 105201 [NetworkRequest [ TRACK_DEFAULT id=105202, [ Capabilities: INTERNET&NOT_RESTRICTED&TRUSTED&NOT_VCN_MANAGED&NOT_BANDWIDTH_CONSTRAINED Uid: 10398 RequestorUid: 10398 RequestorPkg: com.facebook.orca UnderlyingNetworks: Null] ], NetworkRequest [ REQUEST id=105203, [ Transports: SATELLITE Capabilities: INTERNET&NOT_RESTRICTED&TRUSTED&NOT_VCN_MANAGED Uid: 10398 RequestorUid: 10398 RequestorPkg: com.facebook.orca UnderlyingNetworks: Null] ]] callback flags: 0 order: 2147483647 isUidTracked: false declaredMethods: AVAIL|BLK
08-08 20:11:37.404  3009  3450 D ConnectivityService: NetReassign [105202 : null → 741] [c 0] [a 2] [i 6]
08-08 20:11:37.408 31177 31331 E msgr.msys: E[C mem.context]_LogNetworkStateUpdate(7866)=>[Critical] network_state/prev/0/new/1/source/1
08-08 20:11:37.410 31177 31331 E msgr.msys: E[C MEMConnectionManager]_NetworkConnectedConnectionEventHandler(1577)=>[Debug] Start _NetworkConnectedConnectionEventHandler.
08-08 20:11:37.413 31177 31331 E msgr.msys: E[C MEMConnectionManager]_NetworkConnectedConnectionEventHandler(1587)=>[Debug] End _NetworkConnectedConnectionEventHandler.
08-08 20:11:37.415 31177 31291 E msgr.msys: E[N WCCConnectionMEM]_WCCConnectionMEMDoConnectWithAuthKeys(1576)=>[INFO] connection/connect/start/[host=chat-e2ee-mini.facebook.com port=5222]/[102.132.97.32:5222]/socketAddressCount=1
08-08 20:11:37.418 31177 31291 E msgr.msys: E[N WCCConnectionMEM]_WCCConnectionMEMLifecycleEventHandler(2206)=>[INFO] connection/xmpp/lifecycle_event/will-connect
08-08 20:11:37.418 31177 31291 E msgr.msys: E[A WA]WCCHandshakeCreate(191)=>handshake/create, pq mode:0
08-08 20:11:37.422 31177 31296 W msgr.com.facebook.messenger.msys.provider.MessengerPerUserMsysMailbox: 0 callsite(s) from runWithMailboxSerialized() are going to be called
08-08 20:11:37.426 31177 31291 E msgr.msys: E[N WCCConnectionMEM]_WCCConnectionMEMLifecycleEventHandler(2214)=>[INFO] connection/xmpp/lifecycle_event/did-connect, [0.0078s]
08-08 20:11:37.428 31177 31296 E msgr.msys: E[ADNSUCTIMHO WA]WPTTimerImplScheduleSet(109)=>WPTTimerImplInMemory/negative_timer_delay current:807901897.00, execute:807901886.00 device current:807901897.43 key: message_persistence_store_periodic_messages_backup_60
08-08 20:11:37.429 31177 31331 E msgr.msys: E[C mem.context]_DozeModeChangedCallback(8319)=>[INFO] Android DozeModeChanged/0
08-08 20:11:37.430 31177 31331 E msgr.msys: E[C mem.context]_LogNetworkStateUpdate(7866)=>[Critical] network_state/prev/1/new/1/source/0
08-08 20:11:37.431 31177 31331 E msgr.msys: E[C MEMConnectionManager]_NetworkConnectedConnectionEventHandler(1577)=>[Debug] Start _NetworkConnectedConnectionEventHandler.
08-08 20:11:37.433 31177 31291 E msgr.msys: E[N WCCConnectionMEM]_WCCConnectionMEMLifecycleEventHandler(2214)=>[INFO] connection/xmpp/lifecycle_event/did-send-initial-payload, [0.0067s]
08-08 20:11:37.433 31177 31331 E msgr.msys: E[C MEMConnectionManager]_NetworkConnectedConnectionEventHandler(1587)=>[Debug] End _NetworkConnectedConnectionEventHandler.
08-08 20:11:37.439 31177 31296 E msgr.AppState: Returning default for firstRunInfo
08-08 20:11:37.457   896   896 E lowmemorykiller: device memory 240927 free 26864 file 218893
08-08 20:11:37.464 31177 31329 E msgr.msys: E[O MSync]ModularSyncService_rust_impl::dispatch_ffi::send_sync_request(651)=>Failed to fetch request parameters for sync group -1
08-08 20:11:37.465 31177 31329 E msgr.MSync: Failed to fetch request parameters for sync group -1
08-08 20:11:37.505 28665 28672 I hypernova.phone: Background concurrent mark compact GC freed 13MB AllocSpace bytes, 0(0B) LOS objects, 49% free, 13MB/26MB, paused 599us,3.292ms total 102.351ms
08-08 20:11:37.521  3979  4446 D CommonApp-741-10495: transport layer data is invalid
08-08 20:11:37.534 31177 31291 E msgr.msys: E[N WCCConnectionMEM]_WCCConnectionMEMLifecycleEventHandler(2214)=>[INFO] connection/xmpp/lifecycle_event/will-handshake, [0.1005s]
08-08 20:11:37.537 31177 31291 E msgr.msys: E[N WCCConnectionMEM]_WCCConnectionMEMLifecycleEventHandler(2214)=>[INFO] connection/xmpp/lifecycle_event/did-handshake, [0.0016s]
08-08 20:11:37.556 31177 31329 E msgr.msys: E[O MSync]ModularSyncService_rust_impl::dispatch_ffi::send_sync_request(651)=>Failed to fetch request parameters for sync group -1
08-08 20:11:37.557 31177 31329 E msgr.MSync: Failed to fetch request parameters for sync group -1
08-08 20:11:37.557   896   896 E lowmemorykiller: device memory 242038 free 27874 file 219032
08-08 20:11:37.577 31177 31291 E msgr.msys: E[N WCCConnectionMEM]_WCCConnectionMEMReceiveHandler(2386)=>[INFO] connection/receive/login-success
08-08 20:11:37.578 31177 31291 E msgr.msys: E[N WCCConnectionMEM]_WCCConnectionMEMEmitStateChange(3230)=>[INFO] connection/new_state/connected [connection_id=610530898, wcc_source=0, wcc_reason=0]
08-08 20:11:37.578 31177 31291 E msgr.msys: E[C MEMConnectionManager]_MEMConnectionManagerStateChangeHandler(638)=>[Critical] MEMConnectionState updated to ID: 2 with connectionId: 610530898
08-08 20:11:37.607 31177 31329 E msgr.MDCoreSyncEngineRouter: Unknown event type: SUBSCRIPTION_STATE_CHANGED
08-08 20:11:37.658   896   896 E lowmemorykiller: device memory 241657 free 27307 file 219218
08-08 20:11:37.761   896   896 E lowmemorykiller: device memory 240650 free 26299 file 219219
08-08 20:11:37.792  1479  1567 D BatteryChargeControl: bcc get no support from charging protocol
08-08 20:11:37.857 31177 31234 W msgr.MultiSignalANRDetectorLacrima: Pausing error state checks
08-08 20:11:37.863   896   896 E lowmemorykiller: device memory 240079 free 25710 file 219237
08-08 20:11:37.960  1479  5654 D charge_time: type=cdp/dcp,reserve_soc=1,soc=61,ui_soc=62,current=710,avg=794,not_chg_cnt=0,stable_cnt=7,fcc=4423,fcc_ratio=92,delta=73,debug=0,region=12,ttf=7389(02:03:09),ui_ttf=5052(01:24:12)
08-08 20:11:37.964   896   896 E lowmemorykiller: device memory 239633 free 25017 file 219484
08-08 20:11:37.973 28665 28665 D ViewRootImplExtImpl: the up motion event handled by client, just return
08-08 20:11:37.973 28665 28665 I Choreographer: Skipped 79 frames!  The application may be doing too much work on its main thread.
08-08 20:11:37.989   896   896 E lowmemorykiller: device memory 239651 free 25017 file 219502
08-08 20:11:37.992  3009  3712 I Osense-PsiDetector: 936,97,2676,4607,42,133,91,572,1186,278,579,0,4,5749
08-08 20:11:37.994  3009  3705 I Osense-BaseDecisionMaker: notifySceneToAthenaPolicy: SCENE_RES_MEM_PSI_NORMAL, bundle: Bundle[{memLevel=4}]
08-08 20:11:37.999 28665 29931 I HWUI    : Davey! duration=2637ms; Flags=0, FrameTimelineVsyncId=160669466, IntendedVsync=542891162276292, Vsync=542892442022888, InputEventId=-948037985, HandleInputStart=542892457176026, AnimationStart=542892457180922, PerformTraversalsStart=542892459269203, DrawStart=542893466560505, FrameDeadline=542891195564668, FrameInterval=542892456216703, FrameStartTime=16838771, SyncQueued=542893780866286, SyncStart=542893781037901, IssueDrawCommandsStart=542893791244724, SwapBuffers=542893794366807, FrameCompleted=542893800386807, DequeueBufferDuration=82656, QueueBufferDuration=643073, GpuCompleted=542893800386807, SwapBuffersCompleted=542893795665661, DisplayPresentTime=0, CommandSubmissionCompleted=542893794366807, 
08-08 20:11:38.002  3009  3705 I Osense-BaseDecisionMaker: scene: SCENE_RES_MEM_PSI_NORMAL, excutingPolicy: clear
08-08 20:11:38.002 28665 28665 I oplus.android.OplusFrameworkFactoryImpl: get feature:IOplusDynamicVsyncFeature
08-08 20:11:38.002 28665 28665 I oplus.android.OplusFrameworkFactoryImpl: get feature:IOplusDynamicVsyncFeature
08-08 20:11:38.002 28665 28665 I oplus.android.OplusFrameworkFactoryImpl: get feature:IOplusDynamicVsyncFeature
08-08 20:11:38.003  3009  3705 D Osense-BaseDecisionMaker: invoke clear policy,type: cached
08-08 20:11:38.003  3009  3705 I Osense-BaseDecisionMaker: notifySceneToAthenaPolicy: SCENE_RES_MEM_PSI_LEAK, bundle: Bundle[{memLevel=4}]
08-08 20:11:38.004  3009  3710 I OsenseKillAction: KillAction: [atomic clean] start name=lowmem, requestId=122387, startAvail=935, startFreeMB=97, purposeAvailMB=1200, purposeFreeMB=-1, anonRssTarget=265, minBgCount=0, swapTarget=0, scene=SCENE_RES_MEM_PSI_NORMAL, type=cached, qb=false, cchOnly=true, urgency=false, hoggingCpuPids={}, invalid-cnt=1
08-08 20:11:38.005  3009  3710 I OsenseKillAction: KillAction: [atomic clean] end: skip for no-killable-cached-process
08-08 20:11:38.005  3009  3710 I OsenseKillAction: KillAction: 265mb more anonRss to reclaim, 0mb more swapMb to reclaim, <skip> mem guard, cur avail=0mb, bundle: Bundle[{appcareThreshold=0, triggerMemory=1000, qbmode=false, memLevel=4, type=cached, level=1, scene=SCENE_RES_MEM_PSI_NORMAL, requestId=122387, purposeMemory=1200}]
08-08 20:11:38.005 31177 31296 W msgr.AdvancedCryptoTransportNotificationServiceLauncher: Ignore service stop. Service not started.
08-08 20:11:38.037  3009  4853 I InputDispatcher: injectInputEvent: targetUid=<not set>, syncMode=WAIT_FOR_FINISHED, timeout=30000ms, policyFlags=0x8000000, event=MotionEvent { action=DOWN, id[0]=0, x[0]=270, y[0]=1542, eventTime=542893856000000, downTime=542893856000000, deviceId=4, source=TOUCHSCREEN, displayId=0, eventId=0xf45a5b3e}
08-08 20:11:38.040  3009  4853 E InputDispatcher: Inconsistent event: MotionEvent { action=DOWN, id[0]=0, x[0]=270, y[0]=1542, eventTime=542893856000000, downTime=542893856000000, deviceId=4, source=TOUCHSCREEN, displayId=0, eventId=0xf45a5b3e}, reason: Injection on 0: Invalid DOWN event - pointers already down for device DeviceId(-1): {DeviceId(-1): {1, 0}}
08-08 20:11:38.042  3680  4525 I SystemUi--NavBar: NoBackGesture-->display_id_0 Start gesture: MotionEvent { action=ACTION_DOWN, actionButton=0, id[0]=0, x[0]=270.0, y[0]=1542.0, toolType[0]=TOOL_TYPE_FINGER, buttonState=0, classification=NONE, metaState=0, flags=0x0, edgeFlags=0x0, pointerCount=1, historySize=0, eventTime=542893856, downTime=542893856, deviceId=-1, source=0x1002, displayId=0, eventId=-195404994 }
08-08 20:11:38.042  4088  4088 D AnimSeqTimeStamp: getTimeGapToLastStartAppTime: 542893861
08-08 20:11:38.042  3680  4525 I SystemUi--NavBar: NoBackGesture-->display_id_0 Not in side gesture area
08-08 20:11:38.042  4088  4088 I OplusBaseTouchInteractionService: onInputEvent(), ACTION_DOWN, Consumer=TYPE_NO_OP
08-08 20:11:38.043  3009  3566 D OGG_Detector: D:done mCurrStatus: 0
08-08 20:11:38.043  3009  3719 I [UAH_CLIENT]: UahEventAcquire, cmdid:37, pkg:none, identity:OplusUAwareInputHelper
08-08 20:11:38.043  3009  3127 D PowerManagerService: userActivityNoUpdateLocked: groupId=0, eventTime=542893856, event=touch, flags=0x0, uid=1000
08-08 20:11:38.044  3009  3719 D UAH-UahAdaptHelper: adaptSetNotification identity = OplusUAwareInputHelpersrc = 1000 , type 0 ,p1 = -1 ,p2 = -1 ,p3 = -1 ,p4 =
08-08 20:11:38.045  3009  3719 I [UAH_CLIENT]: uahRuleCtl, ruleId:1000, status:0
08-08 20:11:38.063   896   896 E lowmemorykiller: device memory 239508 free 24831 file 219545
08-08 20:11:38.166   896   896 E lowmemorykiller: device memory 239510 free 24831 file 219547
08-08 20:11:38.274  3009  3442 D WifiStaIfaceHidlImpl: getCachedScanData is not implemented by HIDL
08-08 20:11:38.283  4047  4047 D VendorWifiService: onEvent event:9,action:1
08-08 20:11:38.284  3009  3545 D OplusWifiPower_TriggerCenter: mComponentCallback: wifistat
08-08 20:11:38.363 28665 28665 V AutofillManager: requestHideFillUi(null): anchor = null
08-08 20:11:38.364  3009  4853 I InputDispatcher: injectInputEvent: targetUid=<not set>, syncMode=WAIT_FOR_FINISHED, timeout=30000ms, policyFlags=0x8000000, event=MotionEvent { action=UP, id[0]=0, x[0]=270, y[0]=1542, eventTime=542893856000000, downTime=542893856000000, deviceId=4, source=TOUCHSCREEN, displayId=0, eventId=0xd613b76a}
08-08 20:11:38.367   896   896 E lowmemorykiller: device memory 239189 free 24463 file 219594
08-08 20:11:38.369  3009  4853 E InputDispatcher: Inconsistent event: MotionEvent { action=UP, id[0]=0, x[0]=270, y[0]=1542, eventTime=542893856000000, downTime=542893856000000, deviceId=4, source=TOUCHSCREEN, displayId=0, eventId=0xd613b76a}, reason: Injection on 0: Got ACTION_UP, but we have pointers: {1, 0} for device DeviceId(-1)
08-08 20:11:38.370  4088  4088 D AnimSeqTimeStamp: getTimeGapToLastStartAppTime: 542894189
08-08 20:11:38.371  3009  3719 D UAH-UahAdaptHelper: adaptSetNotification identity = OplusUAwareInputHelpersrc = 1000 , type 1 ,p1 = -1 ,p2 = -1 ,p3 = -1 ,p4 =
08-08 20:11:38.371  3009  3719 I [UAH_CLIENT]: uahRuleCtl, ruleId:1000, status:1
08-08 20:11:38.390  1299 10375 E TetherController: property_get sys.radio.data.modem_share_flag return 0, 1!
08-08 20:11:38.397 30037 30037 W soft_error.cpp: [pando::graphql::PandoGraphQLRequestHybrid::assertValid] : Using a PandoGraphQLRequest after it has been consumed. Query name is IGSharedAccountsQuery
08-08 20:11:38.417  3680  3902 I SystemUi--Statusbar: OplusNetworkSpeedControllExImpl-->updateNetworkSpeed: isConnected:true,isSwitchOn:true
08-08 20:11:38.431  3680  3902 I SystemUi--Statusbar: OplusNetworkSpeedControllExImpl-->getTotalByte: totalRxBytes:29285890496,totalTxBytes:2707945621,loopbackTxBytes:6855597,loopbackRxBytes:6855597 ,totalBytes:31980124923
08-08 20:11:38.469   896   896 E lowmemorykiller: device memory 238622 free 23770 file 219720
08-08 20:11:38.544  1416 10610 I WifiHAL : event received NL80211_CMD_VENDOR, vendor_id = 0x1374, subcmd = 0xd
08-08 20:11:38.544  2259  2259 I cnss-daemon: nl80211 response handler invoked
08-08 20:11:38.544  2259  2259 I cnss-daemon: nl80211_response_handler: cmd 103, vendorID 4980, subcmd 13  received
08-08 20:11:38.546  3979  4446 D CommonApp-741-10495: transport layer data is invalid
08-08 20:11:38.582 28665 28665 D ViewRootImplExtImpl: the up motion event handled by client, just return
08-08 20:11:38.592 28665 28665 I oplus.android.OplusFrameworkFactoryImpl: get feature:IOplusDynamicVsyncFeature
08-08 20:11:38.593 28665 28665 I oplus.android.OplusFrameworkFactoryImpl: get feature:IOplusDynamicVsyncFeature
08-08 20:11:38.593 28665 28665 I oplus.android.OplusFrameworkFactoryImpl: get feature:IOplusDynamicVsyncFeature
08-08 20:11:38.656  3009  4853 I InputDispatcher: injectInputEvent: targetUid=<not set>, syncMode=WAIT_FOR_FINISHED, timeout=30000ms, policyFlags=0x8000000, event=MotionEvent { action=DOWN, id[0]=0, x[0]=610, y[0]=1542, eventTime=542894475000000, downTime=542894475000000, deviceId=4, source=TOUCHSCREEN, displayId=0, eventId=0xf0198e1a}
08-08 20:11:38.658  3009  4853 E InputDispatcher: Inconsistent event: MotionEvent { action=DOWN, id[0]=0, x[0]=610, y[0]=1542, eventTime=542894475000000, downTime=542894475000000, deviceId=4, source=TOUCHSCREEN, displayId=0, eventId=0xf0198e1a}, reason: Injection on 0: Invalid DOWN event - pointers already down for device DeviceId(-1): {DeviceId(-1): {1, 0}}
08-08 20:11:38.660 28665 28665 V AutofillManager: requestHideFillUi(null): anchor = null
08-08 20:11:38.661  3009  3719 I [UAH_CLIENT]: UahEventAcquire, cmdid:37, pkg:none, identity:OplusUAwareInputHelper
08-08 20:11:38.661  3009  3566 D OGG_Detector: D:done mCurrStatus: 0
08-08 20:11:38.660  4088  4088 D AnimSeqTimeStamp: getTimeGapToLastStartAppTime: 542894479
08-08 20:11:38.663  3009  3719 D UAH-UahAdaptHelper: adaptSetNotification identity = OplusUAwareInputHelpersrc = 1000 , type 0 ,p1 = -1 ,p2 = -1 ,p3 = -1 ,p4 =
08-08 20:11:38.661  3680  4525 I SystemUi--NavBar: NoBackGesture-->display_id_0 Start gesture: MotionEvent { action=ACTION_DOWN, actionButton=0, id[0]=0, x[0]=610.0, y[0]=1542.0, toolType[0]=TOOL_TYPE_FINGER, buttonState=0, classification=NONE, metaState=0, flags=0x0, edgeFlags=0x0, pointerCount=1, historySize=0, eventTime=542894475, downTime=542894475, deviceId=-1, source=0x1002, displayId=0, eventId=-266760678 }
08-08 20:11:38.663  3009  3719 I [UAH_CLIENT]: uahRuleCtl, ruleId:1000, status:0
08-08 20:11:38.663  3680  4525 I SystemUi--NavBar: NoBackGesture-->display_id_0 Not in side gesture area
08-08 20:11:38.663  4088  4088 I OplusBaseTouchInteractionService: onInputEvent(), ACTION_DOWN, Consumer=TYPE_NO_OP
08-08 20:11:38.665  3009  3127 D PowerManagerService: userActivityNoUpdateLocked: groupId=0, eventTime=542894475, event=touch, flags=0x0, uid=1000
08-08 20:11:38.666  3009  4853 I InputDispatcher: injectInputEvent: targetUid=<not set>, syncMode=WAIT_FOR_FINISHED, timeout=30000ms, policyFlags=0x8000000, event=MotionEvent { action=UP, id[0]=0, x[0]=610, y[0]=1542, eventTime=542894475000000, downTime=542894475000000, deviceId=4, source=TOUCHSCREEN, displayId=0, eventId=0xedaa1a32}
08-08 20:11:38.669  3009  4853 E InputDispatcher: Inconsistent event: MotionEvent { action=UP, id[0]=0, x[0]=610, y[0]=1542, eventTime=542894475000000, downTime=542894475000000, deviceId=4, source=TOUCHSCREEN, displayId=0, eventId=0xedaa1a32}, reason: Injection on 0: Got ACTION_UP, but we have pointers: {1, 0} for device DeviceId(-1)
08-08 20:11:38.670  4088  4088 D AnimSeqTimeStamp: getTimeGapToLastStartAppTime: 542894490
08-08 20:11:38.671 28665 28665 D ViewRootImplExtImpl: the up motion event handled by client, just return
08-08 20:11:38.671  3009  3719 D UAH-UahAdaptHelper: adaptSetNotification identity = OplusUAwareInputHelpersrc = 1000 , type 1 ,p1 = -1 ,p2 = -1 ,p3 = -1 ,p4 =
08-08 20:11:38.671  3009  3719 I [UAH_CLIENT]: uahRuleCtl, ruleId:1000, status:1
08-08 20:11:38.677 28665 28665 I oplus.android.OplusFrameworkFactoryImpl: get feature:IOplusDynamicVsyncFeature
08-08 20:11:38.677 28665 28665 I oplus.android.OplusFrameworkFactoryImpl: get feature:IOplusDynamicVsyncFeature
08-08 20:11:38.677 28665 28665 I oplus.android.OplusFrameworkFactoryImpl: get feature:IOplusDynamicVsyncFeature
08-08 20:11:38.730  3009  4853 I InputDispatcher: injectInputEvent: targetUid=<not set>, syncMode=WAIT_FOR_FINISHED, timeout=30000ms, policyFlags=0x8000000, event=MotionEvent { action=DOWN, id[0]=0, x[0]=95, y[0]=1542, eventTime=542894549000000, downTime=542894549000000, deviceId=4, source=TOUCHSCREEN, displayId=0, eventId=0xd8ef9dc9}
08-08 20:11:38.731  3009  4853 E InputDispatcher: Inconsistent event: MotionEvent { action=DOWN, id[0]=0, x[0]=95, y[0]=1542, eventTime=542894549000000, downTime=542894549000000, deviceId=4, source=TOUCHSCREEN, displayId=0, eventId=0xd8ef9dc9}, reason: Injection on 0: Invalid DOWN event - pointers already down for device DeviceId(-1): {DeviceId(-1): {1, 0}}
08-08 20:11:38.735  4088  4088 D AnimSeqTimeStamp: getTimeGapToLastStartAppTime: 542894554
08-08 20:11:38.735  3680  4525 I SystemUi--NavBar: NoBackGesture-->display_id_0 Start gesture: MotionEvent { action=ACTION_DOWN, actionButton=0, id[0]=0, x[0]=95.0, y[0]=1542.0, toolType[0]=TOOL_TYPE_FINGER, buttonState=0, classification=NONE, metaState=0, flags=0x0, edgeFlags=0x0, pointerCount=1, historySize=0, eventTime=542894549, downTime=542894549, deviceId=-1, source=0x1002, displayId=0, eventId=-655385143 }
08-08 20:11:38.735  3680  4525 I SystemUi--NavBar: NoBackGesture-->display_id_0 Not in side gesture area
08-08 20:11:38.736  3009  3566 D OGG_Detector: D:done mCurrStatus: 0
08-08 20:11:38.736  3009  3719 I [UAH_CLIENT]: UahEventAcquire, cmdid:37, pkg:none, identity:OplusUAwareInputHelper
08-08 20:11:38.737  4088  4088 I OplusBaseTouchInteractionService: onInputEvent(), ACTION_DOWN, Consumer=TYPE_NO_OP
08-08 20:11:38.738  3009  3719 D UAH-UahAdaptHelper: adaptSetNotification identity = OplusUAwareInputHelpersrc = 1000 , type 0 ,p1 = -1 ,p2 = -1 ,p3 = -1 ,p4 =
08-08 20:11:38.738  3009  3719 I [UAH_CLIENT]: uahRuleCtl, ruleId:1000, status:0
08-08 20:11:38.740 28665 29931 I HWUI    : Davey! duration=750ms; Flags=0, FrameTimelineVsyncId=160669513, IntendedVsync=542893808440871, Vsync=542894179143995, InputEventId=-195404994, HandleInputStart=542894184791494, AnimationStart=542894184795817, PerformTraversalsStart=542894185480817, DrawStart=542894331109150, FrameDeadline=542893825107537, FrameInterval=542894183904880, FrameStartTime=16850142, SyncQueued=542894393198734, SyncStart=542894393359098, IssueDrawCommandsStart=542894399972640, SwapBuffers=542894403116234, FrameCompleted=542894559467848, DequeueBufferDuration=81406, QueueBufferDuration=923333, GpuCompleted=542894559467848, SwapBuffersCompleted=542894404756286, DisplayPresentTime=0, CommandSubmissionCompleted=542894403116234, 
08-08 20:11:38.794  1479  1567 D BatteryChargeControl: bcc get no support from charging protocol
08-08 20:11:38.876  1479  1562 D vendor.oplus.hardware.charger-V6-service: ret_value:159, read content:,335,348,4083,4104,-710,1500,2200,61,62,1,6,1430,4560,62,1,0,1,1,0,0,4470,0,6,0,6,0,0,0,-2740,0,1,1,0,0,41,41,41,0,0,0,0,0,0,0,0,0,0,4,0,1,0,100,0,0,0,0,0,0,0
08-08 20:11:38.876  1479  1562 D vendor.oplus.hardware.charger-V6-service: gmtime: 2026-08-08-20-11-38
08-08 20:11:38.877  1479  1562 D vendor.oplus.hardware.charger-V6-service: usb_online:1, ac_online:0, wireless_online:-2147483648
08-08 20:11:38.967  1479  5654 D charge_time: write 5051s(01:24:11) to ttf, rc=6
08-08 20:11:38.967  1479  5654 D charge_time: type=cdp/dcp,reserve_soc=1,soc=61,ui_soc=62,current=868,avg=799,not_chg_cnt=0,stable_cnt=7,fcc=4423,fcc_ratio=92,delta=74,debug=0,region=12,ttf=7346(02:02:26),ui_ttf=5051(01:24:11)
08-08 20:11:39.039 28665 28665 V AutofillManager: requestHideFillUi(null): anchor = null
08-08 20:11:39.042  3009  4853 I InputDispatcher: injectInputEvent: targetUid=<not set>, syncMode=WAIT_FOR_FINISHED, timeout=30000ms, policyFlags=0x8000000, event=MotionEvent { action=UP, id[0]=0, x[0]=95, y[0]=1542, eventTime=542894549000000, downTime=542894549000000, deviceId=4, source=TOUCHSCREEN, displayId=0, eventId=0xc7830bed}
08-08 20:11:39.047  3009  4853 E InputDispatcher: Inconsistent event: MotionEvent { action=UP, id[0]=0, x[0]=95, y[0]=1542, eventTime=542894549000000, downTime=542894549000000, deviceId=4, source=TOUCHSCREEN, displayId=0, eventId=0xc7830bed}, reason: Injection on 0: Got ACTION_UP, but we have pointers: {1, 0} for device DeviceId(-1)
08-08 20:11:39.049  4088  4088 D AnimSeqTimeStamp: getTimeGapToLastStartAppTime: 542894868
08-08 20:11:39.049  3009  3719 D UAH-UahAdaptHelper: adaptSetNotification identity = OplusUAwareInputHelpersrc = 1000 , type 1 ,p1 = -1 ,p2 = -1 ,p3 = -1 ,p4 =
08-08 20:11:39.049  3009  3719 I [UAH_CLIENT]: uahRuleCtl, ruleId:1000, status:1
08-08 20:11:39.068  1479  1479 D vendor.oplus.hardware.charger-V6-service: get_ui_charge_icon_type 0 0 0 0 0
08-08 20:11:39.069  1479  1479 D vendor.oplus.hardware.charger-V6-service: oplus_chg_get_cpa_power 7500 charge_online 1 retention_topic 0
08-08 20:11:39.070  1479  1479 D vendor.oplus.hardware.charger-V6-service: oplus_chg_get_cpa_power 7500 charge_online 1 retention_topic 0
08-08 20:11:39.070  1479  1479 D vendor.oplus.hardware.charger-V6-service: getIsSingleHyperSupport=2, cpa_power=7
08-08 20:11:39.071  1479  1479 E vendor.oplus.hardware.charger-V6-service: Failed to open the file: /sys/class/oplus_chg/common/plc. Error 2: No such file or directory
08-08 20:11:39.086  3680  3680 I SystemUi--Statusbar: BatteryControllerExt-->updateBatteryChangeIntent():broadcast=android.intent.action.BATTERY_CHANGED,level=62,scale=100
08-08 20:11:39.086  3680  3680 I SystemUi--Statusbar: BatteryRepository-->level: 62 -- isSavingMode: false
08-08 20:11:39.088  4047  4047 D SubsysBroadcastManager: onReceive action:android.intent.action.BATTERY_CHANGED
08-08 20:11:39.088  1479  1479 D vendor.oplus.hardware.charger-V6-service: get_ui_charge_icon_type 0 0 0 0 0
08-08 20:11:39.090  1479  1479 D vendor.oplus.hardware.charger-V6-service: oplus_chg_get_cpa_power 7500 charge_online 1 retention_topic 0
08-08 20:11:39.091  1479  1479 D vendor.oplus.hardware.charger-V6-service: oplus_chg_get_cpa_power 7500 charge_online 1 retention_topic 0
08-08 20:11:39.091  1479  1479 D vendor.oplus.hardware.charger-V6-service: getIsSingleHyperSupport=2, cpa_power=7
08-08 20:11:39.092  1479  1479 E vendor.oplus.hardware.charger-V6-service: Failed to open the file: /sys/class/oplus_chg/common/plc. Error 2: No such file or directory
08-08 20:11:39.095  3009  3134 D OplusDisplayBrightnessBroadcastReceiver: onReceive action = android.intent.action.BATTERY_CHANGED , listeners = [com.android.server.display.OplusFeatureHDREnhanceBrightness$PhoneInfoReceiver@1d811b8, com.android.server.display.OplusFeatureEdrEnhanceBrightness$PhoneInfoReceiver@ab5cb91]
08-08 20:11:39.098 28909 28909 D DeviceStatisticsService: onReceive: action= android.intent.action.BATTERY_CHANGED
08-08 20:11:39.100 31047 31047 D CustomLogManagerService: onReceive android.intent.action.BATTERY_CHANGED
08-08 20:11:39.102  6966  7029 E Battery : a: getAISleepDuration: predictResult is null.
08-08 20:11:39.103  6966  7029 E Battery : ChargeProtectionUtils: mCanlendarTmp.isEmpty()!
08-08 20:11:39.204  3009  5276 I AppProfilerExtImpl: delay mem downgrade factor change for AS 10772
08-08 20:11:39.278 28665 28665 D ViewRootImplExtImpl: the up motion event handled by client, just return
08-08 20:11:39.290 28665 28665 I oplus.android.OplusFrameworkFactoryImpl: get feature:IOplusDynamicVsyncFeature
08-08 20:11:39.290 28665 28665 I oplus.android.OplusFrameworkFactoryImpl: get feature:IOplusDynamicVsyncFeature
08-08 20:11:39.290 28665 28665 I oplus.android.OplusFrameworkFactoryImpl: get feature:IOplusDynamicVsyncFeature
08-08 20:11:39.361  3009  4853 I InputDispatcher: injectInputEvent: targetUid=<not set>, syncMode=WAIT_FOR_FINISHED, timeout=30000ms, policyFlags=0x8000000, event=MotionEvent { action=DOWN, id[0]=0, x[0]=610, y[0]=1542, eventTime=542895179000000, downTime=542895179000000, deviceId=4, source=TOUCHSCREEN, displayId=0, eventId=0xde77b862}
08-08 20:11:39.363  3009  4853 E InputDispatcher: Inconsistent event: MotionEvent { action=DOWN, id[0]=0, x[0]=610, y[0]=1542, eventTime=542895179000000, downTime=542895179000000, deviceId=4, source=TOUCHSCREEN, displayId=0, eventId=0xde77b862}, reason: Injection on 0: Invalid DOWN event - pointers already down for device DeviceId(-1): {DeviceId(-1): {1, 0}}
08-08 20:11:39.366  4088  4088 D AnimSeqTimeStamp: getTimeGapToLastStartAppTime: 542895185
08-08 20:11:39.366 28665 28665 V AutofillManager: requestHideFillUi(null): anchor = null
08-08 20:11:39.366  3680  4525 I SystemUi--NavBar: NoBackGesture-->display_id_0 Start gesture: MotionEvent { action=ACTION_DOWN, actionButton=0, id[0]=0, x[0]=610.0, y[0]=1542.0, toolType[0]=TOOL_TYPE_FINGER, buttonState=0, classification=NONE, metaState=0, flags=0x0, edgeFlags=0x0, pointerCount=1, historySize=0, eventTime=542895179, downTime=542895179, deviceId=-1, source=0x1002, displayId=0, eventId=-562579358 }
08-08 20:11:39.366  3680  4525 I SystemUi--NavBar: NoBackGesture-->display_id_0 Not in side gesture area
08-08 20:11:39.366  4088  4088 I OplusBaseTouchInteractionService: onInputEvent(), ACTION_DOWN, Consumer=TYPE_NO_OP
08-08 20:11:39.366  3009  3566 D OGG_Detector: D:done mCurrStatus: 0
08-08 20:11:39.367  3009  3719 I [UAH_CLIENT]: UahEventAcquire, cmdid:37, pkg:none, identity:OplusUAwareInputHelper
08-08 20:11:39.367  3009  3127 D PowerManagerService: userActivityNoUpdateLocked: groupId=0, eventTime=542895179, event=touch, flags=0x0, uid=1000
08-08 20:11:39.367  3009  4853 I InputDispatcher: injectInputEvent: targetUid=<not set>, syncMode=WAIT_FOR_FINISHED, timeout=30000ms, policyFlags=0x8000000, event=MotionEvent { action=UP, id[0]=0, x[0]=610, y[0]=1542, eventTime=542895179000000, downTime=542895179000000, deviceId=4, source=TOUCHSCREEN, displayId=0, eventId=0xff621031}
08-08 20:11:39.368  3009  3719 D UAH-UahAdaptHelper: adaptSetNotification identity = OplusUAwareInputHelpersrc = 1000 , type 0 ,p1 = -1 ,p2 = -1 ,p3 = -1 ,p4 =
08-08 20:11:39.368  3009  3719 I [UAH_CLIENT]: uahRuleCtl, ruleId:1000, status:0
08-08 20:11:39.371  3009  4853 E InputDispatcher: Inconsistent event: MotionEvent { action=UP, id[0]=0, x[0]=610, y[0]=1542, eventTime=542895179000000, downTime=542895179000000, deviceId=4, source=TOUCHSCREEN, displayId=0, eventId=0xff621031}, reason: Injection on 0: Got ACTION_UP, but we have pointers: {1, 0} for device DeviceId(-1)
08-08 20:11:39.373 28665 28665 D ViewRootImplExtImpl: the up motion event handled by client, just return
08-08 20:11:39.373  4088  4088 D AnimSeqTimeStamp: getTimeGapToLastStartAppTime: 542895192
08-08 20:11:39.373  3009  3719 D UAH-UahAdaptHelper: adaptSetNotification identity = OplusUAwareInputHelpersrc = 1000 , type 1 ,p1 = -1 ,p2 = -1 ,p3 = -1 ,p4 =
08-08 20:11:39.373  3009  3719 I [UAH_CLIENT]: uahRuleCtl, ruleId:1000, status:1
08-08 20:11:39.378 28665 28665 I oplus.android.OplusFrameworkFactoryImpl: get feature:IOplusDynamicVsyncFeature
08-08 20:11:39.378 28665 28665 I oplus.android.OplusFrameworkFactoryImpl: get feature:IOplusDynamicVsyncFeature
08-08 20:11:39.378 28665 28665 I oplus.android.OplusFrameworkFactoryImpl: get feature:IOplusDynamicVsyncFeature
08-08 20:11:39.411  1299 10375 E TetherController: property_get sys.radio.data.modem_share_flag return 0, 1!
08-08 20:11:39.433  3009  4853 I InputDispatcher: injectInputEvent: targetUid=<not set>, syncMode=WAIT_FOR_FINISHED, timeout=30000ms, policyFlags=0x8000000, event=MotionEvent { action=DOWN, id[0]=0, x[0]=95, y[0]=1542, eventTime=542895251000000, downTime=542895251000000, deviceId=4, source=TOUCHSCREEN, displayId=0, eventId=0xcf78eafa}
08-08 20:11:39.434  3009  4853 E InputDispatcher: Inconsistent event: MotionEvent { action=DOWN, id[0]=0, x[0]=95, y[0]=1542, eventTime=542895251000000, downTime=542895251000000, deviceId=4, source=TOUCHSCREEN, displayId=0, eventId=0xcf78eafa}, reason: Injection on 0: Invalid DOWN event - pointers already down for device DeviceId(-1): {DeviceId(-1): {1, 0}}
08-08 20:11:39.435  4088  4088 D AnimSeqTimeStamp: getTimeGapToLastStartAppTime: 542895254
08-08 20:11:39.435  3009  3566 D OGG_Detector: D:done mCurrStatus: 0
08-08 20:11:39.435  3680  4525 I SystemUi--NavBar: NoBackGesture-->display_id_0 Start gesture: MotionEvent { action=ACTION_DOWN, actionButton=0, id[0]=0, x[0]=95.0, y[0]=1542.0, toolType[0]=TOOL_TYPE_FINGER, buttonState=0, classification=NONE, metaState=0, flags=0x0, edgeFlags=0x0, pointerCount=1, historySize=0, eventTime=542895251, downTime=542895251, deviceId=-1, source=0x1002, displayId=0, eventId=-814159110 }
08-08 20:11:39.435  3680  4525 I SystemUi--NavBar: NoBackGesture-->display_id_0 Not in side gesture area
08-08 20:11:39.436  3009  3719 I [UAH_CLIENT]: UahEventAcquire, cmdid:37, pkg:none, identity:OplusUAwareInputHelper
08-08 20:11:39.436  4088  4088 I OplusBaseTouchInteractionService: onInputEvent(), ACTION_DOWN, Consumer=TYPE_NO_OP
08-08 20:11:39.437  3009  3719 D UAH-UahAdaptHelper: adaptSetNotification identity = OplusUAwareInputHelpersrc = 1000 , type 0 ,p1 = -1 ,p2 = -1 ,p3 = -1 ,p4 =
08-08 20:11:39.438  3009  3719 I [UAH_CLIENT]: uahRuleCtl, ruleId:1000, status:0
08-08 20:11:39.463  3009  3096 I ActivityManager: Test idle failed due to e3b2fb 21279:android.process.media/u0a63 runnable at +113ms because NORMAL
08-08 20:11:39.570  3979  4446 D CommonApp-741-10495: transport layer data is invalid
08-08 20:11:39.741 28665 28665 V AutofillManager: requestHideFillUi(null): anchor = null
08-08 20:11:39.743  3009  4853 I InputDispatcher: injectInputEvent: targetUid=<not set>, syncMode=WAIT_FOR_FINISHED, timeout=30000ms, policyFlags=0x8000000, event=MotionEvent { action=UP, id[0]=0, x[0]=95, y[0]=1542, eventTime=542895251000000, downTime=542895251000000, deviceId=4, source=TOUCHSCREEN, displayId=0, eventId=0xcb3b082b}
08-08 20:11:39.749  3009  4853 E InputDispatcher: Inconsistent event: MotionEvent { action=UP, id[0]=0, x[0]=95, y[0]=1542, eventTime=542895251000000, downTime=542895251000000, deviceId=4, source=TOUCHSCREEN, displayId=0, eventId=0xcb3b082b}, reason: Injection on 0: Got ACTION_UP, but we have pointers: {1, 0} for device DeviceId(-1)
08-08 20:11:39.751  4088  4088 D AnimSeqTimeStamp: getTimeGapToLastStartAppTime: 542895570
08-08 20:11:39.752  3009  3719 D UAH-UahAdaptHelper: adaptSetNotification identity = OplusUAwareInputHelpersrc = 1000 , type 1 ,p1 = -1 ,p2 = -1 ,p3 = -1 ,p4 =
08-08 20:11:39.752  3009  3719 I [UAH_CLIENT]: uahRuleCtl, ruleId:1000, status:1
08-08 20:11:39.795  1479  1567 D BatteryChargeControl: bcc get no support from charging protocol
08-08 20:11:39.956 28665 28665 D ViewRootImplExtImpl: the up motion event handled by client, just return
08-08 20:11:39.969 28665 28665 I oplus.android.OplusFrameworkFactoryImpl: get feature:IOplusDynamicVsyncFeature
08-08 20:11:39.969 28665 28665 I oplus.android.OplusFrameworkFactoryImpl: get feature:IOplusDynamicVsyncFeature
08-08 20:11:39.970 28665 28665 I oplus.android.OplusFrameworkFactoryImpl: get feature:IOplusDynamicVsyncFeature
08-08 20:11:39.971  1479  5654 D charge_time: type=cdp/dcp,reserve_soc=1,soc=61,ui_soc=62,current=1003,avg=854,not_chg_cnt=0,stable_cnt=7,fcc=4423,fcc_ratio=92,delta=75,debug=0,region=12,ttf=6914(01:55:14),ui_ttf=5050(01:24:10)
08-08 20:11:40.037  3009  4853 I InputDispatcher: injectInputEvent: targetUid=<not set>, syncMode=WAIT_FOR_FINISHED, timeout=30000ms, policyFlags=0x8000000, event=MotionEvent { action=DOWN, id[0]=0, x[0]=610, y[0]=1542, eventTime=542895856000000, downTime=542895856000000, deviceId=4, source=TOUCHSCREEN, displayId=0, eventId=0xeb4bf859}
08-08 20:11:40.039  3009  4853 E InputDispatcher: Inconsistent event: MotionEvent { action=DOWN, id[0]=0, x[0]=610, y[0]=1542, eventTime=542895856000000, downTime=542895856000000, deviceId=4, source=TOUCHSCREEN, displayId=0, eventId=0xeb4bf859}, reason: Injection on 0: Invalid DOWN event - pointers already down for device DeviceId(-1): {DeviceId(-1): {1, 0}}
08-08 20:11:40.041 28665 28665 V AutofillManager: requestHideFillUi(null): anchor = null
08-08 20:11:40.041  4088  4088 D AnimSeqTimeStamp: getTimeGapToLastStartAppTime: 542895860
08-08 20:11:40.041  3680  4525 I SystemUi--NavBar: NoBackGesture-->display_id_0 Start gesture: MotionEvent { action=ACTION_DOWN, actionButton=0, id[0]=0, x[0]=610.0, y[0]=1542.0, toolType[0]=TOOL_TYPE_FINGER, buttonState=0, classification=NONE, metaState=0, flags=0x0, edgeFlags=0x0, pointerCount=1, historySize=0, eventTime=542895856, downTime=542895856, deviceId=-1, source=0x1002, displayId=0, eventId=-347342759 }
08-08 20:11:40.041  4088  4088 I OplusBaseTouchInteractionService: onInputEvent(), ACTION_DOWN, Consumer=TYPE_NO_OP
08-08 20:11:40.042  3680  4525 I SystemUi--NavBar: NoBackGesture-->display_id_0 Not in side gesture area
08-08 20:11:40.042  3009  3719 I [UAH_CLIENT]: UahEventAcquire, cmdid:37, pkg:none, identity:OplusUAwareInputHelper
08-08 20:11:40.043  3009  3719 D UAH-UahAdaptHelper: adaptSetNotification identity = OplusUAwareInputHelpersrc = 1000 , type 0 ,p1 = -1 ,p2 = -1 ,p3 = -1 ,p4 =
08-08 20:11:40.043  3009  3719 I [UAH_CLIENT]: uahRuleCtl, ruleId:1000, status:0
08-08 20:11:40.047  3009  4853 I InputDispatcher: injectInputEvent: targetUid=<not set>, syncMode=WAIT_FOR_FINISHED, timeout=30000ms, policyFlags=0x8000000, event=MotionEvent { action=UP, id[0]=0, x[0]=610, y[0]=1542, eventTime=542895856000000, downTime=542895856000000, deviceId=4, source=TOUCHSCREEN, displayId=0, eventId=0xe2e766de}
08-08 20:11:40.048  3009  3127 D PowerManagerService: userActivityNoUpdateLocked: groupId=0, eventTime=542895856, event=touch, flags=0x0, uid=1000
08-08 20:11:40.050  3009  3566 D OGG_Detector: D:done mCurrStatus: 0
08-08 20:11:40.050  3009  4853 E InputDispatcher: Inconsistent event: MotionEvent { action=UP, id[0]=0, x[0]=610, y[0]=1542, eventTime=542895856000000, downTime=542895856000000, deviceId=4, source=TOUCHSCREEN, displayId=0, eventId=0xe2e766de}, reason: Injection on 0: Got ACTION_UP, but we have pointers: {1, 0} for device DeviceId(-1)
08-08 20:11:40.052  4088  4088 D AnimSeqTimeStamp: getTimeGapToLastStartAppTime: 542895871
08-08 20:11:40.052 28665 28665 D ViewRootImplExtImpl: the up motion event handled by client, just return
08-08 20:11:40.052  3009  3719 D UAH-UahAdaptHelper: adaptSetNotification identity = OplusUAwareInputHelpersrc = 1000 , type 1 ,p1 = -1 ,p2 = -1 ,p3 = -1 ,p4 =
08-08 20:11:40.052  3009  3719 I [UAH_CLIENT]: uahRuleCtl, ruleId:1000, status:1
08-08 20:11:40.057 28665 28665 I oplus.android.OplusFrameworkFactoryImpl: get feature:IOplusDynamicVsyncFeature
08-08 20:11:40.057 28665 28665 I oplus.android.OplusFrameworkFactoryImpl: get feature:IOplusDynamicVsyncFeature
08-08 20:11:40.057 28665 28665 I oplus.android.OplusFrameworkFactoryImpl: get feature:IOplusDynamicVsyncFeature
08-08 20:11:40.109  3009  4853 I InputDispatcher: injectInputEvent: targetUid=<not set>, syncMode=WAIT_FOR_FINISHED, timeout=30000ms, policyFlags=0x8000000, event=MotionEvent { action=DOWN, id[0]=0, x[0]=450, y[0]=1542, eventTime=542895928000000, downTime=542895928000000, deviceId=4, source=TOUCHSCREEN, displayId=0, eventId=0xd28142fb}
08-08 20:11:40.110  3009  4853 E InputDispatcher: Inconsistent event: MotionEvent { action=DOWN, id[0]=0, x[0]=450, y[0]=1542, eventTime=542895928000000, downTime=542895928000000, deviceId=4, source=TOUCHSCREEN, displayId=0, eventId=0xd28142fb}, reason: Injection on 0: Invalid DOWN event - pointers already down for device DeviceId(-1): {DeviceId(-1): {1, 0}}
08-08 20:11:40.112  4088  4088 D AnimSeqTimeStamp: getTimeGapToLastStartAppTime: 542895931
08-08 20:11:40.112  3009  3566 D OGG_Detector: D:done mCurrStatus: 0
08-08 20:11:40.112  3680  4525 I SystemUi--NavBar: NoBackGesture-->display_id_0 Start gesture: MotionEvent { action=ACTION_DOWN, actionButton=0, id[0]=0, x[0]=450.0, y[0]=1542.0, toolType[0]=TOOL_TYPE_FINGER, buttonState=0, classification=NONE, metaState=0, flags=0x0, edgeFlags=0x0, pointerCount=1, historySize=0, eventTime=542895928, downTime=542895928, deviceId=-1, source=0x1002, displayId=0, eventId=-763280645 }
08-08 20:11:40.112  3680  4525 I SystemUi--NavBar: NoBackGesture-->display_id_0 Not in side gesture area
08-08 20:11:40.112  4088  4088 I OplusBaseTouchInteractionService: onInputEvent(), ACTION_DOWN, Consumer=TYPE_NO_OP
08-08 20:11:40.113  3009  3719 I [UAH_CLIENT]: UahEventAcquire, cmdid:37, pkg:none, identity:OplusUAwareInputHelper
08-08 20:11:40.114  3009  3719 D UAH-UahAdaptHelper: adaptSetNotification identity = OplusUAwareInputHelpersrc = 1000 , type 0 ,p1 = -1 ,p2 = -1 ,p3 = -1 ,p4 =
08-08 20:11:40.114  3009  3719 I [UAH_CLIENT]: uahRuleCtl, ruleId:1000, status:0
08-08 20:11:40.423  1299 10375 E TetherController: property_get sys.radio.data.modem_share_flag return 0, 1!
08-08 20:11:40.457 28665 28665 V AutofillManager: requestHideFillUi(null): anchor = null
08-08 20:11:40.458  3009  4853 I InputDispatcher: injectInputEvent: targetUid=<not set>, syncMode=WAIT_FOR_FINISHED, timeout=30000ms, policyFlags=0x8000000, event=MotionEvent { action=UP, id[0]=0, x[0]=450, y[0]=1542, eventTime=542895928000000, downTime=542895928000000, deviceId=4, source=TOUCHSCREEN, displayId=0, eventId=0xdb430e73}
08-08 20:11:40.461  3009  4853 E InputDispatcher: Inconsistent event: MotionEvent { action=UP, id[0]=0, x[0]=450, y[0]=1542, eventTime=542895928000000, downTime=542895928000000, deviceId=4, source=TOUCHSCREEN, displayId=0, eventId=0xdb430e73}, reason: Injection on 0: Got ACTION_UP, but we have pointers: {1, 0} for device DeviceId(-1)
08-08 20:11:40.462  4088  4088 D AnimSeqTimeStamp: getTimeGapToLastStartAppTime: 542896281
08-08 20:11:40.462  3009  3719 D UAH-UahAdaptHelper: adaptSetNotification identity = OplusUAwareInputHelpersrc = 1000 , type 1 ,p1 = -1 ,p2 = -1 ,p3 = -1 ,p4 =
08-08 20:11:40.462  3009  3719 I [UAH_CLIENT]: uahRuleCtl, ruleId:1000, status:1
08-08 20:11:40.541  1416 10610 I WifiHAL : event received NL80211_CMD_VENDOR, vendor_id = 0x1374, subcmd = 0xd
08-08 20:11:40.544  2259  2259 I cnss-daemon: nl80211 response handler invoked
08-08 20:11:40.544  2259  2259 I cnss-daemon: nl80211_response_handler: cmd 103, vendorID 4980, subcmd 13  received
08-08 20:11:40.594  3979  4446 D CommonApp-741-10495: transport layer data is invalid
08-08 20:11:40.669 28665 28665 D ViewRootImplExtImpl: the up motion event handled by client, just return
08-08 20:11:40.679 28665 28665 I oplus.android.OplusFrameworkFactoryImpl: get feature:IOplusDynamicVsyncFeature
08-08 20:11:40.679 28665 28665 I oplus.android.OplusFrameworkFactoryImpl: get feature:IOplusDynamicVsyncFeature
08-08 20:11:40.679 28665 28665 I oplus.android.OplusFrameworkFactoryImpl: get feature:IOplusDynamicVsyncFeature
08-08 20:11:40.731  3009  4853 I InputDispatcher: injectInputEvent: targetUid=<not set>, syncMode=WAIT_FOR_FINISHED, timeout=30000ms, policyFlags=0x8000000, event=MotionEvent { action=DOWN, id[0]=0, x[0]=610, y[0]=1542, eventTime=542896550000000, downTime=542896550000000, deviceId=4, source=TOUCHSCREEN, displayId=0, eventId=0xf737c00a}
08-08 20:11:40.733  3009  4853 E InputDispatcher: Inconsistent event: MotionEvent { action=DOWN, id[0]=0, x[0]=610, y[0]=1542, eventTime=542896550000000, downTime=542896550000000, deviceId=4, source=TOUCHSCREEN, displayId=0, eventId=0xf737c00a}, reason: Injection on 0: Invalid DOWN event - pointers already down for device DeviceId(-1): {DeviceId(-1): {1, 0}}
08-08 20:11:40.735  4088  4088 D AnimSeqTimeStamp: getTimeGapToLastStartAppTime: 542896554
08-08 20:11:40.735  3680  4525 I SystemUi--NavBar: NoBackGesture-->display_id_0 Start gesture: MotionEvent { action=ACTION_DOWN, actionButton=0, id[0]=0, x[0]=610.0, y[0]=1542.0, toolType[0]=TOOL_TYPE_FINGER, buttonState=0, classification=NONE, metaState=0, flags=0x0, edgeFlags=0x0, pointerCount=1, historySize=0, eventTime=542896550, downTime=542896550, deviceId=-1, source=0x1002, displayId=0, eventId=-147341302 }
08-08 20:11:40.735  3680  4525 I SystemUi--NavBar: NoBackGesture-->display_id_0 Not in side gesture area
08-08 20:11:40.735  4088  4088 I OplusBaseTouchInteractionService: onInputEvent(), ACTION_DOWN, Consumer=TYPE_NO_OP
08-08 20:11:40.736  3009  3127 D PowerManagerService: userActivityNoUpdateLocked: groupId=0, eventTime=542896550, event=touch, flags=0x0, uid=1000
08-08 20:11:40.736  3009  3719 I [UAH_CLIENT]: UahEventAcquire, cmdid:37, pkg:none, identity:OplusUAwareInputHelper
08-08 20:11:40.736  3009  3566 D OGG_Detector: D:done mCurrStatus: 0
08-08 20:11:40.737  3009  3719 D UAH-UahAdaptHelper: adaptSetNotification identity = OplusUAwareInputHelpersrc = 1000 , type 0 ,p1 = -1 ,p2 = -1 ,p3 = -1 ,p4 =
08-08 20:11:40.737  3009  3719 I [UAH_CLIENT]: uahRuleCtl, ruleId:1000, status:0
08-08 20:11:40.797  1479  1567 D BatteryChargeControl: bcc get no support from charging protocol
08-08 20:11:40.977  1479  5654 D charge_time: type=cdp/dcp,reserve_soc=1,soc=61,ui_soc=62,current=1059,avg=937,not_chg_cnt=0,stable_cnt=7,fcc=4423,fcc_ratio=92,delta=76,debug=0,region=12,ttf=6367(01:46:07),ui_ttf=5049(01:24:09)
08-08 20:11:41.103 31047  3500 D CustomLogManagerService: WorkHandler msg.what :5
08-08 20:11:41.112 31047  3500 D CustomLogManagerService: curTemp:335 limit:390
08-08 20:11:41.112 31047  3500 D CustomLogManagerService: checkUploadStatus: isSceenOn=true activeNetType=1 isCharging=true isUploading:false temperatureLimit:false
08-08 20:11:41.113 31047  3500 D CustomLogManagerService: sys.log.customer=false
08-08 20:11:41.113 31047  3500 D CustomLogManagerService: isHaveCustomLogCollecting :false
08-08 20:11:41.298  3009  3442 D WifiStaIfaceHidlImpl: getCachedScanData is not implemented by HIDL
08-08 20:11:41.324  4047  4047 D VendorWifiService: onEvent event:9,action:1
08-08 20:11:41.325  3009  3545 D OplusWifiPower_TriggerCenter: mComponentCallback: wifistat
08-08 20:11:41.410  2000  2563 D QmiClient: qmiServiceEventCallback recv msg id 276
08-08 20:11:41.411  2000  2563 D QmiNasClient: enter : onQmiServiceEventCallback msgId 276
08-08 20:11:41.411  2000  2563 D QmiNasClientEvent: qmiNasClientAccessBarringStatusEvent - RADIO_EVENT_NAS_ACCESS_BARRING_STATUS_IND
08-08 20:11:41.413  2000  2104 D NasProxy: handleMessage msg is 2104
08-08 20:11:41.414  2014  2484 D QmiClient: qmiServiceEventCallback recv msg id 276
08-08 20:11:41.415  2014  2484 D QmiNasClient: enter : onQmiServiceEventCallback msgId 276
08-08 20:11:41.416  4047  4128 D SubsysRadioIndication: [PHONE0]radioNasAccessBarringStatusInd, NasAccessBarringStatusType: radioIf:8, dataBarringStatus:0, dataBarringTime:0, voiceBarringStatus:0, voiceBarringTime:0, videoBarringStatus:0, videoBarringTime:0
08-08 20:11:41.416  2014  2484 D QmiNasClientEvent: qmiNasClientAccessBarringStatusEvent - RADIO_EVENT_NAS_ACCESS_BARRING_STATUS_IND
08-08 20:11:41.416  4047  4128 D SubsysRadioIndication: [PHONE0]notify enter
08-08 20:11:41.420  2014  2118 D NasProxy: handleMessage msg is 2104
08-08 20:11:41.425  4047  4128 D SubsysRadioIndication: [PHONE1]radioNasAccessBarringStatusInd, NasAccessBarringStatusType: radioIf:8, dataBarringStatus:0, dataBarringTime:0, voiceBarringStatus:0, voiceBarringTime:0, videoBarringStatus:0, videoBarringTime:0
08-08 20:11:41.425  4047  4128 D SubsysRadioIndication: [PHONE1]notify enter
08-08 20:11:41.435  1299 10375 E TetherController: property_get sys.radio.data.modem_share_flag return 0, 1!
08-08 20:11:41.618  3979  4446 D CommonApp-741-10495: transport layer data is invalid
08-08 20:11:41.622 28967 24134 I NearbyMediums: No BLE Fast/GATT advertisements found in the latest cycle.
08-08 20:11:41.623 28967 24134 I NearbyMediums: Current Tracked Scanning Clients are : {NearbyConnections.EnvironmentMonitor, NearbySharing}
08-08 20:11:41.635  3979  4446 D CommonApp-741-10495: DefaultState EVENT_SCENARIOS_CHANGE
08-08 20:11:41.635  3979  4446 D CommonApp-741-10495: scene=COMMON pn=com.hypernova.phone
08-08 20:11:41.638  3680  4076 I SystemUi--Statusbar: MobileConnectionRepositoryImpl-->subId:3 isSoftSimCard:false slotId:1
08-08 20:11:41.798  1479  1567 D BatteryChargeControl: bcc get no support from charging protocol
08-08 20:11:41.937 28665 28665 V AutofillManager: requestHideFillUi(null): anchor = null
08-08 20:11:41.939 28665 28665 I Choreographer: Skipped 74 frames!  The application may be doing too much work on its main thread.
08-08 20:11:41.941  3009  4853 I InputDispatcher: injectInputEvent: targetUid=<not set>, syncMode=WAIT_FOR_FINISHED, timeout=30000ms, policyFlags=0x8000000, event=MotionEvent { action=UP, id[0]=0, x[0]=610, y[0]=1542, eventTime=542896550000000, downTime=542896550000000, deviceId=4, source=TOUCHSCREEN, displayId=0, eventId=0xce3b2e37}
08-08 20:11:41.956  3009  4853 E InputDispatcher: Inconsistent event: MotionEvent { action=UP, id[0]=0, x[0]=610, y[0]=1542, eventTime=542896550000000, downTime=542896550000000, deviceId=4, source=TOUCHSCREEN, displayId=0, eventId=0xce3b2e37}, reason: Injection on 0: Got ACTION_UP, but we have pointers: {1, 0} for device DeviceId(-1)
08-08 20:11:41.960  3009  3719 D UAH-UahAdaptHelper: adaptSetNotification identity = OplusUAwareInputHelpersrc = 1000 , type 1 ,p1 = -1 ,p2 = -1 ,p3 = -1 ,p4 =
08-08 20:11:41.961  3009  3719 I [UAH_CLIENT]: uahRuleCtl, ruleId:1000, status:1
08-08 20:11:41.961  4088  4088 D AnimSeqTimeStamp: getTimeGapToLastStartAppTime: 542897780
08-08 20:11:41.980  1479  5654 D charge_time: type=cdp/dcp,reserve_soc=1,soc=61,ui_soc=62,current=1034,avg=934,not_chg_cnt=0,stable_cnt=7,fcc=4423,fcc_ratio=92,delta=77,debug=0,region=12,ttf=6384(01:46:24),ui_ttf=5048(01:24:08)
08-08 20:11:42.136  3009  4131 I OplusBinderProxy: pb uid: 10334 pid: 29597 desc: com.android.internal.telephony.IPhoneStateListener/10
08-08 20:11:42.138  4047  4047 D SubsysEventListenerManager-SubsysTelephonyCallback[1]: onSignalStrengthsChanged
08-08 20:11:42.141  3680  4076 I SystemUi--Statusbar: MobileConnectionRepositoryImpl-->subId:3 isSoftSimCard:false slotId:1
08-08 20:11:42.227  3009  3282 W OplusAppStartupConfigExt_OplusAppStartupCommonSceneStrategy: Blacklist is Empty
08-08 20:11:42.227  3009  3282 D OplusAppStartupConfigExt: StartService prevent pkg com.google.android.apps.photos result = false
08-08 20:11:42.230  3009  3282 V GrammaticalInflectionUtils: AttributionSource: android.content.AttributionSource@6718ba09 does not have READ_SYSTEM_GRAMMATICAL_GENDER permission.
08-08 20:11:42.248  1300  1300 D Zygote  : Forked child process 31393
08-08 20:11:42.251  3009  3097 I ActivityManager: Start proc 31393:com.google.android.apps.photos/u0a259 for service {com.google.android.apps.photos/com.google.android.apps.photos.backup.core.UriTriggeredBackupJob}
08-08 20:11:42.251  3009  3097 D OplusAppStartupManager: Now Begin Monitor App StartInfo's Time == 895798206
08-08 20:11:42.273 31393 31393 E oid.apps.photos: Unknown bits set in runtime_flags: 0x40000000
08-08 20:11:42.274 31393 31393 I oid.apps.photos: Using generational CollectorTypeCMC GC.
08-08 20:11:42.293 31393 31393 D nativeloader: Load libframework-connectivity-tiramisu-jni.so using APEX ns com_android_tethering for caller /apex/com.android.tethering/javalib/framework-connectivity-t.jar: ok
08-08 20:11:42.302 31393 31393 D OplusActivityThreadExtImpl: java.lang.NoSuchMethodException: dalvik.system.VMRuntime.SupressionGC [int, int]
08-08 20:11:42.303 31393 31393 W libc    : Access denied finding property "persist.vendor.sys.activitylog"
08-08 20:11:42.303 31393 31393 I OneTrace: Mark active for pid=31393? true
08-08 20:11:42.303 31393 31393 D cutils-dev: otrace_set_tracing_enabled? true tag:0
08-08 20:11:42.304 31393 31393 D cutils-dev: properties changed in otrace_seq_number_changed!
08-08 20:11:42.312  3009  4131 D ActivityTaskManagerServiceExtImpl: preBindApplication record is null
08-08 20:11:42.312  3009  4131 D RGBNormalizeServer: OplusRGBNormalize feature enabled ? false
08-08 20:11:42.312  3009  4131 D ResourcesManagerCache: For package com.google.android.apps.photos we got cacheList [null] appInfoExt is null ? false hasFeature ? false
08-08 20:11:42.323 31393 31393 D OplusActivityManager: get AMS extension: android.os.BinderProxy@c7dd74c
08-08 20:11:42.324 31393 31402 D OplusAppHeapManager: java.lang.NoSuchMethodException: dalvik.system.VMRuntime.updateProcessValue [int, int, int]
08-08 20:11:42.326 31393 31393 D callGcSupression: java.lang.NullPointerException: Attempt to invoke virtual method 'java.lang.Object java.lang.reflect.Method.invoke(java.lang.Object, java.lang.Object[])' on a null object reference
08-08 20:11:42.327 31393 31393 D CompactWindowAppManager: initCompactApplicationInfo CompactMode: , NormalMode: 
08-08 20:11:42.332 31393 31393 D OplusScrollToTopManager: setIsInWhiteList false
08-08 20:11:42.332 31393 31393 D OplusViewDebugManager: OplusViewDebugManager Constructor android.view.debug.OplusViewDebugManager@d151caa [mHasViewDebugProperty true] [mHasMsgDebugProperty false] [DEBUG false] [EXTRAINFOENABLE false] [LIGHT_OS true]
08-08 20:11:42.339 31393 31393 W libc    : Access denied finding property "ro.odm.prev.product.name"
08-08 20:11:42.342 31393 31393 D ApplicationLoaders: Returning zygote-cached class loader: /system/framework/org.apache.http.legacy.jar
08-08 20:11:42.342 31393 31393 D ApplicationLoaders: Returning zygote-cached class loader: /system_ext/framework/androidx.window.extensions.jar
08-08 20:11:42.342 31393 31393 D ApplicationLoaders: Returning zygote-cached class loader: /system_ext/framework/androidx.window.sidecar.jar
08-08 20:11:42.350 31177 31329 E msgr.msys: E[D db_vacuum_logging]MCISQLiteLogDatabaseErrorWithFormat(81)=>Failed to get database connection or file url.: (0)(0) not an error
08-08 20:11:42.421 31393 31393 W oid.apps.photos: Failed to find entry 'classes.dex': Entry not found
08-08 20:11:42.425 31393 31393 W oid.apps.photos: Failed to find entry 'classes.dex': Entry not found
08-08 20:11:42.429 31393 31393 W oid.apps.photos: Failed to find entry 'classes.dex': Entry not found
08-08 20:11:42.432 31393 31393 W oid.apps.photos: Failed to find entry 'classes.dex': Entry not found
08-08 20:11:42.433 31393 31393 D nativeloader: Configuring clns-7 for other apk /data/app/~~dOrOiV1ZEhFHZWIFoM3cGg==/com.google.android.apps.photos-p0PYnX8Ybr3gYDgNWcYCgQ==/base.apk:/data/app/~~dOrOiV1ZEhFHZWIFoM3cGg==/com.google.android.apps.photos-p0PYnX8Ybr3gYDgNWcYCgQ==/split_config.ar.apk:/data/app/~~dOrOiV1ZEhFHZWIFoM3cGg==/com.google.android.apps.photos-p0PYnX8Ybr3gYDgNWcYCgQ==/split_config.arm64_v8a.apk:/data/app/~~dOrOiV1ZEhFHZWIFoM3cGg==/com.google.android.apps.photos-p0PYnX8Ybr3gYDgNWcYCgQ==/split_config.en.apk:/data/app/~~dOrOiV1ZEhFHZWIFoM3cGg==/com.google.android.apps.photos-p0PYnX8Ybr3gYDgNWcYCgQ==/split_config.xhdpi.apk. target_sdk_version=37, uses_libraries=libOpenCL.so:libcdsprpc.so, library_path=/data/app/~~dOrOiV1ZEhFHZWIFoM3cGg==/com.google.android.apps.photos-p0PYnX8Ybr3gYDgNWcYCgQ==/lib/arm64:/data/app/~~dOrOiV1ZEhFHZWIFoM3cGg==/com.google.android.apps.photos-p0PYnX8Ybr3gYDgNWcYCgQ==/base.apk!/lib/arm64-v8a:/data/app/~~dOrOiV1ZEhFHZWIFoM3cGg==/com.google.android.apps.photos-p0PYnX8Ybr3gYDgNWcYCgQ==/split_config.ar.apk!/lib/arm64-v8
08-08 20:11:42.433  3680  3902 I SystemUi--Statusbar: OplusNetworkSpeedControllExImpl-->updateNetworkSpeed: isConnected:true,isSwitchOn:true
08-08 20:11:42.451  3680  3902 I SystemUi--Statusbar: OplusNetworkSpeedControllExImpl-->getTotalByte: totalRxBytes:29285890925,totalTxBytes:2707946342,loopbackTxBytes:6855697,loopbackRxBytes:6855697 ,totalBytes:31980125873
08-08 20:11:42.455  1299 10375 E TetherController: property_get sys.radio.data.modem_share_flag return 0, 1!
08-08 20:11:42.470 31393 31393 V GraphicsEnvironment: Currently set values for:
08-08 20:11:42.470 31393 31393 V GraphicsEnvironment:   angle_gl_driver_selection_pkgs=[]
08-08 20:11:42.470 31393 31393 V GraphicsEnvironment:   angle_gl_driver_selection_values=[]
08-08 20:11:42.470 31393 31393 V GraphicsEnvironment: Global.Settings values are invalid: number of packages: 0, number of values: 0
08-08 20:11:42.470 31393 31393 V GraphicsEnvironment: Neither updatable production driver nor prerelease driver is supported.
08-08 20:11:42.475 31393 31393 D ResourcesManagerExtImpl: applyConfigurationToAppResourcesLocked app.getDisplayId() return callback.displayId:-1
08-08 20:11:42.543  2259  2259 I cnss-daemon: nl80211 response handler invoked
08-08 20:11:42.543  2259  2259 I cnss-daemon: nl80211_response_handler: cmd 103, vendorID 4980, subcmd 13  received
08-08 20:11:42.543  1416 10610 I WifiHAL : event received NL80211_CMD_VENDOR, vendor_id = 0x1374, subcmd = 0xd
08-08 20:11:42.566  3009  3712 I Osense-PsiDetector: 911,66,2678,4607,42,129,91,602,1193,278,586,0,4,5756
08-08 20:11:42.566  3009  3705 I Osense-BaseDecisionMaker: notifySceneToAthenaPolicy: SCENE_RES_MEM_PSI_NORMAL, bundle: Bundle[{memLevel=3}]
08-08 20:11:42.571  3009  3705 I Osense-BaseDecisionMaker: scene: SCENE_RES_MEM_PSI_NORMAL, excutingPolicy: clear
08-08 20:11:42.572  3009  3705 D Osense-BaseDecisionMaker: invoke clear policy,type: cached
08-08 20:11:42.574  3009  3710 I OsenseKillAction: KillAction: [atomic clean] start name=lowmem, requestId=122388, startAvail=911, startFreeMB=66, purposeAvailMB=1200, purposeFreeMB=-1, anonRssTarget=289, minBgCount=0, swapTarget=0, scene=SCENE_RES_MEM_PSI_NORMAL, type=cached, qb=false, cchOnly=true, urgency=false, hoggingCpuPids={}, invalid-cnt=1
08-08 20:11:42.582  3009  3710 I OsenseKillAction: KillAction: group process done, total=2ms, firstLoop=1ms, updateProcessInfo=1ms, idleList=0ms, curBg=3
08-08 20:11:42.582  3009  3710 I OsenseKillAction: scanCchEmptyProc: +++++++ start double check +++++++
08-08 20:11:42.582  3009  3710 I OsenseKillAction: scanCchEmptyProc: cch check done: killablePss=0kb, killableAnonRss=0mb, time=0ms, candidate cnt: 0
08-08 20:11:42.582  3009  3710 I OsenseKillAction: scanNonUiProc: ----------start check non ui proc-----------
08-08 20:11:42.582  3009  3710 I OsenseKillAction: scanNonUiProc: done check non ui proc: killablePss=0kb, killableAnonRss=0mb, time=0ms, collected proc num: 0
08-08 20:11:42.582  3009  3710 I OsenseKillAction: scanOomAdj: skip scan oom adj for lowmem
08-08 20:11:42.582  3009  3710 I OsenseKillAction: scanAllProc: skip scan all proc for lowmem
08-08 20:11:42.582  3009  3710 I OsenseKillAction: KillAction: done execute kill, pi2app=0ms, monitor=0ms, kill=0ms, total=0ms, kill cnt=0, local cnt=0
08-08 20:11:42.583  3009  3710 I OsenseKillAction: KillAction: [atomic clean] end requestId=122388, endAvail=912mb, reclaimed: [pss=0mb, anonRss=0mb, swap=0mb, mem=0mb, Rss=0mb], timing: [total=8ms, update=2ms, readMem=3ms, group=2ms, cch=0ms, nonUi=0ms, oomadj=0ms, allProc=0ms, monitor=0ms, kill=0ms], sysinfo: [bgcount=3]
08-08 20:11:42.583  3009  3710 I OsenseKillAction: KillAction: 289mb more anonRss to reclaim, 0mb more swapMb to reclaim, <skip> mem guard, cur avail=912mb, bundle: Bundle[{appcareThreshold=0, triggerMemory=1000, qbmode=false, memLevel=3, type=cached, level=1, scene=SCENE_RES_MEM_PSI_NORMAL, requestId=122388, purposeMemory=1200}]
08-08 20:11:42.653  3979  4446 D CommonApp-741-10495: transport layer data is invalid
08-08 20:11:42.669   896   896 E lowmemorykiller: device memory 233719 free 19711 file 218803
08-08 20:11:42.670   896   896 E lowmemorykiller: device memory 233845 free 19837 file 218803
08-08 20:11:42.670  3009  3712 I Osense-PsiDetector: 913,77,2672,4607,43,129,91,600,1185,275,579,0,4,5756
08-08 20:11:42.671  3009  3705 I Osense-BaseDecisionMaker: notifySceneToAthenaPolicy: SCENE_RES_MEM_PSI_NORMAL, bundle: Bundle[{memLevel=4}]
08-08 20:11:42.676  3009  3705 I Osense-BaseDecisionMaker: scene: SCENE_RES_MEM_PSI_NORMAL, excutingPolicy: clear
08-08 20:11:42.677  3009  3705 D Osense-BaseDecisionMaker: invoke clear policy,type: cached
08-08 20:11:42.678  3009  3705 I Osense-BaseDecisionMaker: notifySceneToAthenaPolicy: SCENE_RES_MEM_PSI_LEAK, bundle: Bundle[{memLevel=4}]
08-08 20:11:42.679  3009  3710 I OsenseKillAction: KillAction: [atomic clean] start name=lowmem, requestId=122389, startAvail=912, startFreeMB=77, purposeAvailMB=1200, purposeFreeMB=-1, anonRssTarget=288, minBgCount=0, swapTarget=0, scene=SCENE_RES_MEM_PSI_NORMAL, type=cached, qb=false, cchOnly=true, urgency=false, hoggingCpuPids={}, invalid-cnt=2
08-08 20:11:42.679  3009  3710 I OsenseKillAction: KillAction: [atomic clean] end: skip for no-killable-cached-process
08-08 20:11:42.679  3009  3710 I OsenseKillAction: KillAction: 288mb more anonRss to reclaim, 0mb more swapMb to reclaim, <skip> mem guard, cur avail=0mb, bundle: Bundle[{appcareThreshold=0, triggerMemory=1000, qbmode=false, memLevel=4, type=cached, level=1, scene=SCENE_RES_MEM_PSI_NORMAL, requestId=122389, purposeMemory=1200}]
08-08 20:11:42.771   896   896 E lowmemorykiller: device memory 234364 free 21232 file 218015
08-08 20:11:42.799  1479  1567 D BatteryChargeControl: bcc get no support from charging protocol
08-08 20:11:42.869 31393 31409 D nativeloader: Load /data/app/~~dOrOiV1ZEhFHZWIFoM3cGg==/com.google.android.apps.photos-p0PYnX8Ybr3gYDgNWcYCgQ==/lib/arm64/libnative_crash_handler_jni.so using class loader ns clns-7 (caller=/data/app/~~dOrOiV1ZEhFHZWIFoM3cGg==/com.google.android.apps.photos-p0PYnX8Ybr3gYDgNWcYCgQ==/base.apk!classes2.dex): ok
08-08 20:11:42.871   896   896 E lowmemorykiller: device memory 234738 free 21222 file 218297
08-08 20:11:42.879  3009  3708 I Osense-BaseDecisionMaker: notifySceneToAthenaPolicy: SCENE_RES_IO_PSI, bundle: Bundle[{ioLevel=3}]
08-08 20:11:42.879  3009  3708 I Osense-BaseDecisionMaker: OSense not supported scene! SCENE_RES_IO_PSI
08-08 20:11:42.883 28665 28672 I hypernova.phone: Background concurrent mark compact GC freed 13MB AllocSpace bytes, 0(0B) LOS objects, 49% free, 13MB/26MB, paused 620us,3.691ms total 131.510ms
08-08 20:11:42.972   896   896 E lowmemorykiller: device memory 236656 free 22087 file 219452
08-08 20:11:42.983  1479  5654 D charge_time: type=cdp/dcp,reserve_soc=1,soc=61,ui_soc=62,current=893,avg=971,not_chg_cnt=0,stable_cnt=7,fcc=4423,fcc_ratio=92,delta=78,debug=0,region=12,ttf=6170(01:42:50),ui_ttf=5047(01:24:07)
08-08 20:11:42.983 31177 31329 E msgr.msys: E[D db_vacuum_logging]MCISQLiteLogDatabaseErrorWithFormat(81)=>Failed to get database connection or file url.: (0)(0) not an error
08-08 20:11:43.007  3009  4131 I ActivityManager: Flag disabled. Ignoring finishAttachApplication from uid: 10259. pid: 31393
08-08 20:11:43.041 31393 31413 W JobInfo : Job 'com.google.android.apps.photos/com.google.android.libraries.social.async.BackgroundTaskJobService#1043' has a deadline with no functional constraints. The deadline won't improve job execution latency. Consider removing the deadline.
08-08 20:11:43.074   896   896 E lowmemorykiller: device memory 236090 free 20187 file 220786
08-08 20:11:43.138  3009  4131 D ConnectivityService: requestNetwork for uid/pid:10259/31393 activeRequest: null callbackRequest: 105204 [NetworkRequest [ REQUEST id=105205, [ Capabilities: INTERNET&NOT_RESTRICTED&TRUSTED&NOT_VCN_MANAGED&NOT_BANDWIDTH_CONSTRAINED Uid: 10259 RequestorUid: 10259 RequestorPkg: com.google.android.apps.photos UnderlyingNetworks: Null] ]] callback flags: 0 order: 2147483647 isUidTracked: false declaredMethods: AVAIL|LOST
08-08 20:11:43.144  3009  3442 D WifiNetworkFactory: got request NetworkRequest [ REQUEST id=105205, [ Capabilities: INTERNET&NOT_RESTRICTED&TRUSTED&NOT_VCN_MANAGED&NOT_BANDWIDTH_CONSTRAINED Uid: 10259 RequestorUid: 10259 RequestorPkg: com.google.android.apps.photos UnderlyingNetworks: Null] ]
08-08 20:11:43.144  3009  3442 D UntrustedWifiNetworkFactory: got request NetworkRequest [ REQUEST id=105205, [ Capabilities: INTERNET&NOT_RESTRICTED&TRUSTED&NOT_VCN_MANAGED&NOT_BANDWIDTH_CONSTRAINED Uid: 10259 RequestorUid: 10259 RequestorPkg: com.google.android.apps.photos UnderlyingNetworks: Null] ]
08-08 20:11:43.144  3009  3442 D OemPaidWifiNetworkFactory: got request NetworkRequest [ REQUEST id=105205, [ Capabilities: INTERNET&NOT_RESTRICTED&TRUSTED&NOT_VCN_MANAGED&NOT_BANDWIDTH_CONSTRAINED Uid: 10259 RequestorUid: 10259 RequestorPkg: com.google.android.apps.photos UnderlyingNetworks: Null] ]
08-08 20:11:43.145  3009  3442 D MultiInternetWifiNetworkFactory: got request NetworkRequest [ REQUEST id=105205, [ Capabilities: INTERNET&NOT_RESTRICTED&TRUSTED&NOT_VCN_MANAGED&NOT_BANDWIDTH_CONSTRAINED Uid: 10259 RequestorUid: 10259 RequestorPkg: com.google.android.apps.photos UnderlyingNetworks: Null] ]
08-08 20:11:43.160 31393 31413 I oplus.android.OplusFrameworkFactoryImpl: Unknow feature:IOplusTextViewRTLUtilForUG
08-08 20:11:43.170 31393 31413 D nativeloader: Load liboplushwui_jni.so using system ns (caller=/system/framework/oplus-framework.jar): ok
08-08 20:11:43.175  3009  3450 D ConnectivityService: NetReassign [105205 : null → 741] [c 1] [a 2] [i 33]
08-08 20:11:43.175   896   896 E lowmemorykiller: device memory 237734 free 19857 file 222198
08-08 20:11:43.196 31393 31413 E OplusCustomizeRestrictionManager: sInstance is null, start a new sInstance
08-08 20:11:43.276   896   896 E lowmemorykiller: device memory 239032 free 19963 file 222646
08-08 20:11:43.377   896   896 E lowmemorykiller: device memory 238322 free 19648 file 223258
08-08 20:11:43.407  3009  3024 I system_server: Background concurrent mark compact GC freed 24MB AllocSpace bytes, 17(444KB) LOS objects, 18% free, 108MB/132MB, paused 17.424ms,12.775ms total 765.843ms
08-08 20:11:43.414  3009  3025 I BpBinder: onLastStrongRef automatically unlinking death recipients: 
08-08 20:11:43.475 28665 28665 D ViewRootImplExtImpl: the up motion event handled by client, just return
08-08 20:11:43.476 28665 28665 I Choreographer: Skipped 90 frames!  The application may be doing too much work on its main thread.
08-08 20:11:43.480   896   896 E lowmemorykiller: device memory 238262 free 19335 file 223810
08-08 20:11:43.487  1299 10375 E TetherController: property_get sys.radio.data.modem_share_flag return 0, 1!
08-08 20:11:43.499 28665 29931 I HWUI    : Davey! duration=2798ms; Flags=0, FrameTimelineVsyncId=160669743, IntendedVsync=542896504001218, Vsync=542897749660090, InputEventId=-147341302, HandleInputStart=542897759286649, AnimationStart=542897759290607, PerformTraversalsStart=542897761286857, DrawStart=542898857736388, FrameDeadline=542896520667884, FrameInterval=542897758352118, FrameStartTime=16833228, SyncQueued=542899282772430, SyncStart=542899282921024, IssueDrawCommandsStart=542899293374149, SwapBuffers=542899296513315, FrameCompleted=542899302701128, DequeueBufferDuration=78541, QueueBufferDuration=867813, GpuCompleted=542899302701128, SwapBuffersCompleted=542899298528471, DisplayPresentTime=0, CommandSubmissionCompleted=542899296513315, 
08-08 20:11:43.507 28665 28665 I oplus.android.OplusFrameworkFactoryImpl: get feature:IOplusDynamicVsyncFeature
08-08 20:11:43.507 28665 28665 I oplus.android.OplusFrameworkFactoryImpl: get feature:IOplusDynamicVsyncFeature
08-08 20:11:43.507 28665 28665 I oplus.android.OplusFrameworkFactoryImpl: get feature:IOplusDynamicVsyncFeature
08-08 20:11:43.547  3009  4853 I InputDispatcher: injectInputEvent: targetUid=<not set>, syncMode=WAIT_FOR_FINISHED, timeout=30000ms, policyFlags=0x8000000, event=MotionEvent { action=DOWN, id[0]=0, x[0]=270, y[0]=1542, eventTime=542899366000000, downTime=542899366000000, deviceId=4, source=TOUCHSCREEN, displayId=0, eventId=0xdda54b05}
08-08 20:11:43.549  3009  4853 E InputDispatcher: Inconsistent event: MotionEvent { action=DOWN, id[0]=0, x[0]=270, y[0]=1542, eventTime=542899366000000, downTime=542899366000000, deviceId=4, source=TOUCHSCREEN, displayId=0, eventId=0xdda54b05}, reason: Injection on 0: Invalid DOWN event - pointers already down for device DeviceId(-1): {DeviceId(-1): {1, 0}}
08-08 20:11:43.553  4088  4088 D AnimSeqTimeStamp: getTimeGapToLastStartAppTime: 542899373
08-08 20:11:43.554  3680  4525 I SystemUi--NavBar: NoBackGesture-->display_id_0 Start gesture: MotionEvent { action=ACTION_DOWN, actionButton=0, id[0]=0, x[0]=270.0, y[0]=1542.0, toolType[0]=TOOL_TYPE_FINGER, buttonState=0, classification=NONE, metaState=0, flags=0x0, edgeFlags=0x0, pointerCount=1, historySize=0, eventTime=542899366, downTime=542899366, deviceId=-1, source=0x1002, displayId=0, eventId=-576369915 }
08-08 20:11:43.554  3680  4525 I SystemUi--NavBar: NoBackGesture-->display_id_0 Not in side gesture area
08-08 20:11:43.554  4088  4088 I OplusBaseTouchInteractionService: onInputEvent(), ACTION_DOWN, Consumer=TYPE_NO_OP
08-08 20:11:43.554  3009  3719 I [UAH_CLIENT]: UahEventAcquire, cmdid:37, pkg:none, identity:OplusUAwareInputHelper
08-08 20:11:43.554  3009  3127 D PowerManagerService: userActivityNoUpdateLocked: groupId=0, eventTime=542899366, event=touch, flags=0x0, uid=1000
08-08 20:11:43.555  3009  3719 D UAH-UahAdaptHelper: adaptSetNotification identity = OplusUAwareInputHelpersrc = 1000 , type 0 ,p1 = -1 ,p2 = -1 ,p3 = -1 ,p4 =
08-08 20:11:43.556  3009  3719 I [UAH_CLIENT]: uahRuleCtl, ruleId:1000, status:0
08-08 20:11:43.558  3009  3566 D OGG_Detector: D:done mCurrStatus: 0
08-08 20:11:43.579   896   896 E lowmemorykiller: device memory 237241 free 17762 file 224362
08-08 20:11:43.615  3009  4718 W JobInfo : Job 'com.google.android.apps.photos/com.google.android.libraries.social.async.BackgroundTaskJobService#1043' has a deadline with no functional constraints. The deadline won't improve job execution latency. Consider removing the deadline.
08-08 20:11:43.645  3009  4131 W JobScheduler: Job didn't exist in JobStore: #com.google.android.apps.photos/1034
08-08 20:11:43.644 30037 30314 E msys    : E[N mns:TigonMNS]_OnResolverSuccess(359)=>Cache refresh succeeded with Multinetwork resolver. IP count: 1
08-08 20:11:43.665  3979  4446 D CommonApp-741-10495: transport layer data is invalid
08-08 20:11:43.677   896   896 E lowmemorykiller: device memory 236368 free 16502 file 224749
08-08 20:11:43.773  3009  4131 W UriGrantsManagerService: No permission grants found for com.google.android.apps.photos
08-08 20:11:43.785  3009  4131 W UriGrantsManagerService: No permission grants found for com.google.android.apps.photos
08-08 20:11:43.800  1479  1567 D BatteryChargeControl: bcc get no support from charging protocol
08-08 20:11:43.877  1479  1562 D vendor.oplus.hardware.charger-V6-service: ret_value:159, read content:,335,346,4108,4093,-893,1500,2200,61,62,1,6,1425,4560,62,1,0,1,1,0,0,4470,0,6,0,6,0,0,0,-2740,0,1,1,0,0,41,41,41,0,0,0,0,0,0,0,0,0,0,4,0,1,0,100,0,0,0,0,0,0,0
08-08 20:11:43.877  1479  1562 D vendor.oplus.hardware.charger-V6-service: gmtime: 2026-08-08-20-11-43
08-08 20:11:43.878  1479  1562 D vendor.oplus.hardware.charger-V6-service: usb_online:1, ac_online:0, wireless_online:-2147483648
08-08 20:11:43.914 28665 28665 V AutofillManager: requestHideFillUi(null): anchor = null
08-08 20:11:43.915  3009  4853 I InputDispatcher: injectInputEvent: targetUid=<not set>, syncMode=WAIT_FOR_FINISHED, timeout=30000ms, policyFlags=0x8000000, event=MotionEvent { action=UP, id[0]=0, x[0]=270, y[0]=1542, eventTime=542899366000000, downTime=542899366000000, deviceId=4, source=TOUCHSCREEN, displayId=0, eventId=0xe51b87c6}
08-08 20:11:43.918  3009  3708 I Osense-BaseDecisionMaker: notifySceneToAthenaPolicy: SCENE_RES_IO_PSI, bundle: Bundle[{ioLevel=3}]
08-08 20:11:43.919  3009  3708 I Osense-BaseDecisionMaker: OSense not supported scene! SCENE_RES_IO_PSI
08-08 20:11:43.919  3009  4853 E InputDispatcher: Inconsistent event: MotionEvent { action=UP, id[0]=0, x[0]=270, y[0]=1542, eventTime=542899366000000, downTime=542899366000000, deviceId=4, source=TOUCHSCREEN, displayId=0, eventId=0xe51b87c6}, reason: Injection on 0: Got ACTION_UP, but we have pointers: {1, 0} for device DeviceId(-1)
08-08 20:11:43.921  4088  4088 D AnimSeqTimeStamp: getTimeGapToLastStartAppTime: 542899740
08-08 20:11:43.922  3009  3719 D UAH-UahAdaptHelper: adaptSetNotification identity = OplusUAwareInputHelpersrc = 1000 , type 1 ,p1 = -1 ,p2 = -1 ,p3 = -1 ,p4 =
08-08 20:11:43.922  3009  3719 I [UAH_CLIENT]: uahRuleCtl, ruleId:1000, status:1
08-08 20:11:43.986  1479  5654 D charge_time: write 5046s(01:24:06) to ttf, rc=6
08-08 20:11:43.986  1479  5654 D charge_time: type=cdp/dcp,reserve_soc=1,soc=61,ui_soc=62,current=587,avg=915,not_chg_cnt=0,stable_cnt=7,fcc=4423,fcc_ratio=92,delta=79,debug=0,region=12,ttf=6497(01:48:17),ui_ttf=5046(01:24:06)
08-08 20:11:44.142 28665 28665 D ViewRootImplExtImpl: the up motion event handled by client, just return
08-08 20:11:44.153 28665 28665 I oplus.android.OplusFrameworkFactoryImpl: get feature:IOplusDynamicVsyncFeature
08-08 20:11:44.153 28665 28665 I oplus.android.OplusFrameworkFactoryImpl: get feature:IOplusDynamicVsyncFeature
08-08 20:11:44.153 28665 28665 I oplus.android.OplusFrameworkFactoryImpl: get feature:IOplusDynamicVsyncFeature
08-08 20:11:44.184  1479  1479 D vendor.oplus.hardware.charger-V6-service: get_ui_charge_icon_type 0 0 0 0 0
08-08 20:11:44.185  1479  1479 D vendor.oplus.hardware.charger-V6-service: oplus_chg_get_cpa_power 7500 charge_online 1 retention_topic 0
08-08 20:11:44.186  1479  1479 D vendor.oplus.hardware.charger-V6-service: oplus_chg_get_cpa_power 7500 charge_online 1 retention_topic 0
08-08 20:11:44.186  1479  1479 D vendor.oplus.hardware.charger-V6-service: getIsSingleHyperSupport=2, cpa_power=7
08-08 20:11:44.187  1479  1479 E vendor.oplus.hardware.charger-V6-service: Failed to open the file: /sys/class/oplus_chg/common/plc. Error 2: No such file or directory
08-08 20:11:44.203  1479  1479 D vendor.oplus.hardware.charger-V6-service: get_ui_charge_icon_type 0 0 0 0 0
08-08 20:11:44.204  1479  1479 D vendor.oplus.hardware.charger-V6-service: oplus_chg_get_cpa_power 7500 charge_online 1 retention_topic 0
08-08 20:11:44.205  1479  1479 D vendor.oplus.hardware.charger-V6-service: oplus_chg_get_cpa_power 7500 charge_online 1 retention_topic 0
08-08 20:11:44.205  1479  1479 D vendor.oplus.hardware.charger-V6-service: getIsSingleHyperSupport=2, cpa_power=7
08-08 20:11:44.206  4047  4047 D SubsysBroadcastManager: onReceive action:android.intent.action.BATTERY_CHANGED
08-08 20:11:44.206  1479  1479 E vendor.oplus.hardware.charger-V6-service: Failed to open the file: /sys/class/oplus_chg/common/plc. Error 2: No such file or directory
08-08 20:11:44.210 28909 28909 D DeviceStatisticsService: onReceive: action= android.intent.action.BATTERY_CHANGED
08-08 20:11:44.216 31047 31047 D CustomLogManagerService: onReceive android.intent.action.BATTERY_CHANGED
08-08 20:11:44.217  3009  3134 D OplusDisplayBrightnessBroadcastReceiver: onReceive action = android.intent.action.BATTERY_CHANGED , listeners = [com.android.server.display.OplusFeatureHDREnhanceBrightness$PhoneInfoReceiver@1d811b8, com.android.server.display.OplusFeatureEdrEnhanceBrightness$PhoneInfoReceiver@ab5cb91]
08-08 20:11:44.219  3680  3680 I SystemUi--Statusbar: BatteryControllerExt-->updateBatteryChangeIntent():broadcast=android.intent.action.BATTERY_CHANGED,level=62,scale=100
08-08 20:11:44.219  3680  3680 I SystemUi--Statusbar: BatteryRepository-->level: 62 -- isSavingMode: false
08-08 20:11:44.228  6966  7029 E Battery : a: getAISleepDuration: predictResult is null.
08-08 20:11:44.229  6966  7029 E Battery : ChargeProtectionUtils: mCanlendarTmp.isEmpty()!
08-08 20:11:44.235  3009  4718 I InputDispatcher: injectInputEvent: targetUid=<not set>, syncMode=WAIT_FOR_FINISHED, timeout=30000ms, policyFlags=0x8000000, event=MotionEvent { action=DOWN, id[0]=0, x[0]=610, y[0]=1542, eventTime=542900054000000, downTime=542900054000000, deviceId=4, source=TOUCHSCREEN, displayId=0, eventId=0xfeb12385}
08-08 20:11:44.236  3009  4718 E InputDispatcher: Inconsistent event: MotionEvent { action=DOWN, id[0]=0, x[0]=610, y[0]=1542, eventTime=542900054000000, downTime=542900054000000, deviceId=4, source=TOUCHSCREEN, displayId=0, eventId=0xfeb12385}, reason: Injection on 0: Invalid DOWN event - pointers already down for device DeviceId(-1): {DeviceId(-1): {1, 0}}
08-08 20:11:44.238  4088  4088 D AnimSeqTimeStamp: getTimeGapToLastStartAppTime: 542900057
08-08 20:11:44.238 28665 28665 V AutofillManager: requestHideFillUi(null): anchor = null
08-08 20:11:44.238  3680  4525 I SystemUi--NavBar: NoBackGesture-->display_id_0 Start gesture: MotionEvent { action=ACTION_DOWN, actionButton=0, id[0]=0, x[0]=610.0, y[0]=1542.0, toolType[0]=TOOL_TYPE_FINGER, buttonState=0, classification=NONE, metaState=0, flags=0x0, edgeFlags=0x0, pointerCount=1, historySize=0, eventTime=542900054, downTime=542900054, deviceId=-1, source=0x1002, displayId=0, eventId=-21945467 }
08-08 20:11:44.238  3680  4525 I SystemUi--NavBar: NoBackGesture-->display_id_0 Not in side gesture area
08-08 20:11:44.238  4088  4088 I OplusBaseTouchInteractionService: onInputEvent(), ACTION_DOWN, Consumer=TYPE_NO_OP
08-08 20:11:44.238  3009  3127 D PowerManagerService: userActivityNoUpdateLocked: groupId=0, eventTime=542900054, event=touch, flags=0x0, uid=1000
08-08 20:11:44.239  3009  3719 I [UAH_CLIENT]: UahEventAcquire, cmdid:37, pkg:none, identity:OplusUAwareInputHelper
08-08 20:11:44.240  3009  3719 D UAH-UahAdaptHelper: adaptSetNotification identity = OplusUAwareInputHelpersrc = 1000 , type 0 ,p1 = -1 ,p2 = -1 ,p3 = -1 ,p4 =
08-08 20:11:44.240  3009  4718 I InputDispatcher: injectInputEvent: targetUid=<not set>, syncMode=WAIT_FOR_FINISHED, timeout=30000ms, policyFlags=0x8000000, event=MotionEvent { action=UP, id[0]=0, x[0]=610, y[0]=1542, eventTime=542900054000000, downTime=542900054000000, deviceId=4, source=TOUCHSCREEN, displayId=0, eventId=0xda4a5b4d}
08-08 20:11:44.240  3009  3719 I [UAH_CLIENT]: uahRuleCtl, ruleId:1000, status:0
08-08 20:11:44.241  3009  3566 D OGG_Detector: D:done mCurrStatus: 0
08-08 20:11:44.243  3009  4718 E InputDispatcher: Inconsistent event: MotionEvent { action=UP, id[0]=0, x[0]=610, y[0]=1542, eventTime=542900054000000, downTime=542900054000000, deviceId=4, source=TOUCHSCREEN, displayId=0, eventId=0xda4a5b4d}, reason: Injection on 0: Got ACTION_UP, but we have pointers: {1, 0} for device DeviceId(-1)
08-08 20:11:44.245 28665 28665 D ViewRootImplExtImpl: the up motion event handled by client, just return
08-08 20:11:44.245  4088  4088 D AnimSeqTimeStamp: getTimeGapToLastStartAppTime: 542900064
08-08 20:11:44.246  3009  3719 D UAH-UahAdaptHelper: adaptSetNotification identity = OplusUAwareInputHelpersrc = 1000 , type 1 ,p1 = -1 ,p2 = -1 ,p3 = -1 ,p4 =
08-08 20:11:44.246  3009  3719 I [UAH_CLIENT]: uahRuleCtl, ruleId:1000, status:1
08-08 20:11:44.250 28665 28665 I oplus.android.OplusFrameworkFactoryImpl: get feature:IOplusDynamicVsyncFeature
08-08 20:11:44.250 28665 28665 I oplus.android.OplusFrameworkFactoryImpl: get feature:IOplusDynamicVsyncFeature
08-08 20:11:44.250 28665 28665 I oplus.android.OplusFrameworkFactoryImpl: get feature:IOplusDynamicVsyncFeature
08-08 20:11:44.312  3009  4718 I InputDispatcher: injectInputEvent: targetUid=<not set>, syncMode=WAIT_FOR_FINISHED, timeout=30000ms, policyFlags=0x8000000, event=MotionEvent { action=DOWN, id[0]=0, x[0]=95, y[0]=1542, eventTime=542900130000000, downTime=542900130000000, deviceId=4, source=TOUCHSCREEN, displayId=0, eventId=0xe8570f56}
08-08 20:11:44.314  3009  4718 E InputDispatcher: Inconsistent event: MotionEvent { action=DOWN, id[0]=0, x[0]=95, y[0]=1542, eventTime=542900130000000, downTime=542900130000000, deviceId=4, source=TOUCHSCREEN, displayId=0, eventId=0xe8570f56}, reason: Injection on 0: Invalid DOWN event - pointers already down for device DeviceId(-1): {DeviceId(-1): {1, 0}}
08-08 20:11:44.316  4088  4088 D AnimSeqTimeStamp: getTimeGapToLastStartAppTime: 542900135
08-08 20:11:44.316  3680  4525 I SystemUi--NavBar: NoBackGesture-->display_id_0 Start gesture: MotionEvent { action=ACTION_DOWN, actionButton=0, id[0]=0, x[0]=95.0, y[0]=1542.0, toolType[0]=TOOL_TYPE_FINGER, buttonState=0, classification=NONE, metaState=0, flags=0x0, edgeFlags=0x0, pointerCount=1, historySize=0, eventTime=542900130, downTime=542900130, deviceId=-1, source=0x1002, displayId=0, eventId=-396947626 }
08-08 20:11:44.317  3680  4525 I SystemUi--NavBar: NoBackGesture-->display_id_0 Not in side gesture area
08-08 20:11:44.317  3009  3719 I [UAH_CLIENT]: UahEventAcquire, cmdid:37, pkg:none, identity:OplusUAwareInputHelper
08-08 20:11:44.318  3009  3719 D UAH-UahAdaptHelper: adaptSetNotification identity = OplusUAwareInputHelpersrc = 1000 , type 0 ,p1 = -1 ,p2 = -1 ,p3 = -1 ,p4 =
08-08 20:11:44.318  4088  4088 I OplusBaseTouchInteractionService: onInputEvent(), ACTION_DOWN, Consumer=TYPE_NO_OP
08-08 20:11:44.318  3009  3719 I [UAH_CLIENT]: uahRuleCtl, ruleId:1000, status:0
08-08 20:11:44.321  3009  3566 D OGG_Detector: D:done mCurrStatus: 0
08-08 20:11:44.339  3009  3442 D WifiStaIfaceHidlImpl: getCachedScanData is not implemented by HIDL
08-08 20:11:44.348  3009  3998 I OplusHansManager : uid=10488, pkg=com.instagram.android F enter(), M stay=10
08-08 20:11:44.354  4047  4047 D VendorWifiService: onEvent event:9,action:1
08-08 20:11:44.355  3009  3545 D OplusWifiPower_TriggerCenter: mComponentCallback: wifistat
08-08 20:11:44.355  3009  3998 I OplusHansManager : freeze uid: 10488 com.instagram.android pids: [30037] scene: LcdOn
08-08 20:11:44.356  3009  4015 I OplusHansManager : p_BC uid=10488 pkg=com.instagram.android
08-08 20:11:44.356  3009  4015 I OplusBinderProxy: proxyBinder uid: 10488 pkg: com.instagram.android proxy: true calling: OFreezer
08-08 20:11:44.356  7071 18718 D IHansComunication: HANS sendMessageToKernel: threadId = 517145082992, netLinkSetup = 1, type = PKG, targetUid = 10488, pkgCmd = ADD_ONE_UID
08-08 20:11:44.361  3009  4134 I OplusHansManager : unfreeze uid: 10488 com.instagram.android pids: [30037] reason: ExecutingComponent scene: LcdOn
08-08 20:11:44.362  3009  3998 I OplusHansManager : uid=10488, pkg=com.instagram.android F exit(), F stay=0, reason=ExecutingComponent
08-08 20:11:44.362  3009  4015 I OplusHansManager : up_BC uid=10488 pkg=com.instagram.android
08-08 20:11:44.363  3009  4015 I OplusBinderProxy: proxyBinder uid: 10488 pkg: com.instagram.android proxy: false calling: OFreezer
08-08 20:11:44.464  3009  3096 I ActivityManager: Test idle failed due to e3b2fb 21279:android.process.media/u0a63 runnable at +227ms because NORMAL
08-08 20:11:44.511  1299 10375 E TetherController: property_get sys.radio.data.modem_share_flag return 0, 1!
08-08 20:11:44.551  1416 10610 I WifiHAL : event received NL80211_CMD_VENDOR, vendor_id = 0x1374, subcmd = 0xd
08-08 20:11:44.552  2259  2259 I cnss-daemon: nl80211 response handler invoked
08-08 20:11:44.552  2259  2259 I cnss-daemon: nl80211_response_handler: cmd 103, vendorID 4980, subcmd 13  received
08-08 20:11:44.571  3009  4853 W UriGrantsManagerService: No permission grants found for com.google.android.apps.photos
08-08 20:11:44.572  3009  4853 W UriGrantsManagerService: No permission grants found for com.google.android.apps.photos
08-08 20:11:44.646  3009  3712 I Osense-PsiDetector: 913,62,2662,4607,43,129,91,598,1200,279,590,0,4,5778
08-08 20:11:44.646  3009  3705 I Osense-BaseDecisionMaker: notifySceneToAthenaPolicy: SCENE_RES_MEM_PSI_NORMAL, bundle: Bundle[{memLevel=3}]
08-08 20:11:44.651  3009  3705 I Osense-BaseDecisionMaker: scene: SCENE_RES_MEM_PSI_NORMAL, excutingPolicy: clear
08-08 20:11:44.652  3009  4853 W UriGrantsManagerService: No permission grants found for com.google.android.apps.photos
08-08 20:11:44.652  3009  3705 D Osense-BaseDecisionMaker: invoke clear policy,type: cached
08-08 20:11:44.653  3009  4853 W UriGrantsManagerService: No permission grants found for com.google.android.apps.photos
08-08 20:11:44.655  3009  3710 I OsenseKillAction: KillAction: [atomic clean] start name=lowmem, requestId=122390, startAvail=913, startFreeMB=62, purposeAvailMB=1200, purposeFreeMB=-1, anonRssTarget=287, minBgCount=0, swapTarget=0, scene=SCENE_RES_MEM_PSI_NORMAL, type=cached, qb=false, cchOnly=true, urgency=false, hoggingCpuPids={}, invalid-cnt=2
08-08 20:11:44.655  3009  3710 I OsenseKillAction: KillAction: [atomic clean] end: skip for no-killable-cached-process
08-08 20:11:44.655 28665 28665 V AutofillManager: requestHideFillUi(null): anchor = null
08-08 20:11:44.655  3009  3710 I OsenseKillAction: KillAction: 287mb more anonRss to reclaim, 0mb more swapMb to reclaim, <skip> mem guard, cur avail=0mb, bundle: Bundle[{appcareThreshold=0, triggerMemory=1000, qbmode=false, memLevel=3, type=cached, level=1, scene=SCENE_RES_MEM_PSI_NORMAL, requestId=122390, purposeMemory=1200}]
08-08 20:11:44.657  3009  4718 I InputDispatcher: injectInputEvent: targetUid=<not set>, syncMode=WAIT_FOR_FINISHED, timeout=30000ms, policyFlags=0x8000000, event=MotionEvent { action=UP, id[0]=0, x[0]=95, y[0]=1542, eventTime=542900130000000, downTime=542900130000000, deviceId=4, source=TOUCHSCREEN, displayId=0, eventId=0xc4861023}
08-08 20:11:44.661  3009  4718 E InputDispatcher: Inconsistent event: MotionEvent { action=UP, id[0]=0, x[0]=95, y[0]=1542, eventTime=542900130000000, downTime=542900130000000, deviceId=4, source=TOUCHSCREEN, displayId=0, eventId=0xc4861023}, reason: Injection on 0: Got ACTION_UP, but we have pointers: {1, 0} for device DeviceId(-1)
08-08 20:11:44.662  4088  4088 D AnimSeqTimeStamp: getTimeGapToLastStartAppTime: 542900481
08-08 20:11:44.663  3009  3719 D UAH-UahAdaptHelper: adaptSetNotification identity = OplusUAwareInputHelpersrc = 1000 , type 1 ,p1 = -1 ,p2 = -1 ,p3 = -1 ,p4 =
08-08 20:11:44.663  3009  3719 I [UAH_CLIENT]: uahRuleCtl, ruleId:1000, status:1
08-08 20:11:44.690  3979  4446 D CommonApp-741-10495: transport layer data is invalid
08-08 20:11:44.722  3009  4853 W UriGrantsManagerService: No permission grants found for com.google.android.apps.photos
08-08 20:11:44.723  3009  4853 W UriGrantsManagerService: No permission grants found for com.google.android.apps.photos
08-08 20:11:44.749   896   896 E lowmemorykiller: device memory 234481 free 17640 file 221714
08-08 20:11:44.750   896   896 E lowmemorykiller: device memory 234481 free 17640 file 221714
08-08 20:11:44.750  3009  3712 I Osense-PsiDetector: 915,68,2658,4607,43,129,91,596,1196,277,588,0,4,5779
08-08 20:11:44.751  3009  3705 I Osense-BaseDecisionMaker: notifySceneToAthenaPolicy: SCENE_RES_MEM_PSI_NORMAL, bundle: Bundle[{memLevel=4}]
08-08 20:11:44.757  3009  3705 I Osense-BaseDecisionMaker: scene: SCENE_RES_MEM_PSI_NORMAL, excutingPolicy: clear
08-08 20:11:44.758  3009  3705 D Osense-BaseDecisionMaker: invoke clear policy,type: cached
08-08 20:11:44.758  3009  3705 I Osense-BaseDecisionMaker: notifySceneToAthenaPolicy: SCENE_RES_MEM_PSI_LEAK, bundle: Bundle[{memLevel=4}]
08-08 20:11:44.759  3009  3710 I OsenseKillAction: KillAction: [atomic clean] start name=lowmem, requestId=122391, startAvail=920, startFreeMB=74, purposeAvailMB=1200, purposeFreeMB=-1, anonRssTarget=280, minBgCount=0, swapTarget=0, scene=SCENE_RES_MEM_PSI_NORMAL, type=cached, qb=false, cchOnly=true, urgency=false, hoggingCpuPids={}, invalid-cnt=2
08-08 20:11:44.760  3009  3710 I OsenseKillAction: KillAction: [atomic clean] end: skip for no-killable-cached-process
08-08 20:11:44.760  3009  3710 I OsenseKillAction: KillAction: 280mb more anonRss to reclaim, 0mb more swapMb to reclaim, <skip> mem guard, cur avail=0mb, bundle: Bundle[{appcareThreshold=0, triggerMemory=1000, qbmode=false, memLevel=4, type=cached, level=1, scene=SCENE_RES_MEM_PSI_NORMAL, requestId=122391, purposeMemory=1200}]
08-08 20:11:44.801  1479  1567 D BatteryChargeControl: bcc get no support from charging protocol
08-08 20:11:44.851   896   896 E lowmemorykiller: device memory 237491 free 21679 file 220641
08-08 20:11:44.951   896   896 E lowmemorykiller: device memory 237964 free 22740 file 220107
08-08 20:11:44.965 28665 28665 D ViewRootImplExtImpl: the up motion event handled by client, just return
08-08 20:11:44.976 28665 28665 I oplus.android.OplusFrameworkFactoryImpl: get feature:IOplusDynamicVsyncFeature
08-08 20:11:44.976 28665 28665 I oplus.android.OplusFrameworkFactoryImpl: get feature:IOplusDynamicVsyncFeature
08-08 20:11:44.976 28665 28665 I oplus.android.OplusFrameworkFactoryImpl: get feature:IOplusDynamicVsyncFeature
08-08 20:11:44.991 28665 29931 I HWUI    : Davey! duration=717ms; Flags=0, FrameTimelineVsyncId=160669857, IntendedVsync=542900075706072, Vsync=542900475706056, InputEventId=-396947626, HandleInputStart=542900477474929, AnimationStart=542900477479461, PerformTraversalsStart=542900478280034, DrawStart=542900693458679, FrameDeadline=542900092372738, FrameInterval=542900476919565, FrameStartTime=16666666, SyncQueued=542900781749825, SyncStart=542900781943627, IssueDrawCommandsStart=542900783624148, SwapBuffers=542900786064929, FrameCompleted=542900793226804, DequeueBufferDuration=73490, QueueBufferDuration=576823, GpuCompleted=542900793226804, SwapBuffersCompleted=542900787228106, DisplayPresentTime=35192971156841, CommandSubmissionCompleted=542900786064929, 
08-08 20:11:44.991  1479  5654 D charge_time: type=cdp/dcp,reserve_soc=1,soc=61,ui_soc=62,current=685,avg=851,not_chg_cnt=0,stable_cnt=7,fcc=4423,fcc_ratio=92,delta=80,debug=0,region=12,ttf=6931(01:55:31),ui_ttf=5045(01:24:05)
08-08 20:11:45.037  3009  4853 I InputDispatcher: injectInputEvent: targetUid=<not set>, syncMode=WAIT_FOR_FINISHED, timeout=30000ms, policyFlags=0x8000000, event=MotionEvent { action=DOWN, id[0]=0, x[0]=610, y[0]=1542, eventTime=542900856000000, downTime=542900856000000, deviceId=4, source=TOUCHSCREEN, displayId=0, eventId=0xde74bab0}
08-08 20:11:45.038  3009  4853 E InputDispatcher: Inconsistent event: MotionEvent { action=DOWN, id[0]=0, x[0]=610, y[0]=1542, eventTime=542900856000000, downTime=542900856000000, deviceId=4, source=TOUCHSCREEN, displayId=0, eventId=0xde74bab0}, reason: Injection on 0: Invalid DOWN event - pointers already down for device DeviceId(-1): {DeviceId(-1): {1, 0}}
08-08 20:11:45.040  4088  4088 D AnimSeqTimeStamp: getTimeGapToLastStartAppTime: 542900859
08-08 20:11:45.041  3680  4525 I SystemUi--NavBar: NoBackGesture-->display_id_0 Start gesture: MotionEvent { action=ACTION_DOWN, actionButton=0, id[0]=0, x[0]=610.0, y[0]=1542.0, toolType[0]=TOOL_TYPE_FINGER, buttonState=0, classification=NONE, metaState=0, flags=0x0, edgeFlags=0x0, pointerCount=1, historySize=0, eventTime=542900856, downTime=542900856, deviceId=-1, source=0x1002, displayId=0, eventId=-562775376 }
08-08 20:11:45.041  3680  4525 I SystemUi--NavBar: NoBackGesture-->display_id_0 Not in side gesture area
08-08 20:11:45.041  3009  3127 D PowerManagerService: userActivityNoUpdateLocked: groupId=0, eventTime=542900856, event=touch, flags=0x0, uid=1000
08-08 20:11:45.041  4088  4088 I OplusBaseTouchInteractionService: onInputEvent(), ACTION_DOWN, Consumer=TYPE_NO_OP
08-08 20:11:45.042  3009  3719 I [UAH_CLIENT]: UahEventAcquire, cmdid:37, pkg:none, identity:OplusUAwareInputHelper
08-08 20:11:45.042  3009  3566 D OGG_Detector: D:done mCurrStatus: 0
08-08 20:11:45.042 28665 28665 V AutofillManager: requestHideFillUi(null): anchor = null
08-08 20:11:45.043  3009  3719 D UAH-UahAdaptHelper: adaptSetNotification identity = OplusUAwareInputHelpersrc = 1000 , type 0 ,p1 = -1 ,p2 = -1 ,p3 = -1 ,p4 =
08-08 20:11:45.043  3009  3719 I [UAH_CLIENT]: uahRuleCtl, ruleId:1000, status:0
08-08 20:11:45.044  3009  4853 I InputDispatcher: injectInputEvent: targetUid=<not set>, syncMode=WAIT_FOR_FINISHED, timeout=30000ms, policyFlags=0x8000000, event=MotionEvent { action=UP, id[0]=0, x[0]=610, y[0]=1542, eventTime=542900856000000, downTime=542900856000000, deviceId=4, source=TOUCHSCREEN, displayId=0, eventId=0xe2bc3a59}
08-08 20:11:45.045  3009  4853 E InputDispatcher: Inconsistent event: MotionEvent { action=UP, id[0]=0, x[0]=610, y[0]=1542, eventTime=542900856000000, downTime=542900856000000, deviceId=4, source=TOUCHSCREEN, displayId=0, eventId=0xe2bc3a59}, reason: Injection on 0: Got ACTION_UP, but we have pointers: {1, 0} for device DeviceId(-1)
08-08 20:11:45.047  4088  4088 D AnimSeqTimeStamp: getTimeGapToLastStartAppTime: 542900866
08-08 20:11:45.047 28665 28665 D ViewRootImplExtImpl: the up motion event handled by client, just return
08-08 20:11:45.047  3009  3719 D UAH-UahAdaptHelper: adaptSetNotification identity = OplusUAwareInputHelpersrc = 1000 , type 1 ,p1 = -1 ,p2 = -1 ,p3 = -1 ,p4 =
08-08 20:11:45.047  3009  3719 I [UAH_CLIENT]: uahRuleCtl, ruleId:1000, status:1
08-08 20:11:45.053   896   896 E lowmemorykiller: device memory 236855 free 20541 file 221197
08-08 20:11:45.055 28665 28665 I oplus.android.OplusFrameworkFactoryImpl: get feature:IOplusDynamicVsyncFeature
08-08 20:11:45.055 28665 28665 I oplus.android.OplusFrameworkFactoryImpl: get feature:IOplusDynamicVsyncFeature
08-08 20:11:45.055 28665 28665 I oplus.android.OplusFrameworkFactoryImpl: get feature:IOplusDynamicVsyncFeature
08-08 20:11:45.062 31177 31238 W LogPrintlnFixie: Hook disabled by config
08-08 20:11:45.070  3009  3450 D InetDiagMessage: Destroyed 1 sockets, proto=IPPROTO_TCP, family=AF_INET, states=14
08-08 20:11:45.072  3009  3450 D InetDiagMessage: Destroyed 0 sockets, proto=IPPROTO_TCP, family=AF_INET6, states=14
08-08 20:11:45.072  3009  3450 D InetDiagMessage: Destroyed live tcp sockets for uids={10398} in 16ms
08-08 20:11:45.081 31177 31298 E msgr.msys: E[N MQTT]readErr(151)=>TCPStreamTransport readErr
08-08 20:11:45.083 31177 31298 E msgr.msys: E[N MQTT]onReadError(657)=>Read Error: AsyncSocketException: recv() failed (peer=157.240.196.24:443), type = Internal error, errno = 103 (Software caused connection abort)
08-08 20:11:45.085  3009  4853 I InputDispatcher: injectInputEvent: targetUid=<not set>, syncMode=WAIT_FOR_FINISHED, timeout=30000ms, policyFlags=0x8000000, event=MotionEvent { action=DOWN, id[0]=0, x[0]=95, y[0]=1542, eventTime=542900903000000, downTime=542900903000000, deviceId=4, source=TOUCHSCREEN, displayId=0, eventId=0xef2cff64}
08-08 20:11:45.086  3009  4853 E InputDispatcher: Inconsistent event: MotionEvent { action=DOWN, id[0]=0, x[0]=95, y[0]=1542, eventTime=542900903000000, downTime=542900903000000, deviceId=4, source=TOUCHSCREEN, displayId=0, eventId=0xef2cff64}, reason: Injection on 0: Invalid DOWN event - pointers already down for device DeviceId(-1): {DeviceId(-1): {1, 0}}
08-08 20:11:45.087  4088  4088 D AnimSeqTimeStamp: getTimeGapToLastStartAppTime: 542900906
08-08 20:11:45.087  3680  4525 I SystemUi--NavBar: NoBackGesture-->display_id_0 Start gesture: MotionEvent { action=ACTION_DOWN, actionButton=0, id[0]=0, x[0]=95.0, y[0]=1542.0, toolType[0]=TOOL_TYPE_FINGER, buttonState=0, classification=NONE, metaState=0, flags=0x0, edgeFlags=0x0, pointerCount=1, historySize=0, eventTime=542900903, downTime=542900903, deviceId=-1, source=0x1002, displayId=0, eventId=-282263708 }
08-08 20:11:45.087  3680  4525 I SystemUi--NavBar: NoBackGesture-->display_id_0 Not in side gesture area
08-08 20:11:45.088  3009  3719 I [UAH_CLIENT]: UahEventAcquire, cmdid:37, pkg:none, identity:OplusUAwareInputHelper
08-08 20:11:45.088  4088  4088 I OplusBaseTouchInteractionService: onInputEvent(), ACTION_DOWN, Consumer=TYPE_NO_OP
08-08 20:11:45.088  3009  3566 D OGG_Detector: D:done mCurrStatus: 0
08-08 20:11:45.088  3009  3450 D InetDiagMessage: Destroyed 0 sockets, proto=IPPROTO_TCP, family=AF_INET, states=14
08-08 20:11:45.089  3009  3719 D UAH-UahAdaptHelper: adaptSetNotification identity = OplusUAwareInputHelpersrc = 1000 , type 0 ,p1 = -1 ,p2 = -1 ,p3 = -1 ,p4 =
08-08 20:11:45.089  3009  3719 I [UAH_CLIENT]: uahRuleCtl, ruleId:1000, status:0
08-08 20:11:45.089  3009  4131 D ConnectivityService: Returning BLOCKED NetworkInfo to uid=10398
08-08 20:11:45.090  3009  3450 D InetDiagMessage: Destroyed 0 sockets, proto=IPPROTO_TCP, family=AF_INET6, states=14
08-08 20:11:45.091  3009  3450 D InetDiagMessage: Destroyed live tcp sockets for uids={20398} in 12ms
08-08 20:11:45.134 31177 31310 E msgr.AppState: Returning default for firstRunInfo
08-08 20:11:45.136 31177 31298 E msgr.msys: E[N MQTT]onOSNetworkDisconnected(740)=>LigerBasedStreamTransport onOSNetworkDisconnected
08-08 20:11:45.153   896   896 E lowmemorykiller: device memory 236080 free 18528 file 222435
08-08 20:11:45.254   896   896 E lowmemorykiller: device memory 236424 free 17890 file 223371
08-08 20:11:45.329 31177 31183 D BufferQueueConsumer: [SurfaceTexture-0-31177-0](id:79c900000000,api:0,p:-1,c:31177) disconnect
08-08 20:11:45.353 31177 31307 W msgr.MDCoreAuthoritativeStoreImpl: Race condition detected when loading auth store info from DB
08-08 20:11:45.355   896   896 E lowmemorykiller: device memory 236148 free 16839 file 224170
08-08 20:11:45.367 31177 31242 W msgr.MDCoreAuthoritativeStoreImpl: Race condition detected when loading auth store info from DB
08-08 20:11:45.426 31177 31239 W msgr.MessengerLacrimaConfig: FbErrorReportingConfig.postStartupInit
08-08 20:11:45.456   896   896 E lowmemorykiller: device memory 235376 free 15705 file 224532
08-08 20:11:45.460 28665 28665 V AutofillManager: requestHideFillUi(null): anchor = null
08-08 20:11:45.461  3009  4853 I InputDispatcher: injectInputEvent: targetUid=<not set>, syncMode=WAIT_FOR_FINISHED, timeout=30000ms, policyFlags=0x8000000, event=MotionEvent { action=UP, id[0]=0, x[0]=95, y[0]=1542, eventTime=542900903000000, downTime=542900903000000, deviceId=4, source=TOUCHSCREEN, displayId=0, eventId=0xd9598130}
08-08 20:11:45.464  3009  4853 E InputDispatcher: Inconsistent event: MotionEvent { action=UP, id[0]=0, x[0]=95, y[0]=1542, eventTime=542900903000000, downTime=542900903000000, deviceId=4, source=TOUCHSCREEN, displayId=0, eventId=0xd9598130}, reason: Injection on 0: Got ACTION_UP, but we have pointers: {1, 0} for device DeviceId(-1)
08-08 20:11:45.466  4088  4088 D AnimSeqTimeStamp: getTimeGapToLastStartAppTime: 542901285
08-08 20:11:45.467  3009  3719 D UAH-UahAdaptHelper: adaptSetNotification identity = OplusUAwareInputHelpersrc = 1000 , type 1 ,p1 = -1 ,p2 = -1 ,p3 = -1 ,p4 =
08-08 20:11:45.467  3009  3719 I [UAH_CLIENT]: uahRuleCtl, ruleId:1000, status:1
08-08 20:11:45.476 31177 31247 W msgr.JDGWNetworkRevalidatorBridge: No active network to report connectivity issue
08-08 20:11:45.478 31177 31291 E msgr.msys: E[N 1283]errorHandlerDispatched(198)=>262/1283/3347/-1
08-08 20:11:45.481 31177 31291 E msgr.msys: E[N WA]_WCCXMPPStreamDisconnectHandler(344)=>xmpp/disconnect - WCIStreamStateErrorCode: 2, domain: WCIStreamState, subdomain: MCCWDGWStream: Error Domain=WCIStreamState Code=2 UserInfo=0x28597bb2c0 {MCFErrorDirectUnderlyingErrorKey=0xb400007423c3a170 "Error Domain=MCCWDGWStream Code=0 UserInfo=0x28597bb280 {MCFErrorDirectLocalizedFailureReasonKey=TRANSPORT_FAILURE:Error Domain=MNSQUICConnection Code=0 UserInfo=0x28597bce00 {MCFErrorDirectLocalizedFailureReasonKey=Error on socket write Operation not permitted, }|tls_waiting_for_server|tls_server_responded}"}
08-08 20:11:45.481 31177 31291 E msgr.msys: E[N WCCConnectionMEM]_WCCConnectionMEMLifecycleEventHandler(2214)=>[INFO] connection/xmpp/lifecycle_event/not-connected, [7.9445s]
08-08 20:11:45.482 31177 31291 E msgr.msys: E[N WA]_WCCXMPPStreamDoDisconnect(1319)=>xmpp/disconnect - flags: 256
08-08 20:11:45.482  1299 10375 E TetherController: property_get sys.radio.data.modem_share_flag return 0, 1!
08-08 20:11:45.482 31177 31291 E msgr.msys: E[N WCCConnectionMEM]_WCCConnectionMEMDisconnectHandler(2325)=>connection/disconnected, peer reset
08-08 20:11:45.483 31177 31291 E msgr.msys: E[N WCCConnectionMEM]_WCCConnectionMEMEmitStateChange(3230)=>[INFO] connection/new_state/not-connected [connection_id=610530898, wcc_source=1, wcc_reason=18]
08-08 20:11:45.484 31177 31291 E msgr.msys: E[C MEMConnectionManager]_MEMConnectionManagerStateChangeHandler(638)=>[Critical] MEMConnectionState updated to ID: 0 with connectionId: 610530898
08-08 20:11:45.499 31177 31181 W m.facebook.orca: Suspending all threads took: 14.161ms
08-08 20:11:45.520  3009  3440 V NetworkPolicy: updateNetworkEnabledNL() return
08-08 20:11:45.520  3009  3440 V NetworkPolicy: updateNotificationsNL not process
08-08 20:11:45.525 31177 31285 E msgr.msys: E[N mns:DGWClient]_LogError(328)=>Failed to resolve using system DNS resolver, getaddrinfo(): No address associated with hostname
08-08 20:11:45.534 31177 31285 E msgr.msys: E[N mns:DGWClient]_LogError(328)=>Failed to resolve using system DNS resolver, getaddrinfo(): No address associated with hostname
08-08 20:11:45.539 31177 31247 E msgr.AppState: Returning default for firstRunInfo
08-08 20:11:45.541 31177 31291 E msgr.msys: E[C 1]_MCCLogErrorInternal(331)=>8/374/3970/65536
08-08 20:11:45.546  3979  4446 V MonthTrafficAlert: getWarningNotification subId:4 numWarningNotificaion:0
08-08 20:11:45.547 31177 31291 E msgr.msys: E[C 1]_MCCLogErrorInternal(331)=>8/374/3972/18
08-08 20:11:45.547  3979  4446 V MonthTrafficAlert: getWarningNotification subId:3 numWarningNotificaion:0
08-08 20:11:45.548 31177 31291 E msgr.msys: E[C mem.context]_LogConnectFailure(4905)=>Establishing connection failure reason and flags: disconnect/Doze/0/reason/18/flags/65536/[-, -, -, -, -, -, -, -, -, peer_reset, -, -, -, -]
08-08 20:11:45.554 31177 31291 E msgr.msys: E[C mem.context]_LogConnectFailure(4937)=>[Happy Eyeball] Connect failed with source=1, winner stream ip=102.132.97.32, port=5222, dnsResolutionMethod=1, combined_ip_addresses=102.132.97.32
08-08 20:11:45.556   896   896 E lowmemorykiller: device memory 234070 free 14150 file 224781
08-08 20:11:45.562 31177 31291 E msgr.msys: E[N WCCConnectionMEM]_WCCConnectionMEMEmitStateChange(3230)=>[INFO] connection/new_state/connecting [connection_id=610530899, wcc_source=1, wcc_reason=18]
08-08 20:11:45.562 31177 31291 E msgr.msys: E[C MEMConnectionManager]_MEMConnectionManagerStateChangeHandler(638)=>[Critical] MEMConnectionState updated to ID: 1 with connectionId: 610530899
08-08 20:11:45.570 31177 31296 E msgr.AppState: Returning default for firstRunInfo
08-08 20:11:45.570 31177 31296 E msgr.AppState: Returning default for firstRunInfo
08-08 20:11:45.571 31177 31296 E msgr.AppState: Returning default for firstRunInfo
08-08 20:11:45.572 31177 31329 E msgr.msys: E[S sync]_createResponseError(277)=>Network Response 90417990-EDF5-4E18-B116-5F8244F05C9F contains sync error Error Domain=dgw Code=2002 UserInfo=0x28597bdb40 {MCFErrorDirectLocalizedFailureReasonKey=Error Domain=MNSQUICConnection Code=0 UserInfo=0x28597bce00 {MCFErrorDirectLocalizedFailureReasonKey=Error on socket write Operation not permitted, }|tls_hs_started} - Underlying error (null): Error Domain=dgw Code=2002 UserInfo=0x28597bdb40 {MCFErrorDirectLocalizedFailureReasonKey=Error Domain=MNSQUICConnection Code=0 UserInfo=0x28597bce00 {MCFErrorDirectLocalizedFailureReasonKey=Error on socket write Operation not permitted, }|tls_hs_started}
08-08 20:11:45.573 31177 31291 E msgr.msys: E[N WCCConnectionMEM]_WCCConnectionMEMDoConnectWithAuthKeys(1576)=>[INFO] connection/connect/start/[host=chat-e2ee-mini.facebook.com port=5222]/[102.132.97.32:5222]/socketAddressCount=1
08-08 20:11:45.573 31177 31291 E msgr.msys: E[N WCCConnectionMEM]_WCCConnectionMEMLifecycleEventHandler(2206)=>[INFO] connection/xmpp/lifecycle_event/will-connect
08-08 20:11:45.574 31177 31291 E msgr.msys: E[A WA]WCCHandshakeCreate(191)=>handshake/create, pq mode:0
08-08 20:11:45.577 31177 31329 E msgr.msys: E[S sync]_createResponseError(277)=>Network Response CB66C397-41FF-4807-8C11-3A4BC445409D contains sync error Error Domain=dgw Code=2002 UserInfo=0x28597ba0c0 {MCFErrorDirectLocalizedFailureReasonKey=Error Domain=MNSQUICConnection Code=0 UserInfo=0x28597bce00 {MCFErrorDirectLocalizedFailureReasonKey=Error on socket write Operation not permitted, }|tls_hs_started} - Underlying error (null): Error Domain=dgw Code=2002 UserInfo=0x28597ba0c0 {MCFErrorDirectLocalizedFailureReasonKey=Error Domain=MNSQUICConnection Code=0 UserInfo=0x28597bce00 {MCFErrorDirectLocalizedFailureReasonKey=Error on socket write Operation not permitted, }|tls_hs_started}
08-08 20:11:45.582 31177 31474 W X.1jB   : Exception thrown during refresh
08-08 20:11:45.582 31177 31474 W X.1jB   : java.util.concurrent.ExecutionException: java.net.UnknownHostException: Unable to resolve host "chat-e2ee-mini.facebook.com": No address associated with hostname
08-08 20:11:45.582 31177 31474 W X.1jB   : 	at com.google.common.util.concurrent.AbstractFuture.getDoneValue(:21)
08-08 20:11:45.582 31177 31474 W X.1jB   : 	at com.google.common.util.concurrent.AbstractFuture.get(:268435506)
08-08 20:11:45.582 31177 31474 W X.1jB   : 	at X.1LM.A00(:1)
08-08 20:11:45.582 31177 31474 W X.1jB   : 	at com.google.common.cache.LocalCache$Segment.A04(:0)
08-08 20:11:45.582 31177 31474 W X.1jB   : 	at X.2my.run(:10)
08-08 20:11:45.582 31177 31474 W X.1jB   : 	at X.1IF.execute(:0)
08-08 20:11:45.582 31177 31474 W X.1jB   : 	at com.google.common.util.concurrent.AbstractFuture.executeListener(:0)
08-08 20:11:45.582 31177 31474 W X.1jB   : 	at com.google.common.util.concurrent.AbstractFuture.complete(:58)
08-08 20:11:45.582 31177 31474 W X.1jB   : 	at com.google.common.util.concurrent.AbstractFuture.setException(:19)
08-08 20:11:45.582 31177 31474 W X.1jB   : 	at X.2BB.run(:70)
08-08 20:11:45.582 31177 31474 W X.1jB   : 	at X.1IF.execute(:0)
08-08 20:11:45.582 31177 31474 W X.1jB   : 	at X.1Aq.A00(:0)
08-08 20:11:45.582 31177 31474 W X.1jB   : 	at X.1Aq.A01(:31)
08-08 20:11:45.582 31177 31474 W X.1jB   : 	at X.2mx.done(:2)
08-08 20:11:45.582 31177 31474 W X.1jB   : 	at java.util.concurrent.FutureTask.finishCompletion(FutureTask.java:445)
08-08 20:11:45.582 31177 31474 W X.1jB   : 	at java.util.concurrent.FutureTask.setException(FutureTask.java:314)
08-08 20:11:45.582 31177 31474 W X.1jB   : 	at java.util.concurrent.FutureTask.run(FutureTask.java:333)
08-08 20:11:45.582 31177 31474 W X.1jB   : 	at X.1B3.run(:2)
08-08 20:11:45.582 31177 31474 W X.1jB   : 	at java.util.concurrent.ThreadPoolExecutor.runWorker(ThreadPoolExecutor.java:1100)
08-08 20:11:45.582 31177 31474 W X.1jB   : 	at java.util.concurrent.ThreadPoolExecutor$Worker.run(ThreadPoolExecutor.java:624)
08-08 20:11:45.582 31177 31474 W X.1jB   : 	at X.1B5.run(:3)
08-08 20:11:45.582 31177 31474 W X.1jB   : 	at X.1B7.run(:17)
08-08 20:11:45.582 31177 31474 W X.1jB   : 	at java.lang.Thread.run(Thread.java:1572)
08-08 20:11:45.582 31177 31474 W X.1jB   : Caused by: java.net.UnknownHostException: Unable to resolve host "chat-e2ee-mini.facebook.com": No address associated with hostname
08-08 20:11:45.582 31177 31474 W X.1jB   : 	at java.net.Inet6AddressImpl.lookupHostByName(Inet6AddressImpl.java:124)
08-08 20:11:45.582 31177 31474 W X.1jB   : 	at java.net.Inet6AddressImpl.lookupAllHostAddr(Inet6AddressImpl.java:103)
08-08 20:11:45.582 31177 31474 W X.1jB   : 	at java.net.InetAddress.getAllByName(InetAddress.java:1152)
08-08 20:11:45.582 31177 31474 W X.1jB   : 	at X.1j2.A02(:46)
08-08 20:11:45.582 31177 31474 W X.1jB   : 	at X.2mw.call(:6)
08-08 20:11:45.582 31177 31474 W X.1jB   : 	at java.util.concurrent.FutureTask.run(FutureTask.java:328)
08-08 20:11:45.582 31177 31474 W X.1jB   : 	... 6 more
08-08 20:11:45.595 31177 31285 E msgr.msys: E[N mns:DGWClient]_LogError(328)=>Failed to resolve using system DNS resolver, getaddrinfo(): No address associated with hostname
08-08 20:11:45.596 31177 31285 E msgr.msys: E[N mns:DGWClient]_LogError(328)=>Failed to resolve using system DNS resolver, getaddrinfo(): No address associated with hostname
08-08 20:11:45.617 31177 31329 E msgr.msys: E[S sync]_createResponseError(277)=>Network Response D7BDA5B3-7409-4BBE-B0D1-D4E4CA542309 contains sync error Error Domain=dgw Code=2002 UserInfo=0x28597bb0c0 {MCFErrorDirectLocalizedFailureReasonKey=Error Domain=MNSQUICConnection Code=0 UserInfo=0x28597bce00 {MCFErrorDirectLocalizedFailureReasonKey=Error on socket write Operation not permitted, }|tls_hs_started} - Underlying error (null): Error Domain=dgw Code=2002 UserInfo=0x28597bb0c0 {MCFErrorDirectLocalizedFailureReasonKey=Error Domain=MNSQUICConnection Code=0 UserInfo=0x28597bce00 {MCFErrorDirectLocalizedFailureReasonKey=Error on socket write Operation not permitted, }|tls_hs_started}
08-08 20:11:45.634 31177 31331 E msgr.msys: E[C mem.context]_LogNetworkStateUpdate(7866)=>[Critical] network_state/prev/1/new/2/source/1
08-08 20:11:45.635 31177 31331 E msgr.msys: E[C MEMConnectionManager]_NetworkDisconnectedConnectionEventHandler(1593)=>[Debug] Start _NetworkDisconnectedConnectionEventHandler.
08-08 20:11:45.637 31177 31331 E msgr.msys: E[C 1]_MCCLogErrorInternal(331)=>8/1199/738/-1
08-08 20:11:45.638 25275 25279 I AidlLazyServiceRegistrar: Process has 0 (of 1 available) client(s) in use after notification artd has clients: 0
08-08 20:11:45.639 25275 25279 I AidlLazyServiceRegistrar: Trying to shut down the service. No clients in use for any service in process.
08-08 20:11:45.639 31177 31331 E msgr.msys: E[C MEMConnectionManager]_NetworkDisconnectedConnectionEventHandler(1610)=>[Debug] End _NetworkDisconnectedConnectionEventHandler.
08-08 20:11:45.640 31177 31291 E msgr.msys: E[C MEMConnectionManager]__DisconnectIfNeededOnNetworkContextAsyncImpl(1364)=>[Critical] Call WCCConnectionMEMDisconnectImmediately with event id: 5
08-08 20:11:45.641 25275 25279 I AidlLazyServiceRegistrar: Unregistered all clients and exiting
08-08 20:11:45.641 31177 31291 E msgr.msys: E[N WCCConnectionMEM]_WCCConnectionMEMDoDisconnect(1933)=>[INFO] connection/disconnect/[internalState=3]
08-08 20:11:45.641 31177 31291 E msgr.msys: E[N WA]WCCXMPPStreamDisconnectImmediately(917)=>[WARNING] xmpp/disconnect/immediate in state=0 reason={stateChangeSource: 0, stateChangeReason: 0}
08-08 20:11:45.641 31177 31291 E msgr.msys: E[N WA]_WCCXMPPStreamDisconnectHandler(344)=>xmpp/disconnect - WCIStreamStateErrorCode: 1, domain: WCIStreamState, subdomain: happyeyeballs: Error Domain=WCIStreamState Code=1 UserInfo=0x28597bba00 {MCFErrorDirectUnderlyingErrorKey=0xb400007423c3a6b0 "Error Domain=happyeyeballs Code=1"}
08-08 20:11:45.642 31177 31291 E msgr.msys: E[N WCCConnectionMEM]_WCCConnectionMEMLifecycleEventHandler(2214)=>[INFO] connection/xmpp/lifecycle_event/not-connected, [0.0678s]
08-08 20:11:45.642 31177 31291 E msgr.msys: E[N WA]_WCCXMPPStreamDoDisconnect(1319)=>xmpp/disconnect - flags: 34
08-08 20:11:45.642 31177 31291 E msgr.msys: E[N WCCConnectionMEM]_WCCConnectionMEMDisconnectHandler(2312)=>connection/disconnected, handshake failure
08-08 20:11:45.642 31177 31291 E msgr.msys: E[N WCCConnectionMEM]_WCCConnectionMEMEmitStateChange(3230)=>[INFO] connection/new_state/not-connected [connection_id=610530898, wcc_source=0, wcc_reason=0]
08-08 20:11:45.643 31177 31291 E msgr.msys: E[C MEMConnectionManager]_MEMConnectionManagerStateChangeHandler(638)=>[Critical] MEMConnectionState updated to ID: 0 with connectionId: 610530898
08-08 20:11:45.650 31177 31474 E msgr.MobileConfigInit: MobileConfigDebug: endToEndConfigLevelConsistencyTests
08-08 20:11:45.657   896   896 E lowmemorykiller: device memory 233256 free 12977 file 225136
08-08 20:11:45.665 31177 31474 E msgr.AppState: Returning default for firstRunInfo
08-08 20:11:45.665 31177 31474 E msgr.AppState: Returning default for firstRunInfo
08-08 20:11:45.689 28665 28665 D ViewRootImplExtImpl: the up motion event handled by client, just return
08-08 20:11:45.700 28665 28665 I oplus.android.OplusFrameworkFactoryImpl: get feature:IOplusDynamicVsyncFeature
08-08 20:11:45.700 28665 28665 I oplus.android.OplusFrameworkFactoryImpl: get feature:IOplusDynamicVsyncFeature
08-08 20:11:45.700 28665 28665 I oplus.android.OplusFrameworkFactoryImpl: get feature:IOplusDynamicVsyncFeature
08-08 20:11:45.707  2000  2511 D QmiClient: qmiServiceEventCallback recv msg id 74
08-08 20:11:45.707  2000  2511 D QmiDsdClient: enter - onQmiServiceEventCallback msgId 74
08-08 20:11:45.707  2000  2511 D QmiDsdClientEvent: qmiDsdClientNotifyLteCellInfoChangeEvent - RADIO_EVENT_LTE_CELL_INFO_CHANGE_IND
08-08 20:11:45.710  2000  2093 D DsdProxy: handleMessage msg is 2201
08-08 20:11:45.711  2000  2093 D DsdProxy: handleLteCellInfoChangeInd for instance 0
08-08 20:11:45.712  4047  4128 D SubsysRadioIndication: [PHONE0]radioLteCAInfoInd
08-08 20:11:45.714  3979  4446 D CommonApp-741-10495: transport layer data is invalid
08-08 20:11:45.718  4047  4047 D QtiCellularNetwork: handleLteCaInfoChanged 0
08-08 20:11:45.722  4047  4047 D QtiCellularNetwork: handleLteCaInfoChanged: deconfigured
08-08 20:11:45.748 31177 31468 E msgr.ColdstartExperimentsController: unable to set dex config
08-08 20:11:45.748 31177 31468 E msgr.ColdstartExperimentsController: java.lang.IllegalStateException: Main DexStore is null
08-08 20:11:45.748 31177 31468 E msgr.ColdstartExperimentsController: 	at X.001.A0Q(:2)
08-08 20:11:45.748 31177 31468 E msgr.ColdstartExperimentsController: 	at com.facebook.common.dextricksdi.ColdstartExperimentsController.A00(:208)
08-08 20:11:45.748 31177 31468 E msgr.ColdstartExperimentsController: 	at com.facebook.common.dextricksdi.ColdstartExperimentsController.A01(:73)
08-08 20:11:45.748 31177 31468 E msgr.ColdstartExperimentsController: 	at X.7FO.A05(:2546)
08-08 20:11:45.748 31177 31468 E msgr.ColdstartExperimentsController: 	at X.2Ea.A01(:2370)
08-08 20:11:45.748 31177 31468 E msgr.ColdstartExperimentsController: 	at X.2Ea.run(:1324)
08-08 20:11:45.748 31177 31468 E msgr.ColdstartExperimentsController: 	at X.2GO.call(:232)
08-08 20:11:45.748 31177 31468 E msgr.ColdstartExperimentsController: 	at java.util.concurrent.FutureTask.run(FutureTask.java:328)
08-08 20:11:45.748 31177 31468 E msgr.ColdstartExperimentsController: 	at X.5iW.A00(:28)
08-08 20:11:45.748 31177 31468 E msgr.ColdstartExperimentsController: 	at X.1IC.call(:6)
08-08 20:11:45.748 31177 31468 E msgr.ColdstartExperimentsController: 	at java.util.concurrent.FutureTask.run(FutureTask.java:328)
08-08 20:11:45.748 31177 31468 E msgr.ColdstartExperimentsController: 	at java.util.concurrent.Executors$RunnableAdapter.call(Executors.java:520)
08-08 20:11:45.748 31177 31468 E msgr.ColdstartExperimentsController: 	at java.util.concurrent.FutureTask.run(FutureTask.java:328)
08-08 20:11:45.748 31177 31468 E msgr.ColdstartExperimentsController: 	at X.1B4.run(:43)
08-08 20:11:45.748 31177 31468 E msgr.ColdstartExperimentsController: 	at java.util.concurrent.ThreadPoolExecutor.runWorker(ThreadPoolExecutor.java:1100)
08-08 20:11:45.748 31177 31468 E msgr.ColdstartExperimentsController: 	at java.util.concurrent.ThreadPoolExecutor$Worker.run(ThreadPoolExecutor.java:624)
08-08 20:11:45.748 31177 31468 E msgr.ColdstartExperimentsController: 	at X.1B5.run(:3)
08-08 20:11:45.748 31177 31468 E msgr.ColdstartExperimentsController: 	at X.1B7.run(:17)
08-08 20:11:45.748 31177 31468 E msgr.ColdstartExperimentsController: 	at java.lang.Thread.run(Thread.java:1572)
08-08 20:11:45.756  3009  4853 I InputDispatcher: injectInputEvent: targetUid=<not set>, syncMode=WAIT_FOR_FINISHED, timeout=30000ms, policyFlags=0x8000000, event=MotionEvent { action=DOWN, id[0]=0, x[0]=610, y[0]=1542, eventTime=542901575000000, downTime=542901575000000, deviceId=4, source=TOUCHSCREEN, displayId=0, eventId=0xd9c8de90}
08-08 20:11:45.758   896   896 E lowmemorykiller: device memory 233718 free 13420 file 225174
08-08 20:11:45.758  3009  4853 E InputDispatcher: Inconsistent event: MotionEvent { action=DOWN, id[0]=0, x[0]=610, y[0]=1542, eventTime=542901575000000, downTime=542901575000000, deviceId=4, source=TOUCHSCREEN, displayId=0, eventId=0xd9c8de90}, reason: Injection on 0: Invalid DOWN event - pointers already down for device DeviceId(-1): {DeviceId(-1): {1, 0}}
08-08 20:11:45.761 28665 28665 V AutofillManager: requestHideFillUi(null): anchor = null
08-08 20:11:45.761  3680  4525 I SystemUi--NavBar: NoBackGesture-->display_id_0 Start gesture: MotionEvent { action=ACTION_DOWN, actionButton=0, id[0]=0, x[0]=610.0, y[0]=1542.0, toolType[0]=TOOL_TYPE_FINGER, buttonState=0, classification=NONE, metaState=0, flags=0x0, edgeFlags=0x0, pointerCount=1, historySize=0, eventTime=542901575, downTime=542901575, deviceId=-1, source=0x1002, displayId=0, eventId=-641147248 }
08-08 20:11:45.761  4088  4088 D AnimSeqTimeStamp: getTimeGapToLastStartAppTime: 542901580
08-08 20:11:45.761  3680  4525 I SystemUi--NavBar: NoBackGesture-->display_id_0 Not in side gesture area
08-08 20:11:45.761  4088  4088 I OplusBaseTouchInteractionService: onInputEvent(), ACTION_DOWN, Consumer=TYPE_NO_OP
08-08 20:11:45.761  3009  3566 D OGG_Detector: D:done mCurrStatus: 0
08-08 20:11:45.761  3009  3127 D PowerManagerService: userActivityNoUpdateLocked: groupId=0, eventTime=542901575, event=touch, flags=0x0, uid=1000
08-08 20:11:45.762  3009  3719 I [UAH_CLIENT]: UahEventAcquire, cmdid:37, pkg:none, identity:OplusUAwareInputHelper
08-08 20:11:45.763  3009  4853 I InputDispatcher: injectInputEvent: targetUid=<not set>, syncMode=WAIT_FOR_FINISHED, timeout=30000ms, policyFlags=0x8000000, event=MotionEvent { action=UP, id[0]=0, x[0]=610, y[0]=1542, eventTime=542901575000000, downTime=542901575000000, deviceId=4, source=TOUCHSCREEN, displayId=0, eventId=0xe7c5c249}
08-08 20:11:45.763  3009  3719 D UAH-UahAdaptHelper: adaptSetNotification identity = OplusUAwareInputHelpersrc = 1000 , type 0 ,p1 = -1 ,p2 = -1 ,p3 = -1 ,p4 =
08-08 20:11:45.763  3009  3719 I [UAH_CLIENT]: uahRuleCtl, ruleId:1000, status:0
08-08 20:11:45.766  3009  4853 E InputDispatcher: Inconsistent event: MotionEvent { action=UP, id[0]=0, x[0]=610, y[0]=1542, eventTime=542901575000000, downTime=542901575000000, deviceId=4, source=TOUCHSCREEN, displayId=0, eventId=0xe7c5c249}, reason: Injection on 0: Got ACTION_UP, but we have pointers: {1, 0} for device DeviceId(-1)
08-08 20:11:45.767  4088  4088 D AnimSeqTimeStamp: getTimeGapToLastStartAppTime: 542901586
08-08 20:11:45.767 28665 28665 D ViewRootImplExtImpl: the up motion event handled by client, just return
08-08 20:11:45.768  3009  3719 D UAH-UahAdaptHelper: adaptSetNotification identity = OplusUAwareInputHelpersrc = 1000 , type 1 ,p1 = -1 ,p2 = -1 ,p3 = -1 ,p4 =
08-08 20:11:45.768  3009  3719 I [UAH_CLIENT]: uahRuleCtl, ruleId:1000, status:1
08-08 20:11:45.773 28665 28665 I oplus.android.OplusFrameworkFactoryImpl: get feature:IOplusDynamicVsyncFeature
08-08 20:11:45.773 28665 28665 I oplus.android.OplusFrameworkFactoryImpl: get feature:IOplusDynamicVsyncFeature
08-08 20:11:45.773 28665 28665 I oplus.android.OplusFrameworkFactoryImpl: get feature:IOplusDynamicVsyncFeature
08-08 20:11:45.802 31177 31474 W OptimizationRunner: Using cached optimization plans for 2 configurations
08-08 20:11:45.802  1479  1567 D BatteryChargeControl: bcc get no support from charging protocol
08-08 20:11:45.802 31177 31474 W ExperimentConfigurator: onAppStartFinished completed: 0 configs executed
08-08 20:11:45.827 25458 25458 D BoundBrokerSvc: onUnbind: Intent { act=com.google.android.gms.onboardingconsent.api.ConsentManagerApiService.START dat=chimera-action:/... cmp=com.google.android.gms/.chimera.GmsApiService mCallingUid=10114 }
08-08 20:11:45.834  3009  4718 I InputDispatcher: injectInputEvent: targetUid=<not set>, syncMode=WAIT_FOR_FINISHED, timeout=30000ms, policyFlags=0x8000000, event=MotionEvent { action=DOWN, id[0]=0, x[0]=450, y[0]=1542, eventTime=542901653000000, downTime=542901653000000, deviceId=4, source=TOUCHSCREEN, displayId=0, eventId=0xd2bfe173}
08-08 20:11:45.835  3009  4718 E InputDispatcher: Inconsistent event: MotionEvent { action=DOWN, id[0]=0, x[0]=450, y[0]=1542, eventTime=542901653000000, downTime=542901653000000, deviceId=4, source=TOUCHSCREEN, displayId=0, eventId=0xd2bfe173}, reason: Injection on 0: Invalid DOWN event - pointers already down for device DeviceId(-1): {DeviceId(-1): {1, 0}}
08-08 20:11:45.837  4088  4088 D AnimSeqTimeStamp: getTimeGapToLastStartAppTime: 542901657
08-08 20:11:45.837  3680  4525 I SystemUi--NavBar: NoBackGesture-->display_id_0 Start gesture: MotionEvent { action=ACTION_DOWN, actionButton=0, id[0]=0, x[0]=450.0, y[0]=1542.0, toolType[0]=TOOL_TYPE_FINGER, buttonState=0, classification=NONE, metaState=0, flags=0x0, edgeFlags=0x0, pointerCount=1, historySize=0, eventTime=542901653, downTime=542901653, deviceId=-1, source=0x1002, displayId=0, eventId=-759176845 }
08-08 20:11:45.838  3680  4525 I SystemUi--NavBar: NoBackGesture-->display_id_0 Not in side gesture area
08-08 20:11:45.838  4088  4088 I OplusBaseTouchInteractionService: onInputEvent(), ACTION_DOWN, Consumer=TYPE_NO_OP
08-08 20:11:45.838  3009  3566 D OGG_Detector: D:done mCurrStatus: 0
08-08 20:11:45.838  3009  3719 I [UAH_CLIENT]: UahEventAcquire, cmdid:37, pkg:none, identity:OplusUAwareInputHelper
08-08 20:11:45.839  3009  3719 D UAH-UahAdaptHelper: adaptSetNotification identity = OplusUAwareInputHelpersrc = 1000 , type 0 ,p1 = -1 ,p2 = -1 ,p3 = -1 ,p4 =
08-08 20:11:45.839  3009  3719 I [UAH_CLIENT]: uahRuleCtl, ruleId:1000, status:0
08-08 20:11:45.846  3009  4131 D ConnectivityService: requestNetwork for uid/pid:10398/31177 activeRequest: null callbackRequest: 105206 [NetworkRequest [ TRACK_DEFAULT id=105207, [ Capabilities: INTERNET&NOT_RESTRICTED&TRUSTED&NOT_VCN_MANAGED&NOT_BANDWIDTH_CONSTRAINED Uid: 10398 RequestorUid: 10398 RequestorPkg: com.facebook.orca UnderlyingNetworks: Null] ], NetworkRequest [ REQUEST id=105208, [ Transports: SATELLITE Capabilities: INTERNET&NOT_RESTRICTED&TRUSTED&NOT_VCN_MANAGED Uid: 10398 RequestorUid: 10398 RequestorPkg: com.facebook.orca UnderlyingNetworks: Null] ]] callback flags: 0 order: 2147483647 isUidTracked: false declaredMethods: AVAIL|LOST|NC|BLK
08-08 20:11:45.854  3009  3450 D ConnectivityService: NetReassign [105207 : null → 741] [c 0] [a 3] [i 4]
08-08 20:11:45.861  3009  4131 D ConnectivityService: requestNetwork for uid/pid:10398/31177 activeRequest: null callbackRequest: 105209 [NetworkRequest [ TRACK_DEFAULT id=105210, [ Capabilities: INTERNET&NOT_RESTRICTED&TRUSTED&NOT_VCN_MANAGED&NOT_BANDWIDTH_CONSTRAINED Uid: 10398 RequestorUid: 10398 RequestorPkg: com.facebook.orca UnderlyingNetworks: Null] ], NetworkRequest [ REQUEST id=105211, [ Transports: SATELLITE Capabilities: INTERNET&NOT_RESTRICTED&TRUSTED&NOT_VCN_MANAGED Uid: 10398 RequestorUid: 10398 RequestorPkg: com.facebook.orca UnderlyingNetworks: Null] ]] callback flags: 0 order: 2147483647 isUidTracked: false declaredMethods: AVAIL|LOST|NC|LP
08-08 20:11:45.868  3009  3450 D ConnectivityService: NetReassign [105210 : null → 741] [c 0] [a 1] [i 4]
08-08 20:11:45.875 31177 31468 W msgr.ServiceInfoParser: X.49H: Service com.facebook.businessintegrity.cloakingdetection.service.CloakingDetectionService is missing meta key com.facebook.common.jobscheduler.compat.jobIds
08-08 20:11:45.875 31177 31468 W msgr.ServiceInfoParser: X.49H: Service com.facebook.browser.lite.BrowserLiteInMainProcessIntentService is missing meta key com.facebook.common.jobscheduler.compat.jobIds
08-08 20:11:45.876 31177 31468 W msgr.ServiceInfoParser: X.49H: Service com.facebook.contacts.service.ContactLocaleChangeService is missing meta key com.facebook.common.jobscheduler.compat.jobIds
08-08 20:11:45.876 31177 31468 W msgr.ServiceInfoParser: X.49H: Service com.facebook.messaging.livelocation.bindings.MessengerLiveLocationBooterService is missing meta key com.facebook.common.jobscheduler.compat.jobIds
08-08 20:11:45.876 31177 31468 W msgr.ServiceInfoParser: X.49H: Service com.facebook.messenger.app.background.msys.MsysBackgroundSyncService is missing meta key com.facebook.common.jobscheduler.compat.jobIds
08-08 20:11:45.876 31177 31468 W msgr.ServiceInfoParser: X.49H: Service com.facebook.push.fcm.FcmRegistrarFbJobIntentService is missing meta key com.facebook.common.jobscheduler.compat.jobIds
08-08 20:11:45.878 31177 31468 W msgr.ServiceInfoParser: X.49H: Service com.facebook.analytics2.fabric.onefabric.FFAlarmUploadJobService is missing meta key com.facebook.common.jobscheduler.compat.jobIds
08-08 20:11:45.879 31177 31468 W msgr.ServiceInfoParser: X.49H: Service com.facebook.falco.jobscheduler.FFJobService is missing meta key com.facebook.common.jobscheduler.compat.jobIds
08-08 20:11:45.879 31177 31468 W msgr.ServiceInfoParser: X.49H: Service com.facebook.papaya.fb.messenger.MessengerPapayaExecutionJobService is missing meta key com.facebook.common.jobscheduler.compat.jobIds
08-08 20:11:45.879 31177 31468 W msgr.ServiceInfoParser: X.49H: Service com.facebook.googleplay.GooglePlayInstallRefererService is missing meta key com.facebook.common.jobscheduler.compat.jobIds
08-08 20:11:45.880 31177 31468 W msgr.ServiceInfoParser: X.49H: Service com.facebook.messaging.universallinks.receiver.InstallReferrerFetchJobIntentService is missing meta key com.facebook.common.jobscheduler.compat.jobIds
08-08 20:11:45.880 31177 31468 W msgr.ServiceInfoParser: X.49H: Service com.facebook.conditionalworker.ConditionalWorkerService is missing meta key com.facebook.common.jobscheduler.compat.jobIds
08-08 20:11:45.880 31177 31468 W msgr.ServiceInfoParser: X.49H: Service com.facebook.push.fbpushdata.common.FbPushDataHandlerService is missing meta key com.facebook.common.jobscheduler.compat.jobIds
08-08 20:11:45.881 31177 31468 W msgr.ServiceInfoParser: X.49H: Service com.facebook.voltron.download.scheduledinstaller.OxygenScheduledInstallerJobService is missing meta key com.facebook.common.jobscheduler.compat.jobIds
08-08 20:11:45.881 31177 31468 W msgr.ServiceInfoParser: X.49H: Service com.facebook.oxygen.preloads.sdk.firstparty.managedappcache.IsManagedAppCacheJobService is missing meta key com.facebook.common.jobscheduler.compat.jobIds
08-08 20:11:45.882 31177 31468 W msgr.ServiceInfoParser: X.49H: Service com.facebook.messaging.notify.client.MessagesNotificationService is missing meta key com.facebook.common.jobscheduler.compat.jobIds
08-08 20:11:45.882 31177 31468 W msgr.ServiceInfoParser: X.49H: Service com.facebook.messaging.prefs.notifications.NotificationPrefsSyncService is missing meta key com.facebook.common.jobscheduler.compat.jobIds
08-08 20:11:45.882 31177 31468 W msgr.ServiceInfoParser: X.49H: Service com.google.android.gms.analytics.AnalyticsJobService is missing meta key com.facebook.common.jobscheduler.compat.jobIds
08-08 20:11:45.882 31177 31468 W msgr.ServiceInfoParser: X.49H: Service com.facebook.push.adm.ADMService is missing meta key com.facebook.common.jobscheduler.compat.jobIds
08-08 20:11:45.882 31177 31468 W msgr.ServiceInfoParser: X.49H: Service com.facebook.push.adm.ADMBroadcastReceiverJobBase is missing meta key com.facebook.common.jobscheduler.compat.jobIds
08-08 20:11:45.882 31177 31468 W msgr.ServiceInfoParser: X.49H: Service com.facebook.push.adm.ADMJobIntentService is missing meta key com.facebook.common.jobscheduler.compat.jobIds
08-08 20:11:45.883 31177 31468 W msgr.ServiceInfoParser: X.49H: Service com.facebook.push.negativefeedback.PushNegativeFeedbackFbJobIntentService is missing meta key com.facebook.common.jobscheduler.compat.jobIds
08-08 20:11:45.883 31177 31468 W msgr.ServiceInfoParser: X.49H: Service com.facebook.push.registration.RegistrarHelperService is missing meta key com.facebook.common.jobscheduler.compat.jobIds
08-08 20:11:45.885 31177 31468 W msgr.ServiceInfoParser: X.49H: Service androidx.work.impl.background.systemjob.SystemJobService is missing meta key com.facebook.common.jobscheduler.compat.jobIds
08-08 20:11:45.886 31177 31468 W msgr.ServiceInfoParser: X.49H: Service com.facebook.push.mqtt.service.MqttPushHelperService is missing meta key com.facebook.common.jobscheduler.compat.jobIds
08-08 20:11:45.886 31177 31468 W msgr.ServiceInfoParser: X.49H: Service com.facebook.reportaproblem.base.bugreport.BugReportUploadService is missing meta key com.facebook.common.jobscheduler.compat.jobIds
08-08 20:11:45.887 31177 31468 W msgr.ServiceInfoParser: X.49H: Service com.facebook.appcomponentmanager.AppComponentManagerService is missing meta key com.facebook.common.jobscheduler.compat.jobIds
08-08 20:11:45.887 31177 31468 W msgr.ServiceInfoParser: X.49H: Service com.facebook.fbservice.service.BlueServiceJobIntentService is missing meta key com.facebook.common.jobscheduler.compat.jobIds
08-08 20:11:45.887 31177 31468 W msgr.ServiceInfoParser: X.49H: Service com.facebook.delayedworker.DelayedWorkerService is missing meta key com.facebook.common.jobscheduler.compat.jobIds
08-08 20:11:45.887 31177 31468 W msgr.ServiceInfoParser: X.49H: Service com.facebook.analytics2.logger.service.LollipopUploadSafeService is missing meta key com.facebook.common.jobscheduler.compat.jobIds
08-08 20:11:45.888 31177 31468 W msgr.ServiceInfoParser: X.49H: Service com.facebook.analytics2.logger.legacy.uploader.LollipopUploadService is missing meta key com.facebook.common.jobscheduler.compat.jobIds
08-08 20:11:45.888 31177 31468 W msgr.ServiceInfoParser: X.49H: Service com.facebook.analytics2.logger.legacy.uploader.Analytics2UploadService is missing meta key com.facebook.common.jobscheduler.compat.jobIds
08-08 20:11:45.888 31177 31468 W msgr.ServiceInfoParser: X.49H: Service com.google.android.datatransport.runtime.scheduling.jobscheduling.JobInfoSchedulerService is missing meta key com.facebook.common.jobscheduler.compat.jobIds
08-08 20:11:45.994  1479  5654 D charge_time: type=cdp/dcp,reserve_soc=1,soc=61,ui_soc=62,current=676,avg=775,not_chg_cnt=0,stable_cnt=7,fcc=4423,fcc_ratio=92,delta=81,debug=0,region=12,ttf=7547(02:05:47),ui_ttf=5044(01:24:04)
08-08 20:11:45.997   896   896 E lowmemorykiller: device memory 237600 free 20832 file 221306
08-08 20:11:45.998  3009  3712 I Osense-PsiDetector: 928,82,2642,4607,43,129,91,582,1195,273,590,0,4,5783
08-08 20:11:45.999  3009  3705 I Osense-BaseDecisionMaker: notifySceneToAthenaPolicy: SCENE_RES_MEM_PSI_NORMAL, bundle: Bundle[{memLevel=3}]
08-08 20:11:46.004  3009  3705 I Osense-BaseDecisionMaker: scene: SCENE_RES_MEM_PSI_NORMAL, excutingPolicy: clear
08-08 20:11:46.005  3009  3705 D Osense-BaseDecisionMaker: invoke clear policy,type: cached
08-08 20:11:46.006  3009  3710 I OsenseKillAction: KillAction: [atomic clean] start name=lowmem, requestId=122392, startAvail=927, startFreeMB=83, purposeAvailMB=1200, purposeFreeMB=-1, anonRssTarget=273, minBgCount=0, swapTarget=0, scene=SCENE_RES_MEM_PSI_NORMAL, type=cached, qb=false, cchOnly=true, urgency=false, hoggingCpuPids={}, invalid-cnt=2
08-08 20:11:46.007  3009  3710 I OsenseKillAction: KillAction: [atomic clean] end: skip for no-killable-cached-process
08-08 20:11:46.007  3009  3710 I OsenseKillAction: KillAction: 273mb more anonRss to reclaim, 0mb more swapMb to reclaim, <skip> mem guard, cur avail=0mb, bundle: Bundle[{appcareThreshold=0, triggerMemory=1000, qbmode=false, memLevel=3, type=cached, level=1, scene=SCENE_RES_MEM_PSI_NORMAL, requestId=122392, purposeMemory=1200}]
08-08 20:11:46.042 31177 31177 W CombinedTP15: type=1400 audit(0.0:1242120): avc:  granted  { execute } for  path="/data/data/com.facebook.orca/lib-compressed/libcore.so" dev="dm-84" ino=1289273 scontext=u:r:untrusted_app:s0:c142,c257,c512,c768 tcontext=u:object_r:app_data_file:s0:c142,c257,c512,c768 tclass=file app=com.facebook.orca
08-08 20:11:46.058  2000  2511 D QmiClient: qmiServiceEventCallback recv msg id 74
08-08 20:11:46.058  2000  2511 D QmiDsdClient: enter - onQmiServiceEventCallback msgId 74
08-08 20:11:46.058  2000  2511 D QmiDsdClientEvent: qmiDsdClientNotifyLteCellInfoChangeEvent - RADIO_EVENT_LTE_CELL_INFO_CHANGE_IND
08-08 20:11:46.058  2000  2093 D DsdProxy: handleMessage msg is 2201
08-08 20:11:46.058  2000  2093 D DsdProxy: handleLteCellInfoChangeInd for instance 0
08-08 20:11:46.059  4047  4128 D SubsysRadioIndication: [PHONE0]radioLteCAInfoInd
08-08 20:11:46.059  4047  4047 D QtiCellularNetwork: handleLteCaInfoChanged 0
08-08 20:11:46.059  4047  4047 D QtiCellularNetwork: handleLteCaInfoChanged: deconfigured
08-08 20:11:46.070 31177 31476 D nativeloader: Load /data/data/com.facebook.orca/lib-compressed/libcore.so using class loader ns clns-7 (caller=/data/app/~~2yNjDMCfodtIoQdf3oT9CQ==/com.facebook.orca-EI_zpxeC1w_Bx856VeYlgw==/base.apk): ok
08-08 20:11:46.098   896   896 E lowmemorykiller: device memory 237400 free 20852 file 221363
08-08 20:11:46.126 31177 31177 W msgr.AppComponentFactory: Instantiating Service
08-08 20:11:46.141 31177 31242 W Settings: Setting notification_bubbles has moved from android.provider.Settings.Global to android.provider.Settings.Secure, returning read-only value.
08-08 20:11:46.142  3009  3998 I OplusHansManager : uid=10326, pkg=org.hicham.salaat cannot transition from R to M, importance=fg-service
08-08 20:11:46.174 31177 31302 E msgr.AppState: Returning default for firstRunInfo
08-08 20:11:46.186 31177 31181 W m.facebook.orca: Cleared Reference was only reachable from finalizer (only reported once)
08-08 20:11:46.194 31177 31332 E msgr.msys: E[I Tripwire failed]MCITripwireLog(35)=>Tripwire at xplat/messenger/plugin_infra/src/MessengerPluginInfra/ffi/plugin_registry_load_function_helpers_ffi.rs:795
08-08 20:11:46.199   896   896 E lowmemorykiller: device memory 237317 free 21528 file 220670
08-08 20:11:46.221 31177 31302 E msgr.AppState: Returning default for firstRunInfo
08-08 20:11:46.222 31047  3500 D CustomLogManagerService: WorkHandler msg.what :5
08-08 20:11:46.225 31177 31229 W JobInfo : Job 'com.facebook.orca/com.facebook.messaging.livelocation.bindings.MessengerLiveLocationBooterService#-1743238118' has a deadline with no functional constraints. The deadline won't improve job execution latency. Consider removing the deadline.
08-08 20:11:46.229  3009  3252 W JobInfo : Job 'com.facebook.orca/com.facebook.messaging.livelocation.bindings.MessengerLiveLocationBooterService#-1743238118' has a deadline with no functional constraints. The deadline won't improve job execution latency. Consider removing the deadline.
08-08 20:11:46.229 31047  3500 D CustomLogManagerService: curTemp:336 limit:390
08-08 20:11:46.229 31047  3500 D CustomLogManagerService: checkUploadStatus: isSceenOn=true activeNetType=1 isCharging=true isUploading:false temperatureLimit:false
08-08 20:11:46.230 31047  3500 D CustomLogManagerService: sys.log.customer=false
08-08 20:11:46.230 31047  3500 D CustomLogManagerService: isHaveCustomLogCollecting :false
08-08 20:11:46.246 28665 28665 V AutofillManager: requestHideFillUi(null): anchor = null
08-08 20:11:46.248  3009  4718 I InputDispatcher: injectInputEvent: targetUid=<not set>, syncMode=WAIT_FOR_FINISHED, timeout=30000ms, policyFlags=0x8000000, event=MotionEvent { action=UP, id[0]=0, x[0]=450, y[0]=1542, eventTime=542901653000000, downTime=542901653000000, deviceId=4, source=TOUCHSCREEN, displayId=0, eventId=0xfb8c2f1c}
08-08 20:11:46.250 31177 31177 W msgr.AppComponentFactory: Instantiating Service
08-08 20:11:46.251  3009  4718 E InputDispatcher: Inconsistent event: MotionEvent { action=UP, id[0]=0, x[0]=450, y[0]=1542, eventTime=542901653000000, downTime=542901653000000, deviceId=4, source=TOUCHSCREEN, displayId=0, eventId=0xfb8c2f1c}, reason: Injection on 0: Got ACTION_UP, but we have pointers: {1, 0} for device DeviceId(-1)
08-08 20:11:46.253  4088  4088 D AnimSeqTimeStamp: getTimeGapToLastStartAppTime: 542902072
08-08 20:11:46.254  3009  3719 D UAH-UahAdaptHelper: adaptSetNotification identity = OplusUAwareInputHelpersrc = 1000 , type 1 ,p1 = -1 ,p2 = -1 ,p3 = -1 ,p4 =
08-08 20:11:46.254  3009  3719 I [UAH_CLIENT]: uahRuleCtl, ruleId:1000, status:1
08-08 20:11:46.266  3009  5276 D ConnectivityService: Returning UNBLOCKED NetworkInfo to uid=10398
08-08 20:11:46.270 31177 31292 E msgr.BackgroundLocationManager: PERMISSION_DENIED
08-08 20:11:46.299   896   896 E lowmemorykiller: device memory 240411 free 24172 file 220978
08-08 20:11:46.301 31177 31177 E msgr.AppState: Returning default for firstRunInfo
08-08 20:11:46.302 31177 31177 E msgr.AppState: Returning default for firstRunInfo
08-08 20:11:46.315 31177 31329 E msgr.msys: E[O MSync]ModularSyncService_rust_impl::dispatch_ffi::send_sync_request(651)=>Failed to fetch request parameters for sync group -1
08-08 20:11:46.315 31177 31331 E msgr.msys: E[C mem.context]_LogNetworkStateUpdate(7866)=>[Critical] network_state/prev/2/new/1/source/1
08-08 20:11:46.315 31177 31329 E msgr.MSync: Failed to fetch request parameters for sync group -1
08-08 20:11:46.316 31177 31331 E msgr.msys: E[C MEMConnectionManager]_NetworkConnectedConnectionEventHandler(1577)=>[Debug] Start _NetworkConnectedConnectionEventHandler.
08-08 20:11:46.318 31177 31331 E msgr.msys: E[C MEMConnectionManager]_NetworkConnectedConnectionEventHandler(1587)=>[Debug] End _NetworkConnectedConnectionEventHandler.
08-08 20:11:46.319 31177 31291 E msgr.msys: E[C MEMConnectionManager]__ConnectIfNeededOnNetworkContextAsyncImpl(1274)=>[Critical] Call WCCConnectionConnect with event id: 4
08-08 20:11:46.320 31177 31291 E msgr.msys: E[N WCCConnectionMEM]_WCCConnectionMEMEmitStateChange(3230)=>[INFO] connection/new_state/connecting [connection_id=610530900, wcc_source=0, wcc_reason=0]
08-08 20:11:46.321 31177 31291 E msgr.msys: E[C MEMConnectionManager]_MEMConnectionManagerStateChangeHandler(638)=>[Critical] MEMConnectionState updated to ID: 1 with connectionId: 610530900
08-08 20:11:46.331 31177 31296 E msgr.AppState: Returning default for firstRunInfo
08-08 20:11:46.336 31177 31291 E msgr.msys: E[N WCCConnectionMEM]_WCCConnectionMEMDoConnectWithAuthKeys(1576)=>[INFO] connection/connect/start/[host=chat-e2ee-mini.facebook.com port=5222]/[102.132.97.32:5222]/socketAddressCount=1
08-08 20:11:46.336 31177 31468 W X.1jB   : Exception thrown during refresh
08-08 20:11:46.336 31177 31468 W X.1jB   : java.util.concurrent.ExecutionException: java.net.UnknownHostException: Unable to resolve host "chat-e2ee-mini.facebook.com": No address associated with hostname
08-08 20:11:46.336 31177 31468 W X.1jB   : 	at com.google.common.util.concurrent.AbstractFuture.getDoneValue(:21)
08-08 20:11:46.336 31177 31468 W X.1jB   : 	at com.google.common.util.concurrent.AbstractFuture.get(:268435506)
08-08 20:11:46.336 31177 31468 W X.1jB   : 	at X.1LM.A00(:1)
08-08 20:11:46.336 31177 31468 W X.1jB   : 	at com.google.common.cache.LocalCache$Segment.A04(:0)
08-08 20:11:46.336 31177 31468 W X.1jB   : 	at X.2my.run(:10)
08-08 20:11:46.336 31177 31468 W X.1jB   : 	at X.1IF.execute(:0)
08-08 20:11:46.336 31177 31468 W X.1jB   : 	at com.google.common.util.concurrent.AbstractFuture.executeListener(:0)
08-08 20:11:46.336 31177 31468 W X.1jB   : 	at com.google.common.util.concurrent.AbstractFuture.complete(:58)
08-08 20:11:46.336 31177 31468 W X.1jB   : 	at com.google.common.util.concurrent.AbstractFuture.setException(:19)
08-08 20:11:46.336 31177 31468 W X.1jB   : 	at X.2BB.run(:70)
08-08 20:11:46.336 31177 31468 W X.1jB   : 	at X.1IF.execute(:0)
08-08 20:11:46.336 31177 31468 W X.1jB   : 	at X.1Aq.A00(:0)
08-08 20:11:46.336 31177 31468 W X.1jB   : 	at X.1Aq.A01(:31)
08-08 20:11:46.336 31177 31468 W X.1jB   : 	at X.2mx.done(:2)
08-08 20:11:46.336 31177 31468 W X.1jB   : 	at java.util.concurrent.FutureTask.finishCompletion(FutureTask.java:445)
08-08 20:11:46.336 31177 31468 W X.1jB   : 	at java.util.concurrent.FutureTask.setException(FutureTask.java:314)
08-08 20:11:46.336 31177 31468 W X.1jB   : 	at java.util.concurrent.FutureTask.run(FutureTask.java:333)
08-08 20:11:46.336 31177 31468 W X.1jB   : 	at X.1B3.run(:2)
08-08 20:11:46.336 31177 31468 W X.1jB   : 	at java.util.concurrent.ThreadPoolExecutor.runWorker(ThreadPoolExecutor.java:1100)
08-08 20:11:46.336 31177 31468 W X.1jB   : 	at java.util.concurrent.ThreadPoolExecutor$Worker.run(ThreadPoolExecutor.java:624)
08-08 20:11:46.336 31177 31468 W X.1jB   : 	at X.1B5.run(:3)
08-08 20:11:46.336 31177 31468 W X.1jB   : 	at X.1B7.run(:17)
08-08 20:11:46.336 31177 31468 W X.1jB   : 	at java.lang.Thread.run(Thread.java:1572)
08-08 20:11:46.336 31177 31468 W X.1jB   : Caused by: java.net.UnknownHostException: Unable to resolve host "chat-e2ee-mini.facebook.com": No address associated with hostname
08-08 20:11:46.336 31177 31468 W X.1jB   : 	at java.net.Inet6AddressImpl.lookupHostByName(Inet6AddressImpl.java:124)
08-08 20:11:46.336 31177 31468 W X.1jB   : 	at java.net.Inet6AddressImpl.lookupAllHostAddr(Inet6AddressImpl.java:103)
08-08 20:11:46.336 31177 31468 W X.1jB   : 	at java.net.InetAddress.getAllByName(InetAddress.java:1152)
08-08 20:11:46.336 31177 31468 W X.1jB   : 	at X.1j2.A02(:46)
08-08 20:11:46.336 31177 31468 W X.1jB   : 	at X.2mw.call(:6)
08-08 20:11:46.336 31177 31468 W X.1jB   : 	at java.util.concurrent.FutureTask.run(FutureTask.java:328)
08-08 20:11:46.336 31177 31468 W X.1jB   : 	... 6 more
08-08 20:11:46.337 31177 31291 E msgr.msys: E[N WCCConnectionMEM]_WCCConnectionMEMLifecycleEventHandler(2206)=>[INFO] connection/xmpp/lifecycle_event/will-connect
08-08 20:11:46.337 31177 31291 E msgr.msys: E[A WA]WCCHandshakeCreate(191)=>handshake/create, pq mode:0
08-08 20:11:46.399   896   896 E lowmemorykiller: device memory 240168 free 23681 file 221278
08-08 20:11:46.403 31177 31329 E msgr.msys: E[D db_vacuum_logging]MCISQLiteLogDatabaseErrorWithFormat(81)=>Failed to get database connection or file url.: (0)(0) not an error
08-08 20:11:46.418 31177 31285 E msgr.msys: E[N mns:DGWClient]_OnResolverSuccess(359)=>Cache refresh succeeded with system DNS resolver. IP count: 1
08-08 20:11:46.427 31177 31468 D AudioManagerExtImpl: getStreamVolume packageName=com.facebook.orca, index=0, streamType=1
08-08 20:11:46.435 31177 31230 W msgr.InitStatus: Not blocking Provider (172309072)
08-08 20:11:46.437 31177 31230 W msgr.InitStatus: Not blocking Provider (172309072)
08-08 20:11:46.453  3680  3902 I SystemUi--Statusbar: OplusNetworkSpeedControllExImpl-->updateNetworkSpeed: isConnected:true,isSwitchOn:true
08-08 20:11:46.467  3680  3902 I SystemUi--Statusbar: OplusNetworkSpeedControllExImpl-->getTotalByte: totalRxBytes:29285898276,totalTxBytes:2707964434,loopbackTxBytes:6855697,loopbackRxBytes:6855697 ,totalBytes:31980151316
08-08 20:11:46.483 28665 28665 D ViewRootImplExtImpl: the up motion event handled by client, just return
08-08 20:11:46.498 28665 28665 I oplus.android.OplusFrameworkFactoryImpl: get feature:IOplusDynamicVsyncFeature
08-08 20:11:46.498 28665 28665 I oplus.android.OplusFrameworkFactoryImpl: get feature:IOplusDynamicVsyncFeature
08-08 20:11:46.498 28665 28665 I oplus.android.OplusFrameworkFactoryImpl: get feature:IOplusDynamicVsyncFeature
08-08 20:11:46.500   896   896 E lowmemorykiller: device memory 238155 free 21484 file 221548
08-08 20:11:46.505 31177 31329 E msgr.msys: E[O MSync]ModularSyncService_rust_impl::dispatch_ffi::send_sync_request(651)=>Failed to fetch request parameters for sync group -1
08-08 20:11:46.506 31177 31331 E msgr.msys: E[C mem.context]_NetworkStateChangedCallbackOnExecutionContext(7973)=>[INFO]skip the network state change source=3
08-08 20:11:46.506 28665 29931 I HWUI    : Davey! duration=721ms; Flags=0, FrameTimelineVsyncId=160669956, IntendedVsync=542901593133665, Vsync=542902059800313, InputEventId=-759176845, HandleInputStart=542902068196179, AnimationStart=542902068202377, PerformTraversalsStart=542902069050085, DrawStart=542902219925189, FrameDeadline=542901609800331, FrameInterval=542902067390762, FrameStartTime=16666666, SyncQueued=542902299272116, SyncStart=542902299422741, IssueDrawCommandsStart=542902301778262, SwapBuffers=542902306465658, FrameCompleted=542902314291595, DequeueBufferDuration=87396, QueueBufferDuration=788334, GpuCompleted=542902314291595, SwapBuffersCompleted=542902308314564, DisplayPresentTime=0, CommandSubmissionCompleted=542902306465658, 
08-08 20:11:46.507 31177 31183 W System  : A resource failed to call ZipFile.close. 
08-08 20:11:46.508 31177 31329 E msgr.MSync: Failed to fetch request parameters for sync group -1
08-08 20:11:46.513 31177 31332 E msgr.msys: E[I Tripwire failed]MCITripwireLog(35)=>Tripwire at xplat/messenger/plugin_infra/src/MessengerPluginInfra/ffi/plugin_registry_load_function_helpers_ffi.rs:795
08-08 20:11:46.526  3009  4718 I InputDispatcher: injectInputEvent: targetUid=<not set>, syncMode=WAIT_FOR_FINISHED, timeout=30000ms, policyFlags=0x8000000, event=MotionEvent { action=DOWN, id[0]=0, x[0]=610, y[0]=1542, eventTime=542902345000000, downTime=542902345000000, deviceId=4, source=TOUCHSCREEN, displayId=0, eventId=0xe3158942}
08-08 20:11:46.528  3009  4718 E InputDispatcher: Inconsistent event: MotionEvent { action=DOWN, id[0]=0, x[0]=610, y[0]=1542, eventTime=542902345000000, downTime=542902345000000, deviceId=4, source=TOUCHSCREEN, displayId=0, eventId=0xe3158942}, reason: Injection on 0: Invalid DOWN event - pointers already down for device DeviceId(-1): {DeviceId(-1): {1, 0}}
08-08 20:11:46.529 31177 31291 E msgr.msys: E[N WCCConnectionMEM]_WCCConnectionMEMLifecycleEventHandler(2214)=>[INFO] connection/xmpp/lifecycle_event/did-connect, [0.1921s]
08-08 20:11:46.529  4088  4088 D AnimSeqTimeStamp: getTimeGapToLastStartAppTime: 542902349
08-08 20:11:46.529  3680  4525 I SystemUi--NavBar: NoBackGesture-->display_id_0 Start gesture: MotionEvent { action=ACTION_DOWN, actionButton=0, id[0]=0, x[0]=610.0, y[0]=1542.0, toolType[0]=TOOL_TYPE_FINGER, buttonState=0, classification=NONE, metaState=0, flags=0x0, edgeFlags=0x0, pointerCount=1, historySize=0, eventTime=542902345, downTime=542902345, deviceId=-1, source=0x1002, displayId=0, eventId=-485127870 }
08-08 20:11:46.529  3680  4525 I SystemUi--NavBar: NoBackGesture-->display_id_0 Not in side gesture area
08-08 20:11:46.530  4088  4088 I OplusBaseTouchInteractionService: onInputEvent(), ACTION_DOWN, Consumer=TYPE_NO_OP
08-08 20:11:46.530  3009  3566 D OGG_Detector: D:done mCurrStatus: 0
08-08 20:11:46.530  3009  3719 I [UAH_CLIENT]: UahEventAcquire, cmdid:37, pkg:none, identity:OplusUAwareInputHelper
08-08 20:11:46.531  3009  3719 D UAH-UahAdaptHelper: adaptSetNotification identity = OplusUAwareInputHelpersrc = 1000 , type 0 ,p1 = -1 ,p2 = -1 ,p3 = -1 ,p4 =
08-08 20:11:46.531  3009  3127 D PowerManagerService: userActivityNoUpdateLocked: groupId=0, eventTime=542902345, event=touch, flags=0x0, uid=1000
08-08 20:11:46.531  3009  3719 I [UAH_CLIENT]: uahRuleCtl, ruleId:1000, status:0
08-08 20:11:46.533  8090 21982 E DatabaseUtils: Writing exception to parcel
08-08 20:11:46.533  8090 21982 E DatabaseUtils: java.lang.IllegalArgumentException: Unsupported MIME type audio/m4a
08-08 20:11:46.533  8090 21982 E DatabaseUtils: 	at androidx.room.Room$$ExternalSyntheticBUOutline0.m(R8$$SyntheticClass:0)
08-08 20:11:46.533  8090 21982 E DatabaseUtils: 	at com.android.providers.media.MediaProvider.ensureFileColumns(MediaProvider.java:5061)
08-08 20:11:46.533  8090 21982 E DatabaseUtils: 	at com.android.providers.media.MediaProvider.ensureUniqueFileColumns(MediaProvider.java:4878)
08-08 20:11:46.533  8090 21982 E DatabaseUtils: 	at com.android.providers.media.MediaProvider.insertFile(MediaProvider.java:5721)
08-08 20:11:46.533  8090 21982 E DatabaseUtils: 	at com.android.providers.media.MediaProvider.insertInternal(MediaProvider.java:6252)
08-08 20:11:46.533  8090 21982 E DatabaseUtils: 	at com.android.providers.media.MediaProvider.insert(MediaProvider.java:6010)
08-08 20:11:46.533  8090 21982 E DatabaseUtils: 	at android.content.ContentProvider$Transport.insert(ContentProvider.java:464)
08-08 20:11:46.533  8090 21982 E DatabaseUtils: 	at android.content.ContentProviderNative.onTransact(ContentProviderNative.java:180)
08-08 20:11:46.533  8090 21982 E DatabaseUtils: 	at android.os.Binder.execTransactInternal(Binder.java:1523)
08-08 20:11:46.533  8090 21982 E DatabaseUtils: 	at android.os.Binder.execTransact(Binder.java:1457)
08-08 20:11:46.538 31177 31291 E msgr.msys: E[N WCCConnectionMEM]_WCCConnectionMEMLifecycleEventHandler(2214)=>[INFO] connection/xmpp/lifecycle_event/did-send-initial-payload, [0.0035s]
08-08 20:11:46.546 31177 31476 W msgr.ReqContexts: fail() skipped
08-08 20:11:46.549  1416 10610 I WifiHAL : event received NL80211_CMD_VENDOR, vendor_id = 0x1374, subcmd = 0xd
08-08 20:11:46.549  2259  2259 I cnss-daemon: nl80211 response handler invoked
08-08 20:11:46.549  2259  2259 I cnss-daemon: nl80211_response_handler: cmd 103, vendorID 4980, subcmd 13  received
08-08 20:11:46.555  3009  5276 W PackageManager: package com.facebook.orca uid 10398 pid 31177 call SetEnabledSetting(com.facebook.orca component = com.facebook.messaging.stella.contacts.StellaContactBroadcastReceiver, 2, 0)
08-08 20:11:46.571  1299 10375 E TetherController: property_get sys.radio.data.modem_share_flag return 0, 1!
08-08 20:11:46.595 31177 31177 W msgr.AppComponentFactory: Instantiating Service
08-08 20:11:46.595  3009  5276 W PackageManager: package com.facebook.orca uid 10398 pid 31177 call SetEnabledSetting(com.facebook.orca component = com.facebook.messenger.intents.StatusShareIntentHandler, 2, 0)
08-08 20:11:46.603   896   896 E lowmemorykiller: device memory 236829 free 19847 file 221859
08-08 20:11:46.614 31177 31242 W msgr.lacrima: Cannot find registered detector
08-08 20:11:46.647 31177 31247 E msgr.AppState: Returning default for firstRunInfo
08-08 20:11:46.699 31177 31291 E msgr.msys: E[N WCCConnectionMEM]_WCCConnectionMEMLifecycleEventHandler(2214)=>[INFO] connection/xmpp/lifecycle_event/will-handshake, [0.1609s]
08-08 20:11:46.702 31177 31291 E msgr.msys: E[N WCCConnectionMEM]_WCCConnectionMEMLifecycleEventHandler(2214)=>[INFO] connection/xmpp/lifecycle_event/did-handshake, [0.0019s]
08-08 20:11:46.703 31177 31291 E msgr.msys: E[N WCCConnectionMEM]_WCCConnectionMEMReceiveHandler(2386)=>[INFO] connection/receive/login-success
08-08 20:11:46.703 31177 31291 E msgr.msys: E[N WCCConnectionMEM]_WCCConnectionMEMEmitStateChange(3230)=>[INFO] connection/new_state/connected [connection_id=610530900, wcc_source=0, wcc_reason=0]
08-08 20:11:46.704 31177 31291 E msgr.msys: E[C MEMConnectionManager]_MEMConnectionManagerStateChangeHandler(638)=>[Critical] MEMConnectionState updated to ID: 2 with connectionId: 610530900
08-08 20:11:46.706   896   896 E lowmemorykiller: device memory 235592 free 18379 file 222069
08-08 20:11:46.711 31177 31296 E msgr.ZeroChatDHostController: Trying to add the same listener twice. This must be a bug.
08-08 20:11:46.737  3979  4446 D CommonApp-741-10495: transport layer data is invalid
08-08 20:11:46.802  1479  1567 D BatteryChargeControl: bcc get no support from charging protocol
08-08 20:11:46.806   896   896 E lowmemorykiller: device memory 233138 free 15843 file 222097
08-08 20:11:46.829   896   896 E lowmemorykiller: device memory 232760 free 15465 file 222097
08-08 20:11:46.833  3009  3712 I Osense-PsiDetector: 908,60,2655,4607,43,129,91,588,1197,275,592,0,4,5788
08-08 20:11:46.837  3009  3705 I Osense-BaseDecisionMaker: notifySceneToAthenaPolicy: SCENE_RES_MEM_PSI_NORMAL, bundle: Bundle[{memLevel=4}]
08-08 20:11:46.842  3009  3705 I Osense-BaseDecisionMaker: scene: SCENE_RES_MEM_PSI_NORMAL, excutingPolicy: clear
08-08 20:11:46.843  3009  3705 D Osense-BaseDecisionMaker: invoke clear policy,type: cached
08-08 20:11:46.844  3009  3710 I OsenseKillAction: KillAction: [atomic clean] start name=lowmem, requestId=122393, startAvail=908, startFreeMB=59, purposeAvailMB=1200, purposeFreeMB=-1, anonRssTarget=292, minBgCount=0, swapTarget=0, scene=SCENE_RES_MEM_PSI_NORMAL, type=cached, qb=false, cchOnly=true, urgency=false, hoggingCpuPids={}, invalid-cnt=2
08-08 20:11:46.845  3009  3710 I OsenseKillAction: KillAction: [atomic clean] end: skip for no-killable-cached-process
08-08 20:11:46.845  3009  3710 I OsenseKillAction: KillAction: 292mb more anonRss to reclaim, 0mb more swapMb to reclaim, <skip> mem guard, cur avail=0mb, bundle: Bundle[{appcareThreshold=0, triggerMemory=1000, qbmode=false, memLevel=4, type=cached, level=1, scene=SCENE_RES_MEM_PSI_NORMAL, requestId=122393, purposeMemory=1200}]
08-08 20:11:46.847  3009  3705 I Osense-BaseDecisionMaker: notifySceneToAthenaPolicy: SCENE_RES_MEM_PSI_LEAK, bundle: Bundle[{memLevel=4}]
08-08 20:11:46.882 31177 31177 W CombinedTP12: type=1400 audit(0.0:1242121): avc:  granted  { execute } for  path="/data/data/com.facebook.orca/lib-compressed/libcluster.so" dev="dm-84" ino=1289287 scontext=u:r:untrusted_app:s0:c142,c257,c512,c768 tcontext=u:object_r:app_data_file:s0:c142,c257,c512,c768 tclass=file app=com.facebook.orca
08-08 20:11:46.906   896   896 E lowmemorykiller: device memory 231810 free 13767 file 222844
08-08 20:11:46.922 31177 31468 D nativeloader: Load /data/data/com.facebook.orca/lib-compressed/libcluster.so using class loader ns clns-7 (caller=/data/app/~~2yNjDMCfodtIoQdf3oT9CQ==/com.facebook.orca-EI_zpxeC1w_Bx856VeYlgw==/base.apk): ok
08-08 20:11:46.971  3009  5276 W PackageManager: package com.facebook.orca uid 10398 pid 31177 call SetEnabledSetting(com.facebook.orca component = com.facebook.rti.orca.FbnsLiteBroadcastReceiver, 2, 0)
08-08 20:11:46.982 31177 31177 W CombinedTP4: type=1400 audit(0.0:1242122): avc:  granted  { execute } for  path="/data/data/com.facebook.orca/lib-compressed/libcore.so" dev="dm-84" ino=1289273 scontext=u:r:untrusted_app:s0:c142,c257,c512,c768 tcontext=u:object_r:app_data_file:s0:c142,c257,c512,c768 tclass=file app=com.facebook.orca
08-08 20:11:46.982 31177 31177 W CombinedTP4: type=1400 audit(0.0:1242123): avc:  granted  { execute } for  path="/data/data/com.facebook.orca/lib-compressed/libcore.so" dev="dm-84" ino=1289273 scontext=u:r:untrusted_app:s0:c142,c257,c512,c768 tcontext=u:object_r:app_data_file:s0:c142,c257,c512,c768 tclass=file app=com.facebook.orca
08-08 20:11:46.982 31177 31177 W CombinedTP4: type=1400 audit(0.0:1242124): avc:  granted  { execute } for  path="/data/data/com.facebook.orca/lib-compressed/libcore.so" dev="dm-84" ino=1289273 scontext=u:r:untrusted_app:s0:c142,c257,c512,c768 tcontext=u:object_r:app_data_file:s0:c142,c257,c512,c768 tclass=file app=com.facebook.orca
08-08 20:11:46.996 31177 31475 W msgr.SyncInitializer: Start regular sync initialization
08-08 20:11:46.996  1479  5654 D charge_time: type=cdp/dcp,reserve_soc=1,soc=61,ui_soc=62,current=667,avg=701,not_chg_cnt=0,stable_cnt=7,fcc=4423,fcc_ratio=92,delta=82,debug=0,region=12,ttf=8294(02:18:14),ui_ttf=5043(01:24:03)
08-08 20:11:47.009   896   896 E lowmemorykiller: device memory 231256 free 12450 file 223680
08-08 20:11:47.024 31177 31242 W ModelLoader.cpp: Require to load PyTorch voltron module
08-08 20:11:47.033 31177 31177 W msgr.AppComponentFactory: Instantiating Service
08-08 20:11:47.037   896   896 E lowmemorykiller: device memory 231210 free 12130 file 223954
08-08 20:11:47.038  3009  3712 I Osense-PsiDetector: 903,47,2664,4607,43,129,91,601,1204,275,599,0,4,5789
08-08 20:11:47.039  3009  3705 I Osense-BaseDecisionMaker: notifySceneToAthenaPolicy: SCENE_RES_MEM_PSI_NORMAL, bundle: Bundle[{memLevel=3}]
08-08 20:11:47.043  3009  3705 I Osense-BaseDecisionMaker: scene: SCENE_RES_MEM_PSI_NORMAL, excutingPolicy: clear
08-08 20:11:47.044  3009  3705 D Osense-BaseDecisionMaker: invoke clear policy,type: cached
08-08 20:11:47.046  3009  3710 I OsenseKillAction: KillAction: [atomic clean] start name=lowmem, requestId=122394, startAvail=905, startFreeMB=50, purposeAvailMB=1200, purposeFreeMB=-1, anonRssTarget=295, minBgCount=0, swapTarget=0, scene=SCENE_RES_MEM_PSI_NORMAL, type=cached, qb=false, cchOnly=true, urgency=false, hoggingCpuPids={}, invalid-cnt=2
08-08 20:11:47.046  3009  3710 I OsenseKillAction: KillAction: [atomic clean] end: skip for no-killable-cached-process
08-08 20:11:47.046  3009  3710 I OsenseKillAction: KillAction: 295mb more anonRss to reclaim, 0mb more swapMb to reclaim, <skip> mem guard, cur avail=0mb, bundle: Bundle[{appcareThreshold=0, triggerMemory=1000, qbmode=false, memLevel=3, type=cached, level=1, scene=SCENE_RES_MEM_PSI_NORMAL, requestId=122394, purposeMemory=1200}]
08-08 20:11:47.047 31177 31307 W ModelLoader.cpp: Require to load PyTorch voltron module
08-08 20:11:47.050 31177 31242 W ModelLoader.cpp: Require to load PyTorch voltron module
08-08 20:11:47.057 31177 31307 W ModelLoader.cpp: Require to load PyTorch voltron module
08-08 20:11:47.087 31177 31242 W ModelLoader.cpp: Require to load PyTorch voltron module
08-08 20:11:47.093  3009  3998 I OplusHansManager : uid=10290, pkg=com.fitbit.FitbitMobile F enter(), M stay=10
08-08 20:11:47.098  3009  3998 I OplusHansManager : freeze uid: 10290 com.fitbit.FitbitMobile pids: [30017] scene: LcdOn
08-08 20:11:47.099  3009  4015 I OplusHansManager : p_BC uid=10290 pkg=com.fitbit.FitbitMobile
08-08 20:11:47.099  3009  4015 I OplusBinderProxy: proxyBinder uid: 10290 pkg: com.fitbit.FitbitMobile proxy: true calling: OFreezer
08-08 20:11:47.099  1299 10375 E netd    : destroyAllSocketForUid:10290
08-08 20:11:47.101  3009  3611 D OAppNetControlService: Hans update:[10290=true][0|0] blackList:[10334, 10290]
08-08 20:11:47.110   896   896 E lowmemorykiller: device memory 232229 free 14460 file 222517
08-08 20:11:47.125 31177 31517 D ExtensionsLoader: createInstance(64bit) : createExtendedFactory
08-08 20:11:47.125 31177 31307 W ModelLoader.cpp: Require to load PyTorch voltron module
08-08 20:11:47.131 31177 31517 D ExtensionsLoader: Opened libsensorextimpl.so
08-08 20:11:47.145 31177 31468 W Profilo/TraceControl: Loom client config id: 3179584876581313201
08-08 20:11:47.150 31177 31296 W msgr.AdvancedCryptoTransportNotificationServiceLauncher: Ignore service stop. Service not started.
08-08 20:11:47.188 31177 31242 E msgr.ActionQueryTaskListener: 0 onTaskStart FOREGROUND modules: [executorch] actions: [LOAD=[executorch],COMPLETE_SUCCESS=[executorch]]
08-08 20:11:47.197 31177 31241 E msgr.ActionQueryTaskListener: 0 onLoadBatchStart FOREGROUND modules: [executorch] actions: [LOAD=[executorch],COMPLETE_SUCCESS=[executorch]]
08-08 20:11:47.211   896   896 E lowmemorykiller: device memory 233199 free 16221 file 221047
08-08 20:11:47.235 31177 31241 W msgr.FbVoltronModuleLoader: loadSplitWithRetry: main split=executorch
08-08 20:11:47.236 31177 31241 W SoLoader: Registering application split executorch split_executorch.apk
08-08 20:11:47.237 31177 31242 D omnistore_android_logger: DebouncingRateLimiter attempting event SyncProtocol::onConnectionEstablished
08-08 20:11:47.239 31177 31242 D omnistore_android_logger: AlarmManager::startAlarmTimer for key=SyncProtocol::onConnectionEstablished, it will wake up main thread to reschedule
08-08 20:11:47.240 31177 31331 E msgr.msys: E[C mem.context]_LogNetworkStateUpdate(7866)=>[Critical] network_state/prev/1/new/1/source/0
08-08 20:11:47.242 31177 31331 E msgr.msys: E[C MEMConnectionManager]_NetworkConnectedConnectionEventHandler(1577)=>[Debug] Start _NetworkConnectedConnectionEventHandler.
08-08 20:11:47.242 31177 31242 W omnistore_android_logger: Event SyncProtocol::onConnectionEstablished rate limited for 19465 ms
08-08 20:11:47.242 31177 31316 D omnistore_android_logger: AlarmManager::mainLoop calling alarm callbacks. There are total 1 scheduled tasks, and about to trigger 0 tasks (first task is N/A), then sleep for 19461 ms
08-08 20:11:47.244 31177 31331 E msgr.msys: E[C MEMConnectionManager]_NetworkConnectedConnectionEventHandler(1587)=>[Debug] End _NetworkConnectedConnectionEventHandler.
08-08 20:11:47.250 31177 31241 W SoLoader: Prepending SoSource executorch-asset-libs: SuperpackSoSource[root = /data/data/com.facebook.orca/modules/executorch_07cd356d6088baa6002f49e430b38ddde8931581b7b4f86e94ee7c4a23970696/lib-compressed/arm64-v8a/1032113997/asset-libs flags = 1 split = dynamic split:executorch compressedPath = assets/executorch/libs.spo identity = executorch]
08-08 20:11:47.266 31177 31241 W msgr.FbVoltronModuleLoader: Split loaded: executorch
08-08 20:11:47.268 31177 31241 E msgr.ActionQueryTaskListener: 0 onLoadBatchComplete exception: null FOREGROUND modules: [executorch] actions: [LOAD=[executorch],COMPLETE_SUCCESS=[executorch]]
08-08 20:11:47.270 30037 30043 W System  : A resource failed to call ZipFile.close. 
08-08 20:11:47.271 31177 31241 E msgr.ActionQueryTaskListener: 0 onTaskComplete [true,false,] FOREGROUND modules: [executorch] actions: [LOAD=[executorch],COMPLETE_SUCCESS=[executorch]]
08-08 20:11:47.274 31177 31474 W SoLoader[NativeDeps]: Couldn't find libdynamic_executorch.so in native deps file
08-08 20:11:47.275 31177 31474 W SoLoader[NativeDeps]: Falling back to custom ELF parsing when loading libdynamic_executorch.so, this can be slow
08-08 20:11:47.291 31177 31474 W SoLoader[NativeDeps]: Couldn't find libxplat_executorch_runtime_kernel_operator_registryAndroid.so in native deps file
08-08 20:11:47.295 31177 31474 W SoLoader[NativeDeps]: Falling back to custom ELF parsing when loading libxplat_executorch_runtime_kernel_operator_registryAndroid.so, this can be slow
08-08 20:11:47.298 31177 31329 E msgr.msys: E[O MSync]ModularSyncService_rust_impl::dispatch_ffi::send_sync_request(651)=>Failed to fetch request parameters for sync group -1
08-08 20:11:47.298 31177 31329 E msgr.MSync: Failed to fetch request parameters for sync group -1
08-08 20:11:47.298 31177 31177 W CombinedTP13: type=1400 audit(0.0:1242128): avc:  granted  { execute } for  path="/data/data/com.facebook.orca/modules/executorch_07cd356d6088baa6002f49e430b38ddde8931581b7b4f86e94ee7c4a23970696/lib-compressed/arm64-v8a/1032113997/asset-libs/libxplat_executorch_runtime_kernel_operator_registryAndroid.so" dev="dm-84" ino=1287343 scontext=u:r:untrusted_app:s0:c142,c257,c512,c768 tcontext=u:object_r:app_data_file:s0:c142,c257,c512,c768 tclass=file app=com.facebook.orca
08-08 20:11:47.305 31177 31474 D nativeloader: Load /data/data/com.facebook.orca/modules/executorch_07cd356d6088baa6002f49e430b38ddde8931581b7b4f86e94ee7c4a23970696/lib-compressed/arm64-v8a/1032113997/asset-libs/libxplat_executorch_runtime_kernel_operator_registryAndroid.so using class loader ns clns-7 (caller=/data/app/~~2yNjDMCfodtIoQdf3oT9CQ==/com.facebook.orca-EI_zpxeC1w_Bx856VeYlgw==/base.apk): ok
08-08 20:11:47.312   896   896 E lowmemorykiller: device memory 234518 free 18879 file 219838
08-08 20:11:47.354  3009  3442 D WifiStaIfaceHidlImpl: getCachedScanData is not implemented by HIDL
08-08 20:11:47.367  3009  3545 D OplusWifiPower_TriggerCenter: mComponentCallback: wifistat
08-08 20:11:47.368  4047  4047 D VendorWifiService: onEvent event:9,action:1
08-08 20:11:47.373 31177 31183 W System  : A resource failed to call ZipFile.close. 
08-08 20:11:47.366 31177 31177 W CombinedTP13: type=1400 audit(0.0:1242129): avc:  granted  { execute } for  path="/data/data/com.facebook.orca/lib-compressed/librtcmerged.so" dev="dm-84" ino=1278119 scontext=u:r:untrusted_app:s0:c142,c257,c512,c768 tcontext=u:object_r:app_data_file:s0:c142,c257,c512,c768 tclass=file app=com.facebook.orca
08-08 20:11:47.370 31177 31177 W CombinedTP13: type=1400 audit(0.0:1242130): avc:  granted  { execute } for  path="/data/data/com.facebook.orca/lib-compressed/libpapayamerged.so" dev="dm-84" ino=1274441 scontext=u:r:untrusted_app:s0:c142,c257,c512,c768 tcontext=u:object_r:app_data_file:s0:c142,c257,c512,c768 tclass=file app=com.facebook.orca
08-08 20:11:47.391 31177 31522 W AudioCapabilities: Unsupported mime audio/alac
08-08 20:11:47.413   896   896 E lowmemorykiller: device memory 235827 free 20581 file 219761
08-08 20:11:47.462 31177 31474 D nativeloader: Load /data/data/com.facebook.orca/lib-compressed/librtcmerged.so using class loader ns clns-7 (caller=/data/app/~~2yNjDMCfodtIoQdf3oT9CQ==/com.facebook.orca-EI_zpxeC1w_Bx856VeYlgw==/base.apk): ok
08-08 20:11:47.470 31177 31522 W AudioCapabilities: Unsupported mime audio/x-ape
08-08 20:11:47.471 31177 31522 W AudioCapabilities: Unsupported mime audio/evrc
08-08 20:11:47.471 31177 31474 D nativeloader: Load /data/data/com.facebook.orca/lib-compressed/libpapayamerged.so using class loader ns clns-7 (caller=/data/app/~~2yNjDMCfodtIoQdf3oT9CQ==/com.facebook.orca-EI_zpxeC1w_Bx856VeYlgw==/base.apk): ok
08-08 20:11:47.471 31177 31522 W AudioCapabilities: Unsupported mime audio/qcelp
08-08 20:11:47.472 31177 31522 W AudioCapabilities: Unsupported mime audio/dsd
08-08 20:11:47.472 31177 31522 W AudioCapabilities: Unsupported mime audio/amr-wb-plus
08-08 20:11:47.473 31177 31522 W AudioCapabilities: Unsupported mime audio/x-ms-wma
08-08 20:11:47.474 31177 31522 W AudioCapabilities: Unsupported mime audio/evrc
08-08 20:11:47.474 31177 31522 W AudioCapabilities: Unsupported mime audio/qcelp
08-08 20:11:47.475 31177 31474 D nativeloader: Load /data/data/com.facebook.orca/lib-compressed/libmozjpegturbo.so using class loader ns clns-7 (caller=/data/app/~~2yNjDMCfodtIoQdf3oT9CQ==/com.facebook.orca-EI_zpxeC1w_Bx856VeYlgw==/base.apk): ok
08-08 20:11:47.475 31177 31522 W AudioCapabilities: Unsupported mime audio/alac
08-08 20:11:47.475 31177 31522 W AudioCapabilities: Unsupported mime audio/x-ape
08-08 20:11:47.479 31177 31474 D nativeloader: Load /data/app/~~2yNjDMCfodtIoQdf3oT9CQ==/com.facebook.orca-EI_zpxeC1w_Bx856VeYlgw==/lib/arm64/libc++_shared.so using class loader ns clns-7 (caller=/data/app/~~2yNjDMCfodtIoQdf3oT9CQ==/com.facebook.orca-EI_zpxeC1w_Bx856VeYlgw==/base.apk): ok
08-08 20:11:47.478 31177 31177 W CombinedTP13: type=1400 audit(0.0:1242131): avc:  granted  { execute } for  path="/data/data/com.facebook.orca/modules/executorch_07cd356d6088baa6002f49e430b38ddde8931581b7b4f86e94ee7c4a23970696/lib-compressed/arm64-v8a/1032113997/asset-libs/libdynamic_executorch.so" dev="dm-84" ino=1282596 scontext=u:r:untrusted_app:s0:c142,c257,c512,c768 tcontext=u:object_r:app_data_file:s0:c142,c257,c512,c768 tclass=file app=com.facebook.orca
08-08 20:11:47.491 31177 31474 W libc    : Access denied finding property "ro.hardware.chipname"
08-08 20:11:47.495 31177 31522 W VideoCapabilities: Unsupported mime image/vnd.android.heic
08-08 20:11:47.496 31177 31522 W VideoCapabilities: Unsupported mime image/vnd.android.heic
08-08 20:11:47.514   896   896 E lowmemorykiller: device memory 236374 free 20709 file 220490
08-08 20:11:47.515 31177 31474 D nativeloader: Load /data/data/com.facebook.orca/modules/executorch_07cd356d6088baa6002f49e430b38ddde8931581b7b4f86e94ee7c4a23970696/lib-compressed/arm64-v8a/1032113997/asset-libs/libdynamic_executorch.so using class loader ns clns-7 (caller=/data/app/~~2yNjDMCfodtIoQdf3oT9CQ==/com.facebook.orca-EI_zpxeC1w_Bx856VeYlgw==/base.apk): ok
08-08 20:11:47.567  3680  4076 I SystemUi--Statusbar: MobileConnectionRepositoryImpl-->subId:3 isSoftSimCard:false slotId:1
08-08 20:11:47.597  1299 10375 E TetherController: property_get sys.radio.data.modem_share_flag return 0, 1!
08-08 20:11:47.614   896   896 E lowmemorykiller: device memory 236212 free 20982 file 219232
08-08 20:11:47.715   896   896 E lowmemorykiller: device memory 238965 free 26009 file 217467
08-08 20:11:47.761  3979  4446 D CommonApp-741-10495: transport layer data is invalid
08-08 20:11:47.803  1479  1567 D BatteryChargeControl: bcc get no support from charging protocol
08-08 20:11:47.815   896   896 E lowmemorykiller: device memory 238556 free 25931 file 217492
08-08 20:11:47.874  3009  3712 I Osense-PsiDetector: 930,100,2641,4607,43,129,91,579,1179,265,583,0,4,5789
08-08 20:11:47.875  3009  3705 I Osense-BaseDecisionMaker: notifySceneToAthenaPolicy: SCENE_RES_MEM_PSI_NORMAL, bundle: Bundle[{memLevel=4}]
08-08 20:11:47.883  3009  3705 I Osense-BaseDecisionMaker: scene: SCENE_RES_MEM_PSI_NORMAL, excutingPolicy: clear
08-08 20:11:47.886  3009  3705 D Osense-BaseDecisionMaker: invoke clear policy,type: cached
08-08 20:11:47.887  3009  3705 I Osense-BaseDecisionMaker: notifySceneToAthenaPolicy: SCENE_RES_MEM_PSI_LEAK, bundle: Bundle[{memLevel=4}]
08-08 20:11:47.888  3009  3710 I OsenseKillAction: KillAction: [atomic clean] start name=lowmem, requestId=122395, startAvail=930, startFreeMB=100, purposeAvailMB=1200, purposeFreeMB=-1, anonRssTarget=270, minBgCount=0, swapTarget=0, scene=SCENE_RES_MEM_PSI_NORMAL, type=cached, qb=false, cchOnly=true, urgency=false, hoggingCpuPids={}, invalid-cnt=2
08-08 20:11:47.889  3009  3710 I OsenseKillAction: KillAction: [atomic clean] end: skip for no-killable-cached-process
08-08 20:11:47.889  3009  3710 I OsenseKillAction: KillAction: 270mb more anonRss to reclaim, 0mb more swapMb to reclaim, <skip> mem guard, cur avail=0mb, bundle: Bundle[{appcareThreshold=0, triggerMemory=1000, qbmode=false, memLevel=4, type=cached, level=1, scene=SCENE_RES_MEM_PSI_NORMAL, requestId=122395, purposeMemory=1200}]
08-08 20:11:47.973   896   896 E lowmemorykiller: device memory 238009 free 25391 file 217492
08-08 20:11:47.975 28665 28665 V AutofillManager: requestHideFillUi(null): anchor = null
08-08 20:11:47.977 28665 28665 I Choreographer: Skipped 87 frames!  The application may be doing too much work on its main thread.
08-08 20:11:47.977  3009  4718 I InputDispatcher: injectInputEvent: targetUid=<not set>, syncMode=WAIT_FOR_FINISHED, timeout=30000ms, policyFlags=0x8000000, event=MotionEvent { action=UP, id[0]=0, x[0]=610, y[0]=1542, eventTime=542902345000000, downTime=542902345000000, deviceId=4, source=TOUCHSCREEN, displayId=0, eventId=0xffb433fd}
08-08 20:11:47.983  3009  4718 E InputDispatcher: Inconsistent event: MotionEvent { action=UP, id[0]=0, x[0]=610, y[0]=1542, eventTime=542902345000000, downTime=542902345000000, deviceId=4, source=TOUCHSCREEN, displayId=0, eventId=0xffb433fd}, reason: Injection on 0: Got ACTION_UP, but we have pointers: {1, 0} for device DeviceId(-1)
08-08 20:11:47.989  3009  3719 D UAH-UahAdaptHelper: adaptSetNotification identity = OplusUAwareInputHelpersrc = 1000 , type 1 ,p1 = -1 ,p2 = -1 ,p3 = -1 ,p4 =
08-08 20:11:47.989  3009  3719 I [UAH_CLIENT]: uahRuleCtl, ruleId:1000, status:1
08-08 20:11:47.989  4088  4088 D AnimSeqTimeStamp: getTimeGapToLastStartAppTime: 542903808
08-08 20:11:47.999  1479  5654 D charge_time: type=cdp/dcp,reserve_soc=1,soc=61,ui_soc=62,current=583,avg=639,not_chg_cnt=0,stable_cnt=7,fcc=4423,fcc_ratio=92,delta=83,debug=0,region=12,ttf=9061(02:31:01),ui_ttf=5042(01:24:02)
08-08 20:11:48.074   896   896 E lowmemorykiller: device memory 237759 free 25139 file 217494
08-08 20:11:48.078  3009  3712 I Osense-PsiDetector: 928,98,2640,4607,43,129,91,580,1179,265,583,0,4,5790
08-08 20:11:48.078  3009  3705 I Osense-BaseDecisionMaker: notifySceneToAthenaPolicy: SCENE_RES_MEM_PSI_NORMAL, bundle: Bundle[{memLevel=3}]
08-08 20:11:48.081  3009  3705 I Osense-BaseDecisionMaker: scene: SCENE_RES_MEM_PSI_NORMAL, excutingPolicy: clear
08-08 20:11:48.081  3009  3705 D Osense-BaseDecisionMaker: invoke clear policy,type: cached
08-08 20:11:48.082  3009  3710 I OsenseKillAction: KillAction: [atomic clean] start name=lowmem, requestId=122396, startAvail=928, startFreeMB=98, purposeAvailMB=1200, purposeFreeMB=-1, anonRssTarget=272, minBgCount=0, swapTarget=0, scene=SCENE_RES_MEM_PSI_NORMAL, type=cached, qb=false, cchOnly=true, urgency=false, hoggingCpuPids={}, invalid-cnt=2
08-08 20:11:48.082  3009  3710 I OsenseKillAction: KillAction: [atomic clean] end: skip for no-killable-cached-process
08-08 20:11:48.083  3009  3710 I OsenseKillAction: KillAction: 272mb more anonRss to reclaim, 0mb more swapMb to reclaim, <skip> mem guard, cur avail=0mb, bundle: Bundle[{appcareThreshold=0, triggerMemory=1000, qbmode=false, memLevel=3, type=cached, level=1, scene=SCENE_RES_MEM_PSI_NORMAL, requestId=122396, purposeMemory=1200}]
08-08 20:11:48.100  7071 18718 D IHansComunication: HANS sendMessageToKernel: threadId = 517145082992, netLinkSetup = 1, type = FROZEN_TRANS, targetUid = 10290, pkgCmd = PKG_CMD_MAX
08-08 20:11:48.121  4047  4047 D SubsysEventListenerManager-SubsysTelephonyCallback[1]: onSignalStrengthsChanged
08-08 20:11:48.122  3680  4076 I SystemUi--Statusbar: MobileConnectionRepositoryImpl-->subId:3 isSoftSimCard:false slotId:1
08-08 20:11:48.175   896   896 E lowmemorykiller: device memory 237319 free 24698 file 217495
08-08 20:11:48.277   896   896 E lowmemorykiller: device memory 236878 free 24257 file 217495
08-08 20:11:48.379   896   896 E lowmemorykiller: device memory 237219 free 24404 file 217495
08-08 20:11:48.482   896   896 E lowmemorykiller: device memory 236880 free 24212 file 217495
08-08 20:11:48.560  1416 10610 I WifiHAL : event received NL80211_CMD_VENDOR, vendor_id = 0x1374, subcmd = 0xd
08-08 20:11:48.560  2259  2259 I cnss-daemon: nl80211 response handler invoked
08-08 20:11:48.560  2259  2259 I cnss-daemon: nl80211_response_handler: cmd 103, vendorID 4980, subcmd 13  received
08-08 20:11:48.586   896   896 E lowmemorykiller: device memory 236504 free 23834 file 217497
08-08 20:11:48.605  1299 10375 E TetherController: property_get sys.radio.data.modem_share_flag return 0, 1!
08-08 20:11:48.644  3979  4446 D CommonApp-741-10495: DefaultState EVENT_SCENARIOS_CHANGE
08-08 20:11:48.645  3979  4446 D CommonApp-741-10495: scene=COMMON pn=com.hypernova.phone
08-08 20:11:48.688   896   896 E lowmemorykiller: device memory 238869 free 26066 file 217505
08-08 20:11:48.786  3979  4446 D CommonApp-741-10495: transport layer data is invalid
08-08 20:11:48.790   896   896 E lowmemorykiller: device memory 238535 free 25879 file 217505
08-08 20:11:48.805  1479  1567 D BatteryChargeControl: bcc get no support from charging protocol
08-08 20:11:48.878  1479  1562 D vendor.oplus.hardware.charger-V6-service: ret_value:159, read content:,336,348,4098,4088,-583,1500,2200,61,62,1,6,1430,4560,62,1,0,1,1,0,0,4470,0,6,0,6,0,0,0,-2740,0,1,1,0,0,41,41,41,0,0,0,0,0,0,0,0,0,0,4,0,1,0,100,0,0,0,0,0,0,0
08-08 20:11:48.879  1479  1562 D vendor.oplus.hardware.charger-V6-service: gmtime: 2026-08-08-20-11-48
08-08 20:11:48.879  1479  1562 D vendor.oplus.hardware.charger-V6-service: usb_online:1, ac_online:0, wireless_online:-2147483648
08-08 20:11:48.893   896   896 E lowmemorykiller: device memory 238346 free 25690 file 217505
08-08 20:11:49.003  1479  5654 D charge_time: write 5041s(01:24:01) to ttf, rc=6
08-08 20:11:49.003  1479  5654 D charge_time: type=cdp/dcp,reserve_soc=1,soc=61,ui_soc=62,current=800,avg=682,not_chg_cnt=0,stable_cnt=7,fcc=4423,fcc_ratio=92,delta=84,debug=0,region=12,ttf=8511(02:21:51),ui_ttf=5041(01:24:01)
08-08 20:11:49.053 28665 28665 D ViewRootImplExtImpl: the up motion event handled by client, just return
08-08 20:11:49.053 28665 28665 I Choreographer: Skipped 63 frames!  The application may be doing too much work on its main thread.
08-08 20:11:49.065 28665 29931 I HWUI    : Davey! duration=2562ms; Flags=0, FrameTimelineVsyncId=160670002, IntendedVsync=542902317698602, Vsync=542903782723879, InputEventId=-485127870, HandleInputStart=542903797655449, AnimationStart=542903797659511, PerformTraversalsStart=542903799533886, DrawStart=542904605553313, FrameDeadline=542902343133635, FrameInterval=542903796730136, FrameStartTime=16839371, SyncQueued=542904861194199, SyncStart=542904861328365, IssueDrawCommandsStart=542904871370553, SwapBuffers=542904874336438, FrameCompleted=542904880383417, DequeueBufferDuration=70937, QueueBufferDuration=481823, GpuCompleted=542904880383417, SwapBuffersCompleted=542904875411074, DisplayPresentTime=0, CommandSubmissionCompleted=542904874336438, 
08-08 20:11:49.081 28665 28665 I oplus.android.OplusFrameworkFactoryImpl: get feature:IOplusDynamicVsyncFeature
08-08 20:11:49.081 28665 28665 I oplus.android.OplusFrameworkFactoryImpl: get feature:IOplusDynamicVsyncFeature
08-08 20:11:49.081 28665 28665 I oplus.android.OplusFrameworkFactoryImpl: get feature:IOplusDynamicVsyncFeature
08-08 20:11:49.114  3009  4718 I InputDispatcher: injectInputEvent: targetUid=<not set>, syncMode=WAIT_FOR_FINISHED, timeout=30000ms, policyFlags=0x8000000, event=MotionEvent { action=DOWN, id[0]=0, x[0]=270, y[0]=1542, eventTime=542904933000000, downTime=542904933000000, deviceId=4, source=TOUCHSCREEN, displayId=0, eventId=0xcc58faa6}
08-08 20:11:49.117  3009  4718 E InputDispatcher: Inconsistent event: MotionEvent { action=DOWN, id[0]=0, x[0]=270, y[0]=1542, eventTime=542904933000000, downTime=542904933000000, deviceId=4, source=TOUCHSCREEN, displayId=0, eventId=0xcc58faa6}, reason: Injection on 0: Invalid DOWN event - pointers already down for device DeviceId(-1): {DeviceId(-1): {1, 0}}
08-08 20:11:49.119  4088  4088 D AnimSeqTimeStamp: getTimeGapToLastStartAppTime: 542904938
08-08 20:11:49.119  3680  4525 I SystemUi--NavBar: NoBackGesture-->display_id_0 Start gesture: MotionEvent { action=ACTION_DOWN, actionButton=0, id[0]=0, x[0]=270.0, y[0]=1542.0, toolType[0]=TOOL_TYPE_FINGER, buttonState=0, classification=NONE, metaState=0, flags=0x0, edgeFlags=0x0, pointerCount=1, historySize=0, eventTime=542904933, downTime=542904933, deviceId=-1, source=0x1002, displayId=0, eventId=-866583898 }
08-08 20:11:49.120  3680  4525 I SystemUi--NavBar: NoBackGesture-->display_id_0 Not in side gesture area
08-08 20:11:49.120  4088  4088 I OplusBaseTouchInteractionService: onInputEvent(), ACTION_DOWN, Consumer=TYPE_NO_OP
08-08 20:11:49.120  3009  3566 D OGG_Detector: D:done mCurrStatus: 0
08-08 20:11:49.121  3009  3719 I [UAH_CLIENT]: UahEventAcquire, cmdid:37, pkg:none, identity:OplusUAwareInputHelper
08-08 20:11:49.121  3009  3127 D PowerManagerService: userActivityNoUpdateLocked: groupId=0, eventTime=542904933, event=touch, flags=0x0, uid=1000
08-08 20:11:49.122  3009  3719 D UAH-UahAdaptHelper: adaptSetNotification identity = OplusUAwareInputHelpersrc = 1000 , type 0 ,p1 = -1 ,p2 = -1 ,p3 = -1 ,p4 =
08-08 20:11:49.122  3009  3719 I [UAH_CLIENT]: uahRuleCtl, ruleId:1000, status:0
08-08 20:11:49.293  1479  1479 D vendor.oplus.hardware.charger-V6-service: get_ui_charge_icon_type 0 0 0 0 0
08-08 20:11:49.294  1479  1479 D vendor.oplus.hardware.charger-V6-service: oplus_chg_get_cpa_power 7500 charge_online 1 retention_topic 0
08-08 20:11:49.295  1479  1479 D vendor.oplus.hardware.charger-V6-service: oplus_chg_get_cpa_power 7500 charge_online 1 retention_topic 0
08-08 20:11:49.295  1479  1479 D vendor.oplus.hardware.charger-V6-service: getIsSingleHyperSupport=2, cpa_power=7
08-08 20:11:49.296  1479  1479 E vendor.oplus.hardware.charger-V6-service: Failed to open the file: /sys/class/oplus_chg/common/plc. Error 2: No such file or directory
08-08 20:11:49.312  4047  4047 D SubsysBroadcastManager: onReceive action:android.intent.action.BATTERY_CHANGED
08-08 20:11:49.312  3680  3680 I SystemUi--Statusbar: BatteryControllerExt-->updateBatteryChangeIntent():broadcast=android.intent.action.BATTERY_CHANGED,level=62,scale=100
08-08 20:11:49.312  3680  3680 I SystemUi--Statusbar: BatteryRepository-->level: 62 -- isSavingMode: false
08-08 20:11:49.315  1479  1479 D vendor.oplus.hardware.charger-V6-service: get_ui_charge_icon_type 0 0 0 0 0
08-08 20:11:49.318  1479  1479 D vendor.oplus.hardware.charger-V6-service: oplus_chg_get_cpa_power 7500 charge_online 1 retention_topic 0
08-08 20:11:49.319 28909 28909 D DeviceStatisticsService: onReceive: action= android.intent.action.BATTERY_CHANGED
08-08 20:11:49.319  1479  1479 D vendor.oplus.hardware.charger-V6-service: oplus_chg_get_cpa_power 7500 charge_online 1 retention_topic 0
08-08 20:11:49.319  1479  1479 D vendor.oplus.hardware.charger-V6-service: getIsSingleHyperSupport=2, cpa_power=7
08-08 20:11:49.320  1479  1479 E vendor.oplus.hardware.charger-V6-service: Failed to open the file: /sys/class/oplus_chg/common/plc. Error 2: No such file or directory
08-08 20:11:49.323 31047 31047 D CustomLogManagerService: onReceive android.intent.action.BATTERY_CHANGED
08-08 20:11:49.324  3009  3134 D OplusDisplayBrightnessBroadcastReceiver: onReceive action = android.intent.action.BATTERY_CHANGED , listeners = [com.android.server.display.OplusFeatureHDREnhanceBrightness$PhoneInfoReceiver@1d811b8, com.android.server.display.OplusFeatureEdrEnhanceBrightness$PhoneInfoReceiver@ab5cb91]
08-08 20:11:49.326  6966  7029 E Battery : a: getAISleepDuration: predictResult is null.
08-08 20:11:49.327  6966  7029 E Battery : ChargeProtectionUtils: mCanlendarTmp.isEmpty()!
08-08 20:11:49.449 28665 28665 V AutofillManager: requestHideFillUi(null): anchor = null
08-08 20:11:49.451  3009  4718 I InputDispatcher: injectInputEvent: targetUid=<not set>, syncMode=WAIT_FOR_FINISHED, timeout=30000ms, policyFlags=0x8000000, event=MotionEvent { action=UP, id[0]=0, x[0]=270, y[0]=1542, eventTime=542904933000000, downTime=542904933000000, deviceId=4, source=TOUCHSCREEN, displayId=0, eventId=0xf7347fe7}
08-08 20:11:49.458  3009  4718 E InputDispatcher: Inconsistent event: MotionEvent { action=UP, id[0]=0, x[0]=270, y[0]=1542, eventTime=542904933000000, downTime=542904933000000, deviceId=4, source=TOUCHSCREEN, displayId=0, eventId=0xf7347fe7}, reason: Injection on 0: Got ACTION_UP, but we have pointers: {1, 0} for device DeviceId(-1)
08-08 20:11:49.460  4088  4088 D AnimSeqTimeStamp: getTimeGapToLastStartAppTime: 542905279
08-08 20:11:49.461  3009  3719 D UAH-UahAdaptHelper: adaptSetNotification identity = OplusUAwareInputHelpersrc = 1000 , type 1 ,p1 = -1 ,p2 = -1 ,p3 = -1 ,p4 =
08-08 20:11:49.461  3009  3719 I [UAH_CLIENT]: uahRuleCtl, ruleId:1000, status:1
08-08 20:11:49.465  3009  3096 I ActivityManager: Test idle failed due to e3b2fb 21279:android.process.media/u0a63 runnable at +335ms because NORMAL
08-08 20:11:49.520 12944 12944 I OplusCustomScanStrategy: msg.what = 6
08-08 20:11:49.622  1299 10375 E TetherController: property_get sys.radio.data.modem_share_flag return 0, 1!
08-08 20:11:49.666 28665 28665 D ViewRootImplExtImpl: the up motion event handled by client, just return
08-08 20:11:49.679 28665 28665 I oplus.android.OplusFrameworkFactoryImpl: get feature:IOplusDynamicVsyncFeature
08-08 20:11:49.679 28665 28665 I oplus.android.OplusFrameworkFactoryImpl: get feature:IOplusDynamicVsyncFeature
08-08 20:11:49.679 28665 28665 I oplus.android.OplusFrameworkFactoryImpl: get feature:IOplusDynamicVsyncFeature
08-08 20:11:49.742  3009  4718 I InputDispatcher: injectInputEvent: targetUid=<not set>, syncMode=WAIT_FOR_FINISHED, timeout=30000ms, policyFlags=0x8000000, event=MotionEvent { action=DOWN, id[0]=0, x[0]=610, y[0]=1542, eventTime=542905561000000, downTime=542905561000000, deviceId=4, source=TOUCHSCREEN, displayId=0, eventId=0xc23a6680}
08-08 20:11:49.745  3009  4718 E InputDispatcher: Inconsistent event: MotionEvent { action=DOWN, id[0]=0, x[0]=610, y[0]=1542, eventTime=542905561000000, downTime=542905561000000, deviceId=4, source=TOUCHSCREEN, displayId=0, eventId=0xc23a6680}, reason: Injection on 0: Invalid DOWN event - pointers already down for device DeviceId(-1): {DeviceId(-1): {1, 0}}
08-08 20:11:49.746 28665 28665 V AutofillManager: requestHideFillUi(null): anchor = null
08-08 20:11:49.746  4088  4088 D AnimSeqTimeStamp: getTimeGapToLastStartAppTime: 542905566
08-08 20:11:49.747  3680  4525 I SystemUi--NavBar: NoBackGesture-->display_id_0 Start gesture: MotionEvent { action=ACTION_DOWN, actionButton=0, id[0]=0, x[0]=610.0, y[0]=1542.0, toolType[0]=TOOL_TYPE_FINGER, buttonState=0, classification=NONE, metaState=0, flags=0x0, edgeFlags=0x0, pointerCount=1, historySize=0, eventTime=542905561, downTime=542905561, deviceId=-1, source=0x1002, displayId=0, eventId=-1036360064 }
08-08 20:11:49.747  4088  4088 I OplusBaseTouchInteractionService: onInputEvent(), ACTION_DOWN, Consumer=TYPE_NO_OP
08-08 20:11:49.747  3680  4525 I SystemUi--NavBar: NoBackGesture-->display_id_0 Not in side gesture area
08-08 20:11:49.747  3009  3127 D PowerManagerService: userActivityNoUpdateLocked: groupId=0, eventTime=542905561, event=touch, flags=0x0, uid=1000
08-08 20:11:49.747  3009  3719 I [UAH_CLIENT]: UahEventAcquire, cmdid:37, pkg:none, identity:OplusUAwareInputHelper
08-08 20:11:49.748  3009  4718 I InputDispatcher: injectInputEvent: targetUid=<not set>, syncMode=WAIT_FOR_FINISHED, timeout=30000ms, policyFlags=0x8000000, event=MotionEvent { action=UP, id[0]=0, x[0]=610, y[0]=1542, eventTime=542905561000000, downTime=542905561000000, deviceId=4, source=TOUCHSCREEN, displayId=0, eventId=0xc608266c}
08-08 20:11:49.749  3009  3719 D UAH-UahAdaptHelper: adaptSetNotification identity = OplusUAwareInputHelpersrc = 1000 , type 0 ,p1 = -1 ,p2 = -1 ,p3 = -1 ,p4 =
08-08 20:11:49.749  3009  3719 I [UAH_CLIENT]: uahRuleCtl, ruleId:1000, status:0
08-08 20:11:49.750  3009  3566 D OGG_Detector: D:done mCurrStatus: 0
08-08 20:11:49.753  3009  4718 E InputDispatcher: Inconsistent event: MotionEvent { action=UP, id[0]=0, x[0]=610, y[0]=1542, eventTime=542905561000000, downTime=542905561000000, deviceId=4, source=TOUCHSCREEN, displayId=0, eventId=0xc608266c}, reason: Injection on 0: Got ACTION_UP, but we have pointers: {1, 0} for device DeviceId(-1)
08-08 20:11:49.754 28665 28665 D ViewRootImplExtImpl: the up motion event handled by client, just return
08-08 20:11:49.754  4088  4088 D AnimSeqTimeStamp: getTimeGapToLastStartAppTime: 542905573
08-08 20:11:49.755  3009  3719 D UAH-UahAdaptHelper: adaptSetNotification identity = OplusUAwareInputHelpersrc = 1000 , type 1 ,p1 = -1 ,p2 = -1 ,p3 = -1 ,p4 =
08-08 20:11:49.755  3009  3719 I [UAH_CLIENT]: uahRuleCtl, ruleId:1000, status:1
08-08 20:11:49.760 28665 28665 I oplus.android.OplusFrameworkFactoryImpl: get feature:IOplusDynamicVsyncFeature
08-08 20:11:49.760 28665 28665 I oplus.android.OplusFrameworkFactoryImpl: get feature:IOplusDynamicVsyncFeature
08-08 20:11:49.760 28665 28665 I oplus.android.OplusFrameworkFactoryImpl: get feature:IOplusDynamicVsyncFeature
08-08 20:11:49.806  1479  1567 D BatteryChargeControl: bcc get no support from charging protocol
08-08 20:11:49.809  3979  4446 D CommonApp-741-10495: transport layer data is invalid
08-08 20:11:49.817  3009  4718 I InputDispatcher: injectInputEvent: targetUid=<not set>, syncMode=WAIT_FOR_FINISHED, timeout=30000ms, policyFlags=0x8000000, event=MotionEvent { action=DOWN, id[0]=0, x[0]=95, y[0]=1542, eventTime=542905635000000, downTime=542905635000000, deviceId=4, source=TOUCHSCREEN, displayId=0, eventId=0xcfbb41fb}
08-08 20:11:49.819  3009  4718 E InputDispatcher: Inconsistent event: MotionEvent { action=DOWN, id[0]=0, x[0]=95, y[0]=1542, eventTime=542905635000000, downTime=542905635000000, deviceId=4, source=TOUCHSCREEN, displayId=0, eventId=0xcfbb41fb}, reason: Injection on 0: Invalid DOWN event - pointers already down for device DeviceId(-1): {DeviceId(-1): {1, 0}}
08-08 20:11:49.821  4088  4088 D AnimSeqTimeStamp: getTimeGapToLastStartAppTime: 542905640
08-08 20:11:49.821  3680  4525 I SystemUi--NavBar: NoBackGesture-->display_id_0 Start gesture: MotionEvent { action=ACTION_DOWN, actionButton=0, id[0]=0, x[0]=95.0, y[0]=1542.0, toolType[0]=TOOL_TYPE_FINGER, buttonState=0, classification=NONE, metaState=0, flags=0x0, edgeFlags=0x0, pointerCount=1, historySize=0, eventTime=542905635, downTime=542905635, deviceId=-1, source=0x1002, displayId=0, eventId=-809811461 }
08-08 20:11:49.821  3680  4525 I SystemUi--NavBar: NoBackGesture-->display_id_0 Not in side gesture area
08-08 20:11:49.821  3009  3719 I [UAH_CLIENT]: UahEventAcquire, cmdid:37, pkg:none, identity:OplusUAwareInputHelper
08-08 20:11:49.822  3009  3566 D OGG_Detector: D:done mCurrStatus: 0
08-08 20:11:49.823  3009  3719 D UAH-UahAdaptHelper: adaptSetNotification identity = OplusUAwareInputHelpersrc = 1000 , type 0 ,p1 = -1 ,p2 = -1 ,p3 = -1 ,p4 =
08-08 20:11:49.823  3009  3719 I [UAH_CLIENT]: uahRuleCtl, ruleId:1000, status:0
08-08 20:11:49.823  4088  4088 I OplusBaseTouchInteractionService: onInputEvent(), ACTION_DOWN, Consumer=TYPE_NO_OP
08-08 20:11:50.006  1479  5654 D charge_time: type=cdp/dcp,reserve_soc=1,soc=61,ui_soc=62,current=1007,avg=746,not_chg_cnt=0,stable_cnt=7,fcc=4423,fcc_ratio=92,delta=85,debug=0,region=12,ttf=7817(02:10:17),ui_ttf=5040(01:24:00)
08-08 20:11:50.126 28665 28665 V AutofillManager: requestHideFillUi(null): anchor = null
08-08 20:11:50.127  3009  4718 I InputDispatcher: injectInputEvent: targetUid=<not set>, syncMode=WAIT_FOR_FINISHED, timeout=30000ms, policyFlags=0x8000000, event=MotionEvent { action=UP, id[0]=0, x[0]=95, y[0]=1542, eventTime=542905635000000, downTime=542905635000000, deviceId=4, source=TOUCHSCREEN, displayId=0, eventId=0xf26ea0f2}
08-08 20:11:50.130  3009  4718 E InputDispatcher: Inconsistent event: MotionEvent { action=UP, id[0]=0, x[0]=95, y[0]=1542, eventTime=542905635000000, downTime=542905635000000, deviceId=4, source=TOUCHSCREEN, displayId=0, eventId=0xf26ea0f2}, reason: Injection on 0: Got ACTION_UP, but we have pointers: {1, 0} for device DeviceId(-1)
08-08 20:11:50.131  4088  4088 D AnimSeqTimeStamp: getTimeGapToLastStartAppTime: 542905950
08-08 20:11:50.131  3009  3719 D UAH-UahAdaptHelper: adaptSetNotification identity = OplusUAwareInputHelpersrc = 1000 , type 1 ,p1 = -1 ,p2 = -1 ,p3 = -1 ,p4 =
08-08 20:11:50.131  3009  3719 I [UAH_CLIENT]: uahRuleCtl, ruleId:1000, status:1
08-08 20:11:50.361 28665 28665 D ViewRootImplExtImpl: the up motion event handled by client, just return
08-08 20:11:50.372 28665 28665 I oplus.android.OplusFrameworkFactoryImpl: get feature:IOplusDynamicVsyncFeature
08-08 20:11:50.373 28665 28665 I oplus.android.OplusFrameworkFactoryImpl: get feature:IOplusDynamicVsyncFeature
08-08 20:11:50.373 28665 28665 I oplus.android.OplusFrameworkFactoryImpl: get feature:IOplusDynamicVsyncFeature
08-08 20:11:50.395  3009  3442 D WifiStaIfaceHidlImpl: getCachedScanData is not implemented by HIDL
08-08 20:11:50.404  4047  4047 D VendorWifiService: onEvent event:9,action:1
08-08 20:11:50.407  3009  3545 D OplusWifiPower_TriggerCenter: mComponentCallback: wifistat
08-08 20:11:50.469  3680  3902 I SystemUi--Statusbar: OplusNetworkSpeedControllExImpl-->updateNetworkSpeed: isConnected:true,isSwitchOn:true
08-08 20:11:50.486  3680  3902 I SystemUi--Statusbar: OplusNetworkSpeedControllExImpl-->getTotalByte: totalRxBytes:29285913838,totalTxBytes:2707981927,loopbackTxBytes:6855797,loopbackRxBytes:6855797 ,totalBytes:31980184171
08-08 20:11:50.564  1416 10610 I WifiHAL : event received NL80211_CMD_VENDOR, vendor_id = 0x1374, subcmd = 0xd
08-08 20:11:50.568  2259  2259 I cnss-daemon: nl80211 response handler invoked
08-08 20:11:50.570  2259  2259 I cnss-daemon: nl80211_response_handler: cmd 103, vendorID 4980, subcmd 13  received
08-08 20:11:50.645  1299 10375 E TetherController: property_get sys.radio.data.modem_share_flag return 0, 1!
08-08 20:11:50.808  1479  1567 D BatteryChargeControl: bcc get no support from charging protocol
08-08 20:11:50.834  3979  4446 D CommonApp-741-10495: transport layer data is invalid
08-08 20:11:51.014  1479  5654 D charge_time: type=cdp/dcp,reserve_soc=1,soc=61,ui_soc=62,current=909,avg=793,not_chg_cnt=0,stable_cnt=7,fcc=4423,fcc_ratio=92,delta=86,debug=0,region=12,ttf=7385(02:03:05),ui_ttf=5039(01:23:59)
08-08 20:11:51.326 31047  3500 D CustomLogManagerService: WorkHandler msg.what :5
08-08 20:11:51.338 31047  3500 D CustomLogManagerService: curTemp:336 limit:390
08-08 20:11:51.338 31047  3500 D CustomLogManagerService: checkUploadStatus: isSceenOn=true activeNetType=1 isCharging=true isUploading:false temperatureLimit:false
08-08 20:11:51.339 31047  3500 D CustomLogManagerService: sys.log.customer=false
08-08 20:11:51.339 31047  3500 D CustomLogManagerService: isHaveCustomLogCollecting :false
08-08 20:11:51.629 28967 24134 I NearbyMediums: No BLE Fast/GATT advertisements found in the latest cycle.
08-08 20:11:51.630 28967 24134 I NearbyMediums: Current Tracked Scanning Clients are : {NearbyConnections.EnvironmentMonitor, NearbySharing}
08-08 20:11:51.650  3009  3450 D InetDiagMessage: Destroyed 1 sockets, proto=IPPROTO_TCP, family=AF_INET, states=14
08-08 20:11:51.651 31177 31298 E msgr.msys: E[N MQTT]readErr(151)=>TCPStreamTransport readErr
08-08 20:11:51.651 31177 31298 E msgr.msys: E[N MQTT]onReadError(657)=>Read Error: AsyncSocketException: recv() failed (peer=102.132.97.11:443), type = Internal error, errno = 103 (Software caused connection abort)
08-08 20:11:51.652  3009  3252 D ConnectivityService: Returning BLOCKED NetworkInfo to uid=10398
08-08 20:11:51.652  3009  3450 D InetDiagMessage: Destroyed 0 sockets, proto=IPPROTO_TCP, family=AF_INET6, states=14
08-08 20:11:51.652  3009  3450 D InetDiagMessage: Destroyed live tcp sockets for uids={10398} in 6ms
08-08 20:11:51.654  3009  3450 D InetDiagMessage: Destroyed 0 sockets, proto=IPPROTO_TCP, family=AF_INET, states=14
08-08 20:11:51.656  3009  3450 D InetDiagMessage: Destroyed 0 sockets, proto=IPPROTO_TCP, family=AF_INET6, states=14
08-08 20:11:51.656  3009  3450 D InetDiagMessage: Destroyed live tcp sockets for uids={20398} in 4ms
08-08 20:11:51.665  1299 10375 E TetherController: property_get sys.radio.data.modem_share_flag return 0, 1!
08-08 20:11:51.680 31177 31331 E msgr.msys: E[C mem.context]_LogNetworkStateUpdate(7866)=>[Critical] network_state/prev/1/new/2/source/1
08-08 20:11:51.681 31177 31331 E msgr.msys: E[C MEMConnectionManager]_NetworkDisconnectedConnectionEventHandler(1593)=>[Debug] Start _NetworkDisconnectedConnectionEventHandler.
08-08 20:11:51.681 31177 31331 E msgr.msys: E[C 1]_MCCLogErrorInternal(331)=>8/1199/738/-1
08-08 20:11:51.684 31177 31331 E msgr.msys: E[C MEMConnectionManager]_NetworkDisconnectedConnectionEventHandler(1610)=>[Debug] End _NetworkDisconnectedConnectionEventHandler.
08-08 20:11:51.685 31177 31291 E msgr.msys: E[C MEMConnectionManager]__DisconnectIfNeededOnNetworkContextAsyncImpl(1364)=>[Critical] Call WCCConnectionMEMDisconnectImmediately with event id: 5
08-08 20:11:51.686 31177 31291 E msgr.msys: E[N WCCConnectionMEM]_WCCConnectionMEMDoDisconnect(1933)=>[INFO] connection/disconnect/[internalState=5]
08-08 20:11:51.686 31177 31291 E msgr.msys: E[N WA]WCCXMPPStreamDisconnectImmediately(917)=>[WARNING] xmpp/disconnect/immediate in state=2 reason={stateChangeSource: 0, stateChangeReason: 0}
08-08 20:11:51.687 31177 31291 E msgr.msys: E[N WA]_WCCXMPPStreamDisconnectHandler(344)=>xmpp/disconnect - WCIStreamStateErrorCode: 1, domain: WCIStreamState, subdomain: happyeyeballs: Error Domain=WCIStreamState Code=1 UserInfo=0x294ef32b80 {MCFErrorDirectUnderlyingErrorKey=0xb400007423d69100 "Error Domain=happyeyeballs Code=1"}
08-08 20:11:51.688 31177 31291 E msgr.msys: E[N WCCConnectionMEM]_WCCConnectionMEMLifecycleEventHandler(2214)=>[INFO] connection/xmpp/lifecycle_event/not-connected, [4.9857s]
08-08 20:11:51.689 31177 31291 E msgr.msys: E[N WA]_WCCXMPPStreamDoDisconnect(1319)=>xmpp/disconnect - flags: 0
08-08 20:11:51.689 31177 31291 E msgr.msys: E[N WCCConnectionMEM]_WCCConnectionMEMEmitStateChange(3230)=>[INFO] connection/new_state/not-connected [connection_id=610530900, wcc_source=0, wcc_reason=0]
08-08 20:11:51.690 31177 31291 E msgr.msys: E[C MEMConnectionManager]_MEMConnectionManagerStateChangeHandler(638)=>[Critical] MEMConnectionState updated to ID: 0 with connectionId: 610530900
08-08 20:11:51.692 31177 31247 W msgr.JDGWNetworkRevalidatorBridge: No active network to report connectivity issue
08-08 20:11:51.701 31177 31329 E msgr.msys: E[S sync]_createResponseError(277)=>Network Response 5A80EF97-9253-4C6E-A758-019C08A4E04F contains sync error Error Domain=dgw Code=2002 UserInfo=0x294ef33a40 {MCFErrorDirectLocalizedFailureReasonKey=Error Domain=MNSQUICConnection Code=0 UserInfo=0x294ef32bc0 {MCFErrorDirectLocalizedFailureReasonKey=Error on socket write Operation not permitted, }} - Underlying error (null): Error Domain=dgw Code=2002 UserInfo=0x294ef33a40 {MCFErrorDirectLocalizedFailureReasonKey=Error Domain=MNSQUICConnection Code=0 UserInfo=0x294ef32bc0 {MCFErrorDirectLocalizedFailureReasonKey=Error on socket write Operation not permitted, }}
08-08 20:11:51.719 25458 25458 D BoundBrokerSvc: onUnbind: Intent { act=com.google.android.gms.auth.blockstore.service.START dat=chimera-action:/... cmp=com.google.android.gms/.chimera.GmsApiService mCallingUid=10398 }
08-08 20:11:51.728 31177 31329 E msgr.msys: E[S sync]_createResponseError(277)=>Network Response 481A3F06-3885-4195-9DEB-30E2B9A9A890 contains sync error Error Domain=dgw Code=2002 UserInfo=0x294ef33c40 {MCFErrorDirectLocalizedFailureReasonKey=Error Domain=MNSQUICConnection Code=0 UserInfo=0x294ef32bc0 {MCFErrorDirectLocalizedFailureReasonKey=Error on socket write Operation not permitted, }} - Underlying error (null): Error Domain=dgw Code=2002 UserInfo=0x294ef33c40 {MCFErrorDirectLocalizedFailureReasonKey=Error Domain=MNSQUICConnection Code=0 UserInfo=0x294ef32bc0 {MCFErrorDirectLocalizedFailureReasonKey=Error on socket write Operation not permitted, }}
08-08 20:11:51.742 31177 31285 E msgr.msys: E[N mns:DGWClient]_LogError(328)=>Failed to resolve using system DNS resolver, getaddrinfo(): No address associated with hostname
08-08 20:11:51.761 31177 31285 E msgr.msys: E[N mns:DGWClient]_LogError(328)=>Failed to resolve using system DNS resolver, getaddrinfo(): No address associated with hostname
08-08 20:11:51.762 31177 31329 E msgr.msys: E[S sync]_createResponseError(277)=>Network Response 52289579-0045-49A7-B006-11A247A6C1A5 contains sync error Error Domain=dgw Code=2002 UserInfo=0x294ef33f00 {MCFErrorDirectLocalizedFailureReasonKey=Error Domain=MNSQUICConnection Code=0 UserInfo=0x294ef32bc0 {MCFErrorDirectLocalizedFailureReasonKey=Error on socket write Operation not permitted, }} - Underlying error (null): Error Domain=dgw Code=2002 UserInfo=0x294ef33f00 {MCFErrorDirectLocalizedFailureReasonKey=Error Domain=MNSQUICConnection Code=0 UserInfo=0x294ef32bc0 {MCFErrorDirectLocalizedFailureReasonKey=Error on socket write Operation not permitted, }}
08-08 20:11:51.766 31177 31329 E msgr.msys: E[S sync]_createResponseError(277)=>Network Response 3798190C-7442-4179-B087-DE98BC5AED4C contains sync error Error Domain=dgw Code=2002 UserInfo=0x294ef30240 {MCFErrorDirectLocalizedFailureReasonKey=Error Domain=MNSQUICConnection Code=0 UserInfo=0x294ef32bc0 {MCFErrorDirectLocalizedFailureReasonKey=Error on socket write Operation not permitted, }} - Underlying error (null): Error Domain=dgw Code=2002 UserInfo=0x294ef30240 {MCFErrorDirectLocalizedFailureReasonKey=Error Domain=MNSQUICConnection Code=0 UserInfo=0x294ef32bc0 {MCFErrorDirectLocalizedFailureReasonKey=Error on socket write Operation not permitted, }}
08-08 20:11:51.770 31177 31329 E msgr.msys: E[S sync]_createResponseError(277)=>Network Response 67003C15-D89C-4CE1-836E-44440B8ECDC8 contains sync error Error Domain=dgw Code=2002 UserInfo=0x294ef330c0 {MCFErrorDirectLocalizedFailureReasonKey=Error Domain=MNSQUICConnection Code=0 UserInfo=0x294ef32bc0 {MCFErrorDirectLocalizedFailureReasonKey=Error on socket write Operation not permitted, }} - Underlying error (null): Error Domain=dgw Code=2002 UserInfo=0x294ef330c0 {MCFErrorDirectLocalizedFailureReasonKey=Error Domain=MNSQUICConnection Code=0 UserInfo=0x294ef32bc0 {MCFErrorDirectLocalizedFailureReasonKey=Error on socket write Operation not permitted, }}
08-08 20:11:51.774 31177 31329 E msgr.msys: E[S sync]_createResponseError(277)=>Network Response BAEF1574-B642-4B8F-A45E-112807DCCE06 contains sync error Error Domain=dgw Code=2002 UserInfo=0x294ef332c0 {MCFErrorDirectLocalizedFailureReasonKey=Error Domain=MNSQUICConnection Code=0 UserInfo=0x294ef32bc0 {MCFErrorDirectLocalizedFailureReasonKey=Error on socket write Operation not permitted, }|tls_hs_started} - Underlying error (null): Error Domain=dgw Code=2002 UserInfo=0x294ef332c0 {MCFErrorDirectLocalizedFailureReasonKey=Error Domain=MNSQUICConnection Code=0 UserInfo=0x294ef32bc0 {MCFErrorDirectLocalizedFailureReasonKey=Error on socket write Operation not permitted, }|tls_hs_started}
08-08 20:11:51.809  1479  1567 D BatteryChargeControl: bcc get no support from charging protocol
08-08 20:11:51.842 28967 30961 I NetworkScheduler.Stats: (REDACTED) Task %s/%s started execution. cause:%s exec_start_elapsed_seconds: %s
08-08 20:11:51.861 28967 31547 I NetworkScheduler.Stats: (REDACTED) Task %s/%s finished executing. cause:%s result: %s elapsed_millis: %s uptime_millis: %s exec_start_elapsed_seconds: %s
08-08 20:11:51.860  3979  4446 D CommonApp-741-10495: transport layer data is invalid
08-08 20:11:52.021  1479  5654 D charge_time: type=cdp/dcp,reserve_soc=1,soc=61,ui_soc=62,current=1255,avg=910,not_chg_cnt=0,stable_cnt=7,fcc=4423,fcc_ratio=92,delta=87,debug=0,region=12,ttf=6521(01:48:41),ui_ttf=5038(01:23:58)
08-08 20:11:52.569  2259  2259 I cnss-daemon: nl80211 response handler invoked
08-08 20:11:52.569  2259  2259 I cnss-daemon: nl80211_response_handler: cmd 103, vendorID 4980, subcmd 13  received
08-08 20:11:52.570  1416 10610 I WifiHAL : event received NL80211_CMD_VENDOR, vendor_id = 0x1374, subcmd = 0xd
08-08 20:11:52.631  1598  1854 D VRR [OTI]: handleIdle from 0 to 1
08-08 20:11:52.632  1598  1854 D VRR [OTI-HW]: isStateReady 0
08-08 20:11:52.646  1598  1854 D VRR [OTI-HW]: rate range: min {id=1, hwcId=1, resolution=720x1604, vsyncRate=60.00 Hz, dpi=265.04x262.85, group=0, vrrConfig=N/A} cur {id=1, hwcId=1, resolution=720x1604, vsyncRate=60.00 Hz, dpi=265.04x262.85, group=0, vrrConfig=N/A} max {id=1, hwcId=1, resolution=720x1604, vsyncRate=60.00 Hz, dpi=265.04x262.85, group=0, vrrConfig=N/A}
08-08 20:11:52.650  1598  1854 D VRR [OTI-HW]: keep rate.
08-08 20:11:52.693  1299 10375 E TetherController: property_get sys.radio.data.modem_share_flag return 0, 1!
08-08 20:11:52.693 31177 31476 E msgr.AppState: Returning default for firstRunInfo
08-08 20:11:52.811  1479  1567 D BatteryChargeControl: bcc get no support from charging protocol
08-08 20:11:52.882  3979  4446 D CommonApp-741-10495: transport layer data is invalid
08-08 20:11:53.029  1479  5654 D charge_time: type=cdp/dcp,reserve_soc=1,soc=61,ui_soc=62,current=1250,avg=1044,not_chg_cnt=0,stable_cnt=7,fcc=4423,fcc_ratio=92,delta=88,debug=0,region=12,ttf=5791(01:36:31),ui_ttf=5037(01:23:57)
08-08 20:11:53.213 31177 31515 E msgr.FbnsAIDLClientManager: Max Try reached for binding to FbnsAIDLService, threadId 16435
08-08 20:11:53.215 31177 31515 E msgr.FbnsAIDLClientManager: Fbns AIDL request got RemoteException
08-08 20:11:53.215 31177 31515 E msgr.FbnsAIDLClientManager: android.os.RemoteException: AIDLService is not bound
08-08 20:11:53.215 31177 31515 E msgr.FbnsAIDLClientManager: 	at X.0Ru.call(:321)
08-08 20:11:53.215 31177 31515 E msgr.FbnsAIDLClientManager: 	at java.util.concurrent.FutureTask.run(FutureTask.java:328)
08-08 20:11:53.215 31177 31515 E msgr.FbnsAIDLClientManager: 	at java.util.concurrent.ThreadPoolExecutor.runWorker(ThreadPoolExecutor.java:1100)
08-08 20:11:53.215 31177 31515 E msgr.FbnsAIDLClientManager: 	at java.util.concurrent.ThreadPoolExecutor$Worker.run(ThreadPoolExecutor.java:624)
08-08 20:11:53.215 31177 31515 E msgr.FbnsAIDLClientManager: 	at java.lang.Thread.run(Thread.java:1572)
08-08 20:11:53.420  3009  3442 D WifiStaIfaceHidlImpl: getCachedScanData is not implemented by HIDL
08-08 20:11:53.446  4047  4047 D VendorWifiService: onEvent event:9,action:1
08-08 20:11:53.450  3009  3545 D OplusWifiPower_TriggerCenter: mComponentCallback: wifistat
08-08 20:11:53.619  3680  4842 I UserTrackerImpl: getUserInfo currentId 0  userProfiles: [UserInfo{0:ayman abohamed:4c13}]
08-08 20:11:53.624  3680  4842 I UserTrackerImpl: getUserInfo currentId 0  userProfiles: [UserInfo{0:ayman abohamed:4c13}]
08-08 20:11:53.629  3009  3252 D AudioServiceExtImpl: oplusGetParameters() keyValuePairs:OPLUS_AUDIO_GET_MUTE_PHONE, uid: 10203
08-08 20:11:53.641  3680  4842 I SystemUi--QuickSettings: Tile.OplusAirplaneModeTile-->handleUpdateState state.state: 1 value: 0
08-08 20:11:53.661  3680  4842 V OplusCustomizeCacheManager: queryCache name: sys.cache.common_customize_cache18014 param: null
08-08 20:11:53.662  3680  4842 V OplusCustomizeCacheManager: queryCache name: sys.cache.common_customize_cache18017 param: Bundle[{SETTING=BLOCK, BUSINESS=NCT-DATA}]
08-08 20:11:53.663  3680  4842 V OplusCustomizeCacheManager: start recompute
08-08 20:11:53.663  3009  3252 D OplusCustomizeSecurityManagerService: we can't find the BLOCK
08-08 20:11:53.664  3680  4842 V OplusCustomizeCacheManager: queryCache name: sys.cache.common_customize_cache18013 param: null
08-08 20:11:53.668  3680  4842 I SystemUi--QuickSettings: Tile.OplusAirplaneModeTile-->handleUpdateState state.state: 1 value: 0
08-08 20:11:53.674  3680  4842 V OplusCustomizeCacheManager: queryCache name: sys.cache.common_customize_cache18014 param: null
08-08 20:11:53.674  3680  4842 V OplusCustomizeCacheManager: queryCache name: sys.cache.common_customize_cache18017 param: Bundle[{SETTING=BLOCK, BUSINESS=NCT-DATA}]
08-08 20:11:53.674  3680  4842 V OplusCustomizeCacheManager: start recompute
08-08 20:11:53.675  3009  3252 D OplusCustomizeSecurityManagerService: we can't find the BLOCK
08-08 20:11:53.675  3680  4842 V OplusCustomizeCacheManager: queryCache name: sys.cache.common_customize_cache18013 param: null
08-08 20:11:53.718  3009  3252 D OplusCustomizeConnectivityManagerService: getBluetoothPolicies 2
08-08 20:11:53.719  1299 10375 E TetherController: property_get sys.radio.data.modem_share_flag return 0, 1!
08-08 20:11:53.723  3680  4842 I SystemUi--Statusbar: OplusQSHighlightTileViewImpl-->onStateChanged when has detached from window
08-08 20:11:53.748  3009  3252 D OplusCustomizeConnectivityManagerService: getBluetoothPolicies 2
08-08 20:11:53.753  3680  4842 I UserTrackerImpl: getUserInfo currentId 0  userProfiles: [UserInfo{0:ayman abohamed:4c13}]
08-08 20:11:53.759  3680  4842 V OplusCustomizeCacheManager: queryCache name: sys.cache.common_customize_cache18014 param: null
08-08 20:11:53.759  3680  4842 V OplusCustomizeCacheManager: queryCache name: sys.cache.common_customize_cache18017 param: Bundle[{SETTING=BLOCK, BUSINESS=NCT-DATA}]
08-08 20:11:53.759  3680  4842 V OplusCustomizeCacheManager: start recompute
08-08 20:11:53.760  3009  3252 D OplusCustomizeSecurityManagerService: we can't find the BLOCK
08-08 20:11:53.760  3680  4842 V OplusCustomizeCacheManager: queryCache name: sys.cache.common_customize_cache18013 param: null
08-08 20:11:53.763  3680  4842 V OplusCustomizeCacheManager: queryCache name: sys.cache.common_customize_cache18014 param: null
08-08 20:11:53.764  3680  4842 V OplusCustomizeCacheManager: queryCache name: sys.cache.common_customize_cache18017 param: Bundle[{SETTING=BLOCK, BUSINESS=NCT-DATA}]
08-08 20:11:53.764  3680  4842 V OplusCustomizeCacheManager: start recompute
08-08 20:11:53.764  3009  3252 D OplusCustomizeSecurityManagerService: we can't find the BLOCK
08-08 20:11:53.764  3680  4842 V OplusCustomizeCacheManager: queryCache name: sys.cache.common_customize_cache18013 param: null
08-08 20:11:53.767  3680  4842 V OplusCustomizeCacheManager: queryCache name: sys.cache.common_customize_cache18014 param: null
08-08 20:11:53.767  3680  4842 V OplusCustomizeCacheManager: queryCache name: sys.cache.common_customize_cache18017 param: Bundle[{SETTING=BLOCK, BUSINESS=NCT-DATA}]
08-08 20:11:53.767  3680  4842 V OplusCustomizeCacheManager: start recompute
08-08 20:11:53.767  3009  3252 D OplusCustomizeSecurityManagerService: we can't find the BLOCK
08-08 20:11:53.768  3680  4842 V OplusCustomizeCacheManager: queryCache name: sys.cache.common_customize_cache18013 param: null
08-08 20:11:53.814  1479  1567 D BatteryChargeControl: bcc get no support from charging protocol
08-08 20:11:53.880  1479  1562 D vendor.oplus.hardware.charger-V6-service: ret_value:160, read content:,336,346,4111,4082,-1250,1500,2200,61,62,1,6,1425,4560,62,1,0,1,1,0,0,4470,0,6,0,6,0,0,0,-2740,0,1,1,0,0,41,41,41,0,0,0,0,0,0,0,0,0,0,4,0,1,0,100,0,0,0,0,0,0,0
08-08 20:11:53.880  1479  1562 D vendor.oplus.hardware.charger-V6-service: gmtime: 2026-08-08-20-11-53
08-08 20:11:53.882  1479  1562 D vendor.oplus.hardware.charger-V6-service: usb_online:1, ac_online:0, wireless_online:-2147483648
08-08 20:11:53.902  3009  3998 I OplusHansManager : uid=10398, pkg=com.facebook.orca M enter(), R stay=20
08-08 20:11:53.905  3979  4446 D CommonApp-741-10495: transport layer data is invalid
08-08 20:11:54.038  1479  5654 D charge_time: write 5036s(01:23:56) to ttf, rc=6
08-08 20:11:54.038  1479  5654 D charge_time: type=cdp/dcp,reserve_soc=1,soc=61,ui_soc=62,current=1322,avg=1148,not_chg_cnt=0,stable_cnt=7,fcc=4423,fcc_ratio=92,delta=89,debug=0,region=12,ttf=5353(01:29:13),ui_ttf=5036(01:23:56)
08-08 20:11:54.232  3009  3712 I Osense-PsiDetector: 916,73,2645,4607,43,129,91,583,1191,266,594,0,4,5787
08-08 20:11:54.234  3009  3705 I Osense-BaseDecisionMaker: notifySceneToAthenaPolicy: SCENE_RES_MEM_PSI_NORMAL, bundle: Bundle[{memLevel=3}]
08-08 20:11:54.245  3009  3705 I Osense-BaseDecisionMaker: scene: SCENE_RES_MEM_PSI_NORMAL, excutingPolicy: clear
08-08 20:11:54.246  3009  3705 D Osense-BaseDecisionMaker: invoke clear policy,type: cached
08-08 20:11:54.257  3009  3710 I OsenseKillAction: KillAction: [atomic clean] start name=lowmem, requestId=122397, startAvail=913, startFreeMB=71, purposeAvailMB=1200, purposeFreeMB=-1, anonRssTarget=287, minBgCount=0, swapTarget=0, scene=SCENE_RES_MEM_PSI_NORMAL, type=cached, qb=false, cchOnly=true, urgency=false, hoggingCpuPids={}, invalid-cnt=2
08-08 20:11:54.258  3009  3710 I OsenseKillAction: KillAction: [atomic clean] end: skip for no-killable-cached-process
08-08 20:11:54.258  3009  3710 I OsenseKillAction: KillAction: 287mb more anonRss to reclaim, 0mb more swapMb to reclaim, <skip> mem guard, cur avail=0mb, bundle: Bundle[{appcareThreshold=0, triggerMemory=1000, qbmode=false, memLevel=3, type=cached, level=1, scene=SCENE_RES_MEM_PSI_NORMAL, requestId=122397, purposeMemory=1200}]
08-08 20:11:54.335   896   896 E lowmemorykiller: device memory 233130 free 17442 file 220507
08-08 20:11:54.336  3009  3712 I Osense-PsiDetector: 910,68,2651,4607,43,129,91,590,1191,266,594,0,4,5787
08-08 20:11:54.338  3009  3705 I Osense-BaseDecisionMaker: notifySceneToAthenaPolicy: SCENE_RES_MEM_PSI_NORMAL, bundle: Bundle[{memLevel=4}]
08-08 20:11:54.339   896   896 E lowmemorykiller: device memory 233130 free 17442 file 220507
08-08 20:11:54.351 25458 25621 I gle.android.gms: Explicit concurrent mark compact GC freed 2693KB AllocSpace bytes, 3(108KB) LOS objects, 24% free, 10MB/13MB, paused 741us,3.609ms total 242.652ms
08-08 20:11:54.352  3009  3705 I Osense-BaseDecisionMaker: scene: SCENE_RES_MEM_PSI_NORMAL, excutingPolicy: clear
08-08 20:11:54.353  3009  3705 D Osense-BaseDecisionMaker: invoke clear policy,type: cached
08-08 20:11:54.353  3009  3705 I Osense-BaseDecisionMaker: notifySceneToAthenaPolicy: SCENE_RES_MEM_PSI_LEAK, bundle: Bundle[{memLevel=4}]
08-08 20:11:54.354  3009  3710 I OsenseKillAction: KillAction: [atomic clean] start name=lowmem, requestId=122398, startAvail=909, startFreeMB=67, purposeAvailMB=1200, purposeFreeMB=-1, anonRssTarget=291, minBgCount=0, swapTarget=0, scene=SCENE_RES_MEM_PSI_NORMAL, type=cached, qb=false, cchOnly=true, urgency=false, hoggingCpuPids={}, invalid-cnt=2
08-08 20:11:54.354  3009  3710 I OsenseKillAction: KillAction: [atomic clean] end: skip for no-killable-cached-process
08-08 20:11:54.354  3009  3710 I OsenseKillAction: KillAction: 291mb more anonRss to reclaim, 0mb more swapMb to reclaim, <skip> mem guard, cur avail=0mb, bundle: Bundle[{appcareThreshold=0, triggerMemory=1000, qbmode=false, memLevel=4, type=cached, level=1, scene=SCENE_RES_MEM_PSI_NORMAL, requestId=122398, purposeMemory=1200}]
08-08 20:11:54.364  3009  3998 I OplusHansManager : uid=10488, pkg=com.instagram.android F enter(), M stay=10
08-08 20:11:54.371  3009  3998 I OplusHansManager : freeze uid: 10488 com.instagram.android pids: [30037] scene: LcdOn
08-08 20:11:54.373  7071 18718 D IHansComunication: HANS sendMessageToKernel: threadId = 517145082992, netLinkSetup = 1, type = PKG, targetUid = 10488, pkgCmd = ADD_ONE_UID
08-08 20:11:54.377  3009  4134 I OplusHansManager : unfreeze uid: 10488 com.instagram.android pids: [30037] reason: ExecutingComponent scene: LcdOn
08-08 20:11:54.378  3009  3998 I OplusHansManager : uid=10488, pkg=com.instagram.android F exit(), F stay=0, reason=ExecutingComponent
08-08 20:11:54.378  3009  4015 I OplusHansManager : p_BC uid=10488 pkg=com.instagram.android
08-08 20:11:54.378  3009  4015 I OplusBinderProxy: proxyBinder uid: 10488 pkg: com.instagram.android proxy: true calling: OFreezer
08-08 20:11:54.378  3009  4015 I OplusHansManager : up_BC uid=10488 pkg=com.instagram.android
08-08 20:11:54.378  3009  4015 I OplusBinderProxy: proxyBinder uid: 10488 pkg: com.instagram.android proxy: false calling: OFreezer
08-08 20:11:54.442   896   896 E lowmemorykiller: device memory 232834 free 17153 file 220516
08-08 20:11:54.466  3009  3096 I ActivityManager: Test idle failed due to 47d9d 30037:com.instagram.android/u0a488 not runnable because EMPTY
08-08 20:11:54.490  3680  3902 I SystemUi--Statusbar: OplusNetworkSpeedControllExImpl-->updateNetworkSpeed: isConnected:true,isSwitchOn:true
08-08 20:11:54.529  3680  3902 I SystemUi--Statusbar: OplusNetworkSpeedControllExImpl-->getTotalByte: totalRxBytes:29285913838,totalTxBytes:2707981979,loopbackTxBytes:6855797,loopbackRxBytes:6855797 ,totalBytes:31980184223
08-08 20:11:54.568  1416 10610 I WifiHAL : event received NL80211_CMD_VENDOR, vendor_id = 0x1374, subcmd = 0xd
08-08 20:11:54.568  2259  2259 I cnss-daemon: nl80211 response handler invoked
08-08 20:11:54.569  2259  2259 I cnss-daemon: nl80211_response_handler: cmd 103, vendorID 4980, subcmd 13  received
08-08 20:11:54.746   896   896 E lowmemorykiller: device memory 232264 free 16554 file 220545
08-08 20:11:54.814  1479  1567 D BatteryChargeControl: bcc get no support from charging protocol
08-08 20:11:54.931  3979  4446 D CommonApp-741-10495: transport layer data is invalid
08-08 20:11:55.045  1479  5654 D charge_time: type=cdp/dcp,reserve_soc=1,soc=61,ui_soc=62,current=1238,avg=1194,not_chg_cnt=0,stable_cnt=7,fcc=4423,fcc_ratio=92,delta=90,debug=0,region=12,ttf=5188(01:26:28),ui_ttf=5035(01:23:55)
08-08 20:11:55.201  1479  1479 D vendor.oplus.hardware.charger-V6-service: get_ui_charge_icon_type 0 0 0 0 0
08-08 20:11:55.203  1479  1479 D vendor.oplus.hardware.charger-V6-service: oplus_chg_get_cpa_power 7500 charge_online 1 retention_topic 0
08-08 20:11:55.204  1479  1479 D vendor.oplus.hardware.charger-V6-service: oplus_chg_get_cpa_power 7500 charge_online 1 retention_topic 0
08-08 20:11:55.204  1479  1479 D vendor.oplus.hardware.charger-V6-service: getIsSingleHyperSupport=2, cpa_power=7
08-08 20:11:55.205  1479  1479 E vendor.oplus.hardware.charger-V6-service: Failed to open the file: /sys/class/oplus_chg/common/plc. Error 2: No such file or directory
08-08 20:11:55.212  3680  3680 I SystemUi--Statusbar: BatteryControllerExt-->updateBatteryChangeIntent():broadcast=android.intent.action.BATTERY_CHANGED,level=62,scale=100
08-08 20:11:55.213  3680  3680 I SystemUi--Statusbar: BatteryRepository-->level: 62 -- isSavingMode: false
08-08 20:11:55.222  4047  4047 D SubsysBroadcastManager: onReceive action:android.intent.action.BATTERY_CHANGED
08-08 20:11:55.223  1479  1479 D vendor.oplus.hardware.charger-V6-service: get_ui_charge_icon_type 0 0 0 0 0
08-08 20:11:55.225  1479  1479 D vendor.oplus.hardware.charger-V6-service: oplus_chg_get_cpa_power 7500 charge_online 1 retention_topic 0
08-08 20:11:55.225  1479  1479 D vendor.oplus.hardware.charger-V6-service: oplus_chg_get_cpa_power 7500 charge_online 1 retention_topic 0
08-08 20:11:55.226  1479  1479 D vendor.oplus.hardware.charger-V6-service: getIsSingleHyperSupport=2, cpa_power=7
08-08 20:11:55.226 28909 28909 D DeviceStatisticsService: onReceive: action= android.intent.action.BATTERY_CHANGED
08-08 20:11:55.227  1479  1479 E vendor.oplus.hardware.charger-V6-service: Failed to open the file: /sys/class/oplus_chg/common/plc. Error 2: No such file or directory
08-08 20:11:55.230  3009  3134 D OplusDisplayBrightnessBroadcastReceiver: onReceive action = android.intent.action.BATTERY_CHANGED , listeners = [com.android.server.display.OplusFeatureHDREnhanceBrightness$PhoneInfoReceiver@1d811b8, com.android.server.display.OplusFeatureEdrEnhanceBrightness$PhoneInfoReceiver@ab5cb91]
08-08 20:11:55.231 31047 31047 D CustomLogManagerService: onReceive android.intent.action.BATTERY_CHANGED
08-08 20:11:55.233  6966  7029 E Battery : a: getAISleepDuration: predictResult is null.
08-08 20:11:55.234  6966  7029 E Battery : ChargeProtectionUtils: mCanlendarTmp.isEmpty()!
08-08 20:11:55.649  3979  4446 D CommonApp-741-10495: DefaultState EVENT_SCENARIOS_CHANGE
08-08 20:11:55.649  3979  4446 D CommonApp-741-10495: scene=COMMON pn=com.hypernova.phone
08-08 20:11:55.744  1299 10375 E TetherController: property_get sys.radio.data.modem_share_flag return 0, 1!
08-08 20:11:55.816  1479  1567 D BatteryChargeControl: bcc get no support from charging protocol
08-08 20:11:55.954  3979  4446 D CommonApp-741-10495: transport layer data is invalid
08-08 20:11:56.054  1479  5654 D charge_time: type=cdp/dcp,reserve_soc=1,soc=61,ui_soc=62,current=1254,avg=1263,not_chg_cnt=0,stable_cnt=7,fcc=4423,fcc_ratio=92,delta=91,debug=0,region=12,ttf=4964(01:22:44),ui_ttf=5034(01:23:54)
08-08 20:11:56.483  3009  3442 D WifiStaIfaceHidlImpl: getCachedScanData is not implemented by HIDL
08-08 20:11:56.497  4047  4047 D VendorWifiService: onEvent event:9,action:1
08-08 20:11:56.500  3009  3545 D OplusWifiPower_TriggerCenter: mComponentCallback: wifistat
08-08 20:11:56.575  1416 10610 I WifiHAL : event received NL80211_CMD_VENDOR, vendor_id = 0x1374, subcmd = 0xd
08-08 20:11:56.577  2259  2259 I cnss-daemon: nl80211 response handler invoked
08-08 20:11:56.577  2259  2259 I cnss-daemon: nl80211_response_handler: cmd 103, vendorID 4980, subcmd 13  received
08-08 20:11:56.766  1299 10375 E TetherController: property_get sys.radio.data.modem_share_flag return 0, 1!
08-08 20:11:56.817  1479  1567 D BatteryChargeControl: bcc get no support from charging protocol
08-08 20:11:56.925   970   981 E android.system.suspend-service: Error opening event_count for wakeup28: Permission denied
08-08 20:11:56.925   970   981 E android.system.suspend-service: Error opening max_time_ms for wakeup28: Permission denied
08-08 20:11:56.925   970   981 E android.system.suspend-service: Error opening wakeup_count for wakeup28: Permission denied
08-08 20:11:56.926   970   981 E android.system.suspend-service: Error opening total_time_ms for wakeup28: Permission denied
08-08 20:11:56.926   970   981 E android.system.suspend-service: Error opening expire_count for wakeup28: Permission denied
08-08 20:11:56.926   970   981 E android.system.suspend-service: Error opening active_count for wakeup28: Permission denied
08-08 20:11:56.926   970   981 E android.system.suspend-service: Error opening last_change_ms for wakeup28: Permission denied
08-08 20:11:56.926   970   981 E android.system.suspend-service: Error opening prevent_suspend_time_ms for wakeup28: Permission denied
08-08 20:11:56.926   970   981 E android.system.suspend-service: Error opening name for wakeup28: Permission denied
08-08 20:11:56.926   970   981 E android.system.suspend-service: Error opening active_time_ms for wakeup28: Permission denied
08-08 20:11:56.962   970   981 E android.system.suspend-service: Error opening event_count for wakeup30: Permission denied
08-08 20:11:56.962   970   981 E android.system.suspend-service: Error opening max_time_ms for wakeup30: Permission denied
08-08 20:11:56.962   970   981 E android.system.suspend-service: Error opening wakeup_count for wakeup30: Permission denied
08-08 20:11:56.963   970   981 E android.system.suspend-service: Error opening total_time_ms for wakeup30: Permission denied
08-08 20:11:56.963   970   981 E android.system.suspend-service: Error opening expire_count for wakeup30: Permission denied
08-08 20:11:56.963   970   981 E android.system.suspend-service: Error opening active_count for wakeup30: Permission denied
08-08 20:11:56.963   970   981 E android.system.suspend-service: Error opening last_change_ms for wakeup30: Permission denied
08-08 20:11:56.963   970   981 E android.system.suspend-service: Error opening prevent_suspend_time_ms for wakeup30: Permission denied
08-08 20:11:56.963   970   981 E android.system.suspend-service: Error opening name for wakeup30: Permission denied
08-08 20:11:56.963   970   981 E android.system.suspend-service: Error opening active_time_ms for wakeup30: Permission denied
08-08 20:11:56.970   970   981 E android.system.suspend-service: Error opening event_count for wakeup29: Permission denied
08-08 20:11:56.970   970   981 E android.system.suspend-service: Error opening max_time_ms for wakeup29: Permission denied
08-08 20:11:56.970   970   981 E android.system.suspend-service: Error opening wakeup_count for wakeup29: Permission denied
08-08 20:11:56.970   970   981 E android.system.suspend-service: Error opening total_time_ms for wakeup29: Permission denied
08-08 20:11:56.970   970   981 E android.system.suspend-service: Error opening expire_count for wakeup29: Permission denied
08-08 20:11:56.970   970   981 E android.system.suspend-service: Error opening active_count for wakeup29: Permission denied
08-08 20:11:56.971   970   981 E android.system.suspend-service: Error opening last_change_ms for wakeup29: Permission denied
08-08 20:11:56.971   970   981 E android.system.suspend-service: Error opening prevent_suspend_time_ms for wakeup29: Permission denied
08-08 20:11:56.971   970   981 E android.system.suspend-service: Error opening name for wakeup29: Permission denied
08-08 20:11:56.971   970   981 E android.system.suspend-service: Error opening active_time_ms for wakeup29: Permission denied
08-08 20:11:56.978  3979  4446 D CommonApp-741-10495: transport layer data is invalid
08-08 20:11:56.989   970   981 E android.system.suspend-service: Error opening event_count for wakeup13: Permission denied
08-08 20:11:56.989   970   981 E android.system.suspend-service: Error opening max_time_ms for wakeup13: Permission denied
08-08 20:11:56.989   970   981 E android.system.suspend-service: Error opening wakeup_count for wakeup13: Permission denied
08-08 20:11:56.989   970   981 E android.system.suspend-service: Error opening total_time_ms for wakeup13: Permission denied
08-08 20:11:56.989   970   981 E android.system.suspend-service: Error opening expire_count for wakeup13: Permission denied
08-08 20:11:56.989   970   981 E android.system.suspend-service: Error opening active_count for wakeup13: Permission denied
08-08 20:11:56.989   970   981 E android.system.suspend-service: Error opening last_change_ms for wakeup13: Permission denied
08-08 20:11:56.989   970   981 E android.system.suspend-service: Error opening prevent_suspend_time_ms for wakeup13: Permission denied
08-08 20:11:56.989   970   981 E android.system.suspend-service: Error opening name for wakeup13: Permission denied
08-08 20:11:56.989   970   981 E android.system.suspend-service: Error opening active_time_ms for wakeup13: Permission denied
08-08 20:11:56.991   970   981 I android.system.suspend-service: System run for more than ten minutes, there are the wakelocks:
08-08 20:11:56.991   970   981 I android.system.suspend-service: WakeLockInfo{name:PowerManager.SuspendLockout, totalTime:291194573, isActive:1, activeTime:2400124, isKernelWakelock:0, pid:3009}
08-08 20:11:56.991   970   981 I android.system.suspend-service: WakeLockInfo{name:PowerManagerService.Display, totalTime:303319267, isActive:1, activeTime:2400198, isKernelWakelock:0, pid:3009}
08-08 20:11:56.991   970   981 I android.system.suspend-service: WakeLockInfo{name:split chg wakelock, totalTime:97770427, isActive:1, activeTime:2400522, isKernelWakelock:1, pid:-1}
08-08 20:11:56.991   970   981 I android.system.suspend-service: WakeLockInfo{name:4e00000.ssusb, totalTime:21908906, isActive:1, activeTime:2399776, isKernelWakelock:1, pid:-1}
08-08 20:11:56.991   970   981 I android.system.suspend-service: WakeLockInfo{name:battery suspend wakelock, totalTime:97800598, isActive:1, activeTime:2400568, isKernelWakelock:1, pid:-1}
08-08 20:11:57.050  1479  1479 D vendor.oplus.hardware.charger-V6-service: get_ui_charge_icon_type 0 0 0 0 0
08-08 20:11:57.052  1479  1479 D vendor.oplus.hardware.charger-V6-service: oplus_chg_get_cpa_power 7500 charge_online 1 retention_topic 0
08-08 20:11:57.053  1479  1479 D vendor.oplus.hardware.charger-V6-service: oplus_chg_get_cpa_power 7500 charge_online 1 retention_topic 0
08-08 20:11:57.054  1479  1479 D vendor.oplus.hardware.charger-V6-service: getIsSingleHyperSupport=2, cpa_power=7
08-08 20:11:57.054  1479  1479 E vendor.oplus.hardware.charger-V6-service: Failed to open the file: /sys/class/oplus_chg/common/plc. Error 2: No such file or directory
08-08 20:11:57.057  1479  5654 D charge_time: type=cdp/dcp,reserve_soc=1,soc=61,ui_soc=62,current=1307,avg=1274,not_chg_cnt=0,stable_cnt=7,fcc=4423,fcc_ratio=92,delta=92,debug=0,region=12,ttf=4930(01:22:10),ui_ttf=5033(01:23:53)
08-08 20:11:57.066  1479  1479 D vendor.oplus.hardware.charger-V6-service: get_ui_charge_icon_type 0 0 0 0 0
08-08 20:11:57.068  1479  1479 D vendor.oplus.hardware.charger-V6-service: oplus_chg_get_cpa_power 7500 charge_online 1 retention_topic 0
08-08 20:11:57.069  1479  1479 D vendor.oplus.hardware.charger-V6-service: oplus_chg_get_cpa_power 7500 charge_online 1 retention_topic 0
08-08 20:11:57.069  1479  1479 D vendor.oplus.hardware.charger-V6-service: getIsSingleHyperSupport=2, cpa_power=7
08-08 20:11:57.070  1479  1479 E vendor.oplus.hardware.charger-V6-service: Failed to open the file: /sys/class/oplus_chg/common/plc. Error 2: No such file or directory
08-08 20:11:57.234 31047  3500 D CustomLogManagerService: WorkHandler msg.what :5
08-08 20:11:57.251 31047  3500 D CustomLogManagerService: curTemp:335 limit:390
08-08 20:11:57.252 31047  3500 D CustomLogManagerService: checkUploadStatus: isSceenOn=true activeNetType=1 isCharging=true isUploading:false temperatureLimit:false
08-08 20:11:57.254 31047  3500 D CustomLogManagerService: sys.log.customer=false
08-08 20:11:57.254 31047  3500 D CustomLogManagerService: isHaveCustomLogCollecting :false
08-08 20:11:57.387  5377  5412 E horae   : Entering notifyCallback, binder clients size 8
08-08 20:11:57.414  5387  5461 W oiface  : transact to remote binder failed(-32)
08-08 20:11:57.415  5387  5461 W oiface  : report thermal status to p:22892 error!
08-08 20:11:57.418  5387  5461 W oiface  : report thermal status to p:22892 error, not avaiable and erase its callback
08-08 20:11:57.420  3935  5284 D HoraeHelper: mIThermalStatusListener info is:4
08-08 20:11:57.422  3009  4718 D HoraeHelper: mIThermalStatusListener info is:4
08-08 20:11:57.423  3009  4718 D HoraeHelper: mIThermalStatusListener info is:4
08-08 20:11:57.424  3009  4718 D HoraeHelper: mIThermalStatusListener info is:4
08-08 20:11:57.426  5345 29479 D HoraeHelper: mIThermalStatusListener info is:4
08-08 20:11:57.426  5345  5345 D OplusAtlasDecreaseVolumeforTemp:  LEVEL 4
08-08 20:11:57.435  3979  4446 D Acc-OplusLinkBoostCommon: notifyThermalBroadCast level = 4 temp = 352,lastTemp: 341
08-08 20:11:57.454  6966  7020 W Battery : ThermalControlUtils: setHighTempSafetyState same.
08-08 20:11:57.456  6966  7020 E Battery : Thermal.HeatSourceController: heat source string is null or empty
08-08 20:11:57.457  6966  7020 W Battery : ThermalControllHandler: MSG_THERMAL_CONTROL_TEMPGEAR_CHANGED,tempLevel=[4],mTemp=35, heatSourceMap={}
08-08 20:11:57.462  6966  7020 I DeepThinkerSDK: [APP] ClientConnection: getDeepThinkerBridge start
08-08 20:11:57.481  3009  4718 W ActivityManager: Unable to start service Intent { act=deepthinker.intent.action.BIND_INTERFACE_SERVER pkg=com.oplus.deepthinker mCallingUid=1000 } U=0: not found
08-08 20:11:57.482  6966  7014 W DeepThinkerSDK: [APP] ClientConnection: tryConnect: Bind Algorithm Service Failed!
08-08 20:11:57.483  6966  7020 I DeepThinkerSDK: [APP] ClientConnection: tryConnect: end. On Async Thread, connect timeout.
08-08 20:11:57.483  6966  7020 I DeepThinkerSDK: [APP] ClientConnection: getDeepThinkerBridge end
08-08 20:11:57.483  6966  7020 W DeepThinkerSDK: [APP] ServiceHolder: getRemote: call default!
08-08 20:11:57.485  6966  7020 W Battery : ThermalControllerCenter: mSafetyState=10000,  mSafetyTestConfigList=01111,10111,11011,11101,11110,00111,01011,01101,01110,10011,10101,10110,11001,11010,11100,11111,10100
08-08 20:11:57.489  6966  7020 W Battery : ThermalControllHandler: tempLevel=[4],userMode=2,gameUserMode=-1,appType=0,envTempType=0,appStates=[],appSwitchSafetyMode=false,split=[],float=[],full=[com.hypernova.phone], tempGear=[4],configItemName=common_config
08-08 20:11:57.490  6966  7020 E Battery : ThermalControlConfig: HeatSourceLevel featureConfig is null
08-08 20:11:57.492  6966  7020 W Battery : ThermalControllerCenter: Same as last cpu policy, gpu policy and thermalSerious
08-08 20:11:57.790  1299 10375 E TetherController: property_get sys.radio.data.modem_share_flag return 0, 1!
08-08 20:11:57.818  1479  1567 D BatteryChargeControl: bcc get no support from charging protocol
08-08 20:11:58.001  3979  4446 D CommonApp-741-10495: transport layer data is invalid
08-08 20:11:58.061  1479  5654 D charge_time: type=cdp/dcp,reserve_soc=1,soc=61,ui_soc=62,current=1307,avg=1285,not_chg_cnt=0,stable_cnt=7,fcc=4423,fcc_ratio=92,delta=93,debug=0,region=12,ttf=4897(01:21:37),ui_ttf=5032(01:23:52)
08-08 20:11:58.485  3680  3680 D OplusPrivacyDotViewController: scheduleUpdate: 
08-08 20:11:58.487  3680  4249 D OplusPrivacyDotViewController: processNextViewState: 
08-08 20:11:58.488  3680  4249 D OplusPrivacyDotViewController: resolveState ViewState(systemPrivacyEventIsActive=false, shadeExpanded=false, needShow=true, rtl=false, rotation=0, height=7, x=10, y=38, cornerIndex=1, designatedCorner=android.widget.FrameLayout{61911bc G.E...... ......I. 0,0-7,7 #7f0a05b9 app:id/icons_container alpha=0.0 viewInfo = }, contentDescription=null, chipAnimationStart=false, preDraw=false) shouldShowDot false
08-08 20:11:58.489  3680  4249 W SystemUi--Common: OplusSysUiSchedMgr-->schedForPrivacyIconShowing not showing, no need release
08-08 20:11:58.534  3680  3902 I SystemUi--Statusbar: OplusNetworkSpeedControllExImpl-->updateNetworkSpeed: isConnected:true,isSwitchOn:true
08-08 20:11:58.569  3680  3902 I SystemUi--Statusbar: OplusNetworkSpeedControllExImpl-->getTotalByte: totalRxBytes:29285914294,totalTxBytes:2707982363,loopbackTxBytes:6855797,loopbackRxBytes:6855797 ,totalBytes:31980185063
08-08 20:11:58.579  1416 10610 I WifiHAL : event received NL80211_CMD_VENDOR, vendor_id = 0x1374, subcmd = 0xd
08-08 20:11:58.579  2259  2259 I cnss-daemon: nl80211 response handler invoked
08-08 20:11:58.580  2259  2259 I cnss-daemon: nl80211_response_handler: cmd 103, vendorID 4980, subcmd 13  received
08-08 20:11:58.726 22186 22186 I adbd    : adbd service requested 'shell,v2,TERM=xterm-256color,raw:for i in 6 7 8 9 10; do input tap 610 1542; input tap 95 1542; input tap 610 1542; input tap 450 1542; input tap 610 1542; input tap 270 1542; input tap 610 1542; input tap 95 1542; done; echo batch-two-complete'
08-08 20:11:58.803  1299 10375 E TetherController: property_get sys.radio.data.modem_share_flag return 0, 1!
08-08 20:11:58.819  1479  1567 D BatteryChargeControl: bcc get no support from charging protocol
08-08 20:11:58.831  3009  4718 I InputDispatcher: injectInputEvent: targetUid=<not set>, syncMode=WAIT_FOR_FINISHED, timeout=30000ms, policyFlags=0x8000000, event=MotionEvent { action=DOWN, id[0]=0, x[0]=610, y[0]=1542, eventTime=542914650000000, downTime=542914650000000, deviceId=4, source=TOUCHSCREEN, displayId=0, eventId=0xdf555e14}
08-08 20:11:58.832  3009  4718 E InputDispatcher: Inconsistent event: MotionEvent { action=DOWN, id[0]=0, x[0]=610, y[0]=1542, eventTime=542914650000000, downTime=542914650000000, deviceId=4, source=TOUCHSCREEN, displayId=0, eventId=0xdf555e14}, reason: Injection on 0: Invalid DOWN event - pointers already down for device DeviceId(-1): {DeviceId(-1): {1, 0}}
08-08 20:11:58.834  1598  1854 D VRR [OTI]: handleIdle from 1 to 0
08-08 20:11:58.834  1598  1854 D VRR [OTI-HW]: isStateReady 0
08-08 20:11:58.834  1598  1854 D VRR [OTI-HW]: rate range: min {id=1, hwcId=1, resolution=720x1604, vsyncRate=60.00 Hz, dpi=265.04x262.85, group=0, vrrConfig=N/A} cur {id=1, hwcId=1, resolution=720x1604, vsyncRate=60.00 Hz, dpi=265.04x262.85, group=0, vrrConfig=N/A} max {id=1, hwcId=1, resolution=720x1604, vsyncRate=60.00 Hz, dpi=265.04x262.85, group=0, vrrConfig=N/A}
08-08 20:11:58.834  1598  1854 D VRR [OTI-HW]: keep rate.
08-08 20:11:58.834  4088  4088 D AnimSeqTimeStamp: getTimeGapToLastStartAppTime: 542914653
08-08 20:11:58.834  3680  4525 I SystemUi--NavBar: NoBackGesture-->display_id_0 Start gesture: MotionEvent { action=ACTION_DOWN, actionButton=0, id[0]=0, x[0]=610.0, y[0]=1542.0, toolType[0]=TOOL_TYPE_FINGER, buttonState=0, classification=NONE, metaState=0, flags=0x0, edgeFlags=0x0, pointerCount=1, historySize=0, eventTime=542914650, downTime=542914650, deviceId=-1, source=0x1002, displayId=0, eventId=-548053484 }
08-08 20:11:58.834  3680  4525 I SystemUi--NavBar: NoBackGesture-->display_id_0 Not in side gesture area
08-08 20:11:58.835  4088  4088 I OplusBaseTouchInteractionService: onInputEvent(), ACTION_DOWN, Consumer=TYPE_NO_OP
08-08 20:11:58.835  3009  3566 D OGG_Detector: D:done mCurrStatus: 0
08-08 20:11:58.835 28665 28665 V AutofillManager: requestHideFillUi(null): anchor = null
08-08 20:11:58.835  3009  3719 I [UAH_CLIENT]: UahEventAcquire, cmdid:37, pkg:none, identity:OplusUAwareInputHelper
08-08 20:11:58.837  3009  3719 D UAH-UahAdaptHelper: adaptSetNotification identity = OplusUAwareInputHelpersrc = 1000 , type 0 ,p1 = -1 ,p2 = -1 ,p3 = -1 ,p4 =
08-08 20:11:58.837  3009  3719 I [UAH_CLIENT]: uahRuleCtl, ruleId:1000, status:0
08-08 20:11:58.837  3009  4718 I InputDispatcher: injectInputEvent: targetUid=<not set>, syncMode=WAIT_FOR_FINISHED, timeout=30000ms, policyFlags=0x8000000, event=MotionEvent { action=UP, id[0]=0, x[0]=610, y[0]=1542, eventTime=542914650000000, downTime=542914650000000, deviceId=4, source=TOUCHSCREEN, displayId=0, eventId=0xd334c375}
08-08 20:11:58.839  3009  3127 D PowerManagerService: userActivityNoUpdateLocked: groupId=0, eventTime=542914650, event=touch, flags=0x0, uid=1000
08-08 20:11:58.841  3009  4718 E InputDispatcher: Inconsistent event: MotionEvent { action=UP, id[0]=0, x[0]=610, y[0]=1542, eventTime=542914650000000, downTime=542914650000000, deviceId=4, source=TOUCHSCREEN, displayId=0, eventId=0xd334c375}, reason: Injection on 0: Got ACTION_UP, but we have pointers: {1, 0} for device DeviceId(-1)
08-08 20:11:58.843  3009  3719 D UAH-UahAdaptHelper: adaptSetNotification identity = OplusUAwareInputHelpersrc = 1000 , type 1 ,p1 = -1 ,p2 = -1 ,p3 = -1 ,p4 =
08-08 20:11:58.843  3009  3719 I [UAH_CLIENT]: uahRuleCtl, ruleId:1000, status:1
08-08 20:11:58.843  4088  4088 D AnimSeqTimeStamp: getTimeGapToLastStartAppTime: 542914662
08-08 20:11:58.843 28665 28665 D ViewRootImplExtImpl: the up motion event handled by client, just return
08-08 20:11:58.859 28665 28665 I oplus.android.OplusFrameworkFactoryImpl: get feature:IOplusDynamicVsyncFeature
08-08 20:11:58.859 28665 28665 I oplus.android.OplusFrameworkFactoryImpl: get feature:IOplusDynamicVsyncFeature
08-08 20:11:58.859 28665 28665 I oplus.android.OplusFrameworkFactoryImpl: get feature:IOplusDynamicVsyncFeature
08-08 20:11:58.882  1479  1562 D vendor.oplus.hardware.charger-V6-service: ret_value:160, read content:,335,349,4126,4136,-1307,1500,2200,61,62,1,6,1425,4563,62,1,0,1,1,0,0,4470,0,6,0,6,0,0,0,-2740,0,1,1,0,0,41,41,41,0,0,0,0,0,0,0,0,0,0,4,0,1,0,100,0,0,0,0,0,0,0
08-08 20:11:58.882  1479  1562 D vendor.oplus.hardware.charger-V6-service: gmtime: 2026-08-08-20-11-58
08-08 20:11:58.883  1479  1562 D vendor.oplus.hardware.charger-V6-service: usb_online:1, ac_online:0, wireless_online:-2147483648
08-08 20:11:58.908  3009  4718 I InputDispatcher: injectInputEvent: targetUid=<not set>, syncMode=WAIT_FOR_FINISHED, timeout=30000ms, policyFlags=0x8000000, event=MotionEvent { action=DOWN, id[0]=0, x[0]=95, y[0]=1542, eventTime=542914727000000, downTime=542914727000000, deviceId=4, source=TOUCHSCREEN, displayId=0, eventId=0xd0a49be2}
08-08 20:11:58.909  3009  4718 E InputDispatcher: Inconsistent event: MotionEvent { action=DOWN, id[0]=0, x[0]=95, y[0]=1542, eventTime=542914727000000, downTime=542914727000000, deviceId=4, source=TOUCHSCREEN, displayId=0, eventId=0xd0a49be2}, reason: Injection on 0: Invalid DOWN event - pointers already down for device DeviceId(-1): {DeviceId(-1): {1, 0}}
08-08 20:11:58.911  4088  4088 D AnimSeqTimeStamp: getTimeGapToLastStartAppTime: 542914730
08-08 20:11:58.911  3009  3566 D OGG_Detector: D:done mCurrStatus: 0
08-08 20:11:58.911  3680  4525 I SystemUi--NavBar: NoBackGesture-->display_id_0 Start gesture: MotionEvent { action=ACTION_DOWN, actionButton=0, id[0]=0, x[0]=95.0, y[0]=1542.0, toolType[0]=TOOL_TYPE_FINGER, buttonState=0, classification=NONE, metaState=0, flags=0x0, edgeFlags=0x0, pointerCount=1, historySize=0, eventTime=542914727, downTime=542914727, deviceId=-1, source=0x1002, displayId=0, eventId=-794518558 }
08-08 20:11:58.912  3680  4525 I SystemUi--NavBar: NoBackGesture-->display_id_0 Not in side gesture area
08-08 20:11:58.913  3009  3719 I [UAH_CLIENT]: UahEventAcquire, cmdid:37, pkg:none, identity:OplusUAwareInputHelper
08-08 20:11:58.913  4088  4088 I OplusBaseTouchInteractionService: onInputEvent(), ACTION_DOWN, Consumer=TYPE_NO_OP
08-08 20:11:58.914  3009  3719 D UAH-UahAdaptHelper: adaptSetNotification identity = OplusUAwareInputHelpersrc = 1000 , type 0 ,p1 = -1 ,p2 = -1 ,p3 = -1 ,p4 =
08-08 20:11:58.915  3009  3719 I [UAH_CLIENT]: uahRuleCtl, ruleId:1000, status:0
08-08 20:11:59.026  3979  4446 D CommonApp-741-10495: transport layer data is invalid
08-08 20:11:59.068  1479  5654 D charge_time: write 5031s(01:23:51) to ttf, rc=6
08-08 20:11:59.068  1479  5654 D charge_time: type=cdp/dcp,reserve_soc=1,soc=61,ui_soc=62,current=1275,avg=1276,not_chg_cnt=0,stable_cnt=7,fcc=4423,fcc_ratio=92,delta=94,debug=0,region=12,ttf=4922(01:22:02),ui_ttf=5031(01:23:51)
08-08 20:11:59.227 28665 28665 V AutofillManager: requestHideFillUi(null): anchor = null
08-08 20:11:59.229  3009  4718 I InputDispatcher: injectInputEvent: targetUid=<not set>, syncMode=WAIT_FOR_FINISHED, timeout=30000ms, policyFlags=0x8000000, event=MotionEvent { action=UP, id[0]=0, x[0]=95, y[0]=1542, eventTime=542914727000000, downTime=542914727000000, deviceId=4, source=TOUCHSCREEN, displayId=0, eventId=0xfdd10112}
08-08 20:11:59.245  3009  4718 E InputDispatcher: Inconsistent event: MotionEvent { action=UP, id[0]=0, x[0]=95, y[0]=1542, eventTime=542914727000000, downTime=542914727000000, deviceId=4, source=TOUCHSCREEN, displayId=0, eventId=0xfdd10112}, reason: Injection on 0: Got ACTION_UP, but we have pointers: {1, 0} for device DeviceId(-1)
08-08 20:11:59.249  4088  4088 D AnimSeqTimeStamp: getTimeGapToLastStartAppTime: 542915068
08-08 20:11:59.251  3009  3719 D UAH-UahAdaptHelper: adaptSetNotification identity = OplusUAwareInputHelpersrc = 1000 , type 1 ,p1 = -1 ,p2 = -1 ,p3 = -1 ,p4 =
08-08 20:11:59.251  3009  3719 I [UAH_CLIENT]: uahRuleCtl, ruleId:1000, status:1
08-08 20:11:59.466 28665 28665 D ViewRootImplExtImpl: the up motion event handled by client, just return
08-08 20:11:59.469  3009  3096 I ActivityManager: Test idle failed due to 47d9d 30037:com.instagram.android/u0a488 not runnable because EMPTY
08-08 20:11:59.477 28665 28665 I oplus.android.OplusFrameworkFactoryImpl: get feature:IOplusDynamicVsyncFeature
08-08 20:11:59.477 28665 28665 I oplus.android.OplusFrameworkFactoryImpl: get feature:IOplusDynamicVsyncFeature
08-08 20:11:59.477 28665 28665 I oplus.android.OplusFrameworkFactoryImpl: get feature:IOplusDynamicVsyncFeature
08-08 20:11:59.505  3009  3442 D WifiStaIfaceHidlImpl: getCachedScanData is not implemented by HIDL
08-08 20:11:59.513  4047  4047 D VendorWifiService: onEvent event:9,action:1
08-08 20:11:59.515  3009  3545 D OplusWifiPower_TriggerCenter: mComponentCallback: wifistat
08-08 20:11:59.531  3009  4718 I InputDispatcher: injectInputEvent: targetUid=<not set>, syncMode=WAIT_FOR_FINISHED, timeout=30000ms, policyFlags=0x8000000, event=MotionEvent { action=DOWN, id[0]=0, x[0]=610, y[0]=1542, eventTime=542915350000000, downTime=542915350000000, deviceId=4, source=TOUCHSCREEN, displayId=0, eventId=0xdd3aafb9}
08-08 20:11:59.533  3009  4718 E InputDispatcher: Inconsistent event: MotionEvent { action=DOWN, id[0]=0, x[0]=610, y[0]=1542, eventTime=542915350000000, downTime=542915350000000, deviceId=4, source=TOUCHSCREEN, displayId=0, eventId=0xdd3aafb9}, reason: Injection on 0: Invalid DOWN event - pointers already down for device DeviceId(-1): {DeviceId(-1): {1, 0}}
08-08 20:11:59.535  4088  4088 D AnimSeqTimeStamp: getTimeGapToLastStartAppTime: 542915354
08-08 20:11:59.535  3680  4525 I SystemUi--NavBar: NoBackGesture-->display_id_0 Start gesture: MotionEvent { action=ACTION_DOWN, actionButton=0, id[0]=0, x[0]=610.0, y[0]=1542.0, toolType[0]=TOOL_TYPE_FINGER, buttonState=0, classification=NONE, metaState=0, flags=0x0, edgeFlags=0x0, pointerCount=1, historySize=0, eventTime=542915350, downTime=542915350, deviceId=-1, source=0x1002, displayId=0, eventId=-583356487 }
08-08 20:11:59.535  3680  4525 I SystemUi--NavBar: NoBackGesture-->display_id_0 Not in side gesture area
08-08 20:11:59.535  4088  4088 I OplusBaseTouchInteractionService: onInputEvent(), ACTION_DOWN, Consumer=TYPE_NO_OP
08-08 20:11:59.535  3009  3127 D PowerManagerService: userActivityNoUpdateLocked: groupId=0, eventTime=542915350, event=touch, flags=0x0, uid=1000
08-08 20:11:59.536  3009  3719 I [UAH_CLIENT]: UahEventAcquire, cmdid:37, pkg:none, identity:OplusUAwareInputHelper
08-08 20:11:59.536  3009  3566 D OGG_Detector: D:done mCurrStatus: 0
08-08 20:11:59.537  3009  3719 D UAH-UahAdaptHelper: adaptSetNotification identity = OplusUAwareInputHelpersrc = 1000 , type 0 ,p1 = -1 ,p2 = -1 ,p3 = -1 ,p4 =
08-08 20:11:59.538  3009  3719 I [UAH_CLIENT]: uahRuleCtl, ruleId:1000, status:0
08-08 20:11:59.538 28665 28665 V AutofillManager: requestHideFillUi(null): anchor = null
08-08 20:11:59.539  3009  4718 I InputDispatcher: injectInputEvent: targetUid=<not set>, syncMode=WAIT_FOR_FINISHED, timeout=30000ms, policyFlags=0x8000000, event=MotionEvent { action=UP, id[0]=0, x[0]=610, y[0]=1542, eventTime=542915350000000, downTime=542915350000000, deviceId=4, source=TOUCHSCREEN, displayId=0, eventId=0xd9ddc2b6}
08-08 20:11:59.544  3009  4718 E InputDispatcher: Inconsistent event: MotionEvent { action=UP, id[0]=0, x[0]=610, y[0]=1542, eventTime=542915350000000, downTime=542915350000000, deviceId=4, source=TOUCHSCREEN, displayId=0, eventId=0xd9ddc2b6}, reason: Injection on 0: Got ACTION_UP, but we have pointers: {1, 0} for device DeviceId(-1)
08-08 20:11:59.546 28665 28665 D ViewRootImplExtImpl: the up motion event handled by client, just return
08-08 20:11:59.546  4088  4088 D AnimSeqTimeStamp: getTimeGapToLastStartAppTime: 542915365
08-08 20:11:59.546  3009  3719 D UAH-UahAdaptHelper: adaptSetNotification identity = OplusUAwareInputHelpersrc = 1000 , type 1 ,p1 = -1 ,p2 = -1 ,p3 = -1 ,p4 =
08-08 20:11:59.546  3009  3719 I [UAH_CLIENT]: uahRuleCtl, ruleId:1000, status:1
08-08 20:11:59.551 28665 28665 I oplus.android.OplusFrameworkFactoryImpl: get feature:IOplusDynamicVsyncFeature
08-08 20:11:59.551 28665 28665 I oplus.android.OplusFrameworkFactoryImpl: get feature:IOplusDynamicVsyncFeature
08-08 20:11:59.551 28665 28665 I oplus.android.OplusFrameworkFactoryImpl: get feature:IOplusDynamicVsyncFeature
08-08 20:11:59.607  3009  4718 I InputDispatcher: injectInputEvent: targetUid=<not set>, syncMode=WAIT_FOR_FINISHED, timeout=30000ms, policyFlags=0x8000000, event=MotionEvent { action=DOWN, id[0]=0, x[0]=450, y[0]=1542, eventTime=542915426000000, downTime=542915426000000, deviceId=4, source=TOUCHSCREEN, displayId=0, eventId=0xe207974d}
08-08 20:11:59.609  3009  4718 E InputDispatcher: Inconsistent event: MotionEvent { action=DOWN, id[0]=0, x[0]=450, y[0]=1542, eventTime=542915426000000, downTime=542915426000000, deviceId=4, source=TOUCHSCREEN, displayId=0, eventId=0xe207974d}, reason: Injection on 0: Invalid DOWN event - pointers already down for device DeviceId(-1): {DeviceId(-1): {1, 0}}
08-08 20:11:59.611  4088  4088 D AnimSeqTimeStamp: getTimeGapToLastStartAppTime: 542915430
08-08 20:11:59.611  3680  4525 I SystemUi--NavBar: NoBackGesture-->display_id_0 Start gesture: MotionEvent { action=ACTION_DOWN, actionButton=0, id[0]=0, x[0]=450.0, y[0]=1542.0, toolType[0]=TOOL_TYPE_FINGER, buttonState=0, classification=NONE, metaState=0, flags=0x0, edgeFlags=0x0, pointerCount=1, historySize=0, eventTime=542915426, downTime=542915426, deviceId=-1, source=0x1002, displayId=0, eventId=-502818995 }
08-08 20:11:59.611  3680  4525 I SystemUi--NavBar: NoBackGesture-->display_id_0 Not in side gesture area
08-08 20:11:59.612  4088  4088 I OplusBaseTouchInteractionService: onInputEvent(), ACTION_DOWN, Consumer=TYPE_NO_OP
08-08 20:11:59.612  3009  3719 I [UAH_CLIENT]: UahEventAcquire, cmdid:37, pkg:none, identity:OplusUAwareInputHelper
08-08 20:11:59.613  3009  3566 D OGG_Detector: D:done mCurrStatus: 0
08-08 20:11:59.614  3009  3719 D UAH-UahAdaptHelper: adaptSetNotification identity = OplusUAwareInputHelpersrc = 1000 , type 0 ,p1 = -1 ,p2 = -1 ,p3 = -1 ,p4 =
08-08 20:11:59.614  3009  3719 I [UAH_CLIENT]: uahRuleCtl, ruleId:1000, status:0
08-08 20:11:59.638  3009  3712 I Osense-PsiDetector: 922,87,2647,4607,43,129,91,588,1184,263,589,0,4,5793
08-08 20:11:59.638  3009  3705 I Osense-BaseDecisionMaker: notifySceneToAthenaPolicy: SCENE_RES_MEM_PSI_NORMAL, bundle: Bundle[{memLevel=3}]
08-08 20:11:59.643  3009  3705 I Osense-BaseDecisionMaker: scene: SCENE_RES_MEM_PSI_NORMAL, excutingPolicy: clear
08-08 20:11:59.644  3009  3705 D Osense-BaseDecisionMaker: invoke clear policy,type: cached
08-08 20:11:59.645  3009  3710 I OsenseKillAction: KillAction: [atomic clean] start name=lowmem, requestId=122399, startAvail=922, startFreeMB=87, purposeAvailMB=1200, purposeFreeMB=-1, anonRssTarget=278, minBgCount=0, swapTarget=0, scene=SCENE_RES_MEM_PSI_NORMAL, type=cached, qb=false, cchOnly=true, urgency=false, hoggingCpuPids={}, invalid-cnt=2
08-08 20:11:59.653  3009  3710 I OsenseKillAction: KillAction: group process done, total=2ms, firstLoop=1ms, updateProcessInfo=0ms, idleList=1ms, curBg=3
08-08 20:11:59.653  3009  3710 I OsenseKillAction: scanCchEmptyProc: +++++++ start double check +++++++
08-08 20:11:59.653  3009  3710 I OsenseKillAction: scanCchEmptyProc: cch check done: killablePss=0kb, killableAnonRss=58mb, time=0ms, candidate cnt: 2
08-08 20:11:59.653  3009  3710 I OsenseKillAction: scanNonUiProc: ----------start check non ui proc-----------
08-08 20:11:59.653  3009  3710 I OsenseKillAction: scanNonUiProc: done check non ui proc: killablePss=0kb, killableAnonRss=0mb, time=0ms, collected proc num: 0
08-08 20:11:59.653  3009  3710 I OsenseKillAction: scanOomAdj: skip scan oom adj for lowmem
08-08 20:11:59.653  3009  3710 I OsenseKillAction: scanAllProc: skip scan all proc for lowmem
08-08 20:11:59.656  3009  3710 I OsenseKillAction: KillAction: Kill ProcessInfo{30520:com.facebook.system/u0a245 oom:CEM/33/905/cch-empty mem:0/24/36 extra:76s/true/false/0/3/false}: CachedClean 2ms
08-08 20:11:59.659  3009  3710 I OsenseKillAction: KillAction: Kill ProcessInfo{28601:com.android.vending/u0a105 oom:CEM/35/905/cch-empty mem:0/34/62 extra:66s/true/false/0/6/false}: CachedClean 3ms
08-08 20:11:59.659  3009  3710 I OsenseKillAction: KillAction: done execute kill, pi2app=0ms, monitor=1ms, kill=5ms, total=6ms, kill cnt=2, local cnt=2
08-08 20:11:59.659  3009  3710 I OsenseKillAction: KillAction: [atomic clean] end requestId=122399, endAvail=923mb, reclaimed: [pss=0mb, anonRss=58mb, swap=98mb, mem=58mb, Rss=285mb], timing: [total=15ms, update=1ms, readMem=4ms, group=2ms, cch=0ms, nonUi=0ms, oomadj=0ms, allProc=0ms, monitor=1ms, kill=6ms], sysinfo: [bgcount=3]
08-08 20:11:59.659  3009  3710 I OsenseKillAction: KillAction: 220mb more anonRss to reclaim, 0mb more swapMb to reclaim, <skip> mem guard, cur avail=923mb, bundle: Bundle[{appcareThreshold=0, triggerMemory=1000, qbmode=false, memLevel=3, type=cached, level=1, scene=SCENE_RES_MEM_PSI_NORMAL, requestId=122399, purposeMemory=1200}]
08-08 20:11:59.694  3009  3098 I libprocessgroup: Removed cgroup /sys/fs/cgroup/uid_10245/pid_30520
08-08 20:11:59.695  3009  5276 I ActivityManager: Death received, pid = 30520, processName = com.facebook.system for thread android.os.BinderProxy@c14a4af
08-08 20:11:59.695  1300  1300 I Zygote  : Process 30520 exited due to signal 9 (Killed)
08-08 20:11:59.695  3009  3779 I ActivityManager: Process com.facebook.system (pid 30520) has died: cch+5 CEM 
08-08 20:11:59.697  3009  3779 W OplusAppStartupConfigExt_OplusAppStartupCommonSceneStrategy: Blacklist is Empty
08-08 20:11:59.697  3009  3779 D OplusAppStartupConfigExt: RestartService prevent pkg com.facebook.system result = false
08-08 20:11:59.704  5345 29479 D OplusAtlas.OplusAtlasEventDispatch: setEvent:atlas_event_on_process_died info:pid:30520,uid:10245
08-08 20:11:59.704  3979  4433 I ProcessManager: onProcessDied pid:30520, uid:10245
08-08 20:11:59.704  3979  4433 D RunningProcessManager: genEmptyProcessInfo from pid = 30520
08-08 20:11:59.704  3979  4433 D AppSceneEventManager: handleMessage: 101
08-08 20:11:59.704  3979  4433 I DispatcherPolicy: onBaseEvent EventId=22	INPUT_PROCESS_DIED	TimeStamp =1786209119704	Intent =null	Content =null	Pid =30520	PkgName =null
08-08 20:11:59.705  3979  4433 I GamingScene: onInputEvent : INPUT_PROCESS_DIED
08-08 20:11:59.708  5345  8987 D OplusAtlas.OplusMessageHandler: handleMessage: Msg { when=0 what=1 obj=com.oplus.atlas.OplusAtlasEvent@61211cc target=com.oplus.atlas.OplusMessageHandler$MyHandler }
08-08 20:11:59.708  5345  8816 D OplusAtlas.OplusMessageHandler: handleMessage: Msg { when=0 what=1 obj=com.oplus.atlas.OplusAtlasEvent@61211cc target=com.oplus.atlas.OplusMessageHandler$MyHandler }
08-08 20:11:59.711  3009  3072 D DisplayManagerService: Drop pending events for gone uid 10245
08-08 20:11:59.747  1300  1300 I Zygote  : Process 28601 exited due to signal 9 (Killed)
08-08 20:11:59.747  3009  3098 I libprocessgroup: Removed cgroup /sys/fs/cgroup/uid_10105/pid_28601
08-08 20:11:59.749  3009  3884 I ActivityManager: Death received, pid = 28601, processName = com.android.vending for thread android.os.BinderProxy@d51a0bc
08-08 20:11:59.749  3009  3450 D ConnectivityService: releasing NetworkRequest [ REQUEST id=105147, [ Capabilities: INTERNET&NOT_RESTRICTED&TRUSTED&NOT_VCN_MANAGED&NOT_BANDWIDTH_CONSTRAINED Uid: 10105 RequestorUid: 10105 RequestorPkg: com.android.vending UnderlyingNetworks: Null] ] (release request)
08-08 20:11:59.749  3009  3781 I ActivityManager: Process com.android.vending (pid 28601) has died: cch+5 CEM 
08-08 20:11:59.751  3009  3781 W OplusAppStartupConfigExt_OplusAppStartupCommonSceneStrategy: Blacklist is Empty
08-08 20:11:59.751  3009  3781 D OplusAppStartupConfigExt: RestartService prevent pkg com.android.vending result = false
08-08 20:11:59.754  3979  4433 I ProcessManager: onProcessDied pid:28601, uid:10105
08-08 20:11:59.755  3979  4433 D AppSceneEventManager: handleMessage: 101
08-08 20:11:59.755  3979  4433 I DispatcherPolicy: onBaseEvent EventId=22	INPUT_PROCESS_DIED	TimeStamp =1786209119755	Intent =null	Content =null	Pid =28601	PkgName =com.android.vending
08-08 20:11:59.755  3979  4433 I GamingScene: onInputEvent : INPUT_PROCESS_DIED
08-08 20:11:59.755  5345 29479 D OplusAtlas.OplusAtlasEventDispatch: setEvent:atlas_event_on_process_died info:pid:28601,uid:10105
08-08 20:11:59.756  5345  8987 D OplusAtlas.OplusMessageHandler: handleMessage: Msg { when=0 what=1 obj=com.oplus.atlas.OplusAtlasEvent@6e5ec15 target=com.oplus.atlas.OplusMessageHandler$MyHandler }
08-08 20:11:59.756  5345  8816 D OplusAtlas.OplusMessageHandler: handleMessage: Msg { when=0 what=1 obj=com.oplus.atlas.OplusAtlasEvent@6e5ec15 target=com.oplus.atlas.OplusMessageHandler$MyHandler }
08-08 20:11:59.820  1479  1567 D BatteryChargeControl: bcc get no support from charging protocol
08-08 20:11:59.823  1299 10375 E TetherController: property_get sys.radio.data.modem_share_flag return 0, 1!
08-08 20:11:59.977 28665 28665 V AutofillManager: requestHideFillUi(null): anchor = null
08-08 20:11:59.978  3009  4718 I InputDispatcher: injectInputEvent: targetUid=<not set>, syncMode=WAIT_FOR_FINISHED, timeout=30000ms, policyFlags=0x8000000, event=MotionEvent { action=UP, id[0]=0, x[0]=450, y[0]=1542, eventTime=542915426000000, downTime=542915426000000, deviceId=4, source=TOUCHSCREEN, displayId=0, eventId=0xf02e005f}
08-08 20:11:59.982  3009  4718 E InputDispatcher: Inconsistent event: MotionEvent { action=UP, id[0]=0, x[0]=450, y[0]=1542, eventTime=542915426000000, downTime=542915426000000, deviceId=4, source=TOUCHSCREEN, displayId=0, eventId=0xf02e005f}, reason: Injection on 0: Got ACTION_UP, but we have pointers: {1, 0} for device DeviceId(-1)
08-08 20:11:59.984  4088  4088 D AnimSeqTimeStamp: getTimeGapToLastStartAppTime: 542915803
08-08 20:11:59.985  3009  3719 D UAH-UahAdaptHelper: adaptSetNotification identity = OplusUAwareInputHelpersrc = 1000 , type 1 ,p1 = -1 ,p2 = -1 ,p3 = -1 ,p4 =
08-08 20:11:59.985  3009  3719 I [UAH_CLIENT]: uahRuleCtl, ruleId:1000, status:1
08-08 20:12:00.000  3009  3373 V AlarmManager: sending alarm Alarm{4001b9a type 3 origWhen 895815955 whenElapsed 895815955 android} uid 1000 whenElapsed 895815955 windowLength 0 maxWhenElapsed 895815955 repeatInterval 0 action null component null tag TIME_TICK flags 0x9 procName system_server
08-08 20:12:00.005  3680  3680 I SystemUi--SystemUi--: Clock-->smallTime: 8:12
08-08 20:12:00.007  3680  3680 I SystemUi--SystemUi--: Clock-->smallTime: 8:12
08-08 20:12:00.008  4047  4047 D SubsysBroadcastManager: onReceive action:android.intent.action.TIME_TICK
08-08 20:12:00.010  3009  3134 D OplusDisplayBrightnessBroadcastReceiver: onReceive action = android.intent.action.TIME_TICK , listeners = [com.android.server.display.marvels.module.ORBrightnessMarvelsDataCollector$ScreenStateReceiver@a8c58b6]
08-08 20:12:00.012  6966  7005 D PhoneScreenOnTime: affairType:231
08-08 20:12:00.019  6966  7005 D PhoneUsageTime: affairType:231
08-08 20:12:00.049  3979  4446 D CommonApp-741-10495: transport layer data is invalid
08-08 20:12:00.071  1479  5654 D charge_time: type=cdp/dcp,reserve_soc=1,soc=61,ui_soc=62,current=1145,avg=1257,not_chg_cnt=0,stable_cnt=7,fcc=4423,fcc_ratio=92,delta=95,debug=0,region=12,ttf=4978(01:22:58),ui_ttf=5030(01:23:50)
08-08 20:12:00.197 28665 28665 D ViewRootImplExtImpl: the up motion event handled by client, just return
08-08 20:12:00.208 28665 28665 I oplus.android.OplusFrameworkFactoryImpl: get feature:IOplusDynamicVsyncFeature
08-08 20:12:00.208 28665 28665 I oplus.android.OplusFrameworkFactoryImpl: get feature:IOplusDynamicVsyncFeature
08-08 20:12:00.208 28665 28665 I oplus.android.OplusFrameworkFactoryImpl: get feature:IOplusDynamicVsyncFeature
08-08 20:12:00.265  3009  4718 I InputDispatcher: injectInputEvent: targetUid=<not set>, syncMode=WAIT_FOR_FINISHED, timeout=30000ms, policyFlags=0x8000000, event=MotionEvent { action=DOWN, id[0]=0, x[0]=610, y[0]=1542, eventTime=542916083000000, downTime=542916083000000, deviceId=4, source=TOUCHSCREEN, displayId=0, eventId=0xdbfe4817}
08-08 20:12:00.267  3009  4718 E InputDispatcher: Inconsistent event: MotionEvent { action=DOWN, id[0]=0, x[0]=610, y[0]=1542, eventTime=542916083000000, downTime=542916083000000, deviceId=4, source=TOUCHSCREEN, displayId=0, eventId=0xdbfe4817}, reason: Injection on 0: Invalid DOWN event - pointers already down for device DeviceId(-1): {DeviceId(-1): {1, 0}}
08-08 20:12:00.269  4088  4088 D AnimSeqTimeStamp: getTimeGapToLastStartAppTime: 542916087
08-08 20:12:00.269  3680  4525 I SystemUi--NavBar: NoBackGesture-->display_id_0 Start gesture: MotionEvent { action=ACTION_DOWN, actionButton=0, id[0]=0, x[0]=610.0, y[0]=1542.0, toolType[0]=TOOL_TYPE_FINGER, buttonState=0, classification=NONE, metaState=0, flags=0x0, edgeFlags=0x0, pointerCount=1, historySize=0, eventTime=542916083, downTime=542916083, deviceId=-1, source=0x1002, displayId=0, eventId=-604092393 }
08-08 20:12:00.269  4088  4088 I OplusBaseTouchInteractionService: onInputEvent(), ACTION_DOWN, Consumer=TYPE_NO_OP
08-08 20:12:00.269  3680  4525 I SystemUi--NavBar: NoBackGesture-->display_id_0 Not in side gesture area
08-08 20:12:00.269  3009  3566 D OGG_Detector: D:done mCurrStatus: 0
08-08 20:12:00.269  3009  3719 I [UAH_CLIENT]: UahEventAcquire, cmdid:37, pkg:none, identity:OplusUAwareInputHelper
08-08 20:12:00.271  3009  3719 D UAH-UahAdaptHelper: adaptSetNotification identity = OplusUAwareInputHelpersrc = 1000 , type 0 ,p1 = -1 ,p2 = -1 ,p3 = -1 ,p4 =
08-08 20:12:00.271  3009  3719 I [UAH_CLIENT]: uahRuleCtl, ruleId:1000, status:0
08-08 20:12:00.271  3009  3127 D PowerManagerService: userActivityNoUpdateLocked: groupId=0, eventTime=542916083, event=touch, flags=0x0, uid=1000
08-08 20:12:00.298  1479  1479 D vendor.oplus.hardware.charger-V6-service: get_ui_charge_icon_type 0 0 0 0 0
08-08 20:12:00.299  1479  1479 D vendor.oplus.hardware.charger-V6-service: oplus_chg_get_cpa_power 7500 charge_online 1 retention_topic 0
08-08 20:12:00.300  1479  1479 D vendor.oplus.hardware.charger-V6-service: oplus_chg_get_cpa_power 7500 charge_online 1 retention_topic 0
08-08 20:12:00.300  1479  1479 D vendor.oplus.hardware.charger-V6-service: getIsSingleHyperSupport=2, cpa_power=7
08-08 20:12:00.301  1479  1479 E vendor.oplus.hardware.charger-V6-service: Failed to open the file: /sys/class/oplus_chg/common/plc. Error 2: No such file or directory
08-08 20:12:00.310  3680  3680 I SystemUi--Statusbar: BatteryControllerExt-->updateBatteryChangeIntent():broadcast=android.intent.action.BATTERY_CHANGED,level=62,scale=100
08-08 20:12:00.311  3680  3680 I SystemUi--Statusbar: BatteryRepository-->level: 62 -- isSavingMode: false
08-08 20:12:00.312  4047  4047 D SubsysBroadcastManager: onReceive action:android.intent.action.BATTERY_CHANGED
08-08 20:12:00.315 28665 29931 I HWUI    : Davey! duration=756ms; Flags=0, FrameTimelineVsyncId=160670379, IntendedVsync=542915378632267, Vsync=542915783475907, InputEventId=-502818995, HandleInputStart=542915798634038, AnimationStart=542915798638465, PerformTraversalsStart=542915799239559, DrawStart=542915946686017, FrameDeadline=542915395298933, FrameInterval=542915798033726, FrameStartTime=16868485, SyncQueued=542916013647632, SyncStart=542916013777788, IssueDrawCommandsStart=542916015532267, SwapBuffers=542916018112111, FrameCompleted=542916134971590, DequeueBufferDuration=57344, QueueBufferDuration=488698, GpuCompleted=542916134971590, SwapBuffersCompleted=542916019191746, DisplayPresentTime=0, CommandSubmissionCompleted=542916018112111, 
08-08 20:12:00.317 28909 28909 D DeviceStatisticsService: onReceive: action= android.intent.action.BATTERY_CHANGED
08-08 20:12:00.318  1479  1479 D vendor.oplus.hardware.charger-V6-service: get_ui_charge_icon_type 0 0 0 0 0
08-08 20:12:00.320  1479  1479 D vendor.oplus.hardware.charger-V6-service: oplus_chg_get_cpa_power 7500 charge_online 1 retention_topic 0
08-08 20:12:00.321  1479  1479 D vendor.oplus.hardware.charger-V6-service: oplus_chg_get_cpa_power 7500 charge_online 1 retention_topic 0
08-08 20:12:00.321  1479  1479 D vendor.oplus.hardware.charger-V6-service: getIsSingleHyperSupport=2, cpa_power=7
08-08 20:12:00.322  1479  1479 E vendor.oplus.hardware.charger-V6-service: Failed to open the file: /sys/class/oplus_chg/common/plc. Error 2: No such file or directory
08-08 20:12:00.322 31047 31047 D CustomLogManagerService: onReceive android.intent.action.BATTERY_CHANGED
08-08 20:12:00.326  6966  7029 E Battery : a: getAISleepDuration: predictResult is null.
08-08 20:12:00.326  6966  7029 E Battery : ChargeProtectionUtils: mCanlendarTmp.isEmpty()!
08-08 20:12:00.327  3009  3134 D OplusDisplayBrightnessBroadcastReceiver: onReceive action = android.intent.action.BATTERY_CHANGED , listeners = [com.android.server.display.OplusFeatureHDREnhanceBrightness$PhoneInfoReceiver@1d811b8, com.android.server.display.OplusFeatureEdrEnhanceBrightness$PhoneInfoReceiver@ab5cb91]
08-08 20:12:00.329  3680  3680 I SystemUi--Statusbar: BatteryControllerExt-->updateBatteryChangeIntent():broadcast=android.intent.action.BATTERY_CHANGED,level=62,scale=100
08-08 20:12:00.329  3680  3680 I SystemUi--Statusbar: BatteryRepository-->level: 62 -- isSavingMode: false
08-08 20:12:00.338  4047  4047 D SubsysBroadcastManager: onReceive action:android.intent.action.BATTERY_CHANGED
08-08 20:12:00.338  3009  3134 D OplusDisplayBrightnessBroadcastReceiver: onReceive action = android.intent.action.BATTERY_CHANGED , listeners = [com.android.server.display.OplusFeatureHDREnhanceBrightness$PhoneInfoReceiver@1d811b8, com.android.server.display.OplusFeatureEdrEnhanceBrightness$PhoneInfoReceiver@ab5cb91]
08-08 20:12:00.341 28909 28909 D DeviceStatisticsService: onReceive: action= android.intent.action.BATTERY_CHANGED
08-08 20:12:00.346 31047 31047 D CustomLogManagerService: onReceive android.intent.action.BATTERY_CHANGED
08-08 20:12:00.349  6966  7029 E Battery : a: getAISleepDuration: predictResult is null.
08-08 20:12:00.350  6966  7029 E Battery : ChargeProtectionUtils: mCanlendarTmp.isEmpty()!
08-08 20:12:00.548  3009  4230 D NotificationService--NotificationRecord: isSupportRearLight , isRearLight = false mLedRM = false isMultilLed = false
08-08 20:12:00.549  3009  4230 I OplusStatusBarManagerServiceEnhance:  getTopIsFullscreen mTopIsFullscreen: false
08-08 20:12:00.549  3009  4230 W ActivityManager: Permission Denial: getTopApplicationInfo from pid=8044, uid=10326 requires oplus.permission.OPLUS_COMPONENT_SAFE
08-08 20:12:00.550  3009  4230 E OplusNotificationCenter: getForegroundApplication exception
08-08 20:12:00.551  3009  3009 D NotificationService--OplusNotificationManagerServiceExtImpl: isForwardToAssistants: true, case : Is local notification
08-08 20:12:00.551  3009  3009 D NotificationService: This application enqueue notifications is need postDelayed mcsAssistantDelayTime: 200
08-08 20:12:00.557  3009  3457 D NotificationService--OplusNavigationManager: Notification--isSuppressedByDriveMode--userId:0,mode:false
08-08 20:12:00.557  3009  3457 D NotificationService--OplusNotificationTrackHelper: PostNotification : {channel_name=تنبيهات أخرى, notification_type=others, app_name=91b718ea9fd80d2c17626f24e640a56ba1a95d19c3dd7c2f8a901f2653b247f3, push_id=null, importance=3, notification_id=67552200, system_state=5|6, channel_id=foreground, pkg=e938f43ee3d3fb3abb812971486748c38699d2b6d1fa8f78ec44e74af7cc93a6, post_time=2026-08-08 20:12:00, notification_source=local}
08-08 20:12:00.579  1416 10610 I WifiHAL : event received NL80211_CMD_VENDOR, vendor_id = 0x1374, subcmd = 0xd
08-08 20:12:00.579  2259  2259 I cnss-daemon: nl80211 response handler invoked
08-08 20:12:00.579  2259  2259 I cnss-daemon: nl80211_response_handler: cmd 103, vendorID 4980, subcmd 13  received
08-08 20:12:00.768 19189 19195 W sion.healthlife: ApkAssets: Deleting an ApkAssets object '<empty> and /data/app/~~ZFuTeIX_BjD-GSKyl3GMJA==/org.hicham.salaat-vwNuAJhyU7zi6ss0prWbbQ==/base.apk' with 1 weak references
08-08 20:12:00.771 19189 19195 W sion.healthlife: ApkAssets: Deleting an ApkAssets object '<empty> and /data/app/~~ZFuTeIX_BjD-GSKyl3GMJA==/org.hicham.salaat-vwNuAJhyU7zi6ss0prWbbQ==/split_config.arm64_v8a.apk' with 1 weak references
08-08 20:12:00.772 19189 19195 W sion.healthlife: ApkAssets: Deleting an ApkAssets object '<empty> and /data/app/~~ZFuTeIX_BjD-GSKyl3GMJA==/org.hicham.salaat-vwNuAJhyU7zi6ss0prWbbQ==/split_config.xhdpi.apk' with 1 weak references
08-08 20:12:00.783 19189 19189 I HealthLife.full: MainService onNotificationPosted sbn:StatusBarNotification(pkg=org.hicham.salaat user=UserHandle{0} id=67552200 tag=null key=0|org.hicham.salaat|67552200|null|10326: Notification(channel=foreground shortcut=null contentView=null vibrate=null sound=null defaults=0 flags=ONGOING_EVENT|NO_CLEAR|FOREGROUND_SERVICE color=0x00000000 vis=PRIVATE))
08-08 20:12:00.784 19189 19189 I HealthLife.full: ServiceSpi#onNotificationPosted sbn:StatusBarNotification(pkg=org.hicham.salaat user=UserHandle{0} id=67552200 tag=null key=0|org.hicham.salaat|67552200|null|10326: Notification(channel=foreground shortcut=null contentView=null vibrate=null sound=null defaults=0 flags=ONGOING_EVENT|NO_CLEAR|FOREGROUND_SERVICE color=0x00000000 vis=PRIVATE))
08-08 20:12:00.784 19189 19189 D HealthLife.full: NotificationInspector: Package: org.hicham.salaat
08-08 20:12:00.784 19189 19189 D HealthLife.full: NotificationInspector: Tag: null
08-08 20:12:00.784 19189 19189 D HealthLife.full: NotificationInspector: Flags: 98
08-08 20:12:00.784 19189 19189 D HealthLife.full: NotificationInspector: Channel ID: foreground
08-08 20:12:00.784 19189 19189 D HealthLife.full: NotificationInspector: Notification Extras:
08-08 20:12:00.784 19189 19189 D HealthLife.full:   -> key=android.title, value=Salaat First
08-08 20:12:00.784 19189 19189 D HealthLife.full:   -> key=android.reduced.images, value=true
08-08 20:12:00.784 19189 19189 D HealthLife.full:   -> key=android.subText, value=null
08-08 20:12:00.784 19189 19189 D HealthLife.full:   -> key=android.showChronometer, value=false
08-08 20:12:00.784 19189 19189 D HealthLife.full:   -> key=android.text, value=صلاة العشاء بعد 57 دقيقة
08-08 20:12:00.784 19189 19189 D HealthLife.full:   -> key=android.progress, value=0
08-08 20:12:00.784 19189 19189 D HealthLife.full:   -> key=android.progressMax, value=0
08-08 20:12:00.784 19189 19189 D HealthLife.full:   -> key=android.appInfo, value=ApplicationInfo{fe9a809 org.hicham.salaat}
08-08 20:12:00.784 19189 19189 D HealthLife.full:   -> key=android.showWhen, value=true
08-08 20:12:00.784 19189 19189 D HealthLife.full:   -> key=in_conference_scene_mode, value=false
08-08 20:12:00.784 19189 19189 D HealthLife.full:   -> key=android.largeIcon, value=null
08-08 20:12:00.784 19189 19189 D HealthLife.full:   -> key=android.infoText, value=null
08-08 20:12:00.784 19189 19189 D HealthLife.full:   -> key=android.progressIndeterminate, value=false
08-08 20:12:00.784 19189 19189 D HealthLife.full:   -> key=android.remoteInputHistory, value=null
08-08 20:12:00.784 19189 19189 D HealthLife.full:   -> key=in_full_screen_mode, value=false
08-08 20:12:00.785 19189 19189 I HealthLife.full: WatchMediaControlUtil,mRemoteController != null
08-08 20:12:00.785 19189 19189 D HealthLife.full: StepServiceImpl#onNotificationPosted, sbn: StatusBarNotification(pkg=org.hicham.salaat user=UserHandle{0} id=67552200 tag=null key=0|org.hicham.salaat|67552200|null|10326: Notification(channel=foreground shortcut=null contentView=null vibrate=null sound=null defaults=0 flags=ONGOING_EVENT|NO_CLEAR|FOREGROUND_SERVICE color=0x00000000 vis=PRIVATE))
08-08 20:12:00.785 19189 19189 I HealthLife.full: WatchMediaControlUtil,mRemoteController != null
08-08 20:12:00.794 19189 19189 I HealthLife.full: connectedDeviceList: [com.transsion.spi.devicemanager.device.HealthDeviceClient@bf47d57]
08-08 20:12:00.794 19189 19189 I HealthLife.full: lastMac: CA:C6
08-08 20:12:00.797 19189 21189 V HealthLife.full: (cache == null) = false, cache.isEmpty()=false
08-08 20:12:00.797 19189 19189 D HealthLife.full: MissingCallActivity getWatchConfigEntity is WatchConfigEntity(mac=20:EC:98:01:CA:C6, callIn=true, reject=false, appListEnable=true, appList=[NotificationAppBean(packageName=com.google.android.youtube, enable=false), NotificationAppBean(packageName=com.whatsapp, enable=true), NotificationAppBean(packageName=com.android.mms, enable=false), NotificationAppBean(packageName=com.facebook.orca, enable=false), NotificationAppBean(packageName=com.linkedin.android, enable=false), NotificationAppBean(packageName=xxx.others.application, enable=false), NotificationAppBean(packageName=org.telegram.messenger, enable=false), NotificationAppBean(packageName=com.twitter.android, enable=false)], zenMode=false, mirrorZen=false, zenImmediately=false, zenTiming=false, zenFromTimeHour=22, zenFromTimeMinute=0, zenToTimeHour=10, zenToTimeMinute=0, zenDisableTime=0, closeTimingDisableTime=0, missingCall=false)
08-08 20:12:00.797 19189 19189 V HealthLife.full: ServiceSpi, mWatchConfig = WatchConfigEntity(mac=20:EC:98:01:CA:C6, callIn=true, reject=false, appListEnable=true, appList=[NotificationAppBean(packageName=com.google.android.youtube, enable=false), NotificationAppBean(packageName=com.whatsapp, enable=true), NotificationAppBean(packageName=com.android.mms, enable=false), NotificationAppBean(packageName=com.facebook.orca, enable=false), NotificationAppBean(packageName=com.linkedin.android, enable=false), NotificationAppBean(packageName=xxx.others.application, enable=false), NotificationAppBean(packageName=org.telegram.messenger, enable=false), NotificationAppBean(packageName=com.twitter.android, enable=false)], zenMode=false, mirrorZen=false, zenImmediately=false, zenTiming=false, zenFromTimeHour=22, zenFromTimeMinute=0, zenToTimeHour=10, zenToTimeMinute=0, zenDisableTime=0, closeTimingDisableTime=0, missingCall=false)
08-08 20:12:00.797 19189 19189 I HealthLife.full: callInListener, enableCallReminder=true, isSupportMissedCall=null, isRinging=false, isListenerRegistered=true
08-08 20:12:00.798 19189 21189 D HealthLife.full: DeviceRepository,mConnectDeviceClientMap:{20:EC:98:01:CA:C6=com.transsion.spi.devicemanager.device.HealthDeviceClient@bf47d57}
08-08 20:12:00.798 19189 21189 V HealthLife.full: DeviceRepository, cache.size: 1, list.size: 1, map.size: 1
08-08 20:12:00.799 19189 19241 V HealthLife.full: ServiceSpi, pkgChannelList = [{"channelId":["Other3"],"packageName":"org.telegram.messenger"},{"channelId":["silent_notifications_3","chat_history_backup","sending_media@1"],"packageName":"com.whatsapp"},{"channelId":["silent_notifications_3","chat_history_backup","sending_media@1"],"packageName":"com.whatsapp.w4b"},{"channelId":["VPN_CHANNEL_ID"],"packageName":"com.vpn.secure.proxy.guard"},{"channelId":["Playback Control shortcut"],"packageName":"com.afmobi.boomplayer"},{"channelId":["general_group_silent"],"packageName":"com.snapchat.android"},{"channelId":["download_channel"],"packageName":"ru.kinopoisk"},{"channelId":["com_tencent_qqmusic_player"],"packageName":"com.tencent.qqmusic"}]
08-08 20:12:00.799 19189 19241 V HealthLife.full: ServiceSpi, pkgIntervalList = [{"interval":3000,"packageName":"com.hihonor.mms"},{"interval":3000,"packageName":"com.vkontakte.android"},{"interval":3000,"packageName":"com.zing.zalo"},{"interval":500,"packageName":"com.zhiliaoapp.musically"},{"interval":10000,"packageName":"com.microsoft.teams"},{"interval":800,"packageName":"com.twitter.android"},{"interval":1000,"packageName":"com.whatsapp"},{"interval":1000,"packageName":"com.whatsapp.w4b"}]
08-08 20:12:00.799 19189 19241 V HealthLife.full: ServiceSpi, pkgFlagList = [{"flag":"FLAG_GROUP_SUMMARY","packageName":"jp.naver.line.android"},{"flag":"FLAG_GROUP_SUMMARY","packageName":"com.whatsapp"},{"flag":"FLAG_GROUP_SUMMARY","packageName":"com.whatsapp.w4b"},{"flag":"FLAG_FOREGROUND_SERVICE","packageName":"com.twitter.android"}]
08-08 20:12:00.799 19189 19241 V HealthLife.full: ServiceSpi, isNewScheme = false
08-08 20:12:00.799 19189 19241 I HealthLife.full: ServiceSpi, notificationPkg=org.hicham.salaat
08-08 20:12:00.800 19189 19241 I HealthLife.full: newNotificationMessageRecord: NotificationMessageRecord{packageName:com.whatsapp, notificationTime:1786208971730, notificationTitle:‎‫شلة ال iti‬‎: Youhana Beshay, notificationContent:هيبدا, channelId:120363402628797831@g.us_41} NotificationMessageRecord{packageName:org.hicham.salaat, notificationTime:1786209120547, notificationTitle:Salaat First, notificationContent:صلاة العشاء بعد 57 دقيقة, channelId:foreground}
08-08 20:12:00.815  5308  5317 W id.ext.services: ApkAssets: Deleting an ApkAssets object '<empty> and /data/app/~~ZFuTeIX_BjD-GSKyl3GMJA==/org.hicham.salaat-vwNuAJhyU7zi6ss0prWbbQ==/base.apk' with 1 weak references
08-08 20:12:00.817  5308  5317 W id.ext.services: ApkAssets: Deleting an ApkAssets object '<empty> and /data/app/~~ZFuTeIX_BjD-GSKyl3GMJA==/org.hicham.salaat-vwNuAJhyU7zi6ss0prWbbQ==/split_config.arm64_v8a.apk' with 1 weak references
08-08 20:12:00.817  5308  5317 W id.ext.services: ApkAssets: Deleting an ApkAssets object '<empty> and /data/app/~~ZFuTeIX_BjD-GSKyl3GMJA==/org.hicham.salaat-vwNuAJhyU7zi6ss0prWbbQ==/split_config.xhdpi.apk' with 1 weak references
08-08 20:12:00.818 19189 19241 I HealthLife.full: ServiceSpi, 1. newNotificationMessageRecord: NotificationMessageRecord{packageName:org.hicham.salaat, notificationTime:1786209120547, notificationTitle:Salaat First, notificationContent:صلاة العشاء بعد 57 دقيقة, channelId:foreground}
08-08 20:12:00.818 19189 19241 I HealthLife.full: ServiceSpi, packageInfo=PackageInfo{f2ea93c org.hicham.salaat}
08-08 20:12:00.821  1479  1567 D BatteryChargeControl: bcc get no support from charging protocol
08-08 20:12:00.824 19189 19241 D HealthLife.full: ServiceSpi, selfName is null, --- bundles.size is 0
08-08 20:12:00.828  3680  3680 E LockScreenNotificationDispatcherImp: updateNotificationListOnKg size:0
08-08 20:12:00.829  3680  3680 I SystemUi--Notification: LockScreenNotificationDispatcherImp-->updateNotificationListOnKg resultCode: 0
08-08 20:12:00.841 19189 19241 D HealthLife.full: MessageTitle=Salaat First
08-08 20:12:00.841 19189 19241 D HealthLife.full: MessageFilterTitle=Salaat First
08-08 20:12:00.842 19189 19241 V HealthLife.full: ServiceSpi, 2. receiveMessage → Salaat First:صلاة العشاء بعد 57 دقيقة, appName: Salaat First
08-08 20:12:00.851  1299 10375 E TetherController: property_get sys.radio.data.modem_share_flag return 0, 1!
08-08 20:12:00.908 19189 19241 V HealthLife.full: ServiceSpi, -------------------------------------------------------------------------------
08-08 20:12:01.002  3009  4230 D NotificationService--OplusNavigationManager: Notification--isSuppressedByDriveMode--userId:-1,mode:false
08-08 20:12:01.031  3680  3680 E LockScreenNotificationDispatcherImp: updateNotificationListOnKg size:0
08-08 20:12:01.031  3680  3680 I SystemUi--Notification: LockScreenNotificationDispatcherImp-->updateNotificationListOnKg resultCode: 0
08-08 20:12:01.073  3979  4446 D CommonApp-741-10495: transport layer data is invalid
08-08 20:12:01.074  1479  5654 D charge_time: type=cdp/dcp,reserve_soc=1,soc=61,ui_soc=62,current=926,avg=1192,not_chg_cnt=0,stable_cnt=7,fcc=4423,fcc_ratio=92,delta=96,debug=0,region=12,ttf=5189(01:26:29),ui_ttf=5029(01:23:49)
08-08 20:12:01.078  3680  3680 D OplusNotificationDateTimeView: setTime mSettingTimeMillis 1786209120523, mSettingLocalDateTime 2026-08-08T20:12:00.523
08-08 20:12:01.086  3680  3680 E LockScreenNotificationDispatcherImp: updateNotificationListOnKg size:0
08-08 20:12:01.087  3680  3680 I SystemUi--Notification: LockScreenNotificationDispatcherImp-->updateNotificationListOnKg resultCode: 0
08-08 20:12:01.522  3970  4228 W IWlanNetworkService: 36290 > Response Processed
08-08 20:12:01.562  3970  4228 W IWlanNetworkService: 36292 > Response Processed
08-08 20:12:01.569  3935  4761 D AutoDualCardRoamingDemand: onServiceStateChanged judgeToShowDialog begin sim1 state:0
08-08 20:12:01.571  4047  4947 D cellularState[0]: handleMessage: E msg.what=4
08-08 20:12:01.572  4047  4947 D cellularState[0]: processMsg: WifiConnectedState
08-08 20:12:01.572  4047  4947 D cellularState[0]: processMsg: NetworkAttachedState
08-08 20:12:01.572  4047  4947 D cellularState[0]: processMsg: SimReadyState
08-08 20:12:01.573  4047  4947 D cellularState[0]: processMsg: DefaultState
08-08 20:12:01.573  4047  4947 E cellularState[0]:  - unhandledMessage: msg.what=4
08-08 20:12:01.573  4047  4947 D cellularState[0]: handleMessage: X
08-08 20:12:01.573  3979  4348 D NAS-CallIssueDetector: onServiceStateChanged
08-08 20:12:01.576  4047  4047 D SubsysEventListenerManager-SubsysTelephonyCallback[0]: onServiceStateChanged
08-08 20:12:01.576  4047  4047 D MsimSubModeManager: registTelephonyEvent onServiceStateChanged eventId:3, VoiceRegState:0, DataRegState:0
08-08 20:12:01.576  4047  4047 D QuickChangeAirplaneModeEvent: onServiceStateChanged slotId:0
08-08 20:12:01.580  3979  4348 D EventManager: onServiceStateChanged subId = 4, mDdsSubId = 4
08-08 20:12:01.580  3991  3991 I QImsService: OplusPhoneStateTracker : onServiceStateChanged
08-08 20:12:01.581  3979  4447 D OplusCiwlanController: [vodata] processServiceStateChanged  phoneid = 0, original roaming type = 0,roaming type = 0
08-08 20:12:01.582  3979  4447 D OplusCiwlanController: [vodata] processServiceStateChanged  phoneid = 1, original roaming type = 0,roaming type = 0
08-08 20:12:01.585  4047  4047 D MsimSubModeManager: handleMessage what:3
08-08 20:12:01.585  4047  4047 D MsimSubModeManager: getMsimSimServiceIn() i:0,mServiceState:0
08-08 20:12:01.586  4047  4047 D MsimSubModeManager: getMsimSimServiceIn() i:1,mServiceState:0
08-08 20:12:01.586  4047  4047 D MsimSubModeManager: EVENT_SERVICE_STATE_CHANGED
08-08 20:12:01.590  3979  5067 D VoiceFactory: getVoiceManager
08-08 20:12:01.590  3979  5067 D VoiceManager: noCallExsitOnBothSlot
08-08 20:12:01.591  3979  5067 D NAS-CallIssueDetector: noCallExsitOnBothSlot
08-08 20:12:01.591  3979  5067 D NAS-CallIssueDetector: getCallState, callState: holding
08-08 20:12:01.591  3979  5067 D NAS-CallIssueDetector: getCallState, callState: holding
08-08 20:12:01.591  3979  5067 D NAS-CallIssueDetector: getCallState, callState: holding
08-08 20:12:01.591  3979  5067 D NAS-CallIssueDetector: isCallExsitOnCurrentSlot, slotId = 0, isCurrentPhoneIdle = false, mQcImsMtInviteGot = false, mMtkImsMtInviteGot = false
08-08 20:12:01.591  3979  5067 D NAS-CallIssueDetector: getCallState, callState: holding
08-08 20:12:01.591  3979  5067 D NAS-CallIssueDetector: getCallState, callState: holding
08-08 20:12:01.591  3979  5067 D NAS-CallIssueDetector: getCallState, callState: holding
08-08 20:12:01.591 28665 28665 V AutofillManager: requestHideFillUi(null): anchor = null
08-08 20:12:01.592  3009  4230 I LocationAccessPolicy: org.hicham.salaat is aware of fine but the app-ops permission is specifically denied.
08-08 20:12:01.592  3979  4529 D cellularState[0]: handleMessage: E msg.what=4
08-08 20:12:01.593  3979  4529 D cellularState[0]: processMsg: o
08-08 20:12:01.593 28665 28665 I Choreographer: Skipped 81 frames!  The application may be doing too much work on its main thread.
08-08 20:12:01.593  3009  4230 I LocationAccessPolicy: org.hicham.salaat is aware of coarse but the app-ops permission is specifically denied.
08-08 20:12:01.594  3009  4718 I InputDispatcher: injectInputEvent: targetUid=<not set>, syncMode=WAIT_FOR_FINISHED, timeout=30000ms, policyFlags=0x8000000, event=MotionEvent { action=UP, id[0]=0, x[0]=610, y[0]=1542, eventTime=542916083000000, downTime=542916083000000, deviceId=4, source=TOUCHSCREEN, displayId=0, eventId=0xd5193f29}
08-08 20:12:01.598  3009  3545 I OplusWifiSarManager: Received service state changed nrstate=0
08-08 20:12:01.599  3979  4446 D OplusLinkBoostCommon: dds servicestate change
08-08 20:12:01.599  3009  4230 W ContextImpl: Calling a method in the system process without a qualified user: android.app.ContextImpl.sendBroadcastMultiplePermissions:1311 android.content.Context.sendBroadcastMultiplePermissions:2522 com.android.server.TelephonyRegistry.broadcastServiceStateChanged:3740 com.android.server.TelephonyRegistry.notifyServiceStateForPhoneId:1787 com.android.internal.telephony.ITelephonyRegistry$Stub.onTransact:546 
08-08 20:12:01.601  3979  4529 D cellularState[0]: processMsg: i
08-08 20:12:01.603  3009  4230 W ContextImpl: Calling a method in the system process without a qualified user: android.app.ContextImpl.sendBroadcastMultiplePermissions:1344 com.android.server.TelephonyRegistry.broadcastServiceStateChanged:3745 com.android.server.TelephonyRegistry.notifyServiceStateForPhoneId:1787 com.android.internal.telephony.ITelephonyRegistry$Stub.onTransact:546 android.os.Binder.execTransactInternal:1523 
08-08 20:12:01.604  3009  4786 W ContextImpl: Calling a method in the system process without a qualified user: android.app.ContextImpl.sendBroadcastMultiplePermissions:1344 android.content.Context.sendBroadcastMultiplePermissions:2468 android.content.Context.sendBroadcastMultiplePermissions:2456 com.android.server.TelephonyRegistry.broadcastDataConnectionStateChanged:3978 com.android.server.TelephonyRegistry.notifyDataConnectionForSubscriber:2256 
08-08 20:12:01.605  3009  4718 E InputDispatcher: Inconsistent event: MotionEvent { action=UP, id[0]=0, x[0]=610, y[0]=1542, eventTime=542916083000000, downTime=542916083000000, deviceId=4, source=TOUCHSCREEN, displayId=0, eventId=0xd5193f29}, reason: Injection on 0: Got ACTION_UP, but we have pointers: {1, 0} for device DeviceId(-1)
08-08 20:12:01.607  3009  4230 W ContextImpl: Calling a method in the system process without a qualified user: android.app.ContextImpl.sendBroadcastMultiplePermissions:1344 com.android.server.TelephonyRegistry.broadcastServiceStateChanged:3754 com.android.server.TelephonyRegistry.notifyServiceStateForPhoneId:1787 com.android.internal.telephony.ITelephonyRegistry$Stub.onTransact:546 android.os.Binder.execTransactInternal:1523 
08-08 20:12:01.607  3979  4529 D cellularState[0]: processMsg: m
08-08 20:12:01.607  3979  4529 D cellularState[0]: processMsg: h
08-08 20:12:01.607  3979  4529 E cellularState[0]:  - unhandledMessage: msg.what=4
08-08 20:12:01.607  3979  4529 D cellularState[0]: handleMessage: X
08-08 20:12:01.607  3680  4076 I SystemUi--Statusbar: MobileConnectionRepositoryImpl-->subId:4 isSoftSimCard:false slotId:0
08-08 20:12:01.610  3009  3719 D UAH-UahAdaptHelper: adaptSetNotification identity = OplusUAwareInputHelpersrc = 1000 , type 1 ,p1 = -1 ,p2 = -1 ,p3 = -1 ,p4 =
08-08 20:12:01.610  3009  3719 I [UAH_CLIENT]: uahRuleCtl, ruleId:1000, status:1
08-08 20:12:01.611  4088  4088 D AnimSeqTimeStamp: getTimeGapToLastStartAppTime: 542917430
08-08 20:12:01.615  3009  4230 W ContextImpl: Calling a method in the system process without a qualified user: android.app.ContextImpl.sendBroadcastMultiplePermissions:1344 com.android.server.TelephonyRegistry.broadcastServiceStateChanged:3760 com.android.server.TelephonyRegistry.notifyServiceStateForPhoneId:1787 com.android.internal.telephony.ITelephonyRegistry$Stub.onTransact:546 android.os.Binder.execTransactInternal:1523 
08-08 20:12:01.617  3009  3450 D ConnectivityService: NetReassign [no changes] [c 1] [a 1] [i 6]
08-08 20:12:01.620  3009  3104 W OplusAppStartupConfigExt_OplusAppStartupCommonSceneStrategy: Blacklist is Empty
08-08 20:12:01.620  3009  3104 D OplusAppStartupConfigExt: SendReceiver prevent pkg com.google.android.cellbroadcastreceiver result = false
08-08 20:12:01.621  3009  3104 V GrammaticalInflectionUtils: AttributionSource: android.content.AttributionSource@6c3743e6 does not have READ_SYSTEM_GRAMMATICAL_GENDER permission.
08-08 20:12:01.624  3680  3680 I KeyguardUpdateMonitor: action=android.intent.action.SERVICE_STATE subId=4 slotId=0
08-08 20:12:01.627  3680  3927 I SystemUi--QuickSettings: Tile.OplusCellularTile-->updateCarrierText: The dialog is destroyed. So the method return
08-08 20:12:01.630  3680  3927 D SimStateHelper: slot:0, lock state:Bundle[mParcelledData.dataSize=56]
08-08 20:12:01.631  3935  3935 I Telephony: y0: onServiceStateChanged: newState=0, mServiceState=0
08-08 20:12:01.631  3680  3927 D SimStateHelper: slot:1, lock state:Bundle[mParcelledData.dataSize=56]
08-08 20:12:01.631  3680  3927 D SimStateHelper: needDisableMenu: slot1State=-1; slot2State=-1
08-08 20:12:01.631  3680  3927 D SimStateHelper: needDisableMenu:false
08-08 20:12:01.634  3680  3680 I SystemUi--Keyguard: OplusEmergencyButtonExImpl-->updateEmergencyCallButton: isTablet=false isWifiOnly=false isInCall=false visible=true
08-08 20:12:01.636 28967 24134 I NearbyMediums: No BLE Fast/GATT advertisements found in the latest cycle.
08-08 20:12:01.637 28967 24134 I NearbyMediums: Current Tracked Scanning Clients are : {NearbyConnections.EnvironmentMonitor, NearbySharing}
08-08 20:12:01.639  1300  1300 D Zygote  : Forked child process 31607
08-08 20:12:01.640  3009  3097 I ActivityManager: Start proc 31607:com.google.android.cellbroadcastreceiver/u0a262 for broadcast {com.google.android.cellbroadcastreceiver/com.android.cellbroadcastreceiver.CellBroadcastReceiver}
08-08 20:12:01.641  3935  5284 I LocationAccessPolicy: org.hicham.salaat is aware of fine but the app-ops permission is specifically denied.
08-08 20:12:01.642  3935  3935 I Telephony: isRttCurrentlySupported -- regular acct, hasVoiceAvailability: true
08-08 20:12:01.642  3935  3935 I Telephony:  isRttSupported: false
08-08 20:12:01.642  3935  3935 I Telephony:  isUserRttSettingOn: false
08-08 20:12:01.642  3935  3935 I Telephony:  alwaysAllowWhileRoaming: false
08-08 20:12:01.642  3935  3935 I Telephony:  isRoaming: false
08-08 20:12:01.642  3935  3935 I Telephony:  isOnWfc: false
08-08 20:12:01.644  3935  3935 I Telephony: isRttCurrentlySupported -- regular acct, hasVoiceAvailability: true
08-08 20:12:01.644  3935  3935 I Telephony:  isRttSupported: false
08-08 20:12:01.644  3935  3935 I Telephony:  isUserRttSettingOn: false
08-08 20:12:01.644  3935  3935 I Telephony:  alwaysAllowWhileRoaming: false
08-08 20:12:01.644  3935  3935 I Telephony:  isRoaming: false
08-08 20:12:01.644  3935  3935 I Telephony:  isOnWfc: false
08-08 20:12:01.645  3935  5284 I LocationAccessPolicy: org.hicham.salaat is aware of fine but the app-ops permission is specifically denied.
08-08 20:12:01.652  3680  3680 W KeyguardSecurityViewFlipper: onMeasure: widthSpec MeasureSpec: EXACTLY 720 should be AT_MOST
08-08 20:12:01.652  3680  3680 W KeyguardSecurityViewFlipper: onMeasure: heightSpec MeasureSpec: EXACTLY 1604 should be AT_MOST
08-08 20:12:01.661  3680  3680 W KeyguardSecurityViewFlipper: onMeasure: widthSpec MeasureSpec: EXACTLY 720 should be AT_MOST
08-08 20:12:01.661  3680  3680 W KeyguardSecurityViewFlipper: onMeasure: heightSpec MeasureSpec: EXACTLY 1604 should be AT_MOST
08-08 20:12:01.664  3935  3935 V OplusCustomizeCacheManager: queryCache name: sys.cache.common_customize_cache18016 param: null
08-08 20:12:01.665  3935  3935 V OplusCustomizeCacheManager: queryCache name: sys.cache.common_customize_cache18013 param: null
08-08 20:12:01.665  3935  3935 V OplusCustomizeCacheManager: queryCache name: sys.cache.common_customize_cache18014 param: null
08-08 20:12:01.667  3935  3935 V OplusCustomizeCacheManager: queryCache name: sys.cache.common_customize_cache18017 param: Bundle[{SETTING=BLOCK, BUSINESS=NCT-DATA}]
08-08 20:12:01.667 31607 31607 E oadcastreceiver: Unknown bits set in runtime_flags: 0x40000000
08-08 20:12:01.667 31607 31607 I oadcastreceiver: Using generational CollectorTypeCMC GC.
08-08 20:12:01.667  3935  3935 V OplusCustomizeCacheManager: start recompute
08-08 20:12:01.668  3009  4786 D OplusCustomizeSecurityManagerService: we can't find the BLOCK
08-08 20:12:01.679  3935  4320 D OplusNecInternalManager: broadcastServiceStateChanged slotId:0oos:false
08-08 20:12:01.680  3935  4421 D PhoneInterfaceManager: QueryTelephonyChecker-getDataNetworkTypeForSubscriber: packageName = com.android.phone, isGrant = true
08-08 20:12:01.686 31607 31607 D nativeloader: Load libframework-connectivity-tiramisu-jni.so using APEX ns com_android_tethering for caller /apex/com.android.tethering/javalib/framework-connectivity-t.jar: ok
08-08 20:12:01.690  3935  4421 D PhoneInterfaceManager: QueryTelephonyChecker-getDataNetworkTypeForSubscriber: packageName = com.android.phone, isGrant = true
08-08 20:12:01.693 31607 31607 D OplusActivityThreadExtImpl: java.lang.NoSuchMethodException: dalvik.system.VMRuntime.SupressionGC [int, int]
08-08 20:12:01.694 31607 31607 W libc    : Access denied finding property "persist.vendor.sys.activitylog"
08-08 20:12:01.694 31607 31607 I OneTrace: Mark active for pid=31607? true
08-08 20:12:01.694 31607 31607 D cutils-dev: otrace_set_tracing_enabled? true tag:0
08-08 20:12:01.696 31607 31607 D cutils-dev: properties changed in otrace_seq_number_changed!
08-08 20:12:01.701  3935  3935 D InternationalRoamingNotification: init
08-08 20:12:01.701  3935  3935 D InternationalRoamingNotification: do not createRoamingNotification for error version
08-08 20:12:01.701  3009  4786 D ActivityTaskManagerServiceExtImpl: preBindApplication record is null
08-08 20:12:01.701  3009  4786 D RGBNormalizeServer: OplusRGBNormalize feature enabled ? false
08-08 20:12:01.701  3009  4786 D ResourcesManagerCache: For package com.google.android.cellbroadcastreceiver we got cacheList [null] appInfoExt is null ? false hasFeature ? false
08-08 20:12:01.705  3009  4786 I AppProfilerExtImpl: delay mem downgrade factor change for AS 14136
08-08 20:12:01.713 31607 31607 D OplusActivityManager: get AMS extension: android.os.BinderProxy@c7dd74c
08-08 20:12:01.715 31607 31617 D OplusAppHeapManager: java.lang.NoSuchMethodException: dalvik.system.VMRuntime.updateProcessValue [int, int, int]
08-08 20:12:01.719 31607 31607 D callGcSupression: java.lang.NullPointerException: Attempt to invoke virtual method 'java.lang.Object java.lang.reflect.Method.invoke(java.lang.Object, java.lang.Object[])' on a null object reference
08-08 20:12:01.722  3970  4728 W IWlanProxy: RESP_WAKE_LOCK_TIMEOUT
08-08 20:12:01.723 31607 31607 D CompactWindowAppManager: initCompactApplicationInfo CompactMode: , NormalMode: 
08-08 20:12:01.730 31607 31607 D OplusScrollToTopManager: setIsInWhiteList false
08-08 20:12:01.731 31607 31607 D OplusViewDebugManager: OplusViewDebugManager Constructor android.view.debug.OplusViewDebugManager@d151caa [mHasViewDebugProperty true] [mHasMsgDebugProperty false] [DEBUG false] [EXTRAINFOENABLE false] [LIGHT_OS true]
08-08 20:12:01.746 31607 31607 W libc    : Access denied finding property "ro.odm.prev.product.name"
08-08 20:12:01.750 31607 31607 D ApplicationLoaders: Returning zygote-cached class loader: /system_ext/framework/androidx.window.extensions.jar
08-08 20:12:01.750 31607 31607 D ApplicationLoaders: Returning zygote-cached class loader: /system_ext/framework/androidx.window.sidecar.jar
08-08 20:12:01.775 31607 31607 D nativeloader: Configuring clns-shared-7 for other apk /apex/com.android.cellbroadcast/priv-app/GoogleCellBroadcastApp@371017160/GoogleCellBroadcastApp.apk. target_sdk_version=37, uses_libraries=, library_path=/apex/com.android.cellbroadcast/priv-app/GoogleCellBroadcastApp@371017160/lib/arm64:/system/lib64:/system_ext/lib64, permitted_path=/data:/mnt/expand:/data/user_de/0/com.google.android.cellbroadcastreceiver:/apex/com.android.cellbroadcast/priv-app/GoogleCellBroadcastApp@371017160:/system/lib64:/system_ext/lib64
08-08 20:12:01.779 31607 31607 D nativeloader: InitApexLibraries:
08-08 20:12:01.779 31607 31607 D nativeloader:   com_android_adservices: libhpke_jni.so:libtflite_support_classifiers_native.so
08-08 20:12:01.779 31607 31607 D nativeloader:   com_android_appsearch: libappsearchservice.so:libicing_anywhere.so
08-08 20:12:01.779 31607 31607 D nativeloader:   com_android_art: libartservice.so
08-08 20:12:01.779 31607 31607 D nativeloader:   com_android_conscrypt: libjavacrypto.so
08-08 20:12:01.779 31607 31607 D nativeloader:   com_android_mediaprovider: libpdfclient.so
08-08 20:12:01.779 31607 31607 D nativeloader:   com_android_ondevicepersonalization: libfcp_cpp_dep_jni.so:libfcp_hpke_jni.so
08-08 20:12:01.779 31607 31607 D nativeloader:   com_android_os_statsd: libstats_jni.so
08-08 20:12:01.779 31607 31607 D nativeloader:   com_android_tethering: libandroid_net_connectivity_com_android_net_module_util_jni.so:libandroid_net_connectivity_com_android_net_module_util_jni_CommonConnectivityJni.so:libcrypto_httpengine.so:libframework-connectivity-jni.so:libframework-connectivity-tiramisu-jni.so:libhttpengine.so:libservice-connectivity.so:libservice-thread-jni.so
08-08 20:12:01.779 31607 31607 D nativeloader:   com_android_uwb: libuwb_uci_jni_rust.so
08-08 20:12:01.779 31607 31607 D nativeloader:   com_android_virt: libvirtualizationservice_jni.so:libvirtualmachine_jni.so
08-08 20:12:01.779 31607 31607 D nativeloader:   com_android_wifi: libservice-wifi-jni.so
08-08 20:12:01.822  1479  1567 D BatteryChargeControl: bcc get no support from charging protocol
08-08 20:12:01.856 25458 31621 I GmscoreIpa: Starting mediastore instant index [CONTEXT service_id=255 ]
08-08 20:12:01.869  1299 10375 E TetherController: property_get sys.radio.data.modem_share_flag return 0, 1!
08-08 20:12:01.971 31607 31607 I Quality : GetResourcesInfo:177483489,/apex/com.android.cellbroadcast/priv-app/GoogleCellBroadcastApp@371017160/GoogleCellBroadcastApp.apk
08-08 20:12:01.983 31607 31607 V GraphicsEnvironment: Currently set values for:
08-08 20:12:01.983 31607 31607 V GraphicsEnvironment:   angle_gl_driver_selection_pkgs=[]
08-08 20:12:01.983 31607 31607 V GraphicsEnvironment:   angle_gl_driver_selection_values=[]
08-08 20:12:01.983 31607 31607 V GraphicsEnvironment: Global.Settings values are invalid: number of packages: 0, number of values: 0
08-08 20:12:01.983 31607 31607 V GraphicsEnvironment: Neither updatable production driver nor prerelease driver is supported.
08-08 20:12:01.988 31607 31607 D ResourcesManagerExtImpl: applyConfigurationToAppResourcesLocked app.getDisplayId() return callback.displayId:-1
08-08 20:12:02.045  3009  4786 I ActivityManager: Flag disabled. Ignoring finishAttachApplication from uid: 10262. pid: 31607
08-08 20:12:02.047 31607 31607 W ServiceManagerCppClient: Failed to get isDeclared for vendor.qti.hardware.perf2.IPerf/default: Status(-1, EX_SECURITY): 'SELinux denied.'
08-08 20:12:02.054 31607 31607 D CellBroadcastReceiver: onReceive Intent { act=android.intent.action.SERVICE_STATE flg=0x1000010 cmp=com.google.android.cellbroadcastreceiver/com.android.cellbroadcastreceiver.CellBroadcastReceiver (has extras) }
08-08 20:12:02.075 31607 31607 D CellBroadcastReceiver: onServiceStateChanged, ss: 0
08-08 20:12:02.077  1479  5654 D charge_time: type=cdp/dcp,reserve_soc=1,soc=61,ui_soc=62,current=988,avg=1128,not_chg_cnt=0,stable_cnt=7,fcc=4423,fcc_ratio=92,delta=97,debug=0,region=12,ttf=5422(01:30:22),ui_ttf=5028(01:23:48)
08-08 20:12:02.077 31607 31607 D CellBroadcastReceiver: networkOperator: 60202
08-08 20:12:02.085 31607 31607 D CellBroadcastReceiver: mockmodem is running? = false
08-08 20:12:02.086 31607 31607 D CellBroadcastReceiver: update supported roaming operator as 
08-08 20:12:02.097  3979  4446 D CommonApp-741-10495: transport layer data is invalid
08-08 20:12:02.112  1399 13000 I vendor.qti.bluetooth@1.0-ibs_handler: [ibs_handler.cpp:778] ProcessIbsCmd: Received IBS_WAKE_IND: 0xFD
08-08 20:12:02.112  1399 13000 D vendor.qti.bluetooth@1.0-ibs_handler: [ibs_handler.cpp:372] SerialClockVote: vote for UART CLK ON
08-08 20:12:02.112  1399 13000 D vendor.qti.bluetooth@1.0-wake_lock: [wake_lock.cpp:135] Acquire wakelock is acquired 
08-08 20:12:02.113  1399 13000 I vendor.qti.bluetooth@1.0-ibs_handler: [ibs_handler.cpp:795] ProcessIbsCmd: Writing IBS_WAKE_ACK
08-08 20:12:02.115 12944 12969 D bluetooth: [acl_arbiter.cc:69] InterceptAttPacket: Intercepting ATT packet and forwarding to Rust
08-08 20:12:02.116 12944 12969 E Bluetooth: [gatt_main.cc:1078] gatt_data_process
08-08 20:12:02.116 12944 12969 I oplus_bt_stack_ble_event: report_stack_ble_last_data_transfer, 20:**:**:**:ca:c6
08-08 20:12:02.119 12944 13018 D bt_btif_gattc: [btif_gatt_client.cc:142] btif_gattc_upstreams_evt: Event BTA_GATTC_NOTIF_EVT [10]
08-08 20:12:02.119 12944 12969 D bluetooth: [acl_arbiter.cc:69] InterceptAttPacket: Intercepting ATT packet and forwarding to Rust
08-08 20:12:02.119 12944 12969 E Bluetooth: [gatt_main.cc:1078] gatt_data_process
08-08 20:12:02.119 12944 12969 I oplus_bt_stack_ble_event: report_stack_ble_last_data_transfer, 20:**:**:**:ca:c6
08-08 20:12:02.122 12944 13018 D bt_btif_gattc: [btif_gatt_client.cc:142] btif_gattc_upstreams_evt: Event BTA_GATTC_NOTIF_EVT [10]
08-08 20:12:02.122 19189 20451 D MoYoung : onDeviceBattery: 59
08-08 20:12:02.122 19189 20451 I HealthLife.full: BaseWearableDevice, Infinix XWatch N4, CA:C6, 0x000000041f0310102d, onBatteryChanged battery=59
08-08 20:12:02.124 19189 20451 D MoYoung : onDeviceBattery: 59
08-08 20:12:02.124 19189 20451 I HealthLife.full: BaseWearableDevice, Infinix XWatch N4, CA:C6, 0x000000041f0310102d, onBatteryChanged battery=59
08-08 20:12:02.126 19189 19189 D HealthDeviceManager: battery = 59 ----- isCharge = false
08-08 20:12:02.126 19189 19189 D HealthDeviceManager: battery = 59 ----- isCharge = false
08-08 20:12:02.133 19189 19189 D HealthDeviceManager: battery = 59 ----- isCharge = false
08-08 20:12:02.133 19189 19189 D HealthDeviceManager: battery = 59 ----- isCharge = false
08-08 20:12:02.151 31177 31285 E msgr.msys: E[N mns:DGWClient]_LogError(328)=>Failed to resolve using system DNS resolver, getaddrinfo(): No address associated with hostname
08-08 20:12:02.153  1399 13000 I vendor.qti.bluetooth@1.0-ibs_handler: [ibs_handler.cpp:825] ProcessIbsCmd: Received IBS_SLEEP_IND: 0xFE
08-08 20:12:02.154  1399 13000 D vendor.qti.bluetooth@1.0-ibs_handler: [ibs_handler.cpp:391] SerialClockVote: vote for UART CLK OFF
08-08 20:12:02.157 31177 31285 E msgr.msys: E[N mns:DGWClient]_LogError(328)=>Failed to resolve using system DNS resolver, getaddrinfo(): No address associated with hostname
08-08 20:12:02.245   896   896 E lowmemorykiller: device memory 238486 free 23296 file 218573
08-08 20:12:02.246  3009  3712 I Osense-PsiDetector: 931,96,2686,4607,42,129,92,596,1185,260,593,0,4,5720
08-08 20:12:02.246   896   896 E lowmemorykiller: device memory 238486 free 23296 file 218573
08-08 20:12:02.246  3009  3705 I Osense-BaseDecisionMaker: notifySceneToAthenaPolicy: SCENE_RES_MEM_PSI_NORMAL, bundle: Bundle[{memLevel=4}]
08-08 20:12:02.251  3009  3705 I Osense-BaseDecisionMaker: scene: SCENE_RES_MEM_PSI_NORMAL, excutingPolicy: clear
08-08 20:12:02.251  3009  3705 D Osense-BaseDecisionMaker: invoke clear policy,type: cached
08-08 20:12:02.251  3009  3705 I Osense-BaseDecisionMaker: notifySceneToAthenaPolicy: SCENE_RES_MEM_PSI_LEAK, bundle: Bundle[{memLevel=4}]
08-08 20:12:02.254  3009  3710 I OsenseKillAction: KillAction: [atomic clean] start name=lowmem, requestId=122400, startAvail=932, startFreeMB=97, purposeAvailMB=1200, purposeFreeMB=-1, anonRssTarget=268, minBgCount=0, swapTarget=0, scene=SCENE_RES_MEM_PSI_NORMAL, type=cached, qb=false, cchOnly=true, urgency=false, hoggingCpuPids={}, invalid-cnt=0
08-08 20:12:02.261  3009  3710 I OsenseKillAction: KillAction: group process done, total=2ms, firstLoop=1ms, updateProcessInfo=1ms, idleList=0ms, curBg=3
08-08 20:12:02.261  3009  3710 I OsenseKillAction: scanCchEmptyProc: +++++++ start double check +++++++
08-08 20:12:02.261  3009  3710 I OsenseKillAction: scanCchEmptyProc: cch check done: killablePss=0kb, killableAnonRss=0mb, time=1ms, candidate cnt: 0
08-08 20:12:02.261  3009  3710 I OsenseKillAction: scanNonUiProc: ----------start check non ui proc-----------
08-08 20:12:02.261  3009  3710 I OsenseKillAction: scanNonUiProc: done check non ui proc: killablePss=0kb, killableAnonRss=0mb, time=0ms, collected proc num: 0
08-08 20:12:02.261  3009  3710 I OsenseKillAction: scanOomAdj: skip scan oom adj for lowmem
08-08 20:12:02.262  3009  3710 I OsenseKillAction: scanAllProc: skip scan all proc for lowmem
08-08 20:12:02.262  3009  3710 I OsenseKillAction: KillAction: done execute kill, pi2app=0ms, monitor=0ms, kill=0ms, total=0ms, kill cnt=0, local cnt=0
08-08 20:12:02.262  3009  3710 I OsenseKillAction: KillAction: [atomic clean] end requestId=122400, endAvail=933mb, reclaimed: [pss=0mb, anonRss=0mb, swap=0mb, mem=0mb, Rss=0mb], timing: [total=9ms, update=2ms, readMem=3ms, group=2ms, cch=1ms, nonUi=0ms, oomadj=0ms, allProc=0ms, monitor=0ms, kill=0ms], sysinfo: [bgcount=3]
08-08 20:12:02.262  3009  3710 I OsenseKillAction: KillAction: 268mb more anonRss to reclaim, 0mb more swapMb to reclaim, <skip> mem guard, cur avail=933mb, bundle: Bundle[{appcareThreshold=0, triggerMemory=1000, qbmode=false, memLevel=4, type=cached, level=1, scene=SCENE_RES_MEM_PSI_NORMAL, requestId=122400, purposeMemory=1200}]
08-08 20:12:02.305  1399 12980 D vendor.qti.bluetooth@1.0-wake_lock: [wake_lock.cpp:158] Release wakelock is released 
08-08 20:12:02.346 31047  3500 D CustomLogManagerService: WorkHandler msg.what :5
08-08 20:12:02.347   896   896 E lowmemorykiller: device memory 238523 free 25507 file 217035
08-08 20:12:02.352 31047  3500 D CustomLogManagerService: curTemp:335 limit:390
08-08 20:12:02.352 31047  3500 D CustomLogManagerService: checkUploadStatus: isSceenOn=true activeNetType=1 isCharging=true isUploading:false temperatureLimit:false
08-08 20:12:02.352 31047  3500 D CustomLogManagerService: sys.log.customer=false
08-08 20:12:02.352 31047  3500 D CustomLogManagerService: isHaveCustomLogCollecting :false
08-08 20:12:02.450   896   896 E lowmemorykiller: device memory 240728 free 27035 file 217035
08-08 20:12:02.551   896   896 E lowmemorykiller: device memory 240350 free 27049 file 217035
08-08 20:12:02.559  3009  3442 D WifiStaIfaceHidlImpl: getCachedScanData is not implemented by HIDL
08-08 20:12:02.571  4047  4047 D VendorWifiService: onEvent event:9,action:1
08-08 20:12:02.572  3009  3545 D OplusWifiPower_TriggerCenter: mComponentCallback: wifistat
08-08 20:12:02.571  3680  3902 I SystemUi--Statusbar: OplusNetworkSpeedControllExImpl-->updateNetworkSpeed: isConnected:true,isSwitchOn:true
08-08 20:12:02.582  1416 10610 I WifiHAL : event received NL80211_CMD_VENDOR, vendor_id = 0x1374, subcmd = 0xd
08-08 20:12:02.583  2259  2259 I cnss-daemon: nl80211 response handler invoked
08-08 20:12:02.583  2259  2259 I cnss-daemon: nl80211_response_handler: cmd 103, vendorID 4980, subcmd 13  received
08-08 20:12:02.583  3680  3902 I SystemUi--Statusbar: OplusNetworkSpeedControllExImpl-->getTotalByte: totalRxBytes:29285914854,totalTxBytes:2707982979,loopbackTxBytes:6855897,loopbackRxBytes:6855897 ,totalBytes:31980186039
08-08 20:12:02.651  3979  4446 D CommonApp-741-10495: DefaultState EVENT_SCENARIOS_CHANGE
08-08 20:12:02.651  3979  4446 D CommonApp-741-10495: scene=COMMON pn=com.hypernova.phone
08-08 20:12:02.652   896   896 E lowmemorykiller: device memory 239984 free 26888 file 217037
08-08 20:12:02.753   896   896 E lowmemorykiller: device memory 239730 free 26895 file 217035
08-08 20:12:02.790 28665 28665 D ViewRootImplExtImpl: the up motion event handled by client, just return
08-08 20:12:02.791 28665 28665 I Choreographer: Skipped 70 frames!  The application may be doing too much work on its main thread.
08-08 20:12:02.819 28665 28665 I oplus.android.OplusFrameworkFactoryImpl: get feature:IOplusDynamicVsyncFeature
08-08 20:12:02.819 28665 28665 I oplus.android.OplusFrameworkFactoryImpl: get feature:IOplusDynamicVsyncFeature
08-08 20:12:02.819 28665 28665 I oplus.android.OplusFrameworkFactoryImpl: get feature:IOplusDynamicVsyncFeature
08-08 20:12:02.823  1479  1567 D BatteryChargeControl: bcc get no support from charging protocol
08-08 20:12:02.853   896   896 E lowmemorykiller: device memory 239229 free 26748 file 217037
08-08 20:12:02.861  3009  4718 I InputDispatcher: injectInputEvent: targetUid=<not set>, syncMode=WAIT_FOR_FINISHED, timeout=30000ms, policyFlags=0x8000000, event=MotionEvent { action=DOWN, id[0]=0, x[0]=270, y[0]=1542, eventTime=542918680000000, downTime=542918680000000, deviceId=4, source=TOUCHSCREEN, displayId=0, eventId=0xd45dc82d}
08-08 20:12:02.864  3009  4718 E InputDispatcher: Inconsistent event: MotionEvent { action=DOWN, id[0]=0, x[0]=270, y[0]=1542, eventTime=542918680000000, downTime=542918680000000, deviceId=4, source=TOUCHSCREEN, displayId=0, eventId=0xd45dc82d}, reason: Injection on 0: Invalid DOWN event - pointers already down for device DeviceId(-1): {DeviceId(-1): {1, 0}}
08-08 20:12:02.866  3009  3566 D OGG_Detector: D:done mCurrStatus: 0
08-08 20:12:02.866  3009  3719 I [UAH_CLIENT]: UahEventAcquire, cmdid:37, pkg:none, identity:OplusUAwareInputHelper
08-08 20:12:02.867  4088  4088 D AnimSeqTimeStamp: getTimeGapToLastStartAppTime: 542918686
08-08 20:12:02.867  3680  4525 I SystemUi--NavBar: NoBackGesture-->display_id_0 Start gesture: MotionEvent { action=ACTION_DOWN, actionButton=0, id[0]=0, x[0]=270.0, y[0]=1542.0, toolType[0]=TOOL_TYPE_FINGER, buttonState=0, classification=NONE, metaState=0, flags=0x0, edgeFlags=0x0, pointerCount=1, historySize=0, eventTime=542918680, downTime=542918680, deviceId=-1, source=0x1002, displayId=0, eventId=-732051411 }
08-08 20:12:02.867  4088  4088 I OplusBaseTouchInteractionService: onInputEvent(), ACTION_DOWN, Consumer=TYPE_NO_OP
08-08 20:12:02.867  3680  4525 I SystemUi--NavBar: NoBackGesture-->display_id_0 Not in side gesture area
08-08 20:12:02.868  3009  3719 D UAH-UahAdaptHelper: adaptSetNotification identity = OplusUAwareInputHelpersrc = 1000 , type 0 ,p1 = -1 ,p2 = -1 ,p3 = -1 ,p4 =
08-08 20:12:02.868  3009  3719 I [UAH_CLIENT]: uahRuleCtl, ruleId:1000, status:0
08-08 20:12:02.868  3009  3127 D PowerManagerService: userActivityNoUpdateLocked: groupId=0, eventTime=542918680, event=touch, flags=0x0, uid=1000
08-08 20:12:02.887 28665 29931 I HWUI    : Davey! duration=2684ms; Flags=0, FrameTimelineVsyncId=160670437, IntendedVsync=542916022447429, Vsync=542917397059063, InputEventId=-604092393, HandleInputStart=542917413687319, AnimationStart=542917413692162, PerformTraversalsStart=542917415784454, DrawStart=542918345078777, FrameDeadline=542916154380758, FrameInterval=542917412616017, FrameStartTime=16970514, SyncQueued=542918597003464, SyncStart=542918597145808, IssueDrawCommandsStart=542918607612787, SwapBuffers=542918610587422, FrameCompleted=542918706793412, DequeueBufferDuration=83281, QueueBufferDuration=615417, GpuCompleted=542918706793412, SwapBuffersCompleted=542918612218620, DisplayPresentTime=0, CommandSubmissionCompleted=542918610587422, 
08-08 20:12:02.890  1299 10375 E TetherController: property_get sys.radio.data.modem_share_flag return 0, 1!
08-08 20:12:02.956   896   896 E lowmemorykiller: device memory 239040 free 26776 file 217037
08-08 20:12:03.057   896   896 E lowmemorykiller: device memory 238785 free 26536 file 217080
08-08 20:12:03.079  1479  5654 D charge_time: type=cdp/dcp,reserve_soc=1,soc=61,ui_soc=62,current=829,avg=1032,not_chg_cnt=0,stable_cnt=7,fcc=4423,fcc_ratio=92,delta=98,debug=0,region=12,ttf=5837(01:37:17),ui_ttf=5027(01:23:47)
08-08 20:12:03.114  3009  3574 D OplusNetKit: in getLpByInterface name from LP: [rmnet_data1]
08-08 20:12:03.115  3009  3574 D OplusNetKit: in getLpByInterface name from LP: [wlan0]
08-08 20:12:03.122  3979  4446 D CommonApp-741-10495: transport layer data is invalid
08-08 20:12:03.137 19189 19189 D HealthDeviceManager: updateDevice DisplayTemplateBean(controlId='health-20:EC:98:01:CA:C6',packageName='com.transsion.healthlife'，title='Infinix XWatch N4', mCustomIcon=null, subTitle=, deviceTypeId=2, pid = 0x000000041f0310102d,deviceConnectedStatus=true, deviceConnectedDesc='Connected', extraInfoOneIcon=Icon(typ=RESOURCE pkg=com.transsion.healthlife id=0x7f10000d), extraInfoOneDesc=59%, extraInfoTwoIcon=null, extraInfoTwoDesc=, deviceLastConnectedTime=1786209122133, targetPackageName=com.transsion.healthlife, targetClassName=com.transsion.module.sport.view.ActionActivity,isSupportClickCard=true,deviceSingleId=,deviceShowLevel=0),cardDisplay=null,displayMessage=59,displayCustomIcon=null, sortLevel=0, boxBattery:null, deviceServiceMap:{find_watch={}, message_send={=feature_enable}}
08-08 20:12:03.137 19189 19189 D DeviceProviderService: updateDevice DisplayTemplateBean(controlId='health-20:EC:98:01:CA:C6',packageName='com.transsion.healthlife'，title='Infinix XWatch N4', mCustomIcon=null, subTitle=, deviceTypeId=2, pid = 0x000000041f0310102d,deviceConnectedStatus=true, deviceConnectedDesc='Connected', extraInfoOneIcon=Icon(typ=RESOURCE pkg=com.transsion.healthlife id=0x7f10000d), extraInfoOneDesc=59%, extraInfoTwoIcon=null, extraInfoTwoDesc=, deviceLastConnectedTime=1786209122133, targetPackageName=com.transsion.healthlife, targetClassName=com.transsion.module.sport.view.ActionActivity,isSupportClickCard=true,deviceSingleId=,deviceShowLevel=0),cardDisplay=null,displayMessage=59,displayCustomIcon=null, sortLevel=0, boxBattery:null, deviceServiceMap:{find_watch={}, message_send={=feature_enable}} 
08-08 20:12:03.146 19189 19189 D TCHelper: writeSettingProvider:[{"boxBattery":"","cardDisplayType":-1,"cardType":1,"controlId":"health-20:EC:98:01:CA:C6","deviceConnectedDesc":"Connected","deviceConnectedStatus":true,"deviceLastConnectedTime":1786209122133,"deviceServiceMap":{"find_watch":{},"message_send":{"":"feature_enable"}},"deviceShowLevel":0,"deviceSwitch":false,"deviceTypeId":2,"displayMessage":"59","extraInfoOneDesc":"59%","extraInfoTwoDesc":"","isAppDisconnected":true,"isSupportClickCard":true,"packageName":"com.transsion.healthlife","pid":"0x000000041f0310102d","sortLevel":0,"subTitle":"","switchActionType":0,"targetClassName":"com.transsion.module.sport.view.ActionActivity","targetPackageName":"com.transsion.module.sport.view.ActionActivity","title":"Infinix XWatch N4"}]
08-08 20:12:03.146 19189 19189 E TCHelper: writeSettingProvider error 
08-08 20:12:03.146 19189 19189 D IotcardConverter: convertToIotCardBean: health-20:EC:98:01:CA:C6
08-08 20:12:03.146 19189 19189 D DeviceProviderService: checkChannelEnable channel state:TRANSIENT_FAILURE
08-08 20:12:03.149 19189 19189 D DeviceProviderService: build channel state:IDLE
08-08 20:12:03.158   896   896 E lowmemorykiller: device memory 238505 free 26224 file 217112
08-08 20:12:03.161  3009  3574 D OplusNetRttKit: getIcmpEchoRtt addr:10.145.0.*** avgRtt: 11
08-08 20:12:03.178 28665 28665 V AutofillManager: requestHideFillUi(null): anchor = null
08-08 20:12:03.179  3009  4718 I InputDispatcher: injectInputEvent: targetUid=<not set>, syncMode=WAIT_FOR_FINISHED, timeout=30000ms, policyFlags=0x8000000, event=MotionEvent { action=UP, id[0]=0, x[0]=270, y[0]=1542, eventTime=542918680000000, downTime=542918680000000, deviceId=4, source=TOUCHSCREEN, displayId=0, eventId=0xc9b79d27}
08-08 20:12:03.182  3009  4718 E InputDispatcher: Inconsistent event: MotionEvent { action=UP, id[0]=0, x[0]=270, y[0]=1542, eventTime=542918680000000, downTime=542918680000000, deviceId=4, source=TOUCHSCREEN, displayId=0, eventId=0xc9b79d27}, reason: Injection on 0: Got ACTION_UP, but we have pointers: {1, 0} for device DeviceId(-1)
08-08 20:12:03.185  4088  4088 D AnimSeqTimeStamp: getTimeGapToLastStartAppTime: 542919003
08-08 20:12:03.185  3009  3719 D UAH-UahAdaptHelper: adaptSetNotification identity = OplusUAwareInputHelpersrc = 1000 , type 1 ,p1 = -1 ,p2 = -1 ,p3 = -1 ,p4 =
08-08 20:12:03.185  3009  3719 I [UAH_CLIENT]: uahRuleCtl, ruleId:1000, status:1
08-08 20:12:03.261   896   896 E lowmemorykiller: device memory 238509 free 26224 file 217116
08-08 20:12:03.394 28665 28665 D ViewRootImplExtImpl: the up motion event handled by client, just return
08-08 20:12:03.405 28665 28665 I oplus.android.OplusFrameworkFactoryImpl: get feature:IOplusDynamicVsyncFeature
08-08 20:12:03.405 28665 28665 I oplus.android.OplusFrameworkFactoryImpl: get feature:IOplusDynamicVsyncFeature
08-08 20:12:03.405 28665 28665 I oplus.android.OplusFrameworkFactoryImpl: get feature:IOplusDynamicVsyncFeature
08-08 20:12:03.470  3009  4718 I InputDispatcher: injectInputEvent: targetUid=<not set>, syncMode=WAIT_FOR_FINISHED, timeout=30000ms, policyFlags=0x8000000, event=MotionEvent { action=DOWN, id[0]=0, x[0]=610, y[0]=1542, eventTime=542919289000000, downTime=542919289000000, deviceId=4, source=TOUCHSCREEN, displayId=0, eventId=0xd5ec7a2f}
08-08 20:12:03.472  3009  4718 E InputDispatcher: Inconsistent event: MotionEvent { action=DOWN, id[0]=0, x[0]=610, y[0]=1542, eventTime=542919289000000, downTime=542919289000000, deviceId=4, source=TOUCHSCREEN, displayId=0, eventId=0xd5ec7a2f}, reason: Injection on 0: Invalid DOWN event - pointers already down for device DeviceId(-1): {DeviceId(-1): {1, 0}}
08-08 20:12:03.475 28665 28665 V AutofillManager: requestHideFillUi(null): anchor = null
08-08 20:12:03.475  4088  4088 D AnimSeqTimeStamp: getTimeGapToLastStartAppTime: 542919294
08-08 20:12:03.475  4088  4088 I OplusBaseTouchInteractionService: onInputEvent(), ACTION_DOWN, Consumer=TYPE_NO_OP
08-08 20:12:03.475  3680  4525 I SystemUi--NavBar: NoBackGesture-->display_id_0 Start gesture: MotionEvent { action=ACTION_DOWN, actionButton=0, id[0]=0, x[0]=610.0, y[0]=1542.0, toolType[0]=TOOL_TYPE_FINGER, buttonState=0, classification=NONE, metaState=0, flags=0x0, edgeFlags=0x0, pointerCount=1, historySize=0, eventTime=542919289, downTime=542919289, deviceId=-1, source=0x1002, displayId=0, eventId=-705922513 }
08-08 20:12:03.475  3680  4525 I SystemUi--NavBar: NoBackGesture-->display_id_0 Not in side gesture area
08-08 20:12:03.476  3009  3566 D OGG_Detector: D:done mCurrStatus: 0
08-08 20:12:03.476  3009  3127 D PowerManagerService: userActivityNoUpdateLocked: groupId=0, eventTime=542919289, event=touch, flags=0x0, uid=1000
08-08 20:12:03.477  3009  3719 I [UAH_CLIENT]: UahEventAcquire, cmdid:37, pkg:none, identity:OplusUAwareInputHelper
08-08 20:12:03.478  3009  4718 I InputDispatcher: injectInputEvent: targetUid=<not set>, syncMode=WAIT_FOR_FINISHED, timeout=30000ms, policyFlags=0x8000000, event=MotionEvent { action=UP, id[0]=0, x[0]=610, y[0]=1542, eventTime=542919289000000, downTime=542919289000000, deviceId=4, source=TOUCHSCREEN, displayId=0, eventId=0xdb7e3edb}
08-08 20:12:03.478  3009  3719 D UAH-UahAdaptHelper: adaptSetNotification identity = OplusUAwareInputHelpersrc = 1000 , type 0 ,p1 = -1 ,p2 = -1 ,p3 = -1 ,p4 =
08-08 20:12:03.478  3009  3719 I [UAH_CLIENT]: uahRuleCtl, ruleId:1000, status:0
08-08 20:12:03.481  3009  4718 E InputDispatcher: Inconsistent event: MotionEvent { action=UP, id[0]=0, x[0]=610, y[0]=1542, eventTime=542919289000000, downTime=542919289000000, deviceId=4, source=TOUCHSCREEN, displayId=0, eventId=0xdb7e3edb}, reason: Injection on 0: Got ACTION_UP, but we have pointers: {1, 0} for device DeviceId(-1)
08-08 20:12:03.483 28665 28665 D ViewRootImplExtImpl: the up motion event handled by client, just return
08-08 20:12:03.484  4088  4088 D AnimSeqTimeStamp: getTimeGapToLastStartAppTime: 542919303
08-08 20:12:03.485  3009  3719 D UAH-UahAdaptHelper: adaptSetNotification identity = OplusUAwareInputHelpersrc = 1000 , type 1 ,p1 = -1 ,p2 = -1 ,p3 = -1 ,p4 =
08-08 20:12:03.485  3009  3719 I [UAH_CLIENT]: uahRuleCtl, ruleId:1000, status:1
08-08 20:12:03.489 28665 28665 I oplus.android.OplusFrameworkFactoryImpl: get feature:IOplusDynamicVsyncFeature
08-08 20:12:03.489 28665 28665 I oplus.android.OplusFrameworkFactoryImpl: get feature:IOplusDynamicVsyncFeature
08-08 20:12:03.489 28665 28665 I oplus.android.OplusFrameworkFactoryImpl: get feature:IOplusDynamicVsyncFeature
08-08 20:12:03.543  3009  4718 I InputDispatcher: injectInputEvent: targetUid=<not set>, syncMode=WAIT_FOR_FINISHED, timeout=30000ms, policyFlags=0x8000000, event=MotionEvent { action=DOWN, id[0]=0, x[0]=95, y[0]=1542, eventTime=542919362000000, downTime=542919362000000, deviceId=4, source=TOUCHSCREEN, displayId=0, eventId=0xfa301d6a}
08-08 20:12:03.544  3009  4718 E InputDispatcher: Inconsistent event: MotionEvent { action=DOWN, id[0]=0, x[0]=95, y[0]=1542, eventTime=542919362000000, downTime=542919362000000, deviceId=4, source=TOUCHSCREEN, displayId=0, eventId=0xfa301d6a}, reason: Injection on 0: Invalid DOWN event - pointers already down for device DeviceId(-1): {DeviceId(-1): {1, 0}}
08-08 20:12:03.549  4088  4088 D AnimSeqTimeStamp: getTimeGapToLastStartAppTime: 542919368
08-08 20:12:03.549  3680  4525 I SystemUi--NavBar: NoBackGesture-->display_id_0 Start gesture: MotionEvent { action=ACTION_DOWN, actionButton=0, id[0]=0, x[0]=95.0, y[0]=1542.0, toolType[0]=TOOL_TYPE_FINGER, buttonState=0, classification=NONE, metaState=0, flags=0x0, edgeFlags=0x0, pointerCount=1, historySize=0, eventTime=542919362, downTime=542919362, deviceId=-1, source=0x1002, displayId=0, eventId=-97510038 }
08-08 20:12:03.549  3680  4525 I SystemUi--NavBar: NoBackGesture-->display_id_0 Not in side gesture area
08-08 20:12:03.549  3009  3566 D OGG_Detector: D:done mCurrStatus: 0
08-08 20:12:03.550  3009  3719 I [UAH_CLIENT]: UahEventAcquire, cmdid:37, pkg:none, identity:OplusUAwareInputHelper
08-08 20:12:03.550  4088  4088 I OplusBaseTouchInteractionService: onInputEvent(), ACTION_DOWN, Consumer=TYPE_NO_OP
08-08 20:12:03.551  3009  3719 D UAH-UahAdaptHelper: adaptSetNotification identity = OplusUAwareInputHelpersrc = 1000 , type 0 ,p1 = -1 ,p2 = -1 ,p3 = -1 ,p4 =
08-08 20:12:03.551  3009  3719 I [UAH_CLIENT]: uahRuleCtl, ruleId:1000, status:0
08-08 20:12:03.824  1479  1567 D BatteryChargeControl: bcc get no support from charging protocol
08-08 20:12:03.850 28665 28665 V AutofillManager: requestHideFillUi(null): anchor = null
08-08 20:12:03.851  3009  4718 I InputDispatcher: injectInputEvent: targetUid=<not set>, syncMode=WAIT_FOR_FINISHED, timeout=30000ms, policyFlags=0x8000000, event=MotionEvent { action=UP, id[0]=0, x[0]=95, y[0]=1542, eventTime=542919362000000, downTime=542919362000000, deviceId=4, source=TOUCHSCREEN, displayId=0, eventId=0xe5678178}
08-08 20:12:03.857  3009  4718 E InputDispatcher: Inconsistent event: MotionEvent { action=UP, id[0]=0, x[0]=95, y[0]=1542, eventTime=542919362000000, downTime=542919362000000, deviceId=4, source=TOUCHSCREEN, displayId=0, eventId=0xe5678178}, reason: Injection on 0: Got ACTION_UP, but we have pointers: {1, 0} for device DeviceId(-1)
08-08 20:12:03.859  4088  4088 D AnimSeqTimeStamp: getTimeGapToLastStartAppTime: 542919678
08-08 20:12:03.859  3009  3719 D UAH-UahAdaptHelper: adaptSetNotification identity = OplusUAwareInputHelpersrc = 1000 , type 1 ,p1 = -1 ,p2 = -1 ,p3 = -1 ,p4 =
08-08 20:12:03.860  3009  3719 I [UAH_CLIENT]: uahRuleCtl, ruleId:1000, status:1
08-08 20:12:03.884  1479  1562 D vendor.oplus.hardware.charger-V6-service: ret_value:159, read content:,335,352,4110,4139,-829,1500,2200,61,62,1,6,1425,4560,62,1,0,1,1,0,0,4470,0,6,0,6,0,0,0,-2740,0,1,1,0,0,41,41,41,0,0,0,0,0,0,0,0,0,0,4,0,1,0,100,0,0,0,0,0,0,0
08-08 20:12:03.885  1479  1562 D vendor.oplus.hardware.charger-V6-service: gmtime: 2026-08-08-20-12-03
08-08 20:12:03.886  1479  1562 D vendor.oplus.hardware.charger-V6-service: usb_online:1, ac_online:0, wireless_online:-2147483648
08-08 20:12:03.906  1299 10375 E TetherController: property_get sys.radio.data.modem_share_flag return 0, 1!
08-08 20:12:03.910  3009  3998 I OplusHansManager : uid=10398, pkg=com.facebook.orca F enter(), M stay=10
08-08 20:12:03.916  3009  3998 I OplusHansManager : freeze uid: 10398 com.facebook.orca pids: [31177] scene: LcdOn
08-08 20:12:03.917  3009  4015 I OplusHansManager : p_BC uid=10398 pkg=com.facebook.orca
08-08 20:12:03.917  3009  4015 I OplusBinderProxy: proxyBinder uid: 10398 pkg: com.facebook.orca proxy: true calling: OFreezer
08-08 20:12:03.917  7071 18718 D IHansComunication: HANS sendMessageToKernel: threadId = 517145082992, netLinkSetup = 1, type = PKG, targetUid = 10398, pkgCmd = ADD_ONE_UID
08-08 20:12:03.970  8490 21369 I PTC.DISC.AndroidMultiLanServer: Watcher sysNif=[wlan0], userNif=[wlan0 state=(LISTEN JOIN(CEAB2B|63107)), ], clientNif=[wlan0 state=(LISTEN), ], tcpServer state=LISTEN, ipv4=10.145.0.24
08-08 20:12:04.083  1479  5654 D charge_time: write 5026s(01:23:46) to ttf, rc=6
08-08 20:12:04.083  1479  5654 D charge_time: type=cdp/dcp,reserve_soc=1,soc=61,ui_soc=62,current=1000,avg=977,not_chg_cnt=0,stable_cnt=7,fcc=4423,fcc_ratio=92,delta=99,debug=0,region=12,ttf=6116(01:41:56),ui_ttf=5026(01:23:46)
08-08 20:12:04.083 28665 28665 D ViewRootImplExtImpl: the up motion event handled by client, just return
08-08 20:12:04.096 28665 28665 I oplus.android.OplusFrameworkFactoryImpl: get feature:IOplusDynamicVsyncFeature
08-08 20:12:04.097 28665 28665 I oplus.android.OplusFrameworkFactoryImpl: get feature:IOplusDynamicVsyncFeature
08-08 20:12:04.097 28665 28665 I oplus.android.OplusFrameworkFactoryImpl: get feature:IOplusDynamicVsyncFeature
08-08 20:12:04.145  3979  4446 D CommonApp-741-10495: transport layer data is invalid
08-08 20:12:04.159  3009  4718 I InputDispatcher: injectInputEvent: targetUid=<not set>, syncMode=WAIT_FOR_FINISHED, timeout=30000ms, policyFlags=0x8000000, event=MotionEvent { action=DOWN, id[0]=0, x[0]=610, y[0]=1542, eventTime=542919978000000, downTime=542919978000000, deviceId=4, source=TOUCHSCREEN, displayId=0, eventId=0xd9e2d1c9}
08-08 20:12:04.162  3009  4718 E InputDispatcher: Inconsistent event: MotionEvent { action=DOWN, id[0]=0, x[0]=610, y[0]=1542, eventTime=542919978000000, downTime=542919978000000, deviceId=4, source=TOUCHSCREEN, displayId=0, eventId=0xd9e2d1c9}, reason: Injection on 0: Invalid DOWN event - pointers already down for device DeviceId(-1): {DeviceId(-1): {1, 0}}
08-08 20:12:04.163 28665 28665 V AutofillManager: requestHideFillUi(null): anchor = null
08-08 20:12:04.163  4088  4088 D AnimSeqTimeStamp: getTimeGapToLastStartAppTime: 542919982
08-08 20:12:04.163  3680  4525 I SystemUi--NavBar: NoBackGesture-->display_id_0 Start gesture: MotionEvent { action=ACTION_DOWN, actionButton=0, id[0]=0, x[0]=610.0, y[0]=1542.0, toolType[0]=TOOL_TYPE_FINGER, buttonState=0, classification=NONE, metaState=0, flags=0x0, edgeFlags=0x0, pointerCount=1, historySize=0, eventTime=542919978, downTime=542919978, deviceId=-1, source=0x1002, displayId=0, eventId=-639446583 }
08-08 20:12:04.164  3680  4525 I SystemUi--NavBar: NoBackGesture-->display_id_0 Not in side gesture area
08-08 20:12:04.164  4088  4088 I OplusBaseTouchInteractionService: onInputEvent(), ACTION_DOWN, Consumer=TYPE_NO_OP
08-08 20:12:04.164  3009  3127 D PowerManagerService: userActivityNoUpdateLocked: groupId=0, eventTime=542919978, event=touch, flags=0x0, uid=1000
08-08 20:12:04.164  3009  3719 I [UAH_CLIENT]: UahEventAcquire, cmdid:37, pkg:none, identity:OplusUAwareInputHelper
08-08 20:12:04.165  3009  3566 D OGG_Detector: D:done mCurrStatus: 0
08-08 20:12:04.165  3009  4718 I InputDispatcher: injectInputEvent: targetUid=<not set>, syncMode=WAIT_FOR_FINISHED, timeout=30000ms, policyFlags=0x8000000, event=MotionEvent { action=UP, id[0]=0, x[0]=610, y[0]=1542, eventTime=542919978000000, downTime=542919978000000, deviceId=4, source=TOUCHSCREEN, displayId=0, eventId=0xc3fd4f3f}
08-08 20:12:04.166  3009  3719 D UAH-UahAdaptHelper: adaptSetNotification identity = OplusUAwareInputHelpersrc = 1000 , type 0 ,p1 = -1 ,p2 = -1 ,p3 = -1 ,p4 =
08-08 20:12:04.166  3009  3719 I [UAH_CLIENT]: uahRuleCtl, ruleId:1000, status:0
08-08 20:12:04.168  3009  4718 E InputDispatcher: Inconsistent event: MotionEvent { action=UP, id[0]=0, x[0]=610, y[0]=1542, eventTime=542919978000000, downTime=542919978000000, deviceId=4, source=TOUCHSCREEN, displayId=0, eventId=0xc3fd4f3f}, reason: Injection on 0: Got ACTION_UP, but we have pointers: {1, 0} for device DeviceId(-1)
08-08 20:12:04.169  4088  4088 D AnimSeqTimeStamp: getTimeGapToLastStartAppTime: 542919989
08-08 20:12:04.170 28665 28665 D ViewRootImplExtImpl: the up motion event handled by client, just return
08-08 20:12:04.170  3009  3719 D UAH-UahAdaptHelper: adaptSetNotification identity = OplusUAwareInputHelpersrc = 1000 , type 1 ,p1 = -1 ,p2 = -1 ,p3 = -1 ,p4 =
08-08 20:12:04.170  3009  3719 I [UAH_CLIENT]: uahRuleCtl, ruleId:1000, status:1
08-08 20:12:04.175 28665 28665 I oplus.android.OplusFrameworkFactoryImpl: get feature:IOplusDynamicVsyncFeature
08-08 20:12:04.175 28665 28665 I oplus.android.OplusFrameworkFactoryImpl: get feature:IOplusDynamicVsyncFeature
08-08 20:12:04.175 28665 28665 I oplus.android.OplusFrameworkFactoryImpl: get feature:IOplusDynamicVsyncFeature
08-08 20:12:04.188  3009  3373 V AlarmManager: sending alarm Alarm{ec2da26 type 3 origWhen 895820143 whenElapsed 895820143 android} uid 1000 whenElapsed 895820143 windowLength 0 maxWhenElapsed 895820143 repeatInterval 0 action null component null tag *job.flexibility_check* flags 0x9 procName system_server
08-08 20:12:04.229  3009  4718 I InputDispatcher: injectInputEvent: targetUid=<not set>, syncMode=WAIT_FOR_FINISHED, timeout=30000ms, policyFlags=0x8000000, event=MotionEvent { action=DOWN, id[0]=0, x[0]=95, y[0]=1542, eventTime=542920047000000, downTime=542920047000000, deviceId=4, source=TOUCHSCREEN, displayId=0, eventId=0xd700fea1}
08-08 20:12:04.231  3009  4718 E InputDispatcher: Inconsistent event: MotionEvent { action=DOWN, id[0]=0, x[0]=95, y[0]=1542, eventTime=542920047000000, downTime=542920047000000, deviceId=4, source=TOUCHSCREEN, displayId=0, eventId=0xd700fea1}, reason: Injection on 0: Invalid DOWN event - pointers already down for device DeviceId(-1): {DeviceId(-1): {1, 0}}
08-08 20:12:04.233  4088  4088 D AnimSeqTimeStamp: getTimeGapToLastStartAppTime: 542920052
08-08 20:12:04.233  3680  4525 I SystemUi--NavBar: NoBackGesture-->display_id_0 Start gesture: MotionEvent { action=ACTION_DOWN, actionButton=0, id[0]=0, x[0]=95.0, y[0]=1542.0, toolType[0]=TOOL_TYPE_FINGER, buttonState=0, classification=NONE, metaState=0, flags=0x0, edgeFlags=0x0, pointerCount=1, historySize=0, eventTime=542920047, downTime=542920047, deviceId=-1, source=0x1002, displayId=0, eventId=-687800671 }
08-08 20:12:04.233  3680  4525 I SystemUi--NavBar: NoBackGesture-->display_id_0 Not in side gesture area
08-08 20:12:04.234  3009  3719 I [UAH_CLIENT]: UahEventAcquire, cmdid:37, pkg:none, identity:OplusUAwareInputHelper
08-08 20:12:04.234  4088  4088 I OplusBaseTouchInteractionService: onInputEvent(), ACTION_DOWN, Consumer=TYPE_NO_OP
08-08 20:12:04.235  3009  3719 D UAH-UahAdaptHelper: adaptSetNotification identity = OplusUAwareInputHelpersrc = 1000 , type 0 ,p1 = -1 ,p2 = -1 ,p3 = -1 ,p4 =
08-08 20:12:04.235  3009  3719 I [UAH_CLIENT]: uahRuleCtl, ruleId:1000, status:0
08-08 20:12:04.235  3009  3566 D OGG_Detector: D:done mCurrStatus: 0
08-08 20:12:04.380  3009  3998 I OplusHansManager : uid=10488, pkg=com.instagram.android F enter(), M stay=10
08-08 20:12:04.388  3009  3998 I OplusHansManager : freeze uid: 10488 com.instagram.android pids: [30037] scene: LcdOn
08-08 20:12:04.389  7071 18718 D IHansComunication: HANS sendMessageToKernel: threadId = 517145082992, netLinkSetup = 1, type = PKG, targetUid = 10488, pkgCmd = ADD_ONE_UID
08-08 20:12:04.393  3009  4134 I OplusHansManager : unfreeze uid: 10488 com.instagram.android pids: [30037] reason: ExecutingComponent scene: LcdOn
08-08 20:12:04.394  3009  3998 I OplusHansManager : uid=10488, pkg=com.instagram.android F exit(), F stay=0, reason=ExecutingComponent
08-08 20:12:04.394  3009  4015 I OplusHansManager : p_BC uid=10488 pkg=com.instagram.android
08-08 20:12:04.394  3009  4015 I OplusBinderProxy: proxyBinder uid: 10488 pkg: com.instagram.android proxy: true calling: OFreezer
08-08 20:12:04.394  3009  4015 I OplusHansManager : up_BC uid=10488 pkg=com.instagram.android
08-08 20:12:04.394  3009  4015 I OplusBinderProxy: proxyBinder uid: 10488 pkg: com.instagram.android proxy: false calling: OFreezer
08-08 20:12:04.532 28665 28665 V AutofillManager: requestHideFillUi(null): anchor = null
08-08 20:12:04.535  3009  4718 I InputDispatcher: injectInputEvent: targetUid=<not set>, syncMode=WAIT_FOR_FINISHED, timeout=30000ms, policyFlags=0x8000000, event=MotionEvent { action=UP, id[0]=0, x[0]=95, y[0]=1542, eventTime=542920047000000, downTime=542920047000000, deviceId=4, source=TOUCHSCREEN, displayId=0, eventId=0xda4a5e2c}
08-08 20:12:04.551  3009  4718 E InputDispatcher: Inconsistent event: MotionEvent { action=UP, id[0]=0, x[0]=95, y[0]=1542, eventTime=542920047000000, downTime=542920047000000, deviceId=4, source=TOUCHSCREEN, displayId=0, eventId=0xda4a5e2c}, reason: Injection on 0: Got ACTION_UP, but we have pointers: {1, 0} for device DeviceId(-1)
08-08 20:12:04.554  4088  4088 D AnimSeqTimeStamp: getTimeGapToLastStartAppTime: 542920373
08-08 20:12:04.555  3009  3719 D UAH-UahAdaptHelper: adaptSetNotification identity = OplusUAwareInputHelpersrc = 1000 , type 1 ,p1 = -1 ,p2 = -1 ,p3 = -1 ,p4 =
08-08 20:12:04.555  3009  3719 I [UAH_CLIENT]: uahRuleCtl, ruleId:1000, status:1
08-08 20:12:04.586  2259  2259 I cnss-daemon: nl80211 response handler invoked
08-08 20:12:04.586  2259  2259 I cnss-daemon: nl80211_response_handler: cmd 103, vendorID 4980, subcmd 13  received
08-08 20:12:04.586  1416 10610 I WifiHAL : event received NL80211_CMD_VENDOR, vendor_id = 0x1374, subcmd = 0xd
08-08 20:12:04.745 28665 28665 D ViewRootImplExtImpl: the up motion event handled by client, just return
08-08 20:12:04.756 28665 28665 I oplus.android.OplusFrameworkFactoryImpl: get feature:IOplusDynamicVsyncFeature
08-08 20:12:04.757 28665 28665 I oplus.android.OplusFrameworkFactoryImpl: get feature:IOplusDynamicVsyncFeature
08-08 20:12:04.757 28665 28665 I oplus.android.OplusFrameworkFactoryImpl: get feature:IOplusDynamicVsyncFeature
08-08 20:12:04.757  3009  3096 I ActivityManager: Test idle failed due to 47d9d 30037:com.instagram.android/u0a488 not runnable because EMPTY
08-08 20:12:04.806  3009  4718 I InputDispatcher: injectInputEvent: targetUid=<not set>, syncMode=WAIT_FOR_FINISHED, timeout=30000ms, policyFlags=0x8000000, event=MotionEvent { action=DOWN, id[0]=0, x[0]=610, y[0]=1542, eventTime=542920625000000, downTime=542920625000000, deviceId=4, source=TOUCHSCREEN, displayId=0, eventId=0xfc8ff9db}
08-08 20:12:04.808  3009  4718 E InputDispatcher: Inconsistent event: MotionEvent { action=DOWN, id[0]=0, x[0]=610, y[0]=1542, eventTime=542920625000000, downTime=542920625000000, deviceId=4, source=TOUCHSCREEN, displayId=0, eventId=0xfc8ff9db}, reason: Injection on 0: Invalid DOWN event - pointers already down for device DeviceId(-1): {DeviceId(-1): {1, 0}}
08-08 20:12:04.810 28665 28665 V AutofillManager: requestHideFillUi(null): anchor = null
08-08 20:12:04.810  4088  4088 D AnimSeqTimeStamp: getTimeGapToLastStartAppTime: 542920629
08-08 20:12:04.810  3680  4525 I SystemUi--NavBar: NoBackGesture-->display_id_0 Start gesture: MotionEvent { action=ACTION_DOWN, actionButton=0, id[0]=0, x[0]=610.0, y[0]=1542.0, toolType[0]=TOOL_TYPE_FINGER, buttonState=0, classification=NONE, metaState=0, flags=0x0, edgeFlags=0x0, pointerCount=1, historySize=0, eventTime=542920625, downTime=542920625, deviceId=-1, source=0x1002, displayId=0, eventId=-57673253 }
08-08 20:12:04.810  3680  4525 I SystemUi--NavBar: NoBackGesture-->display_id_0 Not in side gesture area
08-08 20:12:04.810  4088  4088 I OplusBaseTouchInteractionService: onInputEvent(), ACTION_DOWN, Consumer=TYPE_NO_OP
08-08 20:12:04.810  3009  3719 I [UAH_CLIENT]: UahEventAcquire, cmdid:37, pkg:none, identity:OplusUAwareInputHelper
08-08 20:12:04.811  3009  3127 D PowerManagerService: userActivityNoUpdateLocked: groupId=0, eventTime=542920625, event=touch, flags=0x0, uid=1000
08-08 20:12:04.812  3009  3719 D UAH-UahAdaptHelper: adaptSetNotification identity = OplusUAwareInputHelpersrc = 1000 , type 0 ,p1 = -1 ,p2 = -1 ,p3 = -1 ,p4 =
08-08 20:12:04.812  3009  3719 I [UAH_CLIENT]: uahRuleCtl, ruleId:1000, status:0
08-08 20:12:04.813  3009  3566 D OGG_Detector: D:done mCurrStatus: 0
08-08 20:12:04.814  3009  4718 I InputDispatcher: injectInputEvent: targetUid=<not set>, syncMode=WAIT_FOR_FINISHED, timeout=30000ms, policyFlags=0x8000000, event=MotionEvent { action=UP, id[0]=0, x[0]=610, y[0]=1542, eventTime=542920625000000, downTime=542920625000000, deviceId=4, source=TOUCHSCREEN, displayId=0, eventId=0xc5ac80a5}
08-08 20:12:04.817  3009  4718 E InputDispatcher: Inconsistent event: MotionEvent { action=UP, id[0]=0, x[0]=610, y[0]=1542, eventTime=542920625000000, downTime=542920625000000, deviceId=4, source=TOUCHSCREEN, displayId=0, eventId=0xc5ac80a5}, reason: Injection on 0: Got ACTION_UP, but we have pointers: {1, 0} for device DeviceId(-1)
08-08 20:12:04.819 28665 28665 D ViewRootImplExtImpl: the up motion event handled by client, just return
08-08 20:12:04.819  4088  4088 D AnimSeqTimeStamp: getTimeGapToLastStartAppTime: 542920638
08-08 20:12:04.820  3009  3719 D UAH-UahAdaptHelper: adaptSetNotification identity = OplusUAwareInputHelpersrc = 1000 , type 1 ,p1 = -1 ,p2 = -1 ,p3 = -1 ,p4 =
08-08 20:12:04.820  3009  3719 I [UAH_CLIENT]: uahRuleCtl, ruleId:1000, status:1
08-08 20:12:04.825 28665 28665 I oplus.android.OplusFrameworkFactoryImpl: get feature:IOplusDynamicVsyncFeature
08-08 20:12:04.825 28665 28665 I oplus.android.OplusFrameworkFactoryImpl: get feature:IOplusDynamicVsyncFeature
08-08 20:12:04.825 28665 28665 I oplus.android.OplusFrameworkFactoryImpl: get feature:IOplusDynamicVsyncFeature
08-08 20:12:04.825  1479  1567 D BatteryChargeControl: bcc get no support from charging protocol
08-08 20:12:04.885  3009  4718 I InputDispatcher: injectInputEvent: targetUid=<not set>, syncMode=WAIT_FOR_FINISHED, timeout=30000ms, policyFlags=0x8000000, event=MotionEvent { action=DOWN, id[0]=0, x[0]=450, y[0]=1542, eventTime=542920704000000, downTime=542920704000000, deviceId=4, source=TOUCHSCREEN, displayId=0, eventId=0xfc2bebfe}
08-08 20:12:04.887  3009  4718 E InputDispatcher: Inconsistent event: MotionEvent { action=DOWN, id[0]=0, x[0]=450, y[0]=1542, eventTime=542920704000000, downTime=542920704000000, deviceId=4, source=TOUCHSCREEN, displayId=0, eventId=0xfc2bebfe}, reason: Injection on 0: Invalid DOWN event - pointers already down for device DeviceId(-1): {DeviceId(-1): {1, 0}}
08-08 20:12:04.889  4088  4088 D AnimSeqTimeStamp: getTimeGapToLastStartAppTime: 542920708
08-08 20:12:04.889  3680  4525 I SystemUi--NavBar: NoBackGesture-->display_id_0 Start gesture: MotionEvent { action=ACTION_DOWN, actionButton=0, id[0]=0, x[0]=450.0, y[0]=1542.0, toolType[0]=TOOL_TYPE_FINGER, buttonState=0, classification=NONE, metaState=0, flags=0x0, edgeFlags=0x0, pointerCount=1, historySize=0, eventTime=542920704, downTime=542920704, deviceId=-1, source=0x1002, displayId=0, eventId=-64230402 }
08-08 20:12:04.889  3680  4525 I SystemUi--NavBar: NoBackGesture-->display_id_0 Not in side gesture area
08-08 20:12:04.889  3009  3566 D OGG_Detector: D:done mCurrStatus: 0
08-08 20:12:04.889  4088  4088 I OplusBaseTouchInteractionService: onInputEvent(), ACTION_DOWN, Consumer=TYPE_NO_OP
08-08 20:12:04.890  3009  3719 I [UAH_CLIENT]: UahEventAcquire, cmdid:37, pkg:none, identity:OplusUAwareInputHelper
08-08 20:12:04.891  3009  3719 D UAH-UahAdaptHelper: adaptSetNotification identity = OplusUAwareInputHelpersrc = 1000 , type 0 ,p1 = -1 ,p2 = -1 ,p3 = -1 ,p4 =
08-08 20:12:04.891  3009  3719 I [UAH_CLIENT]: uahRuleCtl, ruleId:1000, status:0
08-08 20:12:04.917  7071 18718 D IHansComunication: HANS sendMessageToKernel: threadId = 517145082992, netLinkSetup = 1, type = FROZEN_TRANS, targetUid = 10398, pkgCmd = PKG_CMD_MAX
08-08 20:12:04.918  3009  4230 I AppProfilerExtImpl: delay mem downgrade factor change for AS 10922
08-08 20:12:04.923  1299 10375 E TetherController: property_get sys.radio.data.modem_share_flag return 0, 1!
08-08 20:12:05.086  1479  5654 D charge_time: type=cdp/dcp,reserve_soc=1,soc=61,ui_soc=62,current=1017,avg=952,not_chg_cnt=0,stable_cnt=7,fcc=4423,fcc_ratio=92,delta=100,debug=0,region=12,ttf=6255(01:44:15),ui_ttf=5025(01:23:45)
08-08 20:12:05.170  3979  4446 D CommonApp-741-10495: transport layer data is invalid
08-08 20:12:05.188 28665 28665 V AutofillManager: requestHideFillUi(null): anchor = null
08-08 20:12:05.191  3009  4718 I InputDispatcher: injectInputEvent: targetUid=<not set>, syncMode=WAIT_FOR_FINISHED, timeout=30000ms, policyFlags=0x8000000, event=MotionEvent { action=UP, id[0]=0, x[0]=450, y[0]=1542, eventTime=542920704000000, downTime=542920704000000, deviceId=4, source=TOUCHSCREEN, displayId=0, eventId=0xd4e0ed40}
08-08 20:12:05.196  3009  4718 E InputDispatcher: Inconsistent event: MotionEvent { action=UP, id[0]=0, x[0]=450, y[0]=1542, eventTime=542920704000000, downTime=542920704000000, deviceId=4, source=TOUCHSCREEN, displayId=0, eventId=0xd4e0ed40}, reason: Injection on 0: Got ACTION_UP, but we have pointers: {1, 0} for device DeviceId(-1)
08-08 20:12:05.198  4088  4088 D AnimSeqTimeStamp: getTimeGapToLastStartAppTime: 542921017
08-08 20:12:05.198  3009  3719 D UAH-UahAdaptHelper: adaptSetNotification identity = OplusUAwareInputHelpersrc = 1000 , type 1 ,p1 = -1 ,p2 = -1 ,p3 = -1 ,p4 =
08-08 20:12:05.198  3009  3719 I [UAH_CLIENT]: uahRuleCtl, ruleId:1000, status:1
08-08 20:12:05.201  3009  4134 I OplusHansManager : FastFreeze enter, freeze uids: [10488]
08-08 20:12:05.202  3009  4134 I OplusHansManager : enter FastFreezer, frontApp: 10495, frozen uids: [10488], important uids: {10317=bt, 10326=fg-service, 10329=input}, reason: skip-frame
08-08 20:12:05.423 28665 28665 D ViewRootImplExtImpl: the up motion event handled by client, just return
08-08 20:12:05.435 28665 28665 I oplus.android.OplusFrameworkFactoryImpl: get feature:IOplusDynamicVsyncFeature
08-08 20:12:05.435 28665 28665 I oplus.android.OplusFrameworkFactoryImpl: get feature:IOplusDynamicVsyncFeature
08-08 20:12:05.435 28665 28665 I oplus.android.OplusFrameworkFactoryImpl: get feature:IOplusDynamicVsyncFeature
08-08 20:12:05.489  3009  4718 I InputDispatcher: injectInputEvent: targetUid=<not set>, syncMode=WAIT_FOR_FINISHED, timeout=30000ms, policyFlags=0x8000000, event=MotionEvent { action=DOWN, id[0]=0, x[0]=610, y[0]=1542, eventTime=542921308000000, downTime=542921308000000, deviceId=4, source=TOUCHSCREEN, displayId=0, eventId=0xfd77b548}
08-08 20:12:05.491  3009  4718 E InputDispatcher: Inconsistent event: MotionEvent { action=DOWN, id[0]=0, x[0]=610, y[0]=1542, eventTime=542921308000000, downTime=542921308000000, deviceId=4, source=TOUCHSCREEN, displayId=0, eventId=0xfd77b548}, reason: Injection on 0: Invalid DOWN event - pointers already down for device DeviceId(-1): {DeviceId(-1): {1, 0}}
08-08 20:12:05.493  4088  4088 D AnimSeqTimeStamp: getTimeGapToLastStartAppTime: 542921312
08-08 20:12:05.493  3680  4525 I SystemUi--NavBar: NoBackGesture-->display_id_0 Start gesture: MotionEvent { action=ACTION_DOWN, actionButton=0, id[0]=0, x[0]=610.0, y[0]=1542.0, toolType[0]=TOOL_TYPE_FINGER, buttonState=0, classification=NONE, metaState=0, flags=0x0, edgeFlags=0x0, pointerCount=1, historySize=0, eventTime=542921308, downTime=542921308, deviceId=-1, source=0x1002, displayId=0, eventId=-42486456 }
08-08 20:12:05.493  3009  3566 D OGG_Detector: D:done mCurrStatus: 0
08-08 20:12:05.493  4088  4088 I OplusBaseTouchInteractionService: onInputEvent(), ACTION_DOWN, Consumer=TYPE_NO_OP
08-08 20:12:05.493  3680  4525 I SystemUi--NavBar: NoBackGesture-->display_id_0 Not in side gesture area
08-08 20:12:05.493  3009  3719 I [UAH_CLIENT]: UahEventAcquire, cmdid:37, pkg:none, identity:OplusUAwareInputHelper
08-08 20:12:05.493  3009  3127 D PowerManagerService: userActivityNoUpdateLocked: groupId=0, eventTime=542921308, event=touch, flags=0x0, uid=1000
08-08 20:12:05.494  3009  3719 D UAH-UahAdaptHelper: adaptSetNotification identity = OplusUAwareInputHelpersrc = 1000 , type 0 ,p1 = -1 ,p2 = -1 ,p3 = -1 ,p4 =
08-08 20:12:05.495  3009  3719 I [UAH_CLIENT]: uahRuleCtl, ruleId:1000, status:0
08-08 20:12:05.589  3009  3442 D WifiStaIfaceHidlImpl: getCachedScanData is not implemented by HIDL
08-08 20:12:05.610  4047  4047 D VendorWifiService: onEvent event:9,action:1
08-08 20:12:05.612  3009  3545 D OplusWifiPower_TriggerCenter: mComponentCallback: wifistat
08-08 20:12:05.826  1479  1567 D BatteryChargeControl: bcc get no support from charging protocol
08-08 20:12:06.090  1479  5654 D charge_time: type=cdp/dcp,reserve_soc=1,soc=61,ui_soc=62,current=1022,avg=971,not_chg_cnt=0,stable_cnt=7,fcc=4423,fcc_ratio=92,delta=101,debug=0,region=12,ttf=6147(01:42:27),ui_ttf=5024(01:23:44)
08-08 20:12:06.193  1479  1479 D vendor.oplus.hardware.charger-V6-service: get_ui_charge_icon_type 0 0 0 0 0
08-08 20:12:06.193  3979  4446 D CommonApp-741-10495: transport layer data is invalid
08-08 20:12:06.194  1479  1479 D vendor.oplus.hardware.charger-V6-service: oplus_chg_get_cpa_power 7500 charge_online 1 retention_topic 0
08-08 20:12:06.195  1479  1479 D vendor.oplus.hardware.charger-V6-service: oplus_chg_get_cpa_power 7500 charge_online 1 retention_topic 0
08-08 20:12:06.195  1479  1479 D vendor.oplus.hardware.charger-V6-service: getIsSingleHyperSupport=2, cpa_power=7
08-08 20:12:06.196  1479  1479 E vendor.oplus.hardware.charger-V6-service: Failed to open the file: /sys/class/oplus_chg/common/plc. Error 2: No such file or directory
08-08 20:12:06.203  3680  3680 I SystemUi--Statusbar: BatteryControllerExt-->updateBatteryChangeIntent():broadcast=android.intent.action.BATTERY_CHANGED,level=62,scale=100
08-08 20:12:06.203  3680  3680 I SystemUi--Statusbar: BatteryRepository-->level: 62 -- isSavingMode: false
08-08 20:12:06.210  4047  4047 D SubsysBroadcastManager: onReceive action:android.intent.action.BATTERY_CHANGED
08-08 20:12:06.212  1479  1479 D vendor.oplus.hardware.charger-V6-service: get_ui_charge_icon_type 0 0 0 0 0
08-08 20:12:06.214  1479  1479 D vendor.oplus.hardware.charger-V6-service: oplus_chg_get_cpa_power 7500 charge_online 1 retention_topic 0
08-08 20:12:06.215  1479  1479 D vendor.oplus.hardware.charger-V6-service: oplus_chg_get_cpa_power 7500 charge_online 1 retention_topic 0
08-08 20:12:06.215  1479  1479 D vendor.oplus.hardware.charger-V6-service: getIsSingleHyperSupport=2, cpa_power=7
08-08 20:12:06.215 28909 28909 D DeviceStatisticsService: onReceive: action= android.intent.action.BATTERY_CHANGED
08-08 20:12:06.215  1479  1479 E vendor.oplus.hardware.charger-V6-service: Failed to open the file: /sys/class/oplus_chg/common/plc. Error 2: No such file or directory
08-08 20:12:06.219 31047 31047 D CustomLogManagerService: onReceive android.intent.action.BATTERY_CHANGED
08-08 20:12:06.221  3009  3134 D OplusDisplayBrightnessBroadcastReceiver: onReceive action = android.intent.action.BATTERY_CHANGED , listeners = [com.android.server.display.OplusFeatureHDREnhanceBrightness$PhoneInfoReceiver@1d811b8, com.android.server.display.OplusFeatureEdrEnhanceBrightness$PhoneInfoReceiver@ab5cb91]
08-08 20:12:06.223  6966  7029 E Battery : a: getAISleepDuration: predictResult is null.
08-08 20:12:06.223  6966  7029 E Battery : ChargeProtectionUtils: mCanlendarTmp.isEmpty()!
08-08 20:12:06.410  3009  4134 I OplusHansManager : FastFreeze exit, unfreeze uids: [10488]
08-08 20:12:06.411  3009  4134 I OplusHansManager : exit FastFreezer, unfreeze uids: [10488] thaw: [], reason: exitFF
08-08 20:12:06.411  3009  4134 I OplusHansManager : notify state machine event=FF_EXIT to uids=[10495, 10317, 10326, 10329, 10488]
08-08 20:12:06.421  1299 10375 E TetherController: property_get sys.radio.data.modem_share_flag return 0, 1!
08-08 20:12:06.585  1416 10610 I WifiHAL : event received NL80211_CMD_VENDOR, vendor_id = 0x1374, subcmd = 0xd
08-08 20:12:06.586  2259  2259 I cnss-daemon: nl80211 response handler invoked
08-08 20:12:06.586  2259  2259 I cnss-daemon: nl80211_response_handler: cmd 103, vendorID 4980, subcmd 13  received
08-08 20:12:06.586  3680  3902 I SystemUi--Statusbar: OplusNetworkSpeedControllExImpl-->updateNetworkSpeed: isConnected:true,isSwitchOn:true
08-08 20:12:06.610  3680  3902 I SystemUi--Statusbar: OplusNetworkSpeedControllExImpl-->getTotalByte: totalRxBytes:29285915290,totalTxBytes:2707983543,loopbackTxBytes:6856197,loopbackRxBytes:6856197 ,totalBytes:31980186439
08-08 20:12:06.704 28665 28665 V AutofillManager: requestHideFillUi(null): anchor = null
08-08 20:12:06.705 28665 28665 I Choreographer: Skipped 75 frames!  The application may be doing too much work on its main thread.
08-08 20:12:06.706  3009  4718 I InputDispatcher: injectInputEvent: targetUid=<not set>, syncMode=WAIT_FOR_FINISHED, timeout=30000ms, policyFlags=0x8000000, event=MotionEvent { action=UP, id[0]=0, x[0]=610, y[0]=1542, eventTime=542921308000000, downTime=542921308000000, deviceId=4, source=TOUCHSCREEN, displayId=0, eventId=0xe22835e3}
08-08 20:12:06.711  3009  4718 E InputDispatcher: Inconsistent event: MotionEvent { action=UP, id[0]=0, x[0]=610, y[0]=1542, eventTime=542921308000000, downTime=542921308000000, deviceId=4, source=TOUCHSCREEN, displayId=0, eventId=0xe22835e3}, reason: Injection on 0: Got ACTION_UP, but we have pointers: {1, 0} for device DeviceId(-1)
08-08 20:12:06.713  4088  4088 D AnimSeqTimeStamp: getTimeGapToLastStartAppTime: 542922532
08-08 20:12:06.713  3009  3719 D UAH-UahAdaptHelper: adaptSetNotification identity = OplusUAwareInputHelpersrc = 1000 , type 1 ,p1 = -1 ,p2 = -1 ,p3 = -1 ,p4 =
08-08 20:12:06.714  3009  3719 I [UAH_CLIENT]: uahRuleCtl, ruleId:1000, status:1
08-08 20:12:06.745  3009  3998 I OplusHansManager : uid=10317, pkg=com.transsion.healthlife cannot transition from R to M, importance=bt
08-08 20:12:06.828  1479  1567 D BatteryChargeControl: bcc get no support from charging protocol
08-08 20:12:07.097  1479  5654 D charge_time: type=cdp/dcp,reserve_soc=1,soc=61,ui_soc=62,current=1060,avg=985,not_chg_cnt=0,stable_cnt=7,fcc=4423,fcc_ratio=92,delta=102,debug=0,region=12,ttf=6070(01:41:10),ui_ttf=5023(01:23:43)
08-08 20:12:07.217  3979  4446 D CommonApp-741-10495: transport layer data is invalid
08-08 20:12:07.365  3979  4446 D Acc-OplusLinkBoostCommon: notifyThermalBroadCast level = 4 temp = 349,lastTemp: 352
08-08 20:12:07.430  1299 10375 E TetherController: property_get sys.radio.data.modem_share_flag return 0, 1!
08-08 20:12:07.761 28665 28665 D ViewRootImplExtImpl: the up motion event handled by client, just return
08-08 20:12:07.762 28665 28665 I Choreographer: Skipped 61 frames!  The application may be doing too much work on its main thread.
08-08 20:12:07.772 28665 29931 I HWUI    : Davey! duration=2330ms; Flags=0, FrameTimelineVsyncId=160670728, IntendedVsync=542921258019742, Vsync=542922520760392, InputEventId=-42486456, HandleInputStart=542922526300181, AnimationStart=542922526304400, PerformTraversalsStart=542922528415286, DrawStart=542923331354816, FrameDeadline=542921284633571, FrameInterval=542922524931796, FrameStartTime=16836542, SyncQueued=542923570446691, SyncStart=542923570585598, IssueDrawCommandsStart=542923579942629, SwapBuffers=542923582671952, FrameCompleted=542923588745337, DequeueBufferDuration=153438, QueueBufferDuration=458021, GpuCompleted=542923588745337, SwapBuffersCompleted=542923583712473, DisplayPresentTime=35192970645440, CommandSubmissionCompleted=542923582671952, 
08-08 20:12:07.789 28665 28665 I oplus.android.OplusFrameworkFactoryImpl: get feature:IOplusDynamicVsyncFeature
08-08 20:12:07.789 28665 28665 I oplus.android.OplusFrameworkFactoryImpl: get feature:IOplusDynamicVsyncFeature
08-08 20:12:07.789 28665 28665 I oplus.android.OplusFrameworkFactoryImpl: get feature:IOplusDynamicVsyncFeature
08-08 20:12:07.829  1479  1567 D BatteryChargeControl: bcc get no support from charging protocol
08-08 20:12:07.842  3009  4718 I InputDispatcher: injectInputEvent: targetUid=<not set>, syncMode=WAIT_FOR_FINISHED, timeout=30000ms, policyFlags=0x8000000, event=MotionEvent { action=DOWN, id[0]=0, x[0]=270, y[0]=1542, eventTime=542923661000000, downTime=542923661000000, deviceId=4, source=TOUCHSCREEN, displayId=0, eventId=0xf898416d}
08-08 20:12:07.845  3009  4718 E InputDispatcher: Inconsistent event: MotionEvent { action=DOWN, id[0]=0, x[0]=270, y[0]=1542, eventTime=542923661000000, downTime=542923661000000, deviceId=4, source=TOUCHSCREEN, displayId=0, eventId=0xf898416d}, reason: Injection on 0: Invalid DOWN event - pointers already down for device DeviceId(-1): {DeviceId(-1): {1, 0}}
08-08 20:12:07.847  3009  3127 D PowerManagerService: userActivityNoUpdateLocked: groupId=0, eventTime=542923661, event=touch, flags=0x0, uid=1000
08-08 20:12:07.846  3680  4525 I SystemUi--NavBar: NoBackGesture-->display_id_0 Start gesture: MotionEvent { action=ACTION_DOWN, actionButton=0, id[0]=0, x[0]=270.0, y[0]=1542.0, toolType[0]=TOOL_TYPE_FINGER, buttonState=0, classification=NONE, metaState=0, flags=0x0, edgeFlags=0x0, pointerCount=1, historySize=0, eventTime=542923661, downTime=542923661, deviceId=-1, source=0x1002, displayId=0, eventId=-124239507 }
08-08 20:12:07.846  4088  4088 D AnimSeqTimeStamp: getTimeGapToLastStartAppTime: 542923665
08-08 20:12:07.847  3009  3719 I [UAH_CLIENT]: UahEventAcquire, cmdid:37, pkg:none, identity:OplusUAwareInputHelper
08-08 20:12:07.847  3680  4525 I SystemUi--NavBar: NoBackGesture-->display_id_0 Not in side gesture area
08-08 20:12:07.847  4088  4088 I OplusBaseTouchInteractionService: onInputEvent(), ACTION_DOWN, Consumer=TYPE_NO_OP
08-08 20:12:07.848  3009  3566 D OGG_Detector: D:done mCurrStatus: 0
08-08 20:12:07.848  3009  3719 D UAH-UahAdaptHelper: adaptSetNotification identity = OplusUAwareInputHelpersrc = 1000 , type 0 ,p1 = -1 ,p2 = -1 ,p3 = -1 ,p4 =
08-08 20:12:07.848  3009  3719 I [UAH_CLIENT]: uahRuleCtl, ruleId:1000, status:0
08-08 20:12:08.104  1479  5654 D charge_time: type=cdp/dcp,reserve_soc=1,soc=61,ui_soc=62,current=1024,avg=1024,not_chg_cnt=0,stable_cnt=7,fcc=4423,fcc_ratio=92,delta=103,debug=0,region=12,ttf=5870(01:37:50),ui_ttf=5022(01:23:42)
08-08 20:12:08.145 28665 28665 V AutofillManager: requestHideFillUi(null): anchor = null
08-08 20:12:08.147  3009  4718 I InputDispatcher: injectInputEvent: targetUid=<not set>, syncMode=WAIT_FOR_FINISHED, timeout=30000ms, policyFlags=0x8000000, event=MotionEvent { action=UP, id[0]=0, x[0]=270, y[0]=1542, eventTime=542923661000000, downTime=542923661000000, deviceId=4, source=TOUCHSCREEN, displayId=0, eventId=0xea75d759}
08-08 20:12:08.152  3009  4718 E InputDispatcher: Inconsistent event: MotionEvent { action=UP, id[0]=0, x[0]=270, y[0]=1542, eventTime=542923661000000, downTime=542923661000000, deviceId=4, source=TOUCHSCREEN, displayId=0, eventId=0xea75d759}, reason: Injection on 0: Got ACTION_UP, but we have pointers: {1, 0} for device DeviceId(-1)
08-08 20:12:08.155  4088  4088 D AnimSeqTimeStamp: getTimeGapToLastStartAppTime: 542923974
08-08 20:12:08.156  3009  3719 D UAH-UahAdaptHelper: adaptSetNotification identity = OplusUAwareInputHelpersrc = 1000 , type 1 ,p1 = -1 ,p2 = -1 ,p3 = -1 ,p4 =
08-08 20:12:08.156  3009  3719 I [UAH_CLIENT]: uahRuleCtl, ruleId:1000, status:1
08-08 20:12:08.221 31047  3500 D CustomLogManagerService: WorkHandler msg.what :5
08-08 20:12:08.225 31047  3500 D CustomLogManagerService: curTemp:336 limit:390
08-08 20:12:08.225 31047  3500 D CustomLogManagerService: checkUploadStatus: isSceenOn=true activeNetType=1 isCharging=true isUploading:false temperatureLimit:false
08-08 20:12:08.225 31047  3500 D CustomLogManagerService: sys.log.customer=false
08-08 20:12:08.225 31047  3500 D CustomLogManagerService: isHaveCustomLogCollecting :false
08-08 20:12:08.241  3979  4446 D CommonApp-741-10495: transport layer data is invalid
08-08 20:12:08.362 28665 28665 D ViewRootImplExtImpl: the up motion event handled by client, just return
08-08 20:12:08.373 28665 28665 I oplus.android.OplusFrameworkFactoryImpl: get feature:IOplusDynamicVsyncFeature
08-08 20:12:08.373 28665 28665 I oplus.android.OplusFrameworkFactoryImpl: get feature:IOplusDynamicVsyncFeature
08-08 20:12:08.373 28665 28665 I oplus.android.OplusFrameworkFactoryImpl: get feature:IOplusDynamicVsyncFeature
08-08 20:12:08.441  1299 10375 E TetherController: property_get sys.radio.data.modem_share_flag return 0, 1!
08-08 20:12:08.454  3009  4786 I InputDispatcher: injectInputEvent: targetUid=<not set>, syncMode=WAIT_FOR_FINISHED, timeout=30000ms, policyFlags=0x8000000, event=MotionEvent { action=DOWN, id[0]=0, x[0]=610, y[0]=1542, eventTime=542924272000000, downTime=542924272000000, deviceId=4, source=TOUCHSCREEN, displayId=0, eventId=0xd34c635d}
08-08 20:12:08.455  3009  4786 E InputDispatcher: Inconsistent event: MotionEvent { action=DOWN, id[0]=0, x[0]=610, y[0]=1542, eventTime=542924272000000, downTime=542924272000000, deviceId=4, source=TOUCHSCREEN, displayId=0, eventId=0xd34c635d}, reason: Injection on 0: Invalid DOWN event - pointers already down for device DeviceId(-1): {DeviceId(-1): {1, 0}}
08-08 20:12:08.457 28665 28665 V AutofillManager: requestHideFillUi(null): anchor = null
08-08 20:12:08.457  3009  3566 D OGG_Detector: D:done mCurrStatus: 0
08-08 20:12:08.457  4088  4088 D AnimSeqTimeStamp: getTimeGapToLastStartAppTime: 542924276
08-08 20:12:08.457  3680  4525 I SystemUi--NavBar: NoBackGesture-->display_id_0 Start gesture: MotionEvent { action=ACTION_DOWN, actionButton=0, id[0]=0, x[0]=610.0, y[0]=1542.0, toolType[0]=TOOL_TYPE_FINGER, buttonState=0, classification=NONE, metaState=0, flags=0x0, edgeFlags=0x0, pointerCount=1, historySize=0, eventTime=542924272, downTime=542924272, deviceId=-1, source=0x1002, displayId=0, eventId=-749968547 }
08-08 20:12:08.457  3680  4525 I SystemUi--NavBar: NoBackGesture-->display_id_0 Not in side gesture area
08-08 20:12:08.458  4088  4088 I OplusBaseTouchInteractionService: onInputEvent(), ACTION_DOWN, Consumer=TYPE_NO_OP
08-08 20:12:08.458  3009  3127 D PowerManagerService: userActivityNoUpdateLocked: groupId=0, eventTime=542924272, event=touch, flags=0x0, uid=1000
08-08 20:12:08.459  3009  3719 I [UAH_CLIENT]: UahEventAcquire, cmdid:37, pkg:none, identity:OplusUAwareInputHelper
08-08 20:12:08.459  3009  4786 I InputDispatcher: injectInputEvent: targetUid=<not set>, syncMode=WAIT_FOR_FINISHED, timeout=30000ms, policyFlags=0x8000000, event=MotionEvent { action=UP, id[0]=0, x[0]=610, y[0]=1542, eventTime=542924272000000, downTime=542924272000000, deviceId=4, source=TOUCHSCREEN, displayId=0, eventId=0xc805ca70}
08-08 20:12:08.460  3009  3719 D UAH-UahAdaptHelper: adaptSetNotification identity = OplusUAwareInputHelpersrc = 1000 , type 0 ,p1 = -1 ,p2 = -1 ,p3 = -1 ,p4 =
08-08 20:12:08.461  3009  3719 I [UAH_CLIENT]: uahRuleCtl, ruleId:1000, status:0
08-08 20:12:08.463  3009  4786 E InputDispatcher: Inconsistent event: MotionEvent { action=UP, id[0]=0, x[0]=610, y[0]=1542, eventTime=542924272000000, downTime=542924272000000, deviceId=4, source=TOUCHSCREEN, displayId=0, eventId=0xc805ca70}, reason: Injection on 0: Got ACTION_UP, but we have pointers: {1, 0} for device DeviceId(-1)
08-08 20:12:08.465  4088  4088 D AnimSeqTimeStamp: getTimeGapToLastStartAppTime: 542924284
08-08 20:12:08.465 28665 28665 D ViewRootImplExtImpl: the up motion event handled by client, just return
08-08 20:12:08.465  3009  3719 D UAH-UahAdaptHelper: adaptSetNotification identity = OplusUAwareInputHelpersrc = 1000 , type 1 ,p1 = -1 ,p2 = -1 ,p3 = -1 ,p4 =
08-08 20:12:08.466  3009  3719 I [UAH_CLIENT]: uahRuleCtl, ruleId:1000, status:1
08-08 20:12:08.473 28665 28665 I oplus.android.OplusFrameworkFactoryImpl: get feature:IOplusDynamicVsyncFeature
08-08 20:12:08.473 28665 28665 I oplus.android.OplusFrameworkFactoryImpl: get feature:IOplusDynamicVsyncFeature
08-08 20:12:08.473 28665 28665 I oplus.android.OplusFrameworkFactoryImpl: get feature:IOplusDynamicVsyncFeature
08-08 20:12:08.529  3009  4786 I InputDispatcher: injectInputEvent: targetUid=<not set>, syncMode=WAIT_FOR_FINISHED, timeout=30000ms, policyFlags=0x8000000, event=MotionEvent { action=DOWN, id[0]=0, x[0]=95, y[0]=1542, eventTime=542924348000000, downTime=542924348000000, deviceId=4, source=TOUCHSCREEN, displayId=0, eventId=0xf666e209}
08-08 20:12:08.531  3009  4786 E InputDispatcher: Inconsistent event: MotionEvent { action=DOWN, id[0]=0, x[0]=95, y[0]=1542, eventTime=542924348000000, downTime=542924348000000, deviceId=4, source=TOUCHSCREEN, displayId=0, eventId=0xf666e209}, reason: Injection on 0: Invalid DOWN event - pointers already down for device DeviceId(-1): {DeviceId(-1): {1, 0}}
08-08 20:12:08.536  4088  4088 D AnimSeqTimeStamp: getTimeGapToLastStartAppTime: 542924355
08-08 20:12:08.536  3680  4525 I SystemUi--NavBar: NoBackGesture-->display_id_0 Start gesture: MotionEvent { action=ACTION_DOWN, actionButton=0, id[0]=0, x[0]=95.0, y[0]=1542.0, toolType[0]=TOOL_TYPE_FINGER, buttonState=0, classification=NONE, metaState=0, flags=0x0, edgeFlags=0x0, pointerCount=1, historySize=0, eventTime=542924348, downTime=542924348, deviceId=-1, source=0x1002, displayId=0, eventId=-161029623 }
08-08 20:12:08.537  3680  4525 I SystemUi--NavBar: NoBackGesture-->display_id_0 Not in side gesture area
08-08 20:12:08.539  3009  3719 I [UAH_CLIENT]: UahEventAcquire, cmdid:37, pkg:none, identity:OplusUAwareInputHelper
08-08 20:12:08.539  4088  4088 I OplusBaseTouchInteractionService: onInputEvent(), ACTION_DOWN, Consumer=TYPE_NO_OP
08-08 20:12:08.539  3009  3566 D OGG_Detector: D:done mCurrStatus: 0
08-08 20:12:08.542  3009  3719 D UAH-UahAdaptHelper: adaptSetNotification identity = OplusUAwareInputHelpersrc = 1000 , type 0 ,p1 = -1 ,p2 = -1 ,p3 = -1 ,p4 =
08-08 20:12:08.542  3009  3719 I [UAH_CLIENT]: uahRuleCtl, ruleId:1000, status:0
08-08 20:12:08.590  1416 10610 I WifiHAL : event received NL80211_CMD_VENDOR, vendor_id = 0x1374, subcmd = 0xd
08-08 20:12:08.590  2259  2259 I cnss-daemon: nl80211 response handler invoked
08-08 20:12:08.590  2259  2259 I cnss-daemon: nl80211_response_handler: cmd 103, vendorID 4980, subcmd 13  received
08-08 20:12:08.639  3009  3442 D WifiStaIfaceHidlImpl: getCachedScanData is not implemented by HIDL
08-08 20:12:08.650  4047  4047 D VendorWifiService: onEvent event:9,action:1
08-08 20:12:08.652  3009  3545 D OplusWifiPower_TriggerCenter: mComponentCallback: wifistat
08-08 20:12:08.830  1479  1567 D BatteryChargeControl: bcc get no support from charging protocol
08-08 20:12:08.837 28665 28665 V AutofillManager: requestHideFillUi(null): anchor = null
08-08 20:12:08.838  3009  4786 I InputDispatcher: injectInputEvent: targetUid=<not set>, syncMode=WAIT_FOR_FINISHED, timeout=30000ms, policyFlags=0x8000000, event=MotionEvent { action=UP, id[0]=0, x[0]=95, y[0]=1542, eventTime=542924348000000, downTime=542924348000000, deviceId=4, source=TOUCHSCREEN, displayId=0, eventId=0xe6bce5af}
08-08 20:12:08.846  3009  4786 E InputDispatcher: Inconsistent event: MotionEvent { action=UP, id[0]=0, x[0]=95, y[0]=1542, eventTime=542924348000000, downTime=542924348000000, deviceId=4, source=TOUCHSCREEN, displayId=0, eventId=0xe6bce5af}, reason: Injection on 0: Got ACTION_UP, but we have pointers: {1, 0} for device DeviceId(-1)
08-08 20:12:08.850  4088  4088 D AnimSeqTimeStamp: getTimeGapToLastStartAppTime: 542924669
08-08 20:12:08.850  3009  3719 D UAH-UahAdaptHelper: adaptSetNotification identity = OplusUAwareInputHelpersrc = 1000 , type 1 ,p1 = -1 ,p2 = -1 ,p3 = -1 ,p4 =
08-08 20:12:08.851  3009  3719 I [UAH_CLIENT]: uahRuleCtl, ruleId:1000, status:1
08-08 20:12:08.887  1479  1562 D vendor.oplus.hardware.charger-V6-service: ret_value:160, read content:,336,351,4115,4123,-1024,1500,2200,61,62,1,6,1425,4560,62,1,0,1,1,0,0,4470,0,6,0,6,0,0,0,-2740,0,1,1,0,0,41,41,41,0,0,0,0,0,0,0,0,0,0,4,0,1,0,100,0,0,0,0,0,0,0
08-08 20:12:08.888  1479  1562 D vendor.oplus.hardware.charger-V6-service: gmtime: 2026-08-08-20-12-08
08-08 20:12:08.889  1479  1562 D vendor.oplus.hardware.charger-V6-service: usb_online:1, ac_online:0, wireless_online:-2147483648
08-08 20:12:09.070 28665 28665 D ViewRootImplExtImpl: the up motion event handled by client, just return
08-08 20:12:09.081 28665 28665 I oplus.android.OplusFrameworkFactoryImpl: get feature:IOplusDynamicVsyncFeature
08-08 20:12:09.081 28665 28665 I oplus.android.OplusFrameworkFactoryImpl: get feature:IOplusDynamicVsyncFeature
08-08 20:12:09.081 28665 28665 I oplus.android.OplusFrameworkFactoryImpl: get feature:IOplusDynamicVsyncFeature
08-08 20:12:09.107  1479  5654 D charge_time: write 5021s(01:23:41) to ttf, rc=6
08-08 20:12:09.107  1479  5654 D charge_time: type=cdp/dcp,reserve_soc=1,soc=61,ui_soc=62,current=1054,avg=1035,not_chg_cnt=0,stable_cnt=7,fcc=4423,fcc_ratio=92,delta=104,debug=0,region=12,ttf=5817(01:36:57),ui_ttf=5021(01:23:41)
08-08 20:12:09.158  3009  4786 I InputDispatcher: injectInputEvent: targetUid=<not set>, syncMode=WAIT_FOR_FINISHED, timeout=30000ms, policyFlags=0x8000000, event=MotionEvent { action=DOWN, id[0]=0, x[0]=610, y[0]=1542, eventTime=542924977000000, downTime=542924977000000, deviceId=4, source=TOUCHSCREEN, displayId=0, eventId=0xdc07c958}
08-08 20:12:09.162  3009  4786 E InputDispatcher: Inconsistent event: MotionEvent { action=DOWN, id[0]=0, x[0]=610, y[0]=1542, eventTime=542924977000000, downTime=542924977000000, deviceId=4, source=TOUCHSCREEN, displayId=0, eventId=0xdc07c958}, reason: Injection on 0: Invalid DOWN event - pointers already down for device DeviceId(-1): {DeviceId(-1): {1, 0}}
08-08 20:12:09.164 28665 28665 V AutofillManager: requestHideFillUi(null): anchor = null
08-08 20:12:09.164  4088  4088 D AnimSeqTimeStamp: getTimeGapToLastStartAppTime: 542924983
08-08 20:12:09.165  4088  4088 I OplusBaseTouchInteractionService: onInputEvent(), ACTION_DOWN, Consumer=TYPE_NO_OP
08-08 20:12:09.165  3680  4525 I SystemUi--NavBar: NoBackGesture-->display_id_0 Start gesture: MotionEvent { action=ACTION_DOWN, actionButton=0, id[0]=0, x[0]=610.0, y[0]=1542.0, toolType[0]=TOOL_TYPE_FINGER, buttonState=0, classification=NONE, metaState=0, flags=0x0, edgeFlags=0x0, pointerCount=1, historySize=0, eventTime=542924977, downTime=542924977, deviceId=-1, source=0x1002, displayId=0, eventId=-603469480 }
08-08 20:12:09.165  3680  4525 I SystemUi--NavBar: NoBackGesture-->display_id_0 Not in side gesture area
08-08 20:12:09.166  3009  3127 D PowerManagerService: userActivityNoUpdateLocked: groupId=0, eventTime=542924977, event=touch, flags=0x0, uid=1000
08-08 20:12:09.166  3009  3719 I [UAH_CLIENT]: UahEventAcquire, cmdid:37, pkg:none, identity:OplusUAwareInputHelper
08-08 20:12:09.166  3009  3566 D OGG_Detector: D:done mCurrStatus: 0
08-08 20:12:09.167  3009  4786 I InputDispatcher: injectInputEvent: targetUid=<not set>, syncMode=WAIT_FOR_FINISHED, timeout=30000ms, policyFlags=0x8000000, event=MotionEvent { action=UP, id[0]=0, x[0]=610, y[0]=1542, eventTime=542924977000000, downTime=542924977000000, deviceId=4, source=TOUCHSCREEN, displayId=0, eventId=0xfa9ed89f}
08-08 20:12:09.168  3009  3719 D UAH-UahAdaptHelper: adaptSetNotification identity = OplusUAwareInputHelpersrc = 1000 , type 0 ,p1 = -1 ,p2 = -1 ,p3 = -1 ,p4 =
08-08 20:12:09.169  3009  3719 I [UAH_CLIENT]: uahRuleCtl, ruleId:1000, status:0
08-08 20:12:09.170  3009  4786 E InputDispatcher: Inconsistent event: MotionEvent { action=UP, id[0]=0, x[0]=610, y[0]=1542, eventTime=542924977000000, downTime=542924977000000, deviceId=4, source=TOUCHSCREEN, displayId=0, eventId=0xfa9ed89f}, reason: Injection on 0: Got ACTION_UP, but we have pointers: {1, 0} for device DeviceId(-1)
08-08 20:12:09.172  4088  4088 D AnimSeqTimeStamp: getTimeGapToLastStartAppTime: 542924991
08-08 20:12:09.172 28665 28665 D ViewRootImplExtImpl: the up motion event handled by client, just return
08-08 20:12:09.172  3009  3719 D UAH-UahAdaptHelper: adaptSetNotification identity = OplusUAwareInputHelpersrc = 1000 , type 1 ,p1 = -1 ,p2 = -1 ,p3 = -1 ,p4 =
08-08 20:12:09.173  3009  3719 I [UAH_CLIENT]: uahRuleCtl, ruleId:1000, status:1
08-08 20:12:09.178 28665 28665 I oplus.android.OplusFrameworkFactoryImpl: get feature:IOplusDynamicVsyncFeature
08-08 20:12:09.178 28665 28665 I oplus.android.OplusFrameworkFactoryImpl: get feature:IOplusDynamicVsyncFeature
08-08 20:12:09.178 28665 28665 I oplus.android.OplusFrameworkFactoryImpl: get feature:IOplusDynamicVsyncFeature
08-08 20:12:09.231  3009  4786 I InputDispatcher: injectInputEvent: targetUid=<not set>, syncMode=WAIT_FOR_FINISHED, timeout=30000ms, policyFlags=0x8000000, event=MotionEvent { action=DOWN, id[0]=0, x[0]=95, y[0]=1542, eventTime=542925050000000, downTime=542925050000000, deviceId=4, source=TOUCHSCREEN, displayId=0, eventId=0xdcdbbdd5}
08-08 20:12:09.232  3009  4786 E InputDispatcher: Inconsistent event: MotionEvent { action=DOWN, id[0]=0, x[0]=95, y[0]=1542, eventTime=542925050000000, downTime=542925050000000, deviceId=4, source=TOUCHSCREEN, displayId=0, eventId=0xdcdbbdd5}, reason: Injection on 0: Invalid DOWN event - pointers already down for device DeviceId(-1): {DeviceId(-1): {1, 0}}
08-08 20:12:09.234  4088  4088 D AnimSeqTimeStamp: getTimeGapToLastStartAppTime: 542925053
08-08 20:12:09.234  3680  4525 I SystemUi--NavBar: NoBackGesture-->display_id_0 Start gesture: MotionEvent { action=ACTION_DOWN, actionButton=0, id[0]=0, x[0]=95.0, y[0]=1542.0, toolType[0]=TOOL_TYPE_FINGER, buttonState=0, classification=NONE, metaState=0, flags=0x0, edgeFlags=0x0, pointerCount=1, historySize=0, eventTime=542925050, downTime=542925050, deviceId=-1, source=0x1002, displayId=0, eventId=-589578795 }
08-08 20:12:09.234  3680  4525 I SystemUi--NavBar: NoBackGesture-->display_id_0 Not in side gesture area
08-08 20:12:09.235  3009  3719 I [UAH_CLIENT]: UahEventAcquire, cmdid:37, pkg:none, identity:OplusUAwareInputHelper
08-08 20:12:09.235  4088  4088 I OplusBaseTouchInteractionService: onInputEvent(), ACTION_DOWN, Consumer=TYPE_NO_OP
08-08 20:12:09.235  3009  3566 D OGG_Detector: D:done mCurrStatus: 0
08-08 20:12:09.236  3009  3719 D UAH-UahAdaptHelper: adaptSetNotification identity = OplusUAwareInputHelpersrc = 1000 , type 0 ,p1 = -1 ,p2 = -1 ,p3 = -1 ,p4 =
08-08 20:12:09.236  3009  3719 I [UAH_CLIENT]: uahRuleCtl, ruleId:1000, status:0
08-08 20:12:09.267  3979  4446 D CommonApp-741-10495: transport layer data is invalid
08-08 20:12:09.457  1299 10375 E TetherController: property_get sys.radio.data.modem_share_flag return 0, 1!
08-08 20:12:09.537 28665 28665 V AutofillManager: requestHideFillUi(null): anchor = null
08-08 20:12:09.539  3009  4786 I InputDispatcher: injectInputEvent: targetUid=<not set>, syncMode=WAIT_FOR_FINISHED, timeout=30000ms, policyFlags=0x8000000, event=MotionEvent { action=UP, id[0]=0, x[0]=95, y[0]=1542, eventTime=542925050000000, downTime=542925050000000, deviceId=4, source=TOUCHSCREEN, displayId=0, eventId=0xe6750d3a}
08-08 20:12:09.545  3009  4786 E InputDispatcher: Inconsistent event: MotionEvent { action=UP, id[0]=0, x[0]=95, y[0]=1542, eventTime=542925050000000, downTime=542925050000000, deviceId=4, source=TOUCHSCREEN, displayId=0, eventId=0xe6750d3a}, reason: Injection on 0: Got ACTION_UP, but we have pointers: {1, 0} for device DeviceId(-1)
08-08 20:12:09.549  4088  4088 D AnimSeqTimeStamp: getTimeGapToLastStartAppTime: 542925368
08-08 20:12:09.550  3009  3719 D UAH-UahAdaptHelper: adaptSetNotification identity = OplusUAwareInputHelpersrc = 1000 , type 1 ,p1 = -1 ,p2 = -1 ,p3 = -1 ,p4 =
08-08 20:12:09.550  3009  3719 I [UAH_CLIENT]: uahRuleCtl, ruleId:1000, status:1
08-08 20:12:09.659  3979  4446 D CommonApp-741-10495: DefaultState EVENT_SCENARIOS_CHANGE
08-08 20:12:09.660  3979  4446 D CommonApp-741-10495: scene=COMMON pn=com.hypernova.phone
08-08 20:12:09.751 28665 28665 D ViewRootImplExtImpl: the up motion event handled by client, just return
08-08 20:12:09.758  3009  3096 I ActivityManager: Test idle failed due to 47d9d 30037:com.instagram.android/u0a488 not runnable because EMPTY
08-08 20:12:09.762 28665 28665 I oplus.android.OplusFrameworkFactoryImpl: get feature:IOplusDynamicVsyncFeature
08-08 20:12:09.762 28665 28665 I oplus.android.OplusFrameworkFactoryImpl: get feature:IOplusDynamicVsyncFeature
08-08 20:12:09.762 28665 28665 I oplus.android.OplusFrameworkFactoryImpl: get feature:IOplusDynamicVsyncFeature
08-08 20:12:09.828  3009  4786 I InputDispatcher: injectInputEvent: targetUid=<not set>, syncMode=WAIT_FOR_FINISHED, timeout=30000ms, policyFlags=0x8000000, event=MotionEvent { action=DOWN, id[0]=0, x[0]=610, y[0]=1542, eventTime=542925646000000, downTime=542925646000000, deviceId=4, source=TOUCHSCREEN, displayId=0, eventId=0xde512b8e}
08-08 20:12:09.831  1479  1567 D BatteryChargeControl: bcc get no support from charging protocol
08-08 20:12:09.831  3009  4786 E InputDispatcher: Inconsistent event: MotionEvent { action=DOWN, id[0]=0, x[0]=610, y[0]=1542, eventTime=542925646000000, downTime=542925646000000, deviceId=4, source=TOUCHSCREEN, displayId=0, eventId=0xde512b8e}, reason: Injection on 0: Invalid DOWN event - pointers already down for device DeviceId(-1): {DeviceId(-1): {1, 0}}
08-08 20:12:09.833  4088  4088 D AnimSeqTimeStamp: getTimeGapToLastStartAppTime: 542925652
08-08 20:12:09.833 28665 28665 V AutofillManager: requestHideFillUi(null): anchor = null
08-08 20:12:09.833  3680  4525 I SystemUi--NavBar: NoBackGesture-->display_id_0 Start gesture: MotionEvent { action=ACTION_DOWN, actionButton=0, id[0]=0, x[0]=610.0, y[0]=1542.0, toolType[0]=TOOL_TYPE_FINGER, buttonState=0, classification=NONE, metaState=0, flags=0x0, edgeFlags=0x0, pointerCount=1, historySize=0, eventTime=542925646, downTime=542925646, deviceId=-1, source=0x1002, displayId=0, eventId=-565105778 }
08-08 20:12:09.833  3009  3566 D OGG_Detector: D:done mCurrStatus: 0
08-08 20:12:09.833  3680  4525 I SystemUi--NavBar: NoBackGesture-->display_id_0 Not in side gesture area
08-08 20:12:09.833  4088  4088 I OplusBaseTouchInteractionService: onInputEvent(), ACTION_DOWN, Consumer=TYPE_NO_OP
08-08 20:12:09.833  3009  3719 I [UAH_CLIENT]: UahEventAcquire, cmdid:37, pkg:none, identity:OplusUAwareInputHelper
08-08 20:12:09.834  3009  3127 D PowerManagerService: userActivityNoUpdateLocked: groupId=0, eventTime=542925646, event=touch, flags=0x0, uid=1000
08-08 20:12:09.835  3009  4786 I InputDispatcher: injectInputEvent: targetUid=<not set>, syncMode=WAIT_FOR_FINISHED, timeout=30000ms, policyFlags=0x8000000, event=MotionEvent { action=UP, id[0]=0, x[0]=610, y[0]=1542, eventTime=542925646000000, downTime=542925646000000, deviceId=4, source=TOUCHSCREEN, displayId=0, eventId=0xd592975f}
08-08 20:12:09.835  3009  3719 D UAH-UahAdaptHelper: adaptSetNotification identity = OplusUAwareInputHelpersrc = 1000 , type 0 ,p1 = -1 ,p2 = -1 ,p3 = -1 ,p4 =
08-08 20:12:09.835  3009  3719 I [UAH_CLIENT]: uahRuleCtl, ruleId:1000, status:0
08-08 20:12:09.839  3009  4786 E InputDispatcher: Inconsistent event: MotionEvent { action=UP, id[0]=0, x[0]=610, y[0]=1542, eventTime=542925646000000, downTime=542925646000000, deviceId=4, source=TOUCHSCREEN, displayId=0, eventId=0xd592975f}, reason: Injection on 0: Got ACTION_UP, but we have pointers: {1, 0} for device DeviceId(-1)
08-08 20:12:09.840  4088  4088 D AnimSeqTimeStamp: getTimeGapToLastStartAppTime: 542925659
08-08 20:12:09.840 28665 28665 D ViewRootImplExtImpl: the up motion event handled by client, just return
08-08 20:12:09.841  3009  3719 D UAH-UahAdaptHelper: adaptSetNotification identity = OplusUAwareInputHelpersrc = 1000 , type 1 ,p1 = -1 ,p2 = -1 ,p3 = -1 ,p4 =
08-08 20:12:09.841  3009  3719 I [UAH_CLIENT]: uahRuleCtl, ruleId:1000, status:1
08-08 20:12:09.845 28665 28665 I oplus.android.OplusFrameworkFactoryImpl: get feature:IOplusDynamicVsyncFeature
08-08 20:12:09.845 28665 28665 I oplus.android.OplusFrameworkFactoryImpl: get feature:IOplusDynamicVsyncFeature
08-08 20:12:09.845 28665 28665 I oplus.android.OplusFrameworkFactoryImpl: get feature:IOplusDynamicVsyncFeature
08-08 20:12:09.896  3009  4786 I InputDispatcher: injectInputEvent: targetUid=<not set>, syncMode=WAIT_FOR_FINISHED, timeout=30000ms, policyFlags=0x8000000, event=MotionEvent { action=DOWN, id[0]=0, x[0]=450, y[0]=1542, eventTime=542925715000000, downTime=542925715000000, deviceId=4, source=TOUCHSCREEN, displayId=0, eventId=0xee328b43}
08-08 20:12:09.899  3009  4786 E InputDispatcher: Inconsistent event: MotionEvent { action=DOWN, id[0]=0, x[0]=450, y[0]=1542, eventTime=542925715000000, downTime=542925715000000, deviceId=4, source=TOUCHSCREEN, displayId=0, eventId=0xee328b43}, reason: Injection on 0: Invalid DOWN event - pointers already down for device DeviceId(-1): {DeviceId(-1): {1, 0}}
08-08 20:12:09.901  4088  4088 D AnimSeqTimeStamp: getTimeGapToLastStartAppTime: 542925720
08-08 20:12:09.901  3680  4525 I SystemUi--NavBar: NoBackGesture-->display_id_0 Start gesture: MotionEvent { action=ACTION_DOWN, actionButton=0, id[0]=0, x[0]=450.0, y[0]=1542.0, toolType[0]=TOOL_TYPE_FINGER, buttonState=0, classification=NONE, metaState=0, flags=0x0, edgeFlags=0x0, pointerCount=1, historySize=0, eventTime=542925715, downTime=542925715, deviceId=-1, source=0x1002, displayId=0, eventId=-298677437 }
08-08 20:12:09.901  3680  4525 I SystemUi--NavBar: NoBackGesture-->display_id_0 Not in side gesture area
08-08 20:12:09.901  3009  3566 D OGG_Detector: D:done mCurrStatus: 0
08-08 20:12:09.901  4088  4088 I OplusBaseTouchInteractionService: onInputEvent(), ACTION_DOWN, Consumer=TYPE_NO_OP
08-08 20:12:09.901  3009  3719 I [UAH_CLIENT]: UahEventAcquire, cmdid:37, pkg:none, identity:OplusUAwareInputHelper
08-08 20:12:09.903  3009  3719 D UAH-UahAdaptHelper: adaptSetNotification identity = OplusUAwareInputHelpersrc = 1000 , type 0 ,p1 = -1 ,p2 = -1 ,p3 = -1 ,p4 =
08-08 20:12:09.903  3009  3719 I [UAH_CLIENT]: uahRuleCtl, ruleId:1000, status:0
08-08 20:12:10.115  1479  5654 D charge_time: type=cdp/dcp,reserve_soc=1,soc=61,ui_soc=62,current=1035,avg=1039,not_chg_cnt=0,stable_cnt=7,fcc=4423,fcc_ratio=92,delta=105,debug=0,region=12,ttf=5797(01:36:37),ui_ttf=5020(01:23:40)
08-08 20:12:10.269 28665 28665 V AutofillManager: requestHideFillUi(null): anchor = null
08-08 20:12:10.274  3009  4786 I InputDispatcher: injectInputEvent: targetUid=<not set>, syncMode=WAIT_FOR_FINISHED, timeout=30000ms, policyFlags=0x8000000, event=MotionEvent { action=UP, id[0]=0, x[0]=450, y[0]=1542, eventTime=542925715000000, downTime=542925715000000, deviceId=4, source=TOUCHSCREEN, displayId=0, eventId=0xdeaf99fc}
08-08 20:12:10.291  3979  4446 D CommonApp-741-10495: transport layer data is invalid
08-08 20:12:10.291  3009  4786 E InputDispatcher: Inconsistent event: MotionEvent { action=UP, id[0]=0, x[0]=450, y[0]=1542, eventTime=542925715000000, downTime=542925715000000, deviceId=4, source=TOUCHSCREEN, displayId=0, eventId=0xdeaf99fc}, reason: Injection on 0: Got ACTION_UP, but we have pointers: {1, 0} for device DeviceId(-1)
08-08 20:12:10.297  4088  4088 D AnimSeqTimeStamp: getTimeGapToLastStartAppTime: 542926116
08-08 20:12:10.298  3009  3719 D UAH-UahAdaptHelper: adaptSetNotification identity = OplusUAwareInputHelpersrc = 1000 , type 1 ,p1 = -1 ,p2 = -1 ,p3 = -1 ,p4 =
08-08 20:12:10.298  3009  3719 I [UAH_CLIENT]: uahRuleCtl, ruleId:1000, status:1
08-08 20:12:10.471  1299 10375 E TetherController: property_get sys.radio.data.modem_share_flag return 0, 1!
08-08 20:12:10.496 28665 28665 D ViewRootImplExtImpl: the up motion event handled by client, just return
08-08 20:12:10.507 28665 28665 I oplus.android.OplusFrameworkFactoryImpl: get feature:IOplusDynamicVsyncFeature
08-08 20:12:10.507 28665 28665 I oplus.android.OplusFrameworkFactoryImpl: get feature:IOplusDynamicVsyncFeature
08-08 20:12:10.507 28665 28665 I oplus.android.OplusFrameworkFactoryImpl: get feature:IOplusDynamicVsyncFeature
08-08 20:12:10.584  3009  4786 I InputDispatcher: injectInputEvent: targetUid=<not set>, syncMode=WAIT_FOR_FINISHED, timeout=30000ms, policyFlags=0x8000000, event=MotionEvent { action=DOWN, id[0]=0, x[0]=610, y[0]=1542, eventTime=542926401000000, downTime=542926401000000, deviceId=4, source=TOUCHSCREEN, displayId=0, eventId=0xd597d617}
08-08 20:12:10.587  3009  4786 E InputDispatcher: Inconsistent event: MotionEvent { action=DOWN, id[0]=0, x[0]=610, y[0]=1542, eventTime=542926401000000, downTime=542926401000000, deviceId=4, source=TOUCHSCREEN, displayId=0, eventId=0xd597d617}, reason: Injection on 0: Invalid DOWN event - pointers already down for device DeviceId(-1): {DeviceId(-1): {1, 0}}
08-08 20:12:10.588  3009  3681 W Binder  : Outgoing transactions from this process must be FLAG_ONEWAY
08-08 20:12:10.588  3009  3681 W Binder  : java.lang.Throwable
08-08 20:12:10.588  3009  3681 W Binder  : 	at android.os.BinderProxy.transact(BinderProxy.java:633)
08-08 20:12:10.588  3009  3681 W Binder  : 	at android.content.ContentProviderProxy.insert(ContentProviderNative.java:587)
08-08 20:12:10.588  3009  3681 W Binder  : 	at android.content.ContentProviderClient.insert(ContentProviderClient.java:347)
08-08 20:12:10.588  3009  3681 W Binder  : 	at android.content.ContentProviderClient.insert(ContentProviderClient.java:336)
08-08 20:12:10.588  3009  3681 W Binder  : 	at com.oplus.util.OplusStatisticsImpl.insert(OplusStatisticsImpl.java:307)
08-08 20:12:10.588  3009  3681 W Binder  : 	at com.oplus.util.OplusStatisticsImpl.sendDataToDCS(OplusStatisticsImpl.java:287)
08-08 20:12:10.588  3009  3681 W Binder  : 	at com.oplus.util.OplusStatisticsImpl.flushInternal(OplusStatisticsImpl.java:264)
08-08 20:12:10.588  3009  3681 W Binder  : 	at com.oplus.util.OplusStatisticsImpl.lambda$setDelayFlushJobIfNeed$4(OplusStatisticsImpl.java:211)
08-08 20:12:10.588  3009  3681 W Binder  : 	at com.oplus.util.OplusStatisticsImpl.$r8$lambda$4UYTp2NCu6Rml69JNqEuK7o54SI(OplusStatisticsImpl.java:0)
08-08 20:12:10.588  3009  3681 W Binder  : 	at com.oplus.util.OplusStatisticsImpl$$ExternalSyntheticLambda5.run(D8$$SyntheticClass:0)
08-08 20:12:10.588  3009  3681 W Binder  : 	at java.util.concurrent.Executors$RunnableAdapter.call(Executors.java:520)
08-08 20:12:10.588  3009  3681 W Binder  : 	at java.util.concurrent.FutureTask.run(FutureTask.java:328)
08-08 20:12:10.588  3009  3681 W Binder  : 	at java.util.concurrent.ScheduledThreadPoolExecutor$ScheduledFutureTask.run(ScheduledThreadPoolExecutor.java:323)
08-08 20:12:10.588  3009  3681 W Binder  : 	at java.util.concurrent.ThreadPoolExecutor.runWorker(ThreadPoolExecutor.java:1100)
08-08 20:12:10.588  3009  3681 W Binder  : 	at java.util.concurrent.ThreadPoolExecutor$Worker.run(ThreadPoolExecutor.java:624)
08-08 20:12:10.588  3009  3681 W Binder  : 	at java.lang.Thread.run(Thread.java:1572)
08-08 20:12:10.589  4088  4088 D AnimSeqTimeStamp: getTimeGapToLastStartAppTime: 542926408
08-08 20:12:10.589  3680  4525 I SystemUi--NavBar: NoBackGesture-->display_id_0 Start gesture: MotionEvent { action=ACTION_DOWN, actionButton=0, id[0]=0, x[0]=610.0, y[0]=1542.0, toolType[0]=TOOL_TYPE_FINGER, buttonState=0, classification=NONE, metaState=0, flags=0x0, edgeFlags=0x0, pointerCount=1, historySize=0, eventTime=542926401, downTime=542926401, deviceId=-1, source=0x1002, displayId=0, eventId=-711469545 }
08-08 20:12:10.589  3680  4525 I SystemUi--NavBar: NoBackGesture-->display_id_0 Not in side gesture area
08-08 20:12:10.589  4088  4088 I OplusBaseTouchInteractionService: onInputEvent(), ACTION_DOWN, Consumer=TYPE_NO_OP
08-08 20:12:10.590  3009  3566 D OGG_Detector: D:done mCurrStatus: 0
08-08 20:12:10.592  3009  3127 D PowerManagerService: userActivityNoUpdateLocked: groupId=0, eventTime=542926401, event=touch, flags=0x0, uid=1000
08-08 20:12:10.593  3009  3719 I [UAH_CLIENT]: UahEventAcquire, cmdid:37, pkg:none, identity:OplusUAwareInputHelper
08-08 20:12:10.594  3009  3719 D UAH-UahAdaptHelper: adaptSetNotification identity = OplusUAwareInputHelpersrc = 1000 , type 0 ,p1 = -1 ,p2 = -1 ,p3 = -1 ,p4 =
08-08 20:12:10.595  3009  3719 I [UAH_CLIENT]: uahRuleCtl, ruleId:1000, status:0
08-08 20:12:10.598  2259  2259 I cnss-daemon: nl80211 response handler invoked
08-08 20:12:10.598  2259  2259 I cnss-daemon: nl80211_response_handler: cmd 103, vendorID 4980, subcmd 13  received
08-08 20:12:10.599  1416 10610 I WifiHAL : event received NL80211_CMD_VENDOR, vendor_id = 0x1374, subcmd = 0xd
08-08 20:12:10.614  3680  3902 I SystemUi--Statusbar: OplusNetworkSpeedControllExImpl-->updateNetworkSpeed: isConnected:true,isSwitchOn:true
08-08 20:12:10.624  3680  3902 I SystemUi--Statusbar: OplusNetworkSpeedControllExImpl-->getTotalByte: totalRxBytes:29285915613,totalTxBytes:2707983978,loopbackTxBytes:6856297,loopbackRxBytes:6856297 ,totalBytes:31980186997
08-08 20:12:10.695  3009  3024 I system_server: Background young concurrent mark compact GC freed 23MB AllocSpace bytes, 1(20KB) LOS objects, 17% free, 109MB/132MB, paused 11.360ms,12.120ms total 224.574ms
08-08 20:12:10.832  1479  1567 D BatteryChargeControl: bcc get no support from charging protocol
08-08 20:12:11.073  1479  1479 D vendor.oplus.hardware.charger-V6-service: get_ui_charge_icon_type 0 0 0 0 0
08-08 20:12:11.074  1479  1479 D vendor.oplus.hardware.charger-V6-service: oplus_chg_get_cpa_power 7500 charge_online 1 retention_topic 0
08-08 20:12:11.075  1479  1479 D vendor.oplus.hardware.charger-V6-service: oplus_chg_get_cpa_power 7500 charge_online 1 retention_topic 0
08-08 20:12:11.075  1479  1479 D vendor.oplus.hardware.charger-V6-service: getIsSingleHyperSupport=2, cpa_power=7
08-08 20:12:11.075  1479  1479 E vendor.oplus.hardware.charger-V6-service: Failed to open the file: /sys/class/oplus_chg/common/plc. Error 2: No such file or directory
08-08 20:12:11.082  3680  3680 I SystemUi--Statusbar: BatteryControllerExt-->updateBatteryChangeIntent():broadcast=android.intent.action.BATTERY_CHANGED,level=62,scale=100
08-08 20:12:11.082  3680  3680 I SystemUi--Statusbar: BatteryRepository-->level: 62 -- isSavingMode: false
08-08 20:12:11.085  3009  3134 D OplusDisplayBrightnessBroadcastReceiver: onReceive action = android.intent.action.BATTERY_CHANGED , listeners = [com.android.server.display.OplusFeatureHDREnhanceBrightness$PhoneInfoReceiver@1d811b8, com.android.server.display.OplusFeatureEdrEnhanceBrightness$PhoneInfoReceiver@ab5cb91]
08-08 20:12:11.086  4047  4047 D SubsysBroadcastManager: onReceive action:android.intent.action.BATTERY_CHANGED
08-08 20:12:11.090 28909 28909 D DeviceStatisticsService: onReceive: action= android.intent.action.BATTERY_CHANGED
08-08 20:12:11.094 31047 31047 D CustomLogManagerService: onReceive android.intent.action.BATTERY_CHANGED
08-08 20:12:11.097  6966  7029 E Battery : a: getAISleepDuration: predictResult is null.
08-08 20:12:11.097  6966  7029 E Battery : ChargeProtectionUtils: mCanlendarTmp.isEmpty()!
08-08 20:12:11.097  1479  1479 D vendor.oplus.hardware.charger-V6-service: get_ui_charge_icon_type 0 0 0 0 0
08-08 20:12:11.098  1479  1479 D vendor.oplus.hardware.charger-V6-service: oplus_chg_get_cpa_power 7500 charge_online 1 retention_topic 0
08-08 20:12:11.099  1479  1479 D vendor.oplus.hardware.charger-V6-service: oplus_chg_get_cpa_power 7500 charge_online 1 retention_topic 0
08-08 20:12:11.099  1479  1479 D vendor.oplus.hardware.charger-V6-service: getIsSingleHyperSupport=2, cpa_power=7
08-08 20:12:11.099  1479  1479 E vendor.oplus.hardware.charger-V6-service: Failed to open the file: /sys/class/oplus_chg/common/plc. Error 2: No such file or directory
08-08 20:12:11.117  1479  5654 D charge_time: type=cdp/dcp,reserve_soc=1,soc=61,ui_soc=62,current=1021,avg=1038,not_chg_cnt=0,stable_cnt=7,fcc=4423,fcc_ratio=92,delta=106,debug=0,region=12,ttf=5801(01:36:41),ui_ttf=5019(01:23:39)
08-08 20:12:11.314  3979  4446 D CommonApp-741-10495: transport layer data is invalid
08-08 20:12:11.498  1299 10375 E TetherController: property_get sys.radio.data.modem_share_flag return 0, 1!
08-08 20:12:11.641 28967 24134 I NearbyMediums: No BLE Fast/GATT advertisements found in the latest cycle.
08-08 20:12:11.641 28967 24134 I NearbyMediums: Current Tracked Scanning Clients are : {NearbyConnections.EnvironmentMonitor, NearbySharing}
08-08 20:12:11.668  3009  3442 D WifiStaIfaceHidlImpl: getCachedScanData is not implemented by HIDL
08-08 20:12:11.697  4047  4047 D VendorWifiService: onEvent event:9,action:1
08-08 20:12:11.699  3009  3545 D OplusWifiPower_TriggerCenter: mComponentCallback: wifistat
08-08 20:12:11.833  1479  1567 D BatteryChargeControl: bcc get no support from charging protocol
08-08 20:12:11.857 28665 28665 V AutofillManager: requestHideFillUi(null): anchor = null
08-08 20:12:11.859 28665 28665 I Choreographer: Skipped 80 frames!  The application may be doing too much work on its main thread.
08-08 20:12:11.859  3009  4786 I InputDispatcher: injectInputEvent: targetUid=<not set>, syncMode=WAIT_FOR_FINISHED, timeout=30000ms, policyFlags=0x8000000, event=MotionEvent { action=UP, id[0]=0, x[0]=610, y[0]=1542, eventTime=542926401000000, downTime=542926401000000, deviceId=4, source=TOUCHSCREEN, displayId=0, eventId=0xe0a8affd}
08-08 20:12:11.865  3009  4786 E InputDispatcher: Inconsistent event: MotionEvent { action=UP, id[0]=0, x[0]=610, y[0]=1542, eventTime=542926401000000, downTime=542926401000000, deviceId=4, source=TOUCHSCREEN, displayId=0, eventId=0xe0a8affd}, reason: Injection on 0: Got ACTION_UP, but we have pointers: {1, 0} for device DeviceId(-1)
08-08 20:12:11.868  4088  4088 D AnimSeqTimeStamp: getTimeGapToLastStartAppTime: 542927687
08-08 20:12:11.868  3009  3719 D UAH-UahAdaptHelper: adaptSetNotification identity = OplusUAwareInputHelpersrc = 1000 , type 1 ,p1 = -1 ,p2 = -1 ,p3 = -1 ,p4 =
08-08 20:12:11.869  3009  3719 I [UAH_CLIENT]: uahRuleCtl, ruleId:1000, status:1
08-08 20:12:12.123  1479  5654 D charge_time: type=cdp/dcp,reserve_soc=1,soc=61,ui_soc=62,current=983,avg=1023,not_chg_cnt=0,stable_cnt=7,fcc=4423,fcc_ratio=92,delta=107,debug=0,region=12,ttf=5871(01:37:51),ui_ttf=5018(01:23:38)
08-08 20:12:12.338  3979  4446 D CommonApp-741-10495: transport layer data is invalid
08-08 20:12:12.509  1299 10375 E TetherController: property_get sys.radio.data.modem_share_flag return 0, 1!
08-08 20:12:12.600  2259  2259 I cnss-daemon: nl80211 response handler invoked
08-08 20:12:12.600  2259  2259 I cnss-daemon: nl80211_response_handler: cmd 103, vendorID 4980, subcmd 13  received
08-08 20:12:12.600  1416 10610 I WifiHAL : event received NL80211_CMD_VENDOR, vendor_id = 0x1374, subcmd = 0xd
08-08 20:12:12.835  1479  1567 D BatteryChargeControl: bcc get no support from charging protocol
08-08 20:12:12.909 28665 28665 D ViewRootImplExtImpl: the up motion event handled by client, just return
08-08 20:12:12.910 28665 28665 I Choreographer: Skipped 61 frames!  The application may be doing too much work on its main thread.
08-08 20:12:12.928 28665 29931 I HWUI    : Davey! duration=2406ms; Flags=0, FrameTimelineVsyncId=160671003, IntendedVsync=542926329848001, Vsync=542927676328001, InputEventId=-711469545, HandleInputStart=542927679455127, AnimationStart=542927679459659, PerformTraversalsStart=542927681593513, DrawStart=542928481545648, FrameDeadline=542926356308972, FrameInterval=542927678645284, FrameStartTime=16831000, SyncQueued=542928717983929, SyncStart=542928718136429, IssueDrawCommandsStart=542928727933096, SwapBuffers=542928730587262, FrameCompleted=542928736464554, DequeueBufferDuration=317709, QueueBufferDuration=555365, GpuCompleted=542928736464554, SwapBuffersCompleted=542928731700283, DisplayPresentTime=0, CommandSubmissionCompleted=542928730587262, 
08-08 20:12:12.937 28665 28665 I oplus.android.OplusFrameworkFactoryImpl: get feature:IOplusDynamicVsyncFeature
08-08 20:12:12.937 28665 28665 I oplus.android.OplusFrameworkFactoryImpl: get feature:IOplusDynamicVsyncFeature
08-08 20:12:12.937 28665 28665 I oplus.android.OplusFrameworkFactoryImpl: get feature:IOplusDynamicVsyncFeature
08-08 20:12:12.966  3009  4786 I InputDispatcher: injectInputEvent: targetUid=<not set>, syncMode=WAIT_FOR_FINISHED, timeout=30000ms, policyFlags=0x8000000, event=MotionEvent { action=DOWN, id[0]=0, x[0]=270, y[0]=1542, eventTime=542928785000000, downTime=542928785000000, deviceId=4, source=TOUCHSCREEN, displayId=0, eventId=0xfb9c8aed}
08-08 20:12:12.969  3009  4786 E InputDispatcher: Inconsistent event: MotionEvent { action=DOWN, id[0]=0, x[0]=270, y[0]=1542, eventTime=542928785000000, downTime=542928785000000, deviceId=4, source=TOUCHSCREEN, displayId=0, eventId=0xfb9c8aed}, reason: Injection on 0: Invalid DOWN event - pointers already down for device DeviceId(-1): {DeviceId(-1): {1, 0}}
08-08 20:12:12.970  4088  4088 D AnimSeqTimeStamp: getTimeGapToLastStartAppTime: 542928789
08-08 20:12:12.970  3680  4525 I SystemUi--NavBar: NoBackGesture-->display_id_0 Start gesture: MotionEvent { action=ACTION_DOWN, actionButton=0, id[0]=0, x[0]=270.0, y[0]=1542.0, toolType[0]=TOOL_TYPE_FINGER, buttonState=0, classification=NONE, metaState=0, flags=0x0, edgeFlags=0x0, pointerCount=1, historySize=0, eventTime=542928785, downTime=542928785, deviceId=-1, source=0x1002, displayId=0, eventId=-73626899 }
08-08 20:12:12.970  3680  4525 I SystemUi--NavBar: NoBackGesture-->display_id_0 Not in side gesture area
08-08 20:12:12.970  4088  4088 I OplusBaseTouchInteractionService: onInputEvent(), ACTION_DOWN, Consumer=TYPE_NO_OP
08-08 20:12:12.970  3009  3127 D PowerManagerService: userActivityNoUpdateLocked: groupId=0, eventTime=542928785, event=touch, flags=0x0, uid=1000
08-08 20:12:12.971  3009  3719 I [UAH_CLIENT]: UahEventAcquire, cmdid:37, pkg:none, identity:OplusUAwareInputHelper
08-08 20:12:12.971  3009  3566 D OGG_Detector: D:done mCurrStatus: 0
08-08 20:12:12.972  3009  3719 D UAH-UahAdaptHelper: adaptSetNotification identity = OplusUAwareInputHelpersrc = 1000 , type 0 ,p1 = -1 ,p2 = -1 ,p3 = -1 ,p4 =
08-08 20:12:12.972  3009  3719 I [UAH_CLIENT]: uahRuleCtl, ruleId:1000, status:0
08-08 20:12:13.097 31047  3500 D CustomLogManagerService: WorkHandler msg.what :5
08-08 20:12:13.106 31047  3500 D CustomLogManagerService: curTemp:335 limit:390
08-08 20:12:13.106 31047  3500 D CustomLogManagerService: checkUploadStatus: isSceenOn=true activeNetType=1 isCharging=true isUploading:false temperatureLimit:false
08-08 20:12:13.106 31047  3500 D CustomLogManagerService: sys.log.customer=false
08-08 20:12:13.107 31047  3500 D CustomLogManagerService: isHaveCustomLogCollecting :false
08-08 20:12:13.130  1479  5654 D charge_time: type=cdp/dcp,reserve_soc=1,soc=61,ui_soc=62,current=1068,avg=1032,not_chg_cnt=0,stable_cnt=7,fcc=4423,fcc_ratio=92,delta=108,debug=0,region=12,ttf=5827(01:37:07),ui_ttf=5017(01:23:37)
08-08 20:12:13.291 28665 28665 V AutofillManager: requestHideFillUi(null): anchor = null
08-08 20:12:13.294  3009  4786 I InputDispatcher: injectInputEvent: targetUid=<not set>, syncMode=WAIT_FOR_FINISHED, timeout=30000ms, policyFlags=0x8000000, event=MotionEvent { action=UP, id[0]=0, x[0]=270, y[0]=1542, eventTime=542928785000000, downTime=542928785000000, deviceId=4, source=TOUCHSCREEN, displayId=0, eventId=0xd4338443}
08-08 20:12:13.309  3009  4786 E InputDispatcher: Inconsistent event: MotionEvent { action=UP, id[0]=0, x[0]=270, y[0]=1542, eventTime=542928785000000, downTime=542928785000000, deviceId=4, source=TOUCHSCREEN, displayId=0, eventId=0xd4338443}, reason: Injection on 0: Got ACTION_UP, but we have pointers: {1, 0} for device DeviceId(-1)
08-08 20:12:13.313  4088  4088 D AnimSeqTimeStamp: getTimeGapToLastStartAppTime: 542929132
08-08 20:12:13.315  3009  3719 D UAH-UahAdaptHelper: adaptSetNotification identity = OplusUAwareInputHelpersrc = 1000 , type 1 ,p1 = -1 ,p2 = -1 ,p3 = -1 ,p4 =
08-08 20:12:13.315  3009  3719 I [UAH_CLIENT]: uahRuleCtl, ruleId:1000, status:1
08-08 20:12:13.362  3979  4446 D CommonApp-741-10495: transport layer data is invalid
08-08 20:12:13.506 28665 28665 D ViewRootImplExtImpl: the up motion event handled by client, just return
08-08 20:12:13.517 28665 28665 I oplus.android.OplusFrameworkFactoryImpl: get feature:IOplusDynamicVsyncFeature
08-08 20:12:13.517 28665 28665 I oplus.android.OplusFrameworkFactoryImpl: get feature:IOplusDynamicVsyncFeature
08-08 20:12:13.517 28665 28665 I oplus.android.OplusFrameworkFactoryImpl: get feature:IOplusDynamicVsyncFeature
08-08 20:12:13.523  1299 10375 E TetherController: property_get sys.radio.data.modem_share_flag return 0, 1!
08-08 20:12:13.579  3009  4230 I InputDispatcher: injectInputEvent: targetUid=<not set>, syncMode=WAIT_FOR_FINISHED, timeout=30000ms, policyFlags=0x8000000, event=MotionEvent { action=DOWN, id[0]=0, x[0]=610, y[0]=1542, eventTime=542929397000000, downTime=542929397000000, deviceId=4, source=TOUCHSCREEN, displayId=0, eventId=0xc6f5567f}
08-08 20:12:13.582  3009  4230 E InputDispatcher: Inconsistent event: MotionEvent { action=DOWN, id[0]=0, x[0]=610, y[0]=1542, eventTime=542929397000000, downTime=542929397000000, deviceId=4, source=TOUCHSCREEN, displayId=0, eventId=0xc6f5567f}, reason: Injection on 0: Invalid DOWN event - pointers already down for device DeviceId(-1): {DeviceId(-1): {1, 0}}
08-08 20:12:13.584 28665 28665 V AutofillManager: requestHideFillUi(null): anchor = null
08-08 20:12:13.585  3680  4525 I SystemUi--NavBar: NoBackGesture-->display_id_0 Start gesture: MotionEvent { action=ACTION_DOWN, actionButton=0, id[0]=0, x[0]=610.0, y[0]=1542.0, toolType[0]=TOOL_TYPE_FINGER, buttonState=0, classification=NONE, metaState=0, flags=0x0, edgeFlags=0x0, pointerCount=1, historySize=0, eventTime=542929397, downTime=542929397, deviceId=-1, source=0x1002, displayId=0, eventId=-957000065 }
08-08 20:12:13.585  4088  4088 D AnimSeqTimeStamp: getTimeGapToLastStartAppTime: 542929404
08-08 20:12:13.585  3680  4525 I SystemUi--NavBar: NoBackGesture-->display_id_0 Not in side gesture area
08-08 20:12:13.585  3009  3566 D OGG_Detector: D:done mCurrStatus: 0
08-08 20:12:13.585  4088  4088 I OplusBaseTouchInteractionService: onInputEvent(), ACTION_DOWN, Consumer=TYPE_NO_OP
08-08 20:12:13.587  3009  3719 I [UAH_CLIENT]: UahEventAcquire, cmdid:37, pkg:none, identity:OplusUAwareInputHelper
08-08 20:12:13.587  3009  4230 I InputDispatcher: injectInputEvent: targetUid=<not set>, syncMode=WAIT_FOR_FINISHED, timeout=30000ms, policyFlags=0x8000000, event=MotionEvent { action=UP, id[0]=0, x[0]=610, y[0]=1542, eventTime=542929397000000, downTime=542929397000000, deviceId=4, source=TOUCHSCREEN, displayId=0, eventId=0xc02a998f}
08-08 20:12:13.587  3009  3127 D PowerManagerService: userActivityNoUpdateLocked: groupId=0, eventTime=542929397, event=touch, flags=0x0, uid=1000
08-08 20:12:13.589  3009  3719 D UAH-UahAdaptHelper: adaptSetNotification identity = OplusUAwareInputHelpersrc = 1000 , type 0 ,p1 = -1 ,p2 = -1 ,p3 = -1 ,p4 =
08-08 20:12:13.589  3009  3719 I [UAH_CLIENT]: uahRuleCtl, ruleId:1000, status:0
08-08 20:12:13.591  3009  4230 E InputDispatcher: Inconsistent event: MotionEvent { action=UP, id[0]=0, x[0]=610, y[0]=1542, eventTime=542929397000000, downTime=542929397000000, deviceId=4, source=TOUCHSCREEN, displayId=0, eventId=0xc02a998f}, reason: Injection on 0: Got ACTION_UP, but we have pointers: {1, 0} for device DeviceId(-1)
08-08 20:12:13.592  4088  4088 D AnimSeqTimeStamp: getTimeGapToLastStartAppTime: 542929411
08-08 20:12:13.592 28665 28665 D ViewRootImplExtImpl: the up motion event handled by client, just return
08-08 20:12:13.592  3009  3719 D UAH-UahAdaptHelper: adaptSetNotification identity = OplusUAwareInputHelpersrc = 1000 , type 1 ,p1 = -1 ,p2 = -1 ,p3 = -1 ,p4 =
08-08 20:12:13.592  3009  3719 I [UAH_CLIENT]: uahRuleCtl, ruleId:1000, status:1
08-08 20:12:13.597 28665 28665 I oplus.android.OplusFrameworkFactoryImpl: get feature:IOplusDynamicVsyncFeature
08-08 20:12:13.597 28665 28665 I oplus.android.OplusFrameworkFactoryImpl: get feature:IOplusDynamicVsyncFeature
08-08 20:12:13.597 28665 28665 I oplus.android.OplusFrameworkFactoryImpl: get feature:IOplusDynamicVsyncFeature
08-08 20:12:13.649  3009  4230 I InputDispatcher: injectInputEvent: targetUid=<not set>, syncMode=WAIT_FOR_FINISHED, timeout=30000ms, policyFlags=0x8000000, event=MotionEvent { action=DOWN, id[0]=0, x[0]=95, y[0]=1542, eventTime=542929468000000, downTime=542929468000000, deviceId=4, source=TOUCHSCREEN, displayId=0, eventId=0xfda9f314}
08-08 20:12:13.651  3009  4230 E InputDispatcher: Inconsistent event: MotionEvent { action=DOWN, id[0]=0, x[0]=95, y[0]=1542, eventTime=542929468000000, downTime=542929468000000, deviceId=4, source=TOUCHSCREEN, displayId=0, eventId=0xfda9f314}, reason: Injection on 0: Invalid DOWN event - pointers already down for device DeviceId(-1): {DeviceId(-1): {1, 0}}
08-08 20:12:13.653  4088  4088 D AnimSeqTimeStamp: getTimeGapToLastStartAppTime: 542929473
08-08 20:12:13.654  3680  4525 I SystemUi--NavBar: NoBackGesture-->display_id_0 Start gesture: MotionEvent { action=ACTION_DOWN, actionButton=0, id[0]=0, x[0]=95.0, y[0]=1542.0, toolType[0]=TOOL_TYPE_FINGER, buttonState=0, classification=NONE, metaState=0, flags=0x0, edgeFlags=0x0, pointerCount=1, historySize=0, eventTime=542929468, downTime=542929468, deviceId=-1, source=0x1002, displayId=0, eventId=-39193836 }
08-08 20:12:13.654  3680  4525 I SystemUi--NavBar: NoBackGesture-->display_id_0 Not in side gesture area
08-08 20:12:13.654  3009  3719 I [UAH_CLIENT]: UahEventAcquire, cmdid:37, pkg:none, identity:OplusUAwareInputHelper
08-08 20:12:13.654  3009  3566 D OGG_Detector: D:done mCurrStatus: 0
08-08 20:12:13.654  4088  4088 I OplusBaseTouchInteractionService: onInputEvent(), ACTION_DOWN, Consumer=TYPE_NO_OP
08-08 20:12:13.656  3009  3719 D UAH-UahAdaptHelper: adaptSetNotification identity = OplusUAwareInputHelpersrc = 1000 , type 0 ,p1 = -1 ,p2 = -1 ,p3 = -1 ,p4 =
08-08 20:12:13.656  3009  3719 I [UAH_CLIENT]: uahRuleCtl, ruleId:1000, status:0
08-08 20:12:13.836  1479  1567 D BatteryChargeControl: bcc get no support from charging protocol
08-08 20:12:13.890  1479  1562 D vendor.oplus.hardware.charger-V6-service: ret_value:160, read content:,335,349,4115,4124,-1068,1500,2200,61,62,1,6,1425,4560,62,1,0,1,1,0,0,4470,0,6,0,6,0,0,0,-2740,0,1,1,0,0,41,41,41,0,0,0,0,0,0,0,0,0,0,4,0,1,0,100,0,0,0,0,0,0,0
08-08 20:12:13.891  1479  1562 D vendor.oplus.hardware.charger-V6-service: gmtime: 2026-08-08-20-12-13
08-08 20:12:13.892  1479  1562 D vendor.oplus.hardware.charger-V6-service: usb_online:1, ac_online:0, wireless_online:-2147483648
08-08 20:12:13.957 28665 28665 V AutofillManager: requestHideFillUi(null): anchor = null
08-08 20:12:13.961  3009  4230 I InputDispatcher: injectInputEvent: targetUid=<not set>, syncMode=WAIT_FOR_FINISHED, timeout=30000ms, policyFlags=0x8000000, event=MotionEvent { action=UP, id[0]=0, x[0]=95, y[0]=1542, eventTime=542929468000000, downTime=542929468000000, deviceId=4, source=TOUCHSCREEN, displayId=0, eventId=0xda8da8bc}
08-08 20:12:13.977  3009  4230 E InputDispatcher: Inconsistent event: MotionEvent { action=UP, id[0]=0, x[0]=95, y[0]=1542, eventTime=542929468000000, downTime=542929468000000, deviceId=4, source=TOUCHSCREEN, displayId=0, eventId=0xda8da8bc}, reason: Injection on 0: Got ACTION_UP, but we have pointers: {1, 0} for device DeviceId(-1)
08-08 20:12:13.978  4088  4088 D AnimSeqTimeStamp: getTimeGapToLastStartAppTime: 542929797
08-08 20:12:13.978  3009  3719 D UAH-UahAdaptHelper: adaptSetNotification identity = OplusUAwareInputHelpersrc = 1000 , type 1 ,p1 = -1 ,p2 = -1 ,p3 = -1 ,p4 =
08-08 20:12:13.979  3009  3719 I [UAH_CLIENT]: uahRuleCtl, ruleId:1000, status:1
08-08 20:12:14.136  1479  5654 D charge_time: write 5016s(01:23:36) to ttf, rc=6
08-08 20:12:14.137  1479  5654 D charge_time: type=cdp/dcp,reserve_soc=1,soc=61,ui_soc=62,current=1053,avg=1032,not_chg_cnt=0,stable_cnt=7,fcc=4423,fcc_ratio=92,delta=109,debug=0,region=12,ttf=5826(01:37:06),ui_ttf=5016(01:23:36)
08-08 20:12:14.190 28665 28665 D ViewRootImplExtImpl: the up motion event handled by client, just return
08-08 20:12:14.201 28665 28665 I oplus.android.OplusFrameworkFactoryImpl: get feature:IOplusDynamicVsyncFeature
08-08 20:12:14.201 28665 28665 I oplus.android.OplusFrameworkFactoryImpl: get feature:IOplusDynamicVsyncFeature
08-08 20:12:14.201 28665 28665 I oplus.android.OplusFrameworkFactoryImpl: get feature:IOplusDynamicVsyncFeature
08-08 20:12:14.258  3009  4230 I InputDispatcher: injectInputEvent: targetUid=<not set>, syncMode=WAIT_FOR_FINISHED, timeout=30000ms, policyFlags=0x8000000, event=MotionEvent { action=DOWN, id[0]=0, x[0]=610, y[0]=1542, eventTime=542930077000000, downTime=542930077000000, deviceId=4, source=TOUCHSCREEN, displayId=0, eventId=0xf519d7ee}
08-08 20:12:14.261  3009  4230 E InputDispatcher: Inconsistent event: MotionEvent { action=DOWN, id[0]=0, x[0]=610, y[0]=1542, eventTime=542930077000000, downTime=542930077000000, deviceId=4, source=TOUCHSCREEN, displayId=0, eventId=0xf519d7ee}, reason: Injection on 0: Invalid DOWN event - pointers already down for device DeviceId(-1): {DeviceId(-1): {1, 0}}
08-08 20:12:14.263 28665 28665 V AutofillManager: requestHideFillUi(null): anchor = null
08-08 20:12:14.263  4088  4088 D AnimSeqTimeStamp: getTimeGapToLastStartAppTime: 542930082
08-08 20:12:14.263  3680  4525 I SystemUi--NavBar: NoBackGesture-->display_id_0 Start gesture: MotionEvent { action=ACTION_DOWN, actionButton=0, id[0]=0, x[0]=610.0, y[0]=1542.0, toolType[0]=TOOL_TYPE_FINGER, buttonState=0, classification=NONE, metaState=0, flags=0x0, edgeFlags=0x0, pointerCount=1, historySize=0, eventTime=542930077, downTime=542930077, deviceId=-1, source=0x1002, displayId=0, eventId=-182855698 }
08-08 20:12:14.263  3680  4525 I SystemUi--NavBar: NoBackGesture-->display_id_0 Not in side gesture area
08-08 20:12:14.263  4088  4088 I OplusBaseTouchInteractionService: onInputEvent(), ACTION_DOWN, Consumer=TYPE_NO_OP
08-08 20:12:14.263  3009  3127 D PowerManagerService: userActivityNoUpdateLocked: groupId=0, eventTime=542930077, event=touch, flags=0x0, uid=1000
08-08 20:12:14.263  3009  3566 D OGG_Detector: D:done mCurrStatus: 0
08-08 20:12:14.264  3009  3719 I [UAH_CLIENT]: UahEventAcquire, cmdid:37, pkg:none, identity:OplusUAwareInputHelper
08-08 20:12:14.265  3009  4230 I InputDispatcher: injectInputEvent: targetUid=<not set>, syncMode=WAIT_FOR_FINISHED, timeout=30000ms, policyFlags=0x8000000, event=MotionEvent { action=UP, id[0]=0, x[0]=610, y[0]=1542, eventTime=542930077000000, downTime=542930077000000, deviceId=4, source=TOUCHSCREEN, displayId=0, eventId=0xcb281bef}
08-08 20:12:14.265  3009  3719 D UAH-UahAdaptHelper: adaptSetNotification identity = OplusUAwareInputHelpersrc = 1000 , type 0 ,p1 = -1 ,p2 = -1 ,p3 = -1 ,p4 =
08-08 20:12:14.265  3009  3719 I [UAH_CLIENT]: uahRuleCtl, ruleId:1000, status:0
08-08 20:12:14.269  3009  4230 E InputDispatcher: Inconsistent event: MotionEvent { action=UP, id[0]=0, x[0]=610, y[0]=1542, eventTime=542930077000000, downTime=542930077000000, deviceId=4, source=TOUCHSCREEN, displayId=0, eventId=0xcb281bef}, reason: Injection on 0: Got ACTION_UP, but we have pointers: {1, 0} for device DeviceId(-1)
08-08 20:12:14.270  4088  4088 D AnimSeqTimeStamp: getTimeGapToLastStartAppTime: 542930089
08-08 20:12:14.270 28665 28665 D ViewRootImplExtImpl: the up motion event handled by client, just return
08-08 20:12:14.271  3009  3719 D UAH-UahAdaptHelper: adaptSetNotification identity = OplusUAwareInputHelpersrc = 1000 , type 1 ,p1 = -1 ,p2 = -1 ,p3 = -1 ,p4 =
08-08 20:12:14.271  3009  3719 I [UAH_CLIENT]: uahRuleCtl, ruleId:1000, status:1
08-08 20:12:14.276 28665 28665 I oplus.android.OplusFrameworkFactoryImpl: get feature:IOplusDynamicVsyncFeature
08-08 20:12:14.276 28665 28665 I oplus.android.OplusFrameworkFactoryImpl: get feature:IOplusDynamicVsyncFeature
08-08 20:12:14.276 28665 28665 I oplus.android.OplusFrameworkFactoryImpl: get feature:IOplusDynamicVsyncFeature
08-08 20:12:14.329  3009  4230 I InputDispatcher: injectInputEvent: targetUid=<not set>, syncMode=WAIT_FOR_FINISHED, timeout=30000ms, policyFlags=0x8000000, event=MotionEvent { action=DOWN, id[0]=0, x[0]=95, y[0]=1542, eventTime=542930148000000, downTime=542930148000000, deviceId=4, source=TOUCHSCREEN, displayId=0, eventId=0xe97994d6}
08-08 20:12:14.331  3009  4230 E InputDispatcher: Inconsistent event: MotionEvent { action=DOWN, id[0]=0, x[0]=95, y[0]=1542, eventTime=542930148000000, downTime=542930148000000, deviceId=4, source=TOUCHSCREEN, displayId=0, eventId=0xe97994d6}, reason: Injection on 0: Invalid DOWN event - pointers already down for device DeviceId(-1): {DeviceId(-1): {1, 0}}
08-08 20:12:14.335  3009  3566 D OGG_Detector: D:done mCurrStatus: 0
08-08 20:12:14.335  4088  4088 D AnimSeqTimeStamp: getTimeGapToLastStartAppTime: 542930154
08-08 20:12:14.335  3680  4525 I SystemUi--NavBar: NoBackGesture-->display_id_0 Start gesture: MotionEvent { action=ACTION_DOWN, actionButton=0, id[0]=0, x[0]=95.0, y[0]=1542.0, toolType[0]=TOOL_TYPE_FINGER, buttonState=0, classification=NONE, metaState=0, flags=0x0, edgeFlags=0x0, pointerCount=1, historySize=0, eventTime=542930148, downTime=542930148, deviceId=-1, source=0x1002, displayId=0, eventId=-377908010 }
08-08 20:12:14.335  3680  4525 I SystemUi--NavBar: NoBackGesture-->display_id_0 Not in side gesture area
08-08 20:12:14.335  3009  3719 I [UAH_CLIENT]: UahEventAcquire, cmdid:37, pkg:none, identity:OplusUAwareInputHelper
08-08 20:12:14.336  4088  4088 I OplusBaseTouchInteractionService: onInputEvent(), ACTION_DOWN, Consumer=TYPE_NO_OP
08-08 20:12:14.337  3009  3719 D UAH-UahAdaptHelper: adaptSetNotification identity = OplusUAwareInputHelpersrc = 1000 , type 0 ,p1 = -1 ,p2 = -1 ,p3 = -1 ,p4 =
08-08 20:12:14.337  3009  3719 I [UAH_CLIENT]: uahRuleCtl, ruleId:1000, status:0
08-08 20:12:14.386  3979  4446 D CommonApp-741-10495: transport layer data is invalid
08-08 20:12:14.400  3009  3998 I OplusHansManager : uid=10488, pkg=com.instagram.android F enter(), M stay=10
08-08 20:12:14.410  3009  3998 I OplusHansManager : freeze uid: 10488 com.instagram.android pids: [30037] scene: LcdOn
08-08 20:12:14.411  3009  4015 I OplusHansManager : p_BC uid=10488 pkg=com.instagram.android
08-08 20:12:14.411  7071 18718 D IHansComunication: HANS sendMessageToKernel: threadId = 517145082992, netLinkSetup = 1, type = PKG, targetUid = 10488, pkgCmd = ADD_ONE_UID
08-08 20:12:14.411  3009  4015 I OplusBinderProxy: proxyBinder uid: 10488 pkg: com.instagram.android proxy: true calling: OFreezer
08-08 20:12:14.416  3009  4134 I OplusHansManager : unfreeze uid: 10488 com.instagram.android pids: [30037] reason: ExecutingComponent scene: LcdOn
08-08 20:12:14.417  3009  3998 I OplusHansManager : uid=10488, pkg=com.instagram.android F exit(), F stay=0, reason=ExecutingComponent
08-08 20:12:14.417  3009  4015 I OplusHansManager : up_BC uid=10488 pkg=com.instagram.android
08-08 20:12:14.417  3009  4015 I OplusBinderProxy: proxyBinder uid: 10488 pkg: com.instagram.android proxy: false calling: OFreezer
08-08 20:12:14.547  1299 10375 E TetherController: property_get sys.radio.data.modem_share_flag return 0, 1!
08-08 20:12:14.604  1416 10610 I WifiHAL : event received NL80211_CMD_VENDOR, vendor_id = 0x1374, subcmd = 0xd
08-08 20:12:14.605  2259  2259 I cnss-daemon: nl80211 response handler invoked
08-08 20:12:14.605  2259  2259 I cnss-daemon: nl80211_response_handler: cmd 103, vendorID 4980, subcmd 13  received
08-08 20:12:14.628  3680  3902 I SystemUi--Statusbar: OplusNetworkSpeedControllExImpl-->updateNetworkSpeed: isConnected:true,isSwitchOn:true
08-08 20:12:14.633 28665 28665 V AutofillManager: requestHideFillUi(null): anchor = null
08-08 20:12:14.635  3009  4230 I InputDispatcher: injectInputEvent: targetUid=<not set>, syncMode=WAIT_FOR_FINISHED, timeout=30000ms, policyFlags=0x8000000, event=MotionEvent { action=UP, id[0]=0, x[0]=95, y[0]=1542, eventTime=542930148000000, downTime=542930148000000, deviceId=4, source=TOUCHSCREEN, displayId=0, eventId=0xf8d03f6b}
08-08 20:12:14.645  3009  4230 E InputDispatcher: Inconsistent event: MotionEvent { action=UP, id[0]=0, x[0]=95, y[0]=1542, eventTime=542930148000000, downTime=542930148000000, deviceId=4, source=TOUCHSCREEN, displayId=0, eventId=0xf8d03f6b}, reason: Injection on 0: Got ACTION_UP, but we have pointers: {1, 0} for device DeviceId(-1)
08-08 20:12:14.647  4088  4088 D AnimSeqTimeStamp: getTimeGapToLastStartAppTime: 542930466
08-08 20:12:14.648  3009  3719 D UAH-UahAdaptHelper: adaptSetNotification identity = OplusUAwareInputHelpersrc = 1000 , type 1 ,p1 = -1 ,p2 = -1 ,p3 = -1 ,p4 =
08-08 20:12:14.648  3009  3719 I [UAH_CLIENT]: uahRuleCtl, ruleId:1000, status:1
08-08 20:12:14.655  3680  3902 I SystemUi--Statusbar: OplusNetworkSpeedControllExImpl-->getTotalByte: totalRxBytes:29285915811,totalTxBytes:2707984232,loopbackTxBytes:6856397,loopbackRxBytes:6856397 ,totalBytes:31980187249
08-08 20:12:14.671 12944 12969 D bt_shim_hci: [hci_layer.cc:231] transmit_command: Sending command LE_ENERGY_INFO(0xfd59)
08-08 20:12:14.673  1399  1399 D vendor.qti.bluetooth@1.0-ibs_handler: [ibs_handler.cpp:372] SerialClockVote: vote for UART CLK ON
08-08 20:12:14.678  1399  1399 D vendor.qti.bluetooth@1.0-uart_transport: [hci_uart_transport.cpp:975] SocRxDWakeup: Flow off->Change UART baudrate to 38.4kbs->send 0x00->Change UART baudrate to max->Flow on
08-08 20:12:14.678  1399  1399 I vendor.qti.bluetooth@1.0-uart_transport: [hci_uart_transport.cpp:529] ## userial_vendor_ioctl: UART Flow Off 
08-08 20:12:14.680  1399  1399 I vendor.qti.bluetooth@1.0-uart_transport: [hci_uart_transport.cpp:643] ## userial_vendor_set_baud: 17
08-08 20:12:14.683  3009  3442 D WifiStaIfaceHidlImpl: getCachedScanData is not implemented by HIDL
08-08 20:12:14.690  1399  1399 I vendor.qti.bluetooth@1.0-uart_transport: [hci_uart_transport.cpp:670] SetBaudRate: in BOTHER
08-08 20:12:14.690  1399  1399 I vendor.qti.bluetooth@1.0-uart_transport: [hci_uart_transport.cpp:519] ## userial_vendor_ioctl: UART Flow On 
08-08 20:12:14.691  1399  1399 D vendor.qti.bluetooth@1.0-wake_lock: [wake_lock.cpp:135] Acquire wakelock is acquired 
08-08 20:12:14.691  1399 13000 I vendor.qti.bluetooth@1.0-ibs_handler: [ibs_handler.cpp:854] ProcessIbsCmd: Received IBS_WAKE_ACK: 0xFC
08-08 20:12:14.691  1399 13000 I vendor.qti.bluetooth@1.0-ibs_handler: [ibs_handler.cpp:856] ProcessIbsCmd: Signal wack_cond_
08-08 20:12:14.691  1399  1399 I vendor.qti.bluetooth@1.0-ibs_handler: [ibs_handler.cpp:668] DeviceWakeUp: Writing IBS_WAKE_IND
08-08 20:12:14.696  1399 13000 I vendor.qti.bluetooth@1.0-ibs_handler: [ibs_handler.cpp:854] ProcessIbsCmd: Received IBS_WAKE_ACK: 0xFC
08-08 20:12:14.696  1399 13000 I vendor.qti.bluetooth@1.0-ibs_handler: [ibs_handler.cpp:856] ProcessIbsCmd: Signal wack_cond_
08-08 20:12:14.696  1399  1399 D vendor.qti.bluetooth@1.0-ibs_handler: [ibs_handler.cpp:700] DeviceWakeUp: Unblocked from waiting for FC, pthread_cond_timedwait ret = 0
08-08 20:12:14.699  1399 13000 I vendor.qti.bluetooth@1.0-ibs_handler: [ibs_handler.cpp:778] ProcessIbsCmd: Received IBS_WAKE_IND: 0xFD
08-08 20:12:14.699  1399 13000 I vendor.qti.bluetooth@1.0-ibs_handler: [ibs_handler.cpp:795] ProcessIbsCmd: Writing IBS_WAKE_ACK
08-08 20:12:14.701 12944 12977 D bt_shim_hci: [hci_layer.cc:192] OnTransmitPacketCommandComplete: Received cmd complete for LE_ENERGY_INFO(0xfd59)
08-08 20:12:14.702 12944 12969 D bt_btm_pm: [btm_pm.cc:980] BTM_PM_ReadBleScanDutyCycle: LE scan_window:192 scan interval:1920
08-08 20:12:14.702 12944 12969 D bt_bta_dm: [bta_dm_act.cc:1700] bta_dm_obtain_system_context: active_acl_num 0 sniff_acl_num 1 le_acl_num 1 le_adv_num 1 le_scan_duty 10 inquiry false sco false a2dp false le_audio false ctrl_state 0x21110
08-08 20:12:14.717  3009  3442 D WifiStaIfaceHidlImpl: getCachedScanData is not implemented by HIDL
08-08 20:12:14.727  3009  3545 D OplusWifiPower_TriggerCenter: mComponentCallback: wifistat
08-08 20:12:14.726  4047  4047 D VendorWifiService: onEvent event:9,action:1
08-08 20:12:14.741  1399 13000 I vendor.qti.bluetooth@1.0-ibs_handler: [ibs_handler.cpp:825] ProcessIbsCmd: Received IBS_SLEEP_IND: 0xFE
08-08 20:12:14.760  3009  3096 I ActivityManager: Test idle failed due to 47d9d 30037:com.instagram.android/u0a488 not runnable because EMPTY
08-08 20:12:14.838  1479  1567 D BatteryChargeControl: bcc get no support from charging protocol
08-08 20:12:14.852 28665 28665 D ViewRootImplExtImpl: the up motion event handled by client, just return
08-08 20:12:14.863 28665 28665 I oplus.android.OplusFrameworkFactoryImpl: get feature:IOplusDynamicVsyncFeature
08-08 20:12:14.863 28665 28665 I oplus.android.OplusFrameworkFactoryImpl: get feature:IOplusDynamicVsyncFeature
08-08 20:12:14.863 28665 28665 I oplus.android.OplusFrameworkFactoryImpl: get feature:IOplusDynamicVsyncFeature
08-08 20:12:14.921  3009  4230 I InputDispatcher: injectInputEvent: targetUid=<not set>, syncMode=WAIT_FOR_FINISHED, timeout=30000ms, policyFlags=0x8000000, event=MotionEvent { action=DOWN, id[0]=0, x[0]=610, y[0]=1542, eventTime=542930740000000, downTime=542930740000000, deviceId=4, source=TOUCHSCREEN, displayId=0, eventId=0xce0e76c0}
08-08 20:12:14.924  3009  4230 E InputDispatcher: Inconsistent event: MotionEvent { action=DOWN, id[0]=0, x[0]=610, y[0]=1542, eventTime=542930740000000, downTime=542930740000000, deviceId=4, source=TOUCHSCREEN, displayId=0, eventId=0xce0e76c0}, reason: Injection on 0: Invalid DOWN event - pointers already down for device DeviceId(-1): {DeviceId(-1): {1, 0}}
08-08 20:12:14.926  4088  4088 D AnimSeqTimeStamp: getTimeGapToLastStartAppTime: 542930745
08-08 20:12:14.926 28665 28665 V AutofillManager: requestHideFillUi(null): anchor = null
08-08 20:12:14.926  3680  4525 I SystemUi--NavBar: NoBackGesture-->display_id_0 Start gesture: MotionEvent { action=ACTION_DOWN, actionButton=0, id[0]=0, x[0]=610.0, y[0]=1542.0, toolType[0]=TOOL_TYPE_FINGER, buttonState=0, classification=NONE, metaState=0, flags=0x0, edgeFlags=0x0, pointerCount=1, historySize=0, eventTime=542930740, downTime=542930740, deviceId=-1, source=0x1002, displayId=0, eventId=-837912896 }
08-08 20:12:14.926  3680  4525 I SystemUi--NavBar: NoBackGesture-->display_id_0 Not in side gesture area
08-08 20:12:14.927  4088  4088 I OplusBaseTouchInteractionService: onInputEvent(), ACTION_DOWN, Consumer=TYPE_NO_OP
08-08 20:12:14.927  3009  3127 D PowerManagerService: userActivityNoUpdateLocked: groupId=0, eventTime=542930740, event=touch, flags=0x0, uid=1000
08-08 20:12:14.927  3009  3566 D OGG_Detector: D:done mCurrStatus: 0
08-08 20:12:14.927  3009  3719 I [UAH_CLIENT]: UahEventAcquire, cmdid:37, pkg:none, identity:OplusUAwareInputHelper
08-08 20:12:14.929  3009  4230 I InputDispatcher: injectInputEvent: targetUid=<not set>, syncMode=WAIT_FOR_FINISHED, timeout=30000ms, policyFlags=0x8000000, event=MotionEvent { action=UP, id[0]=0, x[0]=610, y[0]=1542, eventTime=542930740000000, downTime=542930740000000, deviceId=4, source=TOUCHSCREEN, displayId=0, eventId=0xd6fce06e}
08-08 20:12:14.930  3009  3719 D UAH-UahAdaptHelper: adaptSetNotification identity = OplusUAwareInputHelpersrc = 1000 , type 0 ,p1 = -1 ,p2 = -1 ,p3 = -1 ,p4 =
08-08 20:12:14.930  3009  3719 I [UAH_CLIENT]: uahRuleCtl, ruleId:1000, status:0
08-08 20:12:14.933  3009  4230 E InputDispatcher: Inconsistent event: MotionEvent { action=UP, id[0]=0, x[0]=610, y[0]=1542, eventTime=542930740000000, downTime=542930740000000, deviceId=4, source=TOUCHSCREEN, displayId=0, eventId=0xd6fce06e}, reason: Injection on 0: Got ACTION_UP, but we have pointers: {1, 0} for device DeviceId(-1)
08-08 20:12:14.934  4088  4088 D AnimSeqTimeStamp: getTimeGapToLastStartAppTime: 542930754
08-08 20:12:14.935 28665 28665 D ViewRootImplExtImpl: the up motion event handled by client, just return
08-08 20:12:14.935  3009  3719 D UAH-UahAdaptHelper: adaptSetNotification identity = OplusUAwareInputHelpersrc = 1000 , type 1 ,p1 = -1 ,p2 = -1 ,p3 = -1 ,p4 =
08-08 20:12:14.935  3009  3719 I [UAH_CLIENT]: uahRuleCtl, ruleId:1000, status:1
08-08 20:12:14.942 28665 28665 I oplus.android.OplusFrameworkFactoryImpl: get feature:IOplusDynamicVsyncFeature
08-08 20:12:14.942 28665 28665 I oplus.android.OplusFrameworkFactoryImpl: get feature:IOplusDynamicVsyncFeature
08-08 20:12:14.942 28665 28665 I oplus.android.OplusFrameworkFactoryImpl: get feature:IOplusDynamicVsyncFeature
08-08 20:12:14.990  3009  4230 I InputDispatcher: injectInputEvent: targetUid=<not set>, syncMode=WAIT_FOR_FINISHED, timeout=30000ms, policyFlags=0x8000000, event=MotionEvent { action=DOWN, id[0]=0, x[0]=450, y[0]=1542, eventTime=542930809000000, downTime=542930809000000, deviceId=4, source=TOUCHSCREEN, displayId=0, eventId=0xf3835dc0}
08-08 20:12:14.991  3009  4230 E InputDispatcher: Inconsistent event: MotionEvent { action=DOWN, id[0]=0, x[0]=450, y[0]=1542, eventTime=542930809000000, downTime=542930809000000, deviceId=4, source=TOUCHSCREEN, displayId=0, eventId=0xf3835dc0}, reason: Injection on 0: Invalid DOWN event - pointers already down for device DeviceId(-1): {DeviceId(-1): {1, 0}}
08-08 20:12:14.993  4088  4088 D AnimSeqTimeStamp: getTimeGapToLastStartAppTime: 542930812
08-08 20:12:14.993  3680  4525 I SystemUi--NavBar: NoBackGesture-->display_id_0 Start gesture: MotionEvent { action=ACTION_DOWN, actionButton=0, id[0]=0, x[0]=450.0, y[0]=1542.0, toolType[0]=TOOL_TYPE_FINGER, buttonState=0, classification=NONE, metaState=0, flags=0x0, edgeFlags=0x0, pointerCount=1, historySize=0, eventTime=542930809, downTime=542930809, deviceId=-1, source=0x1002, displayId=0, eventId=-209494592 }
08-08 20:12:14.993  3680  4525 I SystemUi--NavBar: NoBackGesture-->display_id_0 Not in side gesture area
08-08 20:12:14.993  4088  4088 I OplusBaseTouchInteractionService: onInputEvent(), ACTION_DOWN, Consumer=TYPE_NO_OP
08-08 20:12:14.994  3009  3566 D OGG_Detector: D:done mCurrStatus: 0
08-08 20:12:14.994  3009  3719 I [UAH_CLIENT]: UahEventAcquire, cmdid:37, pkg:none, identity:OplusUAwareInputHelper
08-08 20:12:14.995  3009  3719 D UAH-UahAdaptHelper: adaptSetNotification identity = OplusUAwareInputHelpersrc = 1000 , type 0 ,p1 = -1 ,p2 = -1 ,p3 = -1 ,p4 =
08-08 20:12:14.995  3009  3719 I [UAH_CLIENT]: uahRuleCtl, ruleId:1000, status:0
08-08 20:12:15.144  1479  5654 D charge_time: type=cdp/dcp,reserve_soc=1,soc=61,ui_soc=62,current=1042,avg=1033,not_chg_cnt=0,stable_cnt=7,fcc=4423,fcc_ratio=92,delta=110,debug=0,region=12,ttf=5820(01:37:00),ui_ttf=5015(01:23:35)
08-08 20:12:15.321 28665 28665 V AutofillManager: requestHideFillUi(null): anchor = null
08-08 20:12:15.324  3009  4230 I InputDispatcher: injectInputEvent: targetUid=<not set>, syncMode=WAIT_FOR_FINISHED, timeout=30000ms, policyFlags=0x8000000, event=MotionEvent { action=UP, id[0]=0, x[0]=450, y[0]=1542, eventTime=542930809000000, downTime=542930809000000, deviceId=4, source=TOUCHSCREEN, displayId=0, eventId=0xfcd062eb}
08-08 20:12:15.327  3009  4230 E InputDispatcher: Inconsistent event: MotionEvent { action=UP, id[0]=0, x[0]=450, y[0]=1542, eventTime=542930809000000, downTime=542930809000000, deviceId=4, source=TOUCHSCREEN, displayId=0, eventId=0xfcd062eb}, reason: Injection on 0: Got ACTION_UP, but we have pointers: {1, 0} for device DeviceId(-1)
08-08 20:12:15.329  4088  4088 D AnimSeqTimeStamp: getTimeGapToLastStartAppTime: 542931148
08-08 20:12:15.329  3009  3719 D UAH-UahAdaptHelper: adaptSetNotification identity = OplusUAwareInputHelpersrc = 1000 , type 1 ,p1 = -1 ,p2 = -1 ,p3 = -1 ,p4 =
08-08 20:12:15.329  3009  3719 I [UAH_CLIENT]: uahRuleCtl, ruleId:1000, status:1
08-08 20:12:15.410  3979  4446 D CommonApp-741-10495: transport layer data is invalid
08-08 20:12:15.541 28665 28665 D ViewRootImplExtImpl: the up motion event handled by client, just return
08-08 20:12:15.552 28665 28665 I oplus.android.OplusFrameworkFactoryImpl: get feature:IOplusDynamicVsyncFeature
08-08 20:12:15.552 28665 28665 I oplus.android.OplusFrameworkFactoryImpl: get feature:IOplusDynamicVsyncFeature
08-08 20:12:15.552 28665 28665 I oplus.android.OplusFrameworkFactoryImpl: get feature:IOplusDynamicVsyncFeature
08-08 20:12:15.561  1299 10375 E TetherController: property_get sys.radio.data.modem_share_flag return 0, 1!
08-08 20:12:15.604  3009  4806 I InputDispatcher: injectInputEvent: targetUid=<not set>, syncMode=WAIT_FOR_FINISHED, timeout=30000ms, policyFlags=0x8000000, event=MotionEvent { action=DOWN, id[0]=0, x[0]=610, y[0]=1542, eventTime=542931423000000, downTime=542931423000000, deviceId=4, source=TOUCHSCREEN, displayId=0, eventId=0xf9538352}
08-08 20:12:15.607  3009  4806 E InputDispatcher: Inconsistent event: MotionEvent { action=DOWN, id[0]=0, x[0]=610, y[0]=1542, eventTime=542931423000000, downTime=542931423000000, deviceId=4, source=TOUCHSCREEN, displayId=0, eventId=0xf9538352}, reason: Injection on 0: Invalid DOWN event - pointers already down for device DeviceId(-1): {DeviceId(-1): {1, 0}}
08-08 20:12:15.608  4088  4088 D AnimSeqTimeStamp: getTimeGapToLastStartAppTime: 542931427
08-08 20:12:15.608  3680  4525 I SystemUi--NavBar: NoBackGesture-->display_id_0 Start gesture: MotionEvent { action=ACTION_DOWN, actionButton=0, id[0]=0, x[0]=610.0, y[0]=1542.0, toolType[0]=TOOL_TYPE_FINGER, buttonState=0, classification=NONE, metaState=0, flags=0x0, edgeFlags=0x0, pointerCount=1, historySize=0, eventTime=542931423, downTime=542931423, deviceId=-1, source=0x1002, displayId=0, eventId=-111967406 }
08-08 20:12:15.608  3680  4525 I SystemUi--NavBar: NoBackGesture-->display_id_0 Not in side gesture area
08-08 20:12:15.608  4088  4088 I OplusBaseTouchInteractionService: onInputEvent(), ACTION_DOWN, Consumer=TYPE_NO_OP
08-08 20:12:15.609  3009  3127 D PowerManagerService: userActivityNoUpdateLocked: groupId=0, eventTime=542931423, event=touch, flags=0x0, uid=1000
08-08 20:12:15.609  3009  3566 D OGG_Detector: D:done mCurrStatus: 0
08-08 20:12:15.609  3009  3719 I [UAH_CLIENT]: UahEventAcquire, cmdid:37, pkg:none, identity:OplusUAwareInputHelper
08-08 20:12:15.610  3009  3719 D UAH-UahAdaptHelper: adaptSetNotification identity = OplusUAwareInputHelpersrc = 1000 , type 0 ,p1 = -1 ,p2 = -1 ,p3 = -1 ,p4 =
08-08 20:12:15.610  3009  3719 I [UAH_CLIENT]: uahRuleCtl, ruleId:1000, status:0
08-08 20:12:15.699  1399 13005 I vendor.qti.bluetooth@1.0-ibs_handler: [ibs_handler.cpp:905] DeviceSleep: TX Awake, Sending SLEEP_IND
08-08 20:12:15.701  1399 13005 D vendor.qti.bluetooth@1.0-ibs_handler: [ibs_handler.cpp:391] SerialClockVote: vote for UART CLK OFF
08-08 20:12:15.840  1479  1567 D BatteryChargeControl: bcc get no support from charging protocol
08-08 20:12:15.853  1399 12980 D vendor.qti.bluetooth@1.0-wake_lock: [wake_lock.cpp:158] Release wakelock is released 
08-08 20:12:16.150  1479  5654 D charge_time: type=cdp/dcp,reserve_soc=1,soc=61,ui_soc=62,current=1028,avg=1034,not_chg_cnt=0,stable_cnt=7,fcc=4423,fcc_ratio=92,delta=111,debug=0,region=12,ttf=5814(01:36:54),ui_ttf=5014(01:23:34)
08-08 20:12:16.187  1479  1479 D vendor.oplus.hardware.charger-V6-service: get_ui_charge_icon_type 0 0 0 0 0
08-08 20:12:16.189  1479  1479 D vendor.oplus.hardware.charger-V6-service: oplus_chg_get_cpa_power 7500 charge_online 1 retention_topic 0
08-08 20:12:16.190  1479  1479 D vendor.oplus.hardware.charger-V6-service: oplus_chg_get_cpa_power 7500 charge_online 1 retention_topic 0
08-08 20:12:16.190  1479  1479 D vendor.oplus.hardware.charger-V6-service: getIsSingleHyperSupport=2, cpa_power=7
08-08 20:12:16.191  1479  1479 E vendor.oplus.hardware.charger-V6-service: Failed to open the file: /sys/class/oplus_chg/common/plc. Error 2: No such file or directory
08-08 20:12:16.203  3680  3680 I SystemUi--Statusbar: BatteryControllerExt-->updateBatteryChangeIntent():broadcast=android.intent.action.BATTERY_CHANGED,level=62,scale=100
08-08 20:12:16.203  3680  3680 I SystemUi--Statusbar: BatteryRepository-->level: 62 -- isSavingMode: false
08-08 20:12:16.206  4047  4047 D SubsysBroadcastManager: onReceive action:android.intent.action.BATTERY_CHANGED
08-08 20:12:16.209  1479  1479 D vendor.oplus.hardware.charger-V6-service: get_ui_charge_icon_type 0 0 0 0 0
08-08 20:12:16.209 28909 28909 D DeviceStatisticsService: onReceive: action= android.intent.action.BATTERY_CHANGED
08-08 20:12:16.211  1479  1479 D vendor.oplus.hardware.charger-V6-service: oplus_chg_get_cpa_power 7500 charge_online 1 retention_topic 0
08-08 20:12:16.212  1479  1479 D vendor.oplus.hardware.charger-V6-service: oplus_chg_get_cpa_power 7500 charge_online 1 retention_topic 0
08-08 20:12:16.213  1479  1479 D vendor.oplus.hardware.charger-V6-service: getIsSingleHyperSupport=2, cpa_power=7
08-08 20:12:16.213 31047 31047 D CustomLogManagerService: onReceive android.intent.action.BATTERY_CHANGED
08-08 20:12:16.213  1479  1479 E vendor.oplus.hardware.charger-V6-service: Failed to open the file: /sys/class/oplus_chg/common/plc. Error 2: No such file or directory
08-08 20:12:16.215  3009  3134 D OplusDisplayBrightnessBroadcastReceiver: onReceive action = android.intent.action.BATTERY_CHANGED , listeners = [com.android.server.display.OplusFeatureHDREnhanceBrightness$PhoneInfoReceiver@1d811b8, com.android.server.display.OplusFeatureEdrEnhanceBrightness$PhoneInfoReceiver@ab5cb91]
08-08 20:12:16.215  6966  7029 E Battery : a: getAISleepDuration: predictResult is null.
08-08 20:12:16.215  6966  7029 E Battery : ChargeProtectionUtils: mCanlendarTmp.isEmpty()!
08-08 20:12:16.218  3680  3680 I SystemUi--Statusbar: BatteryControllerExt-->updateBatteryChangeIntent():broadcast=android.intent.action.BATTERY_CHANGED,level=62,scale=100
08-08 20:12:16.218  3680  3680 I SystemUi--Statusbar: BatteryRepository-->level: 62 -- isSavingMode: false
08-08 20:12:16.224  3009  3134 D OplusDisplayBrightnessBroadcastReceiver: onReceive action = android.intent.action.BATTERY_CHANGED , listeners = [com.android.server.display.OplusFeatureHDREnhanceBrightness$PhoneInfoReceiver@1d811b8, com.android.server.display.OplusFeatureEdrEnhanceBrightness$PhoneInfoReceiver@ab5cb91]
08-08 20:12:16.224  4047  4047 D SubsysBroadcastManager: onReceive action:android.intent.action.BATTERY_CHANGED
08-08 20:12:16.227 28909 28909 D DeviceStatisticsService: onReceive: action= android.intent.action.BATTERY_CHANGED
08-08 20:12:16.231 31047 31047 D CustomLogManagerService: onReceive android.intent.action.BATTERY_CHANGED
08-08 20:12:16.234  6966  7029 E Battery : a: getAISleepDuration: predictResult is null.
08-08 20:12:16.234  6966  7029 E Battery : ChargeProtectionUtils: mCanlendarTmp.isEmpty()!
08-08 20:12:16.434  3979  4446 D CommonApp-741-10495: transport layer data is invalid
08-08 20:12:16.575  1299 10375 E TetherController: property_get sys.radio.data.modem_share_flag return 0, 1!
08-08 20:12:16.605  1416 10610 I WifiHAL : event received NL80211_CMD_VENDOR, vendor_id = 0x1374, subcmd = 0xd
08-08 20:12:16.606  2259  2259 I cnss-daemon: nl80211 response handler invoked
08-08 20:12:16.606  2259  2259 I cnss-daemon: nl80211_response_handler: cmd 103, vendorID 4980, subcmd 13  received
08-08 20:12:16.667  3979  4446 D CommonApp-741-10495: DefaultState EVENT_SCENARIOS_CHANGE
08-08 20:12:16.667  3979  4446 D CommonApp-741-10495: scene=COMMON pn=com.hypernova.phone
08-08 20:12:16.813 28665 28665 V AutofillManager: requestHideFillUi(null): anchor = null
08-08 20:12:16.815 28665 28665 I Choreographer: Skipped 75 frames!  The application may be doing too much work on its main thread.
08-08 20:12:16.816  3009  4806 I InputDispatcher: injectInputEvent: targetUid=<not set>, syncMode=WAIT_FOR_FINISHED, timeout=30000ms, policyFlags=0x8000000, event=MotionEvent { action=UP, id[0]=0, x[0]=610, y[0]=1542, eventTime=542931423000000, downTime=542931423000000, deviceId=4, source=TOUCHSCREEN, displayId=0, eventId=0xe1f2c7cb}
08-08 20:12:16.823  3009  4806 E InputDispatcher: Inconsistent event: MotionEvent { action=UP, id[0]=0, x[0]=610, y[0]=1542, eventTime=542931423000000, downTime=542931423000000, deviceId=4, source=TOUCHSCREEN, displayId=0, eventId=0xe1f2c7cb}, reason: Injection on 0: Got ACTION_UP, but we have pointers: {1, 0} for device DeviceId(-1)
08-08 20:12:16.827  4088  4088 D AnimSeqTimeStamp: getTimeGapToLastStartAppTime: 542932646
08-08 20:12:16.829  3009  3719 D UAH-UahAdaptHelper: adaptSetNotification identity = OplusUAwareInputHelpersrc = 1000 , type 1 ,p1 = -1 ,p2 = -1 ,p3 = -1 ,p4 =
08-08 20:12:16.830  3009  3719 I [UAH_CLIENT]: uahRuleCtl, ruleId:1000, status:1
08-08 20:12:16.841  1479  1567 D BatteryChargeControl: bcc get no support from charging protocol
08-08 20:12:17.056  3009  3024 I system_server: Background young concurrent mark compact GC freed 23MB AllocSpace bytes, 0(0B) LOS objects, 17% free, 109MB/132MB, paused 11.374ms,12.045ms total 196.061ms
08-08 20:12:17.156  1479  5654 D charge_time: type=cdp/dcp,reserve_soc=1,soc=61,ui_soc=62,current=1059,avg=1050,not_chg_cnt=0,stable_cnt=7,fcc=4423,fcc_ratio=92,delta=112,debug=0,region=12,ttf=5739(01:35:39),ui_ttf=5013(01:23:33)
08-08 20:12:17.458  3979  4446 D CommonApp-741-10495: transport layer data is invalid
08-08 20:12:17.589  1299 10375 E TetherController: property_get sys.radio.data.modem_share_flag return 0, 1!
08-08 20:12:17.745  3009  3442 D WifiStaIfaceHidlImpl: getCachedScanData is not implemented by HIDL
08-08 20:12:17.774  4047  4047 D VendorWifiService: onEvent event:9,action:1
08-08 20:12:17.776  3009  3545 D OplusWifiPower_TriggerCenter: mComponentCallback: wifistat
08-08 20:12:17.843  1479  1567 D BatteryChargeControl: bcc get no support from charging protocol
08-08 20:12:17.949 28665 28665 D ViewRootImplExtImpl: the up motion event handled by client, just return
08-08 20:12:17.949 28665 28665 I Choreographer: Skipped 66 frames!  The application may be doing too much work on its main thread.
08-08 20:12:17.976 28665 28665 I oplus.android.OplusFrameworkFactoryImpl: get feature:IOplusDynamicVsyncFeature
08-08 20:12:17.976 28665 28665 I oplus.android.OplusFrameworkFactoryImpl: get feature:IOplusDynamicVsyncFeature
08-08 20:12:17.976 28665 28665 I oplus.android.OplusFrameworkFactoryImpl: get feature:IOplusDynamicVsyncFeature
08-08 20:12:18.015  3009  4806 I InputDispatcher: injectInputEvent: targetUid=<not set>, syncMode=WAIT_FOR_FINISHED, timeout=30000ms, policyFlags=0x8000000, event=MotionEvent { action=DOWN, id[0]=0, x[0]=270, y[0]=1542, eventTime=542933834000000, downTime=542933834000000, deviceId=4, source=TOUCHSCREEN, displayId=0, eventId=0xc09a62a5}
08-08 20:12:18.017  3009  4806 E InputDispatcher: Inconsistent event: MotionEvent { action=DOWN, id[0]=0, x[0]=270, y[0]=1542, eventTime=542933834000000, downTime=542933834000000, deviceId=4, source=TOUCHSCREEN, displayId=0, eventId=0xc09a62a5}, reason: Injection on 0: Invalid DOWN event - pointers already down for device DeviceId(-1): {DeviceId(-1): {1, 0}}
08-08 20:12:18.018  4088  4088 D AnimSeqTimeStamp: getTimeGapToLastStartAppTime: 542933838
08-08 20:12:18.018  3680  4525 I SystemUi--NavBar: NoBackGesture-->display_id_0 Start gesture: MotionEvent { action=ACTION_DOWN, actionButton=0, id[0]=0, x[0]=270.0, y[0]=1542.0, toolType[0]=TOOL_TYPE_FINGER, buttonState=0, classification=NONE, metaState=0, flags=0x0, edgeFlags=0x0, pointerCount=1, historySize=0, eventTime=542933834, downTime=542933834, deviceId=-1, source=0x1002, displayId=0, eventId=-1063624027 }
08-08 20:12:18.019  3680  4525 I SystemUi--NavBar: NoBackGesture-->display_id_0 Not in side gesture area
08-08 20:12:18.019  4088  4088 I OplusBaseTouchInteractionService: onInputEvent(), ACTION_DOWN, Consumer=TYPE_NO_OP
08-08 20:12:18.019  3009  3566 D OGG_Detector: D:done mCurrStatus: 0
08-08 20:12:18.019  3009  3719 I [UAH_CLIENT]: UahEventAcquire, cmdid:37, pkg:none, identity:OplusUAwareInputHelper
08-08 20:12:18.020  3009  3127 D PowerManagerService: userActivityNoUpdateLocked: groupId=0, eventTime=542933834, event=touch, flags=0x0, uid=1000
08-08 20:12:18.021  3009  3719 D UAH-UahAdaptHelper: adaptSetNotification identity = OplusUAwareInputHelpersrc = 1000 , type 0 ,p1 = -1 ,p2 = -1 ,p3 = -1 ,p4 =
08-08 20:12:18.021  3009  3719 I [UAH_CLIENT]: uahRuleCtl, ruleId:1000, status:0
08-08 20:12:18.069 28665 29931 I HWUI    : Davey! duration=2519ms; Flags=0, FrameTimelineVsyncId=160671258, IntendedVsync=542931369154956, Vsync=542932633187781, InputEventId=-111967406, HandleInputStart=542932635466584, AnimationStart=542932635470750, PerformTraversalsStart=542932637497053, DrawStart=542933523515802, FrameDeadline=542931394616972, FrameInterval=542932634564136, FrameStartTime=16853771, SyncQueued=542933757616271, SyncStart=542933757749396, IssueDrawCommandsStart=542933767150385, SwapBuffers=542933769757729, FrameCompleted=542933888651583, DequeueBufferDuration=67708, QueueBufferDuration=617031, GpuCompleted=542933888651583, SwapBuffersCompleted=542933770887729, DisplayPresentTime=0, CommandSubmissionCompleted=542933769757729, 
08-08 20:12:18.163  1479  5654 D charge_time: type=cdp/dcp,reserve_soc=1,soc=61,ui_soc=62,current=1041,avg=1044,not_chg_cnt=0,stable_cnt=7,fcc=4423,fcc_ratio=92,delta=113,debug=0,region=12,ttf=5766(01:36:06),ui_ttf=5012(01:23:32)
08-08 20:12:18.231 31047  3500 D CustomLogManagerService: WorkHandler msg.what :5
08-08 20:12:18.235 31047  3500 D CustomLogManagerService: curTemp:335 limit:390
08-08 20:12:18.235 31047  3500 D CustomLogManagerService: checkUploadStatus: isSceenOn=true activeNetType=1 isCharging=true isUploading:false temperatureLimit:false
08-08 20:12:18.235 31047  3500 D CustomLogManagerService: sys.log.customer=false
08-08 20:12:18.235 31047  3500 D CustomLogManagerService: isHaveCustomLogCollecting :false
08-08 20:12:18.329 28665 28665 V AutofillManager: requestHideFillUi(null): anchor = null
08-08 20:12:18.331  3009  4806 I InputDispatcher: injectInputEvent: targetUid=<not set>, syncMode=WAIT_FOR_FINISHED, timeout=30000ms, policyFlags=0x8000000, event=MotionEvent { action=UP, id[0]=0, x[0]=270, y[0]=1542, eventTime=542933834000000, downTime=542933834000000, deviceId=4, source=TOUCHSCREEN, displayId=0, eventId=0xc743495c}
08-08 20:12:18.344  3009  4806 E InputDispatcher: Inconsistent event: MotionEvent { action=UP, id[0]=0, x[0]=270, y[0]=1542, eventTime=542933834000000, downTime=542933834000000, deviceId=4, source=TOUCHSCREEN, displayId=0, eventId=0xc743495c}, reason: Injection on 0: Got ACTION_UP, but we have pointers: {1, 0} for device DeviceId(-1)
08-08 20:12:18.346  4088  4088 D AnimSeqTimeStamp: getTimeGapToLastStartAppTime: 542934165
08-08 20:12:18.346  3009  3719 D UAH-UahAdaptHelper: adaptSetNotification identity = OplusUAwareInputHelpersrc = 1000 , type 1 ,p1 = -1 ,p2 = -1 ,p3 = -1 ,p4 =
08-08 20:12:18.346  3009  3719 I [UAH_CLIENT]: uahRuleCtl, ruleId:1000, status:1
08-08 20:12:18.482  3979  4446 D CommonApp-741-10495: transport layer data is invalid
08-08 20:12:18.544 28665 28665 D ViewRootImplExtImpl: the up motion event handled by client, just return
08-08 20:12:18.556 28665 28665 I oplus.android.OplusFrameworkFactoryImpl: get feature:IOplusDynamicVsyncFeature
08-08 20:12:18.556 28665 28665 I oplus.android.OplusFrameworkFactoryImpl: get feature:IOplusDynamicVsyncFeature
08-08 20:12:18.556 28665 28665 I oplus.android.OplusFrameworkFactoryImpl: get feature:IOplusDynamicVsyncFeature
08-08 20:12:18.599  1299 10375 E TetherController: property_get sys.radio.data.modem_share_flag return 0, 1!
08-08 20:12:18.606  2259  2259 I cnss-daemon: nl80211 response handler invoked
08-08 20:12:18.606  2259  2259 I cnss-daemon: nl80211_response_handler: cmd 103, vendorID 4980, subcmd 13  received
08-08 20:12:18.608  1416 10610 I WifiHAL : event received NL80211_CMD_VENDOR, vendor_id = 0x1374, subcmd = 0xd
08-08 20:12:18.612  3009  4718 I InputDispatcher: injectInputEvent: targetUid=<not set>, syncMode=WAIT_FOR_FINISHED, timeout=30000ms, policyFlags=0x8000000, event=MotionEvent { action=DOWN, id[0]=0, x[0]=610, y[0]=1542, eventTime=542934431000000, downTime=542934431000000, deviceId=4, source=TOUCHSCREEN, displayId=0, eventId=0xe94374db}
08-08 20:12:18.613  3009  4718 E InputDispatcher: Inconsistent event: MotionEvent { action=DOWN, id[0]=0, x[0]=610, y[0]=1542, eventTime=542934431000000, downTime=542934431000000, deviceId=4, source=TOUCHSCREEN, displayId=0, eventId=0xe94374db}, reason: Injection on 0: Invalid DOWN event - pointers already down for device DeviceId(-1): {DeviceId(-1): {1, 0}}
08-08 20:12:18.615 28665 28665 V AutofillManager: requestHideFillUi(null): anchor = null
08-08 20:12:18.615  4088  4088 D AnimSeqTimeStamp: getTimeGapToLastStartAppTime: 542934434
08-08 20:12:18.615  3680  4525 I SystemUi--NavBar: NoBackGesture-->display_id_0 Start gesture: MotionEvent { action=ACTION_DOWN, actionButton=0, id[0]=0, x[0]=610.0, y[0]=1542.0, toolType[0]=TOOL_TYPE_FINGER, buttonState=0, classification=NONE, metaState=0, flags=0x0, edgeFlags=0x0, pointerCount=1, historySize=0, eventTime=542934431, downTime=542934431, deviceId=-1, source=0x1002, displayId=0, eventId=-381455141 }
08-08 20:12:18.615  3680  4525 I SystemUi--NavBar: NoBackGesture-->display_id_0 Not in side gesture area
08-08 20:12:18.615  4088  4088 I OplusBaseTouchInteractionService: onInputEvent(), ACTION_DOWN, Consumer=TYPE_NO_OP
08-08 20:12:18.615  3009  3127 D PowerManagerService: userActivityNoUpdateLocked: groupId=0, eventTime=542934431, event=touch, flags=0x0, uid=1000
08-08 20:12:18.616  3009  3566 D OGG_Detector: D:done mCurrStatus: 0
08-08 20:12:18.616  3009  3719 I [UAH_CLIENT]: UahEventAcquire, cmdid:37, pkg:none, identity:OplusUAwareInputHelper
08-08 20:12:18.617  3009  3719 D UAH-UahAdaptHelper: adaptSetNotification identity = OplusUAwareInputHelpersrc = 1000 , type 0 ,p1 = -1 ,p2 = -1 ,p3 = -1 ,p4 =
08-08 20:12:18.617  3009  4718 I InputDispatcher: injectInputEvent: targetUid=<not set>, syncMode=WAIT_FOR_FINISHED, timeout=30000ms, policyFlags=0x8000000, event=MotionEvent { action=UP, id[0]=0, x[0]=610, y[0]=1542, eventTime=542934431000000, downTime=542934431000000, deviceId=4, source=TOUCHSCREEN, displayId=0, eventId=0xf62045db}
08-08 20:12:18.618  3009  3719 I [UAH_CLIENT]: uahRuleCtl, ruleId:1000, status:0
08-08 20:12:18.622  3009  4718 E InputDispatcher: Inconsistent event: MotionEvent { action=UP, id[0]=0, x[0]=610, y[0]=1542, eventTime=542934431000000, downTime=542934431000000, deviceId=4, source=TOUCHSCREEN, displayId=0, eventId=0xf62045db}, reason: Injection on 0: Got ACTION_UP, but we have pointers: {1, 0} for device DeviceId(-1)
08-08 20:12:18.623  4088  4088 D AnimSeqTimeStamp: getTimeGapToLastStartAppTime: 542934442
08-08 20:12:18.623 28665 28665 D ViewRootImplExtImpl: the up motion event handled by client, just return
08-08 20:12:18.624  3009  3719 D UAH-UahAdaptHelper: adaptSetNotification identity = OplusUAwareInputHelpersrc = 1000 , type 1 ,p1 = -1 ,p2 = -1 ,p3 = -1 ,p4 =
08-08 20:12:18.624  3009  3719 I [UAH_CLIENT]: uahRuleCtl, ruleId:1000, status:1
08-08 20:12:18.629 28665 28665 I oplus.android.OplusFrameworkFactoryImpl: get feature:IOplusDynamicVsyncFeature
08-08 20:12:18.629 28665 28665 I oplus.android.OplusFrameworkFactoryImpl: get feature:IOplusDynamicVsyncFeature
08-08 20:12:18.629 28665 28665 I oplus.android.OplusFrameworkFactoryImpl: get feature:IOplusDynamicVsyncFeature
08-08 20:12:18.658  3680  3902 I SystemUi--Statusbar: OplusNetworkSpeedControllExImpl-->updateNetworkSpeed: isConnected:true,isSwitchOn:true
08-08 20:12:18.674  3680  3902 I SystemUi--Statusbar: OplusNetworkSpeedControllExImpl-->getTotalByte: totalRxBytes:29285915911,totalTxBytes:2707984332,loopbackTxBytes:6856497,loopbackRxBytes:6856497 ,totalBytes:31980187249
08-08 20:12:18.694  3009  4718 I InputDispatcher: injectInputEvent: targetUid=<not set>, syncMode=WAIT_FOR_FINISHED, timeout=30000ms, policyFlags=0x8000000, event=MotionEvent { action=DOWN, id[0]=0, x[0]=95, y[0]=1542, eventTime=542934513000000, downTime=542934513000000, deviceId=4, source=TOUCHSCREEN, displayId=0, eventId=0xf26a70dd}
08-08 20:12:18.697  3009  4718 E InputDispatcher: Inconsistent event: MotionEvent { action=DOWN, id[0]=0, x[0]=95, y[0]=1542, eventTime=542934513000000, downTime=542934513000000, deviceId=4, source=TOUCHSCREEN, displayId=0, eventId=0xf26a70dd}, reason: Injection on 0: Invalid DOWN event - pointers already down for device DeviceId(-1): {DeviceId(-1): {1, 0}}
08-08 20:12:18.700  3009  3719 I [UAH_CLIENT]: UahEventAcquire, cmdid:37, pkg:none, identity:OplusUAwareInputHelper
08-08 20:12:18.701  3680  4525 I SystemUi--NavBar: NoBackGesture-->display_id_0 Start gesture: MotionEvent { action=ACTION_DOWN, actionButton=0, id[0]=0, x[0]=95.0, y[0]=1542.0, toolType[0]=TOOL_TYPE_FINGER, buttonState=0, classification=NONE, metaState=0, flags=0x0, edgeFlags=0x0, pointerCount=1, historySize=0, eventTime=542934513, downTime=542934513, deviceId=-1, source=0x1002, displayId=0, eventId=-227905315 }
08-08 20:12:18.701  3680  4525 I SystemUi--NavBar: NoBackGesture-->display_id_0 Not in side gesture area
08-08 20:12:18.701  3009  3719 D UAH-UahAdaptHelper: adaptSetNotification identity = OplusUAwareInputHelpersrc = 1000 , type 0 ,p1 = -1 ,p2 = -1 ,p3 = -1 ,p4 =
08-08 20:12:18.701  3009  3719 I [UAH_CLIENT]: uahRuleCtl, ruleId:1000, status:0
08-08 20:12:18.703  4088  4088 D AnimSeqTimeStamp: getTimeGapToLastStartAppTime: 542934522
08-08 20:12:18.703  3009  3566 D OGG_Detector: D:done mCurrStatus: 0
08-08 20:12:18.704  4088  4088 I OplusBaseTouchInteractionService: onInputEvent(), ACTION_DOWN, Consumer=TYPE_NO_OP
08-08 20:12:18.723 19189 19254 D DeviceManager: mAutoConnectEnable=false, reason=SIXTY_SECONDS_TIMER_TRRIGER_CONNECT
08-08 20:12:18.845  1479  1567 D BatteryChargeControl: bcc get no support from charging protocol
08-08 20:12:18.894  1479  1562 D vendor.oplus.hardware.charger-V6-service: ret_value:160, read content:,335,349,4115,4123,-1041,1500,2200,61,62,1,6,1425,4560,62,1,0,1,1,0,0,4470,0,6,0,6,0,0,0,-2740,0,1,1,0,0,41,41,41,0,0,0,0,0,0,0,0,0,0,4,0,1,0,100,0,0,0,0,0,0,0
08-08 20:12:18.894  1479  1562 D vendor.oplus.hardware.charger-V6-service: gmtime: 2026-08-08-20-12-18
08-08 20:12:18.895  1479  1562 D vendor.oplus.hardware.charger-V6-service: usb_online:1, ac_online:0, wireless_online:-2147483648
08-08 20:12:18.990 28665 28665 V AutofillManager: requestHideFillUi(null): anchor = null
08-08 20:12:18.991  3009  4718 I InputDispatcher: injectInputEvent: targetUid=<not set>, syncMode=WAIT_FOR_FINISHED, timeout=30000ms, policyFlags=0x8000000, event=MotionEvent { action=UP, id[0]=0, x[0]=95, y[0]=1542, eventTime=542934513000000, downTime=542934513000000, deviceId=4, source=TOUCHSCREEN, displayId=0, eventId=0xe1f9a0ce}
08-08 20:12:18.995  3009  4718 E InputDispatcher: Inconsistent event: MotionEvent { action=UP, id[0]=0, x[0]=95, y[0]=1542, eventTime=542934513000000, downTime=542934513000000, deviceId=4, source=TOUCHSCREEN, displayId=0, eventId=0xe1f9a0ce}, reason: Injection on 0: Got ACTION_UP, but we have pointers: {1, 0} for device DeviceId(-1)
08-08 20:12:18.997  3009  3719 D UAH-UahAdaptHelper: adaptSetNotification identity = OplusUAwareInputHelpersrc = 1000 , type 1 ,p1 = -1 ,p2 = -1 ,p3 = -1 ,p4 =
08-08 20:12:18.997  3009  3719 I [UAH_CLIENT]: uahRuleCtl, ruleId:1000, status:1
08-08 20:12:18.997  4088  4088 D AnimSeqTimeStamp: getTimeGapToLastStartAppTime: 542934816
08-08 20:12:19.172  1479  5654 D charge_time: write 5011s(01:23:31) to ttf, rc=6
08-08 20:12:19.172  1479  5654 D charge_time: type=cdp/dcp,reserve_soc=1,soc=61,ui_soc=62,current=1045,avg=1043,not_chg_cnt=0,stable_cnt=7,fcc=4423,fcc_ratio=92,delta=114,debug=0,region=12,ttf=5770(01:36:10),ui_ttf=5011(01:23:31)
08-08 20:12:19.225 28665 28665 D ViewRootImplExtImpl: the up motion event handled by client, just return
08-08 20:12:19.236 28665 28665 I oplus.android.OplusFrameworkFactoryImpl: get feature:IOplusDynamicVsyncFeature
08-08 20:12:19.236 28665 28665 I oplus.android.OplusFrameworkFactoryImpl: get feature:IOplusDynamicVsyncFeature
08-08 20:12:19.236 28665 28665 I oplus.android.OplusFrameworkFactoryImpl: get feature:IOplusDynamicVsyncFeature
08-08 20:12:19.289  3009  4718 I InputDispatcher: injectInputEvent: targetUid=<not set>, syncMode=WAIT_FOR_FINISHED, timeout=30000ms, policyFlags=0x8000000, event=MotionEvent { action=DOWN, id[0]=0, x[0]=610, y[0]=1542, eventTime=542935108000000, downTime=542935108000000, deviceId=4, source=TOUCHSCREEN, displayId=0, eventId=0xe8a06b71}
08-08 20:12:19.290  3009  4718 E InputDispatcher: Inconsistent event: MotionEvent { action=DOWN, id[0]=0, x[0]=610, y[0]=1542, eventTime=542935108000000, downTime=542935108000000, deviceId=4, source=TOUCHSCREEN, displayId=0, eventId=0xe8a06b71}, reason: Injection on 0: Invalid DOWN event - pointers already down for device DeviceId(-1): {DeviceId(-1): {1, 0}}
08-08 20:12:19.295 28665 28665 V AutofillManager: requestHideFillUi(null): anchor = null
08-08 20:12:19.297  4088  4088 D AnimSeqTimeStamp: getTimeGapToLastStartAppTime: 542935116
08-08 20:12:19.298  3680  4525 I SystemUi--NavBar: NoBackGesture-->display_id_0 Start gesture: MotionEvent { action=ACTION_DOWN, actionButton=0, id[0]=0, x[0]=610.0, y[0]=1542.0, toolType[0]=TOOL_TYPE_FINGER, buttonState=0, classification=NONE, metaState=0, flags=0x0, edgeFlags=0x0, pointerCount=1, historySize=0, eventTime=542935108, downTime=542935108, deviceId=-1, source=0x1002, displayId=0, eventId=-392139919 }
08-08 20:12:19.298  3680  4525 I SystemUi--NavBar: NoBackGesture-->display_id_0 Not in side gesture area
08-08 20:12:19.298  4088  4088 I OplusBaseTouchInteractionService: onInputEvent(), ACTION_DOWN, Consumer=TYPE_NO_OP
08-08 20:12:19.298  3009  3566 D OGG_Detector: D:done mCurrStatus: 0
08-08 20:12:19.298  3009  3127 D PowerManagerService: userActivityNoUpdateLocked: groupId=0, eventTime=542935108, event=touch, flags=0x0, uid=1000
08-08 20:12:19.299  3009  3719 I [UAH_CLIENT]: UahEventAcquire, cmdid:37, pkg:none, identity:OplusUAwareInputHelper
08-08 20:12:19.299  3009  4718 I InputDispatcher: injectInputEvent: targetUid=<not set>, syncMode=WAIT_FOR_FINISHED, timeout=30000ms, policyFlags=0x8000000, event=MotionEvent { action=UP, id[0]=0, x[0]=610, y[0]=1542, eventTime=542935108000000, downTime=542935108000000, deviceId=4, source=TOUCHSCREEN, displayId=0, eventId=0xd1872db4}
08-08 20:12:19.301  3009  3719 D UAH-UahAdaptHelper: adaptSetNotification identity = OplusUAwareInputHelpersrc = 1000 , type 0 ,p1 = -1 ,p2 = -1 ,p3 = -1 ,p4 =
08-08 20:12:19.301  3009  3719 I [UAH_CLIENT]: uahRuleCtl, ruleId:1000, status:0
08-08 20:12:19.304  3009  4718 E InputDispatcher: Inconsistent event: MotionEvent { action=UP, id[0]=0, x[0]=610, y[0]=1542, eventTime=542935108000000, downTime=542935108000000, deviceId=4, source=TOUCHSCREEN, displayId=0, eventId=0xd1872db4}, reason: Injection on 0: Got ACTION_UP, but we have pointers: {1, 0} for device DeviceId(-1)
08-08 20:12:19.306 28665 28665 D ViewRootImplExtImpl: the up motion event handled by client, just return
08-08 20:12:19.306  4088  4088 D AnimSeqTimeStamp: getTimeGapToLastStartAppTime: 542935126
08-08 20:12:19.307  3009  3719 D UAH-UahAdaptHelper: adaptSetNotification identity = OplusUAwareInputHelpersrc = 1000 , type 1 ,p1 = -1 ,p2 = -1 ,p3 = -1 ,p4 =
08-08 20:12:19.307  3009  3719 I [UAH_CLIENT]: uahRuleCtl, ruleId:1000, status:1
08-08 20:12:19.313 28665 28665 I oplus.android.OplusFrameworkFactoryImpl: get feature:IOplusDynamicVsyncFeature
08-08 20:12:19.313 28665 28665 I oplus.android.OplusFrameworkFactoryImpl: get feature:IOplusDynamicVsyncFeature
08-08 20:12:19.313 28665 28665 I oplus.android.OplusFrameworkFactoryImpl: get feature:IOplusDynamicVsyncFeature
08-08 20:12:19.366  3009  4718 I InputDispatcher: injectInputEvent: targetUid=<not set>, syncMode=WAIT_FOR_FINISHED, timeout=30000ms, policyFlags=0x8000000, event=MotionEvent { action=DOWN, id[0]=0, x[0]=95, y[0]=1542, eventTime=542935185000000, downTime=542935185000000, deviceId=4, source=TOUCHSCREEN, displayId=0, eventId=0xc8c5dd90}
08-08 20:12:19.367  3009  4718 E InputDispatcher: Inconsistent event: MotionEvent { action=DOWN, id[0]=0, x[0]=95, y[0]=1542, eventTime=542935185000000, downTime=542935185000000, deviceId=4, source=TOUCHSCREEN, displayId=0, eventId=0xc8c5dd90}, reason: Injection on 0: Invalid DOWN event - pointers already down for device DeviceId(-1): {DeviceId(-1): {1, 0}}
08-08 20:12:19.372  4088  4088 D AnimSeqTimeStamp: getTimeGapToLastStartAppTime: 542935191
08-08 20:12:19.373  3680  4525 I SystemUi--NavBar: NoBackGesture-->display_id_0 Start gesture: MotionEvent { action=ACTION_DOWN, actionButton=0, id[0]=0, x[0]=95.0, y[0]=1542.0, toolType[0]=TOOL_TYPE_FINGER, buttonState=0, classification=NONE, metaState=0, flags=0x0, edgeFlags=0x0, pointerCount=1, historySize=0, eventTime=542935185, downTime=542935185, deviceId=-1, source=0x1002, displayId=0, eventId=-926556784 }
08-08 20:12:19.373  3680  4525 I SystemUi--NavBar: NoBackGesture-->display_id_0 Not in side gesture area
08-08 20:12:19.373  3009  3719 I [UAH_CLIENT]: UahEventAcquire, cmdid:37, pkg:none, identity:OplusUAwareInputHelper
08-08 20:12:19.374  4088  4088 I OplusBaseTouchInteractionService: onInputEvent(), ACTION_DOWN, Consumer=TYPE_NO_OP
08-08 20:12:19.375  3009  3566 D OGG_Detector: D:done mCurrStatus: 0
08-08 20:12:19.375  3009  3719 D UAH-UahAdaptHelper: adaptSetNotification identity = OplusUAwareInputHelpersrc = 1000 , type 0 ,p1 = -1 ,p2 = -1 ,p3 = -1 ,p4 =
08-08 20:12:19.375  3009  3719 I [UAH_CLIENT]: uahRuleCtl, ruleId:1000, status:0
08-08 20:12:19.409  3009  4806 I OplusBinderProxy: pb uid: 10334 pid: 29597 desc: com.android.internal.telephony.IPhoneStateListener/10
08-08 20:12:19.409  3009  4806 I OplusBinderProxy: pb uid: 10398 pid: 31177 desc: com.android.internal.telephony.IPhoneStateListener/10
08-08 20:12:19.411  4047  4047 D SubsysEventListenerManager-SubsysTelephonyCallback[0]: onSignalStrengthsChanged
08-08 20:12:19.412  3935  3935 D OplusTelephonyController: onSignalStrengthChanged: SignalStrength=SignalStrength:{mCdma=CellSignalStrengthCdma: cdmaDbm=2147483647 cdmaEcio=2147483647 evdoDbm=2147483647 evdoEcio=2147483647 evdoSnr=2147483647 level=0,mGsm=CellSignalStrengthGsm: rssi=2147483647 ber=2147483647 mTa=2147483647 mLevel=0,mWcdma=CellSignalStrengthWcdma: ss=2147483647 ber=2147483647 rscp=2147483647 ecno=2147483647 level=0,mTdscdma=CellSignalStrengthTdscdma: rssi=2147483647 ber=2147483647 rscp=2147483647 level=0,mLte=CellSignalStrengthLte: rssi=-63 rsrp=-99 rsrq=-17 rssnr=-4 cqiTableIndex=2147483647 cqi=2147483647 ta=2147483647 level=3 parametersUseForLevel=0,mNr=CellSignalStrengthNr:{ csiRsrp = 2147483647 csiRsrq = 2147483647 csiCqiTableIndex = 2147483647 csiCqiReport = [] ssRsrp = 2147483647 ssRsrq = 2147483647 ssSinr = 2147483647 level = 0 parametersUseForLevel = 0 timingAdvance = 2147483647 },primary=CellSignalStrengthLte}
08-08 20:12:19.416  4047  4047 D SubsysEventListenerManager-SubsysTelephonyCallback[1]: onSignalStrengthsChanged
08-08 20:12:19.420  3680  4076 I SystemUi--Statusbar: MobileConnectionRepositoryImpl-->subId:4 isSoftSimCard:false slotId:0
08-08 20:12:19.425  3680  4076 I SystemUi--Statusbar: MobileConnectionRepositoryImpl-->subId:3 isSoftSimCard:false slotId:1
08-08 20:12:19.507  3979  4446 D CommonApp-741-10495: transport layer data is invalid
08-08 20:12:19.619  1299 10375 E TetherController: property_get sys.radio.data.modem_share_flag return 0, 1!
08-08 20:12:19.673 28665 28665 V AutofillManager: requestHideFillUi(null): anchor = null
08-08 20:12:19.675  3009  4718 I InputDispatcher: injectInputEvent: targetUid=<not set>, syncMode=WAIT_FOR_FINISHED, timeout=30000ms, policyFlags=0x8000000, event=MotionEvent { action=UP, id[0]=0, x[0]=95, y[0]=1542, eventTime=542935185000000, downTime=542935185000000, deviceId=4, source=TOUCHSCREEN, displayId=0, eventId=0xdfc0c689}
08-08 20:12:19.689  3009  4718 E InputDispatcher: Inconsistent event: MotionEvent { action=UP, id[0]=0, x[0]=95, y[0]=1542, eventTime=542935185000000, downTime=542935185000000, deviceId=4, source=TOUCHSCREEN, displayId=0, eventId=0xdfc0c689}, reason: Injection on 0: Got ACTION_UP, but we have pointers: {1, 0} for device DeviceId(-1)
08-08 20:12:19.694  4088  4088 D AnimSeqTimeStamp: getTimeGapToLastStartAppTime: 542935513
08-08 20:12:19.694  3009  3719 D UAH-UahAdaptHelper: adaptSetNotification identity = OplusUAwareInputHelpersrc = 1000 , type 1 ,p1 = -1 ,p2 = -1 ,p3 = -1 ,p4 =
08-08 20:12:19.694  3009  3719 I [UAH_CLIENT]: uahRuleCtl, ruleId:1000, status:1
08-08 20:12:19.761  3009  3096 I ActivityManager: Test idle failed due to 47d9d 30037:com.instagram.android/u0a488 not runnable because EMPTY
08-08 20:12:19.847  1479  1567 D BatteryChargeControl: bcc get no support from charging protocol
08-08 20:12:19.885 28665 28665 D ViewRootImplExtImpl: the up motion event handled by client, just return
08-08 20:12:19.897 28665 28665 I oplus.android.OplusFrameworkFactoryImpl: get feature:IOplusDynamicVsyncFeature
08-08 20:12:19.897 28665 28665 I oplus.android.OplusFrameworkFactoryImpl: get feature:IOplusDynamicVsyncFeature
08-08 20:12:19.897 28665 28665 I oplus.android.OplusFrameworkFactoryImpl: get feature:IOplusDynamicVsyncFeature
08-08 20:12:19.950  3009  4786 I InputDispatcher: injectInputEvent: targetUid=<not set>, syncMode=WAIT_FOR_FINISHED, timeout=30000ms, policyFlags=0x8000000, event=MotionEvent { action=DOWN, id[0]=0, x[0]=610, y[0]=1542, eventTime=542935769000000, downTime=542935769000000, deviceId=4, source=TOUCHSCREEN, displayId=0, eventId=0xf2014e28}
08-08 20:12:19.951  3009  4786 E InputDispatcher: Inconsistent event: MotionEvent { action=DOWN, id[0]=0, x[0]=610, y[0]=1542, eventTime=542935769000000, downTime=542935769000000, deviceId=4, source=TOUCHSCREEN, displayId=0, eventId=0xf2014e28}, reason: Injection on 0: Invalid DOWN event - pointers already down for device DeviceId(-1): {DeviceId(-1): {1, 0}}
08-08 20:12:19.953  4088  4088 D AnimSeqTimeStamp: getTimeGapToLastStartAppTime: 542935772
08-08 20:12:19.953 28665 28665 V AutofillManager: requestHideFillUi(null): anchor = null
08-08 20:12:19.953  3680  4525 I SystemUi--NavBar: NoBackGesture-->display_id_0 Start gesture: MotionEvent { action=ACTION_DOWN, actionButton=0, id[0]=0, x[0]=610.0, y[0]=1542.0, toolType[0]=TOOL_TYPE_FINGER, buttonState=0, classification=NONE, metaState=0, flags=0x0, edgeFlags=0x0, pointerCount=1, historySize=0, eventTime=542935769, downTime=542935769, deviceId=-1, source=0x1002, displayId=0, eventId=-234795480 }
08-08 20:12:19.953  3680  4525 I SystemUi--NavBar: NoBackGesture-->display_id_0 Not in side gesture area
08-08 20:12:19.953  4088  4088 I OplusBaseTouchInteractionService: onInputEvent(), ACTION_DOWN, Consumer=TYPE_NO_OP
08-08 20:12:19.954  3009  3566 D OGG_Detector: D:done mCurrStatus: 0
08-08 20:12:19.954  3009  3127 D PowerManagerService: userActivityNoUpdateLocked: groupId=0, eventTime=542935769, event=touch, flags=0x0, uid=1000
08-08 20:12:19.954  3009  3719 I [UAH_CLIENT]: UahEventAcquire, cmdid:37, pkg:none, identity:OplusUAwareInputHelper
08-08 20:12:19.955  3009  4786 I InputDispatcher: injectInputEvent: targetUid=<not set>, syncMode=WAIT_FOR_FINISHED, timeout=30000ms, policyFlags=0x8000000, event=MotionEvent { action=UP, id[0]=0, x[0]=610, y[0]=1542, eventTime=542935769000000, downTime=542935769000000, deviceId=4, source=TOUCHSCREEN, displayId=0, eventId=0xee647c65}
08-08 20:12:19.956  3009  3719 D UAH-UahAdaptHelper: adaptSetNotification identity = OplusUAwareInputHelpersrc = 1000 , type 0 ,p1 = -1 ,p2 = -1 ,p3 = -1 ,p4 =
08-08 20:12:19.956  3009  3719 I [UAH_CLIENT]: uahRuleCtl, ruleId:1000, status:0
08-08 20:12:19.958  3009  4786 E InputDispatcher: Inconsistent event: MotionEvent { action=UP, id[0]=0, x[0]=610, y[0]=1542, eventTime=542935769000000, downTime=542935769000000, deviceId=4, source=TOUCHSCREEN, displayId=0, eventId=0xee647c65}, reason: Injection on 0: Got ACTION_UP, but we have pointers: {1, 0} for device DeviceId(-1)
08-08 20:12:19.960 28665 28665 D ViewRootImplExtImpl: the up motion event handled by client, just return
08-08 20:12:19.959  4088  4088 D AnimSeqTimeStamp: getTimeGapToLastStartAppTime: 542935779
08-08 20:12:19.960  3009  3719 D UAH-UahAdaptHelper: adaptSetNotification identity = OplusUAwareInputHelpersrc = 1000 , type 1 ,p1 = -1 ,p2 = -1 ,p3 = -1 ,p4 =
08-08 20:12:19.960  3009  3719 I [UAH_CLIENT]: uahRuleCtl, ruleId:1000, status:1
08-08 20:12:19.966 28665 28665 I oplus.android.OplusFrameworkFactoryImpl: get feature:IOplusDynamicVsyncFeature
08-08 20:12:19.966 28665 28665 I oplus.android.OplusFrameworkFactoryImpl: get feature:IOplusDynamicVsyncFeature
08-08 20:12:19.966 28665 28665 I oplus.android.OplusFrameworkFactoryImpl: get feature:IOplusDynamicVsyncFeature
08-08 20:12:20.017  3009  4786 I InputDispatcher: injectInputEvent: targetUid=<not set>, syncMode=WAIT_FOR_FINISHED, timeout=30000ms, policyFlags=0x8000000, event=MotionEvent { action=DOWN, id[0]=0, x[0]=450, y[0]=1542, eventTime=542935835000000, downTime=542935835000000, deviceId=4, source=TOUCHSCREEN, displayId=0, eventId=0xe78e1945}
08-08 20:12:20.019  3009  4786 E InputDispatcher: Inconsistent event: MotionEvent { action=DOWN, id[0]=0, x[0]=450, y[0]=1542, eventTime=542935835000000, downTime=542935835000000, deviceId=4, source=TOUCHSCREEN, displayId=0, eventId=0xe78e1945}, reason: Injection on 0: Invalid DOWN event - pointers already down for device DeviceId(-1): {DeviceId(-1): {1, 0}}
08-08 20:12:20.021  4088  4088 D AnimSeqTimeStamp: getTimeGapToLastStartAppTime: 542935840
08-08 20:12:20.021  3009  3566 D OGG_Detector: D:done mCurrStatus: 0
08-08 20:12:20.021  3680  4525 I SystemUi--NavBar: NoBackGesture-->display_id_0 Start gesture: MotionEvent { action=ACTION_DOWN, actionButton=0, id[0]=0, x[0]=450.0, y[0]=1542.0, toolType[0]=TOOL_TYPE_FINGER, buttonState=0, classification=NONE, metaState=0, flags=0x0, edgeFlags=0x0, pointerCount=1, historySize=0, eventTime=542935835, downTime=542935835, deviceId=-1, source=0x1002, displayId=0, eventId=-410117819 }
08-08 20:12:20.021  3680  4525 I SystemUi--NavBar: NoBackGesture-->display_id_0 Not in side gesture area
08-08 20:12:20.021  4088  4088 I OplusBaseTouchInteractionService: onInputEvent(), ACTION_DOWN, Consumer=TYPE_NO_OP
08-08 20:12:20.022  3009  3719 I [UAH_CLIENT]: UahEventAcquire, cmdid:37, pkg:none, identity:OplusUAwareInputHelper
08-08 20:12:20.023  3009  3719 D UAH-UahAdaptHelper: adaptSetNotification identity = OplusUAwareInputHelpersrc = 1000 , type 0 ,p1 = -1 ,p2 = -1 ,p3 = -1 ,p4 =
08-08 20:12:20.023  3009  3719 I [UAH_CLIENT]: uahRuleCtl, ruleId:1000, status:0
08-08 20:12:20.179  1479  5654 D charge_time: type=cdp/dcp,reserve_soc=1,soc=61,ui_soc=62,current=1033,avg=1041,not_chg_cnt=0,stable_cnt=7,fcc=4423,fcc_ratio=92,delta=115,debug=0,region=12,ttf=5778(01:36:18),ui_ttf=5010(01:23:30)
08-08 20:12:20.352 28665 28665 V AutofillManager: requestHideFillUi(null): anchor = null
08-08 20:12:20.354  3009  4786 I InputDispatcher: injectInputEvent: targetUid=<not set>, syncMode=WAIT_FOR_FINISHED, timeout=30000ms, policyFlags=0x8000000, event=MotionEvent { action=UP, id[0]=0, x[0]=450, y[0]=1542, eventTime=542935835000000, downTime=542935835000000, deviceId=4, source=TOUCHSCREEN, displayId=0, eventId=0xf1581b31}
08-08 20:12:20.373  3009  4786 E InputDispatcher: Inconsistent event: MotionEvent { action=UP, id[0]=0, x[0]=450, y[0]=1542, eventTime=542935835000000, downTime=542935835000000, deviceId=4, source=TOUCHSCREEN, displayId=0, eventId=0xf1581b31}, reason: Injection on 0: Got ACTION_UP, but we have pointers: {1, 0} for device DeviceId(-1)
08-08 20:12:20.377  4088  4088 D AnimSeqTimeStamp: getTimeGapToLastStartAppTime: 542936196
08-08 20:12:20.379  3009  3719 D UAH-UahAdaptHelper: adaptSetNotification identity = OplusUAwareInputHelpersrc = 1000 , type 1 ,p1 = -1 ,p2 = -1 ,p3 = -1 ,p4 =
08-08 20:12:20.379  3009  3719 I [UAH_CLIENT]: uahRuleCtl, ruleId:1000, status:1
08-08 20:12:20.530  3979  4446 D CommonApp-741-10495: transport layer data is invalid
08-08 20:12:20.568 28665 28665 D ViewRootImplExtImpl: the up motion event handled by client, just return
08-08 20:12:20.580 28665 28665 I oplus.android.OplusFrameworkFactoryImpl: get feature:IOplusDynamicVsyncFeature
08-08 20:12:20.580 28665 28665 I oplus.android.OplusFrameworkFactoryImpl: get feature:IOplusDynamicVsyncFeature
08-08 20:12:20.580 28665 28665 I oplus.android.OplusFrameworkFactoryImpl: get feature:IOplusDynamicVsyncFeature
08-08 20:12:20.609  1416 10610 I WifiHAL : event received NL80211_CMD_VENDOR, vendor_id = 0x1374, subcmd = 0xd
08-08 20:12:20.610  2259  2259 I cnss-daemon: nl80211 response handler invoked
08-08 20:12:20.610  2259  2259 I cnss-daemon: nl80211_response_handler: cmd 103, vendorID 4980, subcmd 13  received
08-08 20:12:20.633  1299 10375 E TetherController: property_get sys.radio.data.modem_share_flag return 0, 1!
08-08 20:12:20.642  3009  4718 I InputDispatcher: injectInputEvent: targetUid=<not set>, syncMode=WAIT_FOR_FINISHED, timeout=30000ms, policyFlags=0x8000000, event=MotionEvent { action=DOWN, id[0]=0, x[0]=610, y[0]=1542, eventTime=542936460000000, downTime=542936460000000, deviceId=4, source=TOUCHSCREEN, displayId=0, eventId=0xe6b72b2e}
08-08 20:12:20.644  3009  4718 E InputDispatcher: Inconsistent event: MotionEvent { action=DOWN, id[0]=0, x[0]=610, y[0]=1542, eventTime=542936460000000, downTime=542936460000000, deviceId=4, source=TOUCHSCREEN, displayId=0, eventId=0xe6b72b2e}, reason: Injection on 0: Invalid DOWN event - pointers already down for device DeviceId(-1): {DeviceId(-1): {1, 0}}
08-08 20:12:20.645  4088  4088 D AnimSeqTimeStamp: getTimeGapToLastStartAppTime: 542936464
08-08 20:12:20.645  3680  4525 I SystemUi--NavBar: NoBackGesture-->display_id_0 Start gesture: MotionEvent { action=ACTION_DOWN, actionButton=0, id[0]=0, x[0]=610.0, y[0]=1542.0, toolType[0]=TOOL_TYPE_FINGER, buttonState=0, classification=NONE, metaState=0, flags=0x0, edgeFlags=0x0, pointerCount=1, historySize=0, eventTime=542936460, downTime=542936460, deviceId=-1, source=0x1002, displayId=0, eventId=-424203474 }
08-08 20:12:20.645  3680  4525 I SystemUi--NavBar: NoBackGesture-->display_id_0 Not in side gesture area
08-08 20:12:20.645  4088  4088 I OplusBaseTouchInteractionService: onInputEvent(), ACTION_DOWN, Consumer=TYPE_NO_OP
08-08 20:12:20.646  3009  3127 D PowerManagerService: userActivityNoUpdateLocked: groupId=0, eventTime=542936460, event=touch, flags=0x0, uid=1000
08-08 20:12:20.646  3009  3719 I [UAH_CLIENT]: UahEventAcquire, cmdid:37, pkg:none, identity:OplusUAwareInputHelper
08-08 20:12:20.646  3009  3566 D OGG_Detector: D:done mCurrStatus: 0
08-08 20:12:20.647  3009  3719 D UAH-UahAdaptHelper: adaptSetNotification identity = OplusUAwareInputHelpersrc = 1000 , type 0 ,p1 = -1 ,p2 = -1 ,p3 = -1 ,p4 =
08-08 20:12:20.647  3009  3719 I [UAH_CLIENT]: uahRuleCtl, ruleId:1000, status:0
08-08 20:12:20.799  3009  3442 D WifiStaIfaceHidlImpl: getCachedScanData is not implemented by HIDL
08-08 20:12:20.812  4047  4047 D VendorWifiService: onEvent event:9,action:1
08-08 20:12:20.814  3009  3545 D OplusWifiPower_TriggerCenter: mComponentCallback: wifistat
08-08 20:12:20.848  1479  1567 D BatteryChargeControl: bcc get no support from charging protocol
08-08 20:12:21.186  1479  5654 D charge_time: type=cdp/dcp,reserve_soc=1,soc=61,ui_soc=62,current=1035,avg=1042,not_chg_cnt=0,stable_cnt=7,fcc=4423,fcc_ratio=92,delta=116,debug=0,region=12,ttf=5772(01:36:12),ui_ttf=5009(01:23:29)
08-08 20:12:21.313  1479  1479 D vendor.oplus.hardware.charger-V6-service: get_ui_charge_icon_type 0 0 0 0 0
08-08 20:12:21.315  1479  1479 D vendor.oplus.hardware.charger-V6-service: oplus_chg_get_cpa_power 7500 charge_online 1 retention_topic 0
08-08 20:12:21.316  1479  1479 D vendor.oplus.hardware.charger-V6-service: oplus_chg_get_cpa_power 7500 charge_online 1 retention_topic 0
08-08 20:12:21.316  1479  1479 D vendor.oplus.hardware.charger-V6-service: getIsSingleHyperSupport=2, cpa_power=7
08-08 20:12:21.317  1479  1479 E vendor.oplus.hardware.charger-V6-service: Failed to open the file: /sys/class/oplus_chg/common/plc. Error 2: No such file or directory
08-08 20:12:21.328  3680  3680 I SystemUi--Statusbar: BatteryControllerExt-->updateBatteryChangeIntent():broadcast=android.intent.action.BATTERY_CHANGED,level=62,scale=100
08-08 20:12:21.329  3680  3680 I SystemUi--Statusbar: BatteryRepository-->level: 62 -- isSavingMode: false
08-08 20:12:21.333  4047  4047 D SubsysBroadcastManager: onReceive action:android.intent.action.BATTERY_CHANGED
08-08 20:12:21.336  1479  1479 D vendor.oplus.hardware.charger-V6-service: get_ui_charge_icon_type 0 0 0 0 0
08-08 20:12:21.336 28909 28909 D DeviceStatisticsService: onReceive: action= android.intent.action.BATTERY_CHANGED
08-08 20:12:21.337  1479  1479 D vendor.oplus.hardware.charger-V6-service: oplus_chg_get_cpa_power 7500 charge_online 1 retention_topic 0
08-08 20:12:21.338  1479  1479 D vendor.oplus.hardware.charger-V6-service: oplus_chg_get_cpa_power 7500 charge_online 1 retention_topic 0
08-08 20:12:21.338  1479  1479 D vendor.oplus.hardware.charger-V6-service: getIsSingleHyperSupport=2, cpa_power=7
08-08 20:12:21.339  1479  1479 E vendor.oplus.hardware.charger-V6-service: Failed to open the file: /sys/class/oplus_chg/common/plc. Error 2: No such file or directory
08-08 20:12:21.340 31047 31047 D CustomLogManagerService: onReceive android.intent.action.BATTERY_CHANGED
08-08 20:12:21.341  3009  3134 D OplusDisplayBrightnessBroadcastReceiver: onReceive action = android.intent.action.BATTERY_CHANGED , listeners = [com.android.server.display.OplusFeatureHDREnhanceBrightness$PhoneInfoReceiver@1d811b8, com.android.server.display.OplusFeatureEdrEnhanceBrightness$PhoneInfoReceiver@ab5cb91]
08-08 20:12:21.343  6966  7029 E Battery : a: getAISleepDuration: predictResult is null.
08-08 20:12:21.343  6966  7029 E Battery : ChargeProtectionUtils: mCanlendarTmp.isEmpty()!
08-08 20:12:21.554  3979  4446 D CommonApp-741-10495: transport layer data is invalid
08-08 20:12:21.644 28967 24134 I NearbyMediums: No BLE Fast/GATT advertisements found in the latest cycle.
08-08 20:12:21.649  1299 10375 E TetherController: property_get sys.radio.data.modem_share_flag return 0, 1!
08-08 20:12:21.650 28967 24134 I NearbyMediums: Current Tracked Scanning Clients are : {NearbyConnections.EnvironmentMonitor, NearbySharing}
08-08 20:12:21.721  3009  3373 V AlarmManager: sending alarm Alarm{1ed02df type 3 origWhen 895822432 whenElapsed 895822432 android} uid 1000 whenElapsed 895822432 windowLength 225000 maxWhenElapsed 896047432 repeatInterval 300000 action oplus.intent.action.LINKPOWER_LOOP_ALARM component null flags 0x8 procName system_server
08-08 20:12:21.727  3009  3373 V AlarmManager: sending alarm Alarm{445b2c type 3 origWhen 895822712 whenElapsed 895822712 android} uid 1000 whenElapsed 895822712 windowLength 14960 maxWhenElapsed 895837672 repeatInterval 0 action null component null tag *job.delay* flags 0x0 procName system_server
08-08 20:12:21.730  3009  3611 I LinkPower: [Main] notifyLoopTick in
08-08 20:12:21.730  3009  3611 I LinkPower: [JudgeRule] name:freeze finalCheckAction scene is 1001
08-08 20:12:21.730  3009  3611 I LinkPower: [JudgeCommSceneProcess] commInfo mRusTimeInfo is 300 mSceneState is 1 mActiveFlag is 0 runTime is 0
08-08 20:12:21.730  3009  3611 I LinkPower: [JudgeRule] name:freeze finalCheckAction TIME_UNSATISFY
08-08 20:12:21.730  3009  3611 E LinkPower: [JudgeMonitorProcess] failed to deleteLastRecord, mMonitorRecordAccumulate is empty!
08-08 20:12:21.730  3009  3611 E LinkPower: [JudgeMonitorProcess] failed to deleteLastRecord, mMonitorRecordAccumulate is empty!
08-08 20:12:21.730  3009  3611 I LinkPower: [JudgeRule] name:freeze finalCheckAction resule ruleState: false commSeceneFlag: 0 monitorFlag: 0
08-08 20:12:21.754  3009  3282 I OplusHansManager : unfreeze uid: 10398 com.facebook.orca pids: [31177] reason: Job scene: LcdOn
08-08 20:12:21.754  3009  3998 I OplusHansManager : uid=10398, pkg=com.facebook.orca F exit(), F stay=17, reason=Job
08-08 20:12:21.755  3009  4015 I OplusHansManager : up_BC uid=10398 pkg=com.facebook.orca
08-08 20:12:21.756  3009  4015 I OplusBinderProxy: un_pb uid: 10398 pid: 31177 rst: true , Desc: com.android.internal.telephony.IPhoneStateListener/10
08-08 20:12:21.757  3009  4015 I OplusBinderProxy: proxyBinder uid: 10398 pkg: com.facebook.orca proxy: false calling: OFreezer
08-08 20:12:21.759 31177 31316 D omnistore_android_logger: AlarmManager::mainLoop calling alarm callbacks. There are total 1 scheduled tasks, and about to trigger 1 tasks (first task is SyncProtocol::onConnectionEstablished), then sleep for 38929 ms
08-08 20:12:21.766 31177 31316 D omnistore_android_logger: Handling alarm for rate limited event SyncProtocol::onConnectionEstablished
08-08 20:12:21.767 31177 31316 D omnistore_android_logger: SyncProtocol calling onConnectionEstablished callbacks
08-08 20:12:21.768 31177 31316 D omnistore_android_logger: Removing all queue based subscriptions from rewire state
08-08 20:12:21.771 31177 31316 D omnistore_android_logger: SendQueue::onConnectionEstablished: sending 0 transaction(s)
08-08 20:12:21.773 31177 31316 D omnistore_android_logger: AlarmManager::clearAlarmTimer for key=SyncProtocol::onConnectionEstablished 
08-08 20:12:21.773 31177 31318 D omnistore_android_logger: SubscriptionManager::onConnectionEstablished is called back
08-08 20:12:21.774 31177 31194 W CrashLoopRemedyLog: unable to delete remedy log, instaCrash: true
08-08 20:12:21.777  3009  3611 I LinkPower: [MonitorService] update scene:S_ON name:wifi_sta_conn_primary mr:{d=261721, t={android.uid.system=261721}}
08-08 20:12:21.777  3009  3611 I LinkPower: [MonitorService] update scene:S_ON name:bluetooth_iot_traffic_screen_on mr:{c={8de02a18afd97cd8703a94b3f9649fd91639e0bc9390c3831d617ff08703f951=28}, d=261725, t={8de02a18afd97cd8703a94b3f9649fd91639e0bc9390c3831d617ff08703f951=235}}
08-08 20:12:21.779 31177 31318 I omnistore_android_logger: SubscriptionManager skipping connect message.
08-08 20:12:21.780  3009  3611 I LinkPower: [JudgeRule] name:freeze JudgeRule info RuleID 1 Name freeze ActionName data_app_request_freeze PriorityID 20 TimeGap 0
08-08 20:12:21.781  3009  3611 I LinkPower: [JudgeRule] name:freeze finalCheckAction scene is 1001
08-08 20:12:21.781  3009  3611 I LinkPower: [JudgeCommSceneProcess] commInfo mRusTimeInfo is 300 mSceneState is 1 mActiveFlag is 0 runTime is 0
08-08 20:12:21.781  3009  3611 I LinkPower: [JudgeRule] name:freeze finalCheckAction TIME_UNSATISFY
08-08 20:12:21.781  3009  3611 E LinkPower: [JudgeMonitorProcess] failed to deleteLastRecord, mMonitorRecordAccumulate is empty!
08-08 20:12:21.781  3009  3611 E LinkPower: [JudgeMonitorProcess] failed to deleteLastRecord, mMonitorRecordAccumulate is empty!
08-08 20:12:21.781  3009  3611 I LinkPower: [JudgeRule] name:freeze finalCheckAction resule ruleState: false commSeceneFlag: 0 monitorFlag: 0
08-08 20:12:21.822  3979  4446 V MonthTrafficAlert: getWarningNotification subId:4 numWarningNotificaion:0
08-08 20:12:21.824  3979  4446 V MonthTrafficAlert: getWarningNotification subId:3 numWarningNotificaion:0
08-08 20:12:21.848 28665 28665 V AutofillManager: requestHideFillUi(null): anchor = null
08-08 20:12:21.849  1479  1567 D BatteryChargeControl: bcc get no support from charging protocol
08-08 20:12:21.850  3009  4718 I InputDispatcher: injectInputEvent: targetUid=<not set>, syncMode=WAIT_FOR_FINISHED, timeout=30000ms, policyFlags=0x8000000, event=MotionEvent { action=UP, id[0]=0, x[0]=610, y[0]=1542, eventTime=542936460000000, downTime=542936460000000, deviceId=4, source=TOUCHSCREEN, displayId=0, eventId=0xfd58f1cc}
08-08 20:12:21.851 28665 28665 I Choreographer: Skipped 74 frames!  The application may be doing too much work on its main thread.
08-08 20:12:21.855  3009  4718 E InputDispatcher: Inconsistent event: MotionEvent { action=UP, id[0]=0, x[0]=610, y[0]=1542, eventTime=542936460000000, downTime=542936460000000, deviceId=4, source=TOUCHSCREEN, displayId=0, eventId=0xfd58f1cc}, reason: Injection on 0: Got ACTION_UP, but we have pointers: {1, 0} for device DeviceId(-1)
08-08 20:12:21.857  4088  4088 D AnimSeqTimeStamp: getTimeGapToLastStartAppTime: 542937676
08-08 20:12:21.858  3009  3719 D UAH-UahAdaptHelper: adaptSetNotification identity = OplusUAwareInputHelpersrc = 1000 , type 1 ,p1 = -1 ,p2 = -1 ,p3 = -1 ,p4 =
08-08 20:12:21.858  3009  3719 I [UAH_CLIENT]: uahRuleCtl, ruleId:1000, status:1
08-08 20:12:21.890  3009  3611 I LinkPower: [MonitorLeafBpfWakeup] Origin WakeupInfoMain Diff:261s InWakeup:null OutWakeup:null WakeupDuration(ms):null
08-08 20:12:21.890  3009  3611 I LinkPower: [MonitorLeafBpfWakeup] Origin WakeupInfoDetails Diff:261s OutImHbWakeup:null OutAlignWakeup:null InKeepWakeup:null ReInWakeup:null ReOutWakeup:null
08-08 20:12:21.918 28967 28967 I Quality : SlowSqliteOp:close,/data/user/0/com.google.android.gms/databases/ns.db,false,true,18
08-08 20:12:22.192  1479  5654 D charge_time: type=cdp/dcp,reserve_soc=1,soc=61,ui_soc=62,current=1043,avg=1039,not_chg_cnt=0,stable_cnt=7,fcc=4423,fcc_ratio=92,delta=117,debug=0,region=12,ttf=5785(01:36:25),ui_ttf=5008(01:23:28)
08-08 20:12:22.281 31177 31285 E msgr.msys: E[N mns:DGWClient]_LogError(328)=>Failed to resolve using system DNS resolver, getaddrinfo(): No address associated with hostname
08-08 20:12:22.286 31177 31285 E msgr.msys: E[N mns:DGWClient]_LogError(328)=>Failed to resolve using system DNS resolver, getaddrinfo(): No address associated with hostname
08-08 20:12:22.578  3979  4446 D CommonApp-741-10495: transport layer data is invalid
08-08 20:12:22.615  1416 10610 I WifiHAL : event received NL80211_CMD_VENDOR, vendor_id = 0x1374, subcmd = 0xd
08-08 20:12:22.615  2259  2259 I cnss-daemon: nl80211 response handler invoked
08-08 20:12:22.615  2259  2259 I cnss-daemon: nl80211_response_handler: cmd 103, vendorID 4980, subcmd 13  received
08-08 20:12:22.665  1299 10375 E TetherController: property_get sys.radio.data.modem_share_flag return 0, 1!
08-08 20:12:22.676  3680  3902 I SystemUi--Statusbar: OplusNetworkSpeedControllExImpl-->updateNetworkSpeed: isConnected:true,isSwitchOn:true
08-08 20:12:22.688  3680  3902 I SystemUi--Statusbar: OplusNetworkSpeedControllExImpl-->getTotalByte: totalRxBytes:29285916063,totalTxBytes:2707984460,loopbackTxBytes:6856497,loopbackRxBytes:6856497 ,totalBytes:31980187529
08-08 20:12:22.734  1598  1598 I OplusPerfCount: The num of client composition of  in last 60399 ms is: 9
08-08 20:12:22.734  1598  1598 I OplusPerfCount: The num of blur fliter in last 60399 ms is: 10
08-08 20:12:22.735  1598  1598 I OplusPerfCount: The layer number in last 60399ms is: 4 layer, 106 time, 
08-08 20:12:22.849  1479  1567 D BatteryChargeControl: bcc get no support from charging protocol
08-08 20:12:22.904 28665 28665 D ViewRootImplExtImpl: the up motion event handled by client, just return
08-08 20:12:22.905 28665 28665 I Choreographer: Skipped 61 frames!  The application may be doing too much work on its main thread.
08-08 20:12:22.933 28665 28665 I oplus.android.OplusFrameworkFactoryImpl: get feature:IOplusDynamicVsyncFeature
08-08 20:12:22.933 28665 28665 I oplus.android.OplusFrameworkFactoryImpl: get feature:IOplusDynamicVsyncFeature
08-08 20:12:22.933 28665 28665 I oplus.android.OplusFrameworkFactoryImpl: get feature:IOplusDynamicVsyncFeature
08-08 20:12:22.967  3009  4718 I InputDispatcher: injectInputEvent: targetUid=<not set>, syncMode=WAIT_FOR_FINISHED, timeout=30000ms, policyFlags=0x8000000, event=MotionEvent { action=DOWN, id[0]=0, x[0]=270, y[0]=1542, eventTime=542938786000000, downTime=542938786000000, deviceId=4, source=TOUCHSCREEN, displayId=0, eventId=0xf0ab8d23}
08-08 20:12:22.969  3009  4718 E InputDispatcher: Inconsistent event: MotionEvent { action=DOWN, id[0]=0, x[0]=270, y[0]=1542, eventTime=542938786000000, downTime=542938786000000, deviceId=4, source=TOUCHSCREEN, displayId=0, eventId=0xf0ab8d23}, reason: Injection on 0: Invalid DOWN event - pointers already down for device DeviceId(-1): {DeviceId(-1): {1, 0}}
08-08 20:12:22.971  4088  4088 D AnimSeqTimeStamp: getTimeGapToLastStartAppTime: 542938790
08-08 20:12:22.971  3680  4525 I SystemUi--NavBar: NoBackGesture-->display_id_0 Start gesture: MotionEvent { action=ACTION_DOWN, actionButton=0, id[0]=0, x[0]=270.0, y[0]=1542.0, toolType[0]=TOOL_TYPE_FINGER, buttonState=0, classification=NONE, metaState=0, flags=0x0, edgeFlags=0x0, pointerCount=1, historySize=0, eventTime=542938786, downTime=542938786, deviceId=-1, source=0x1002, displayId=0, eventId=-257192669 }
08-08 20:12:22.971  3680  4525 I SystemUi--NavBar: NoBackGesture-->display_id_0 Not in side gesture area
08-08 20:12:22.971  4088  4088 I OplusBaseTouchInteractionService: onInputEvent(), ACTION_DOWN, Consumer=TYPE_NO_OP
08-08 20:12:22.972  3009  3566 D OGG_Detector: D:done mCurrStatus: 0
08-08 20:12:22.972  3009  3719 I [UAH_CLIENT]: UahEventAcquire, cmdid:37, pkg:none, identity:OplusUAwareInputHelper
08-08 20:12:22.973  3009  3127 D PowerManagerService: userActivityNoUpdateLocked: groupId=0, eventTime=542938786, event=touch, flags=0x0, uid=1000
08-08 20:12:22.974  3009  3719 D UAH-UahAdaptHelper: adaptSetNotification identity = OplusUAwareInputHelpersrc = 1000 , type 0 ,p1 = -1 ,p2 = -1 ,p3 = -1 ,p4 =
08-08 20:12:22.974  3009  3719 I [UAH_CLIENT]: uahRuleCtl, ruleId:1000, status:0
08-08 20:12:23.009 28665 29931 I HWUI    : Davey! duration=2421ms; Flags=0, FrameTimelineVsyncId=160671510, IntendedVsync=542936407567072, Vsync=542937654775726, InputEventId=-424203474, HandleInputStart=542937671159759, AnimationStart=542937671164082, PerformTraversalsStart=542937673281321, DrawStart=542938476386998, FrameDeadline=542936424233738, FrameInterval=542937670331999, FrameStartTime=16854171, SyncQueued=542938713467936, SyncStart=542938713604394, IssueDrawCommandsStart=542938722958092, SwapBuffers=542938725556790, FrameCompleted=542938828796425, DequeueBufferDuration=68230, QueueBufferDuration=591042, GpuCompleted=542938828796425, SwapBuffersCompleted=542938726753561, DisplayPresentTime=0, CommandSubmissionCompleted=542938725556790, 
08-08 20:12:23.198  1479  5654 D charge_time: type=cdp/dcp,reserve_soc=1,soc=61,ui_soc=62,current=1047,avg=1040,not_chg_cnt=0,stable_cnt=7,fcc=4423,fcc_ratio=92,delta=118,debug=0,region=12,ttf=5779(01:36:19),ui_ttf=5007(01:23:27)
08-08 20:12:23.289 28665 28665 V AutofillManager: requestHideFillUi(null): anchor = null
08-08 20:12:23.290  3009  4718 I InputDispatcher: injectInputEvent: targetUid=<not set>, syncMode=WAIT_FOR_FINISHED, timeout=30000ms, policyFlags=0x8000000, event=MotionEvent { action=UP, id[0]=0, x[0]=270, y[0]=1542, eventTime=542938786000000, downTime=542938786000000, deviceId=4, source=TOUCHSCREEN, displayId=0, eventId=0xdaf560bd}
08-08 20:12:23.296  3009  4718 E InputDispatcher: Inconsistent event: MotionEvent { action=UP, id[0]=0, x[0]=270, y[0]=1542, eventTime=542938786000000, downTime=542938786000000, deviceId=4, source=TOUCHSCREEN, displayId=0, eventId=0xdaf560bd}, reason: Injection on 0: Got ACTION_UP, but we have pointers: {1, 0} for device DeviceId(-1)
08-08 20:12:23.298  4088  4088 D AnimSeqTimeStamp: getTimeGapToLastStartAppTime: 542939117
08-08 20:12:23.298  3009  3719 D UAH-UahAdaptHelper: adaptSetNotification identity = OplusUAwareInputHelpersrc = 1000 , type 1 ,p1 = -1 ,p2 = -1 ,p3 = -1 ,p4 =
08-08 20:12:23.298  3009  3719 I [UAH_CLIENT]: uahRuleCtl, ruleId:1000, status:1
08-08 20:12:23.342 31047  3500 D CustomLogManagerService: WorkHandler msg.what :5
08-08 20:12:23.349 31047  3500 D CustomLogManagerService: curTemp:335 limit:390
08-08 20:12:23.349 31047  3500 D CustomLogManagerService: checkUploadStatus: isSceenOn=true activeNetType=1 isCharging=true isUploading:false temperatureLimit:false
08-08 20:12:23.349 31047  3500 D CustomLogManagerService: sys.log.customer=false
08-08 20:12:23.349 31047  3500 D CustomLogManagerService: isHaveCustomLogCollecting :false
08-08 20:12:23.506 28665 28665 D ViewRootImplExtImpl: the up motion event handled by client, just return
08-08 20:12:23.517 28665 28665 I oplus.android.OplusFrameworkFactoryImpl: get feature:IOplusDynamicVsyncFeature
08-08 20:12:23.517 28665 28665 I oplus.android.OplusFrameworkFactoryImpl: get feature:IOplusDynamicVsyncFeature
08-08 20:12:23.517 28665 28665 I oplus.android.OplusFrameworkFactoryImpl: get feature:IOplusDynamicVsyncFeature
08-08 20:12:23.568  3009  4718 I InputDispatcher: injectInputEvent: targetUid=<not set>, syncMode=WAIT_FOR_FINISHED, timeout=30000ms, policyFlags=0x8000000, event=MotionEvent { action=DOWN, id[0]=0, x[0]=610, y[0]=1542, eventTime=542939387000000, downTime=542939387000000, deviceId=4, source=TOUCHSCREEN, displayId=0, eventId=0xcd942259}
08-08 20:12:23.569  3009  4718 E InputDispatcher: Inconsistent event: MotionEvent { action=DOWN, id[0]=0, x[0]=610, y[0]=1542, eventTime=542939387000000, downTime=542939387000000, deviceId=4, source=TOUCHSCREEN, displayId=0, eventId=0xcd942259}, reason: Injection on 0: Invalid DOWN event - pointers already down for device DeviceId(-1): {DeviceId(-1): {1, 0}}
08-08 20:12:23.574 28665 28665 V AutofillManager: requestHideFillUi(null): anchor = null
08-08 20:12:23.575  3009  3566 D OGG_Detector: D:done mCurrStatus: 0
08-08 20:12:23.575  4088  4088 D AnimSeqTimeStamp: getTimeGapToLastStartAppTime: 542939394
08-08 20:12:23.576  3680  4525 I SystemUi--NavBar: NoBackGesture-->display_id_0 Start gesture: MotionEvent { action=ACTION_DOWN, actionButton=0, id[0]=0, x[0]=610.0, y[0]=1542.0, toolType[0]=TOOL_TYPE_FINGER, buttonState=0, classification=NONE, metaState=0, flags=0x0, edgeFlags=0x0, pointerCount=1, historySize=0, eventTime=542939387, downTime=542939387, deviceId=-1, source=0x1002, displayId=0, eventId=-845929895 }
08-08 20:12:23.576  4088  4088 I OplusBaseTouchInteractionService: onInputEvent(), ACTION_DOWN, Consumer=TYPE_NO_OP
08-08 20:12:23.577  3680  4525 I SystemUi--NavBar: NoBackGesture-->display_id_0 Not in side gesture area
08-08 20:12:23.578  3009  3127 D PowerManagerService: userActivityNoUpdateLocked: groupId=0, eventTime=542939387, event=touch, flags=0x0, uid=1000
08-08 20:12:23.580  3009  3719 I [UAH_CLIENT]: UahEventAcquire, cmdid:37, pkg:none, identity:OplusUAwareInputHelper
08-08 20:12:23.581  3009  4718 I InputDispatcher: injectInputEvent: targetUid=<not set>, syncMode=WAIT_FOR_FINISHED, timeout=30000ms, policyFlags=0x8000000, event=MotionEvent { action=UP, id[0]=0, x[0]=610, y[0]=1542, eventTime=542939387000000, downTime=542939387000000, deviceId=4, source=TOUCHSCREEN, displayId=0, eventId=0xe9fc1caa}
08-08 20:12:23.583  3009  3719 D UAH-UahAdaptHelper: adaptSetNotification identity = OplusUAwareInputHelpersrc = 1000 , type 0 ,p1 = -1 ,p2 = -1 ,p3 = -1 ,p4 =
08-08 20:12:23.583  3009  3719 I [UAH_CLIENT]: uahRuleCtl, ruleId:1000, status:0
08-08 20:12:23.586  3009  4718 E InputDispatcher: Inconsistent event: MotionEvent { action=UP, id[0]=0, x[0]=610, y[0]=1542, eventTime=542939387000000, downTime=542939387000000, deviceId=4, source=TOUCHSCREEN, displayId=0, eventId=0xe9fc1caa}, reason: Injection on 0: Got ACTION_UP, but we have pointers: {1, 0} for device DeviceId(-1)
08-08 20:12:23.587 28665 28665 D ViewRootImplExtImpl: the up motion event handled by client, just return
08-08 20:12:23.588  4088  4088 D AnimSeqTimeStamp: getTimeGapToLastStartAppTime: 542939407
08-08 20:12:23.588  3009  3719 D UAH-UahAdaptHelper: adaptSetNotification identity = OplusUAwareInputHelpersrc = 1000 , type 1 ,p1 = -1 ,p2 = -1 ,p3 = -1 ,p4 =
08-08 20:12:23.588  3009  3719 I [UAH_CLIENT]: uahRuleCtl, ruleId:1000, status:1
08-08 20:12:23.594 28665 28665 I oplus.android.OplusFrameworkFactoryImpl: get feature:IOplusDynamicVsyncFeature
08-08 20:12:23.594 28665 28665 I oplus.android.OplusFrameworkFactoryImpl: get feature:IOplusDynamicVsyncFeature
08-08 20:12:23.594 28665 28665 I oplus.android.OplusFrameworkFactoryImpl: get feature:IOplusDynamicVsyncFeature
08-08 20:12:23.601  3979  4446 D CommonApp-741-10495: transport layer data is invalid
08-08 20:12:23.645  3009  4718 I InputDispatcher: injectInputEvent: targetUid=<not set>, syncMode=WAIT_FOR_FINISHED, timeout=30000ms, policyFlags=0x8000000, event=MotionEvent { action=DOWN, id[0]=0, x[0]=95, y[0]=1542, eventTime=542939464000000, downTime=542939464000000, deviceId=4, source=TOUCHSCREEN, displayId=0, eventId=0xe7921781}
08-08 20:12:23.647  3009  4718 E InputDispatcher: Inconsistent event: MotionEvent { action=DOWN, id[0]=0, x[0]=95, y[0]=1542, eventTime=542939464000000, downTime=542939464000000, deviceId=4, source=TOUCHSCREEN, displayId=0, eventId=0xe7921781}, reason: Injection on 0: Invalid DOWN event - pointers already down for device DeviceId(-1): {DeviceId(-1): {1, 0}}
08-08 20:12:23.648  4088  4088 D AnimSeqTimeStamp: getTimeGapToLastStartAppTime: 542939468
08-08 20:12:23.649  3680  4525 I SystemUi--NavBar: NoBackGesture-->display_id_0 Start gesture: MotionEvent { action=ACTION_DOWN, actionButton=0, id[0]=0, x[0]=95.0, y[0]=1542.0, toolType[0]=TOOL_TYPE_FINGER, buttonState=0, classification=NONE, metaState=0, flags=0x0, edgeFlags=0x0, pointerCount=1, historySize=0, eventTime=542939464, downTime=542939464, deviceId=-1, source=0x1002, displayId=0, eventId=-409856127 }
08-08 20:12:23.649  3680  4525 I SystemUi--NavBar: NoBackGesture-->display_id_0 Not in side gesture area
08-08 20:12:23.649  3009  3566 D OGG_Detector: D:done mCurrStatus: 0
08-08 20:12:23.649  3009  3719 I [UAH_CLIENT]: UahEventAcquire, cmdid:37, pkg:none, identity:OplusUAwareInputHelper
08-08 20:12:23.649  4088  4088 I OplusBaseTouchInteractionService: onInputEvent(), ACTION_DOWN, Consumer=TYPE_NO_OP
08-08 20:12:23.650  3009  3719 D UAH-UahAdaptHelper: adaptSetNotification identity = OplusUAwareInputHelpersrc = 1000 , type 0 ,p1 = -1 ,p2 = -1 ,p3 = -1 ,p4 =
08-08 20:12:23.650  3009  3719 I [UAH_CLIENT]: uahRuleCtl, ruleId:1000, status:0
08-08 20:12:23.671  3979  4446 D CommonApp-741-10495: DefaultState EVENT_SCENARIOS_CHANGE
08-08 20:12:23.671  3979  4446 D CommonApp-741-10495: scene=COMMON pn=com.hypernova.phone
08-08 20:12:23.679  1299 10375 E TetherController: property_get sys.radio.data.modem_share_flag return 0, 1!
08-08 20:12:23.821  3009  3442 D WifiStaIfaceHidlImpl: getCachedScanData is not implemented by HIDL
08-08 20:12:23.842  4047  4047 D VendorWifiService: onEvent event:9,action:1
08-08 20:12:23.845  3009  3545 D OplusWifiPower_TriggerCenter: mComponentCallback: wifistat
08-08 20:12:23.850  1479  1567 D BatteryChargeControl: bcc get no support from charging protocol
08-08 20:12:23.896  1479  1562 D vendor.oplus.hardware.charger-V6-service: ret_value:160, read content:,335,349,4116,4123,-1047,1500,2200,61,62,1,6,1425,4560,62,1,0,1,1,0,0,4470,0,6,0,6,0,0,0,-2740,0,1,1,0,0,41,41,41,0,0,0,0,0,0,0,0,0,0,4,0,1,0,100,0,0,0,0,0,0,0
08-08 20:12:23.897  1479  1562 D vendor.oplus.hardware.charger-V6-service: gmtime: 2026-08-08-20-12-23
08-08 20:12:23.898  1479  1562 D vendor.oplus.hardware.charger-V6-service: usb_online:1, ac_online:0, wireless_online:-2147483648
08-08 20:12:23.950 28665 28665 V AutofillManager: requestHideFillUi(null): anchor = null
08-08 20:12:23.952  3009  4718 I InputDispatcher: injectInputEvent: targetUid=<not set>, syncMode=WAIT_FOR_FINISHED, timeout=30000ms, policyFlags=0x8000000, event=MotionEvent { action=UP, id[0]=0, x[0]=95, y[0]=1542, eventTime=542939464000000, downTime=542939464000000, deviceId=4, source=TOUCHSCREEN, displayId=0, eventId=0xcf869354}
08-08 20:12:23.968  3009  4718 E InputDispatcher: Inconsistent event: MotionEvent { action=UP, id[0]=0, x[0]=95, y[0]=1542, eventTime=542939464000000, downTime=542939464000000, deviceId=4, source=TOUCHSCREEN, displayId=0, eventId=0xcf869354}, reason: Injection on 0: Got ACTION_UP, but we have pointers: {1, 0} for device DeviceId(-1)
08-08 20:12:23.972  4088  4088 D AnimSeqTimeStamp: getTimeGapToLastStartAppTime: 542939791
08-08 20:12:23.973  3009  3719 D UAH-UahAdaptHelper: adaptSetNotification identity = OplusUAwareInputHelpersrc = 1000 , type 1 ,p1 = -1 ,p2 = -1 ,p3 = -1 ,p4 =
08-08 20:12:23.973  3009  3719 I [UAH_CLIENT]: uahRuleCtl, ruleId:1000, status:1
08-08 20:12:24.060 31177 31298 E msgr.msys: E[N MQTT]onConnectError(562)=>Connect Error: folly::AsyncSocketException: AsyncSocketException: connect failed, type = Socket not open, errno = 110 (Connection timed out)
08-08 20:12:24.182 28665 28665 D ViewRootImplExtImpl: the up motion event handled by client, just return
08-08 20:12:24.194 28665 28665 I oplus.android.OplusFrameworkFactoryImpl: get feature:IOplusDynamicVsyncFeature
08-08 20:12:24.194 28665 28665 I oplus.android.OplusFrameworkFactoryImpl: get feature:IOplusDynamicVsyncFeature
08-08 20:12:24.194 28665 28665 I oplus.android.OplusFrameworkFactoryImpl: get feature:IOplusDynamicVsyncFeature
08-08 20:12:24.203  1479  5654 D charge_time: write 5006s(01:23:26) to ttf, rc=6
08-08 20:12:24.203  1479  5654 D charge_time: type=cdp/dcp,reserve_soc=1,soc=61,ui_soc=62,current=1030,avg=1037,not_chg_cnt=0,stable_cnt=7,fcc=4423,fcc_ratio=92,delta=119,debug=0,region=12,ttf=5793(01:36:33),ui_ttf=5006(01:23:26)
08-08 20:12:24.204 22186 22186 I adbd    : adbd service requested 'shell,v2,TERM=xterm-256color,raw:sleep 3'
08-08 20:12:24.206  3935  3935 D OplusTelephonyController: onSignalStrengthChanged: SignalStrength=SignalStrength:{mCdma=CellSignalStrengthCdma: cdmaDbm=2147483647 cdmaEcio=2147483647 evdoDbm=2147483647 evdoEcio=2147483647 evdoSnr=2147483647 level=0,mGsm=CellSignalStrengthGsm: rssi=2147483647 ber=2147483647 mTa=2147483647 mLevel=0,mWcdma=CellSignalStrengthWcdma: ss=2147483647 ber=2147483647 rscp=2147483647 ecno=2147483647 level=0,mTdscdma=CellSignalStrengthTdscdma: rssi=2147483647 ber=2147483647 rscp=2147483647 level=0,mLte=CellSignalStrengthLte: rssi=-63 rsrp=-99 rsrq=-16 rssnr=-3 cqiTableIndex=2147483647 cqi=2147483647 ta=2147483647 level=3 parametersUseForLevel=0,mNr=CellSignalStrengthNr:{ csiRsrp = 2147483647 csiRsrq = 2147483647 csiCqiTableIndex = 2147483647 csiCqiReport = [] ssRsrp = 2147483647 ssRsrq = 2147483647 ssSinr = 2147483647 level = 0 parametersUseForLevel = 0 timingAdvance = 2147483647 },primary=CellSignalStrengthLte}
08-08 20:12:24.210  4047  4047 D SubsysEventListenerManager-SubsysTelephonyCallback[0]: onSignalStrengthsChanged
08-08 20:12:24.216  4047  4047 D SubsysEventListenerManager-SubsysTelephonyCallback[1]: onSignalStrengthsChanged
08-08 20:12:24.220  3680  4076 I SystemUi--Statusbar: MobileConnectionRepositoryImpl-->subId:4 isSoftSimCard:false slotId:0
08-08 20:12:24.223  3680  4076 I SystemUi--Statusbar: MobileConnectionRepositoryImpl-->subId:3 isSoftSimCard:false slotId:1
08-08 20:12:24.424  3009  3998 I OplusHansManager : uid=10488, pkg=com.instagram.android F enter(), M stay=10
08-08 20:12:24.435  3009  3998 I OplusHansManager : freeze uid: 10488 com.instagram.android pids: [30037] scene: LcdOn
08-08 20:12:24.438  7071 18718 D IHansComunication: HANS sendMessageToKernel: threadId = 517145082992, netLinkSetup = 1, type = PKG, targetUid = 10488, pkgCmd = ADD_ONE_UID
08-08 20:12:24.444  3009  4134 I OplusHansManager : unfreeze uid: 10488 com.instagram.android pids: [30037] reason: ExecutingComponent scene: LcdOn
08-08 20:12:24.445  3009  3998 I OplusHansManager : uid=10488, pkg=com.instagram.android F exit(), F stay=0, reason=ExecutingComponent
08-08 20:12:24.445  3009  4015 I OplusHansManager : p_BC uid=10488 pkg=com.instagram.android
08-08 20:12:24.445  3009  4015 I OplusBinderProxy: proxyBinder uid: 10488 pkg: com.instagram.android proxy: true calling: OFreezer
08-08 20:12:24.445  3009  4015 I OplusHansManager : up_BC uid=10488 pkg=com.instagram.android
08-08 20:12:24.446  3009  4015 I OplusBinderProxy: proxyBinder uid: 10488 pkg: com.instagram.android proxy: false calling: OFreezer
08-08 20:12:24.623  1416 10610 I WifiHAL : event received NL80211_CMD_VENDOR, vendor_id = 0x1374, subcmd = 0xd
08-08 20:12:24.624  2259  2259 I cnss-daemon: nl80211 response handler invoked
08-08 20:12:24.625  2259  2259 I cnss-daemon: nl80211_response_handler: cmd 103, vendorID 4980, subcmd 13  received
08-08 20:12:24.627  3979  4446 D CommonApp-741-10495: transport layer data is invalid
08-08 20:12:24.694  1299 10375 E TetherController: property_get sys.radio.data.modem_share_flag return 0, 1!
08-08 20:12:24.763  3009  3096 I ActivityManager: Test idle failed due to 47d9d 30037:com.instagram.android/u0a488 not runnable because EMPTY
08-08 20:12:24.852  1479  1567 D BatteryChargeControl: bcc get no support from charging protocol
08-08 20:12:25.211  1479  5654 D charge_time: type=cdp/dcp,reserve_soc=1,soc=61,ui_soc=62,current=1021,avg=1035,not_chg_cnt=0,stable_cnt=7,fcc=4423,fcc_ratio=92,delta=120,debug=0,region=12,ttf=5801(01:36:41),ui_ttf=5005(01:23:25)
08-08 20:12:25.650  3979  4446 D CommonApp-741-10495: transport layer data is invalid
08-08 20:12:25.723  1299 10375 E TetherController: property_get sys.radio.data.modem_share_flag return 0, 1!
08-08 20:12:25.854  1479  1567 D BatteryChargeControl: bcc get no support from charging protocol
08-08 20:12:26.219  1479  5654 D charge_time: type=cdp/dcp,reserve_soc=1,soc=61,ui_soc=62,current=1296,avg=1087,not_chg_cnt=0,stable_cnt=7,fcc=4423,fcc_ratio=92,delta=121,debug=0,region=12,ttf=5566(01:32:46),ui_ttf=5004(01:23:24)
08-08 20:12:26.246  3009  3998 I OplusHansManager : uid=10329, pkg=com.ziipin.softkeyboard.saudi cannot transition from R to M, importance=input
08-08 20:12:26.470  1598  1854 D VRR [OTI]: handleIdle from 0 to 1
08-08 20:12:26.471  1598  1854 D VRR [OTI-HW]: isStateReady 0
08-08 20:12:26.471  1598  1854 D VRR [OTI-HW]: rate range: min {id=1, hwcId=1, resolution=720x1604, vsyncRate=60.00 Hz, dpi=265.04x262.85, group=0, vrrConfig=N/A} cur {id=1, hwcId=1, resolution=720x1604, vsyncRate=60.00 Hz, dpi=265.04x262.85, group=0, vrrConfig=N/A} max {id=1, hwcId=1, resolution=720x1604, vsyncRate=60.00 Hz, dpi=265.04x262.85, group=0, vrrConfig=N/A}
08-08 20:12:26.471  1598  1854 D VRR [OTI-HW]: keep rate.
08-08 20:12:26.624  1416 10610 I WifiHAL : event received NL80211_CMD_VENDOR, vendor_id = 0x1374, subcmd = 0xd
08-08 20:12:26.624  2259  2259 I cnss-daemon: nl80211 response handler invoked
08-08 20:12:26.625  2259  2259 I cnss-daemon: nl80211_response_handler: cmd 103, vendorID 4980, subcmd 13  received
08-08 20:12:26.674  3979  4446 D CommonApp-741-10495: transport layer data is invalid
08-08 20:12:26.692  3680  3902 I SystemUi--Statusbar: OplusNetworkSpeedControllExImpl-->updateNetworkSpeed: isConnected:true,isSwitchOn:true
08-08 20:12:26.727  3680  3902 I SystemUi--Statusbar: OplusNetworkSpeedControllExImpl-->getTotalByte: totalRxBytes:29285916887,totalTxBytes:2707985255,loopbackTxBytes:6856497,loopbackRxBytes:6856497 ,totalBytes:31980189148
08-08 20:12:26.740  1299 10375 E TetherController: property_get sys.radio.data.modem_share_flag return 0, 1!
08-08 20:12:26.855  1479  1567 D BatteryChargeControl: bcc get no support from charging protocol
08-08 20:12:26.871  3009  3442 D WifiStaIfaceHidlImpl: getCachedScanData is not implemented by HIDL
08-08 20:12:26.894  3887 20183 D IpClient/wlan0: interfaceLinkStateChanged: ifindex 37 up
08-08 20:12:26.898  4047  4047 D VendorWifiService: onEvent event:9,action:1
08-08 20:12:26.901  3009  3545 D OplusWifiPower_TriggerCenter: mComponentCallback: wifistat
08-08 20:12:27.197  1479  1479 D vendor.oplus.hardware.charger-V6-service: get_ui_charge_icon_type 0 0 0 0 0
08-08 20:12:27.198  1479  1479 D vendor.oplus.hardware.charger-V6-service: oplus_chg_get_cpa_power 7500 charge_online 1 retention_topic 0
08-08 20:12:27.198  1479  1479 D vendor.oplus.hardware.charger-V6-service: oplus_chg_get_cpa_power 7500 charge_online 1 retention_topic 0
08-08 20:12:27.198  1479  1479 D vendor.oplus.hardware.charger-V6-service: getIsSingleHyperSupport=2, cpa_power=7
08-08 20:12:27.199  1479  1479 E vendor.oplus.hardware.charger-V6-service: Failed to open the file: /sys/class/oplus_chg/common/plc. Error 2: No such file or directory
08-08 20:12:27.203  3680  3680 I SystemUi--Statusbar: BatteryControllerExt-->updateBatteryChangeIntent():broadcast=android.intent.action.BATTERY_CHANGED,level=62,scale=100
08-08 20:12:27.204  3680  3680 I SystemUi--Statusbar: BatteryRepository-->level: 62 -- isSavingMode: false
08-08 20:12:27.211  4047  4047 D SubsysBroadcastManager: onReceive action:android.intent.action.BATTERY_CHANGED
08-08 20:12:27.214  1479  1479 D vendor.oplus.hardware.charger-V6-service: get_ui_charge_icon_type 0 0 0 0 0
08-08 20:12:27.215  1479  1479 D vendor.oplus.hardware.charger-V6-service: oplus_chg_get_cpa_power 7500 charge_online 1 retention_topic 0
08-08 20:12:27.216  1479  1479 D vendor.oplus.hardware.charger-V6-service: oplus_chg_get_cpa_power 7500 charge_online 1 retention_topic 0
08-08 20:12:27.216  1479  1479 D vendor.oplus.hardware.charger-V6-service: getIsSingleHyperSupport=2, cpa_power=7
08-08 20:12:27.216 28909 28909 D DeviceStatisticsService: onReceive: action= android.intent.action.BATTERY_CHANGED
08-08 20:12:27.217  1479  1479 E vendor.oplus.hardware.charger-V6-service: Failed to open the file: /sys/class/oplus_chg/common/plc. Error 2: No such file or directory
08-08 20:12:27.221  3009  3134 D OplusDisplayBrightnessBroadcastReceiver: onReceive action = android.intent.action.BATTERY_CHANGED , listeners = [com.android.server.display.OplusFeatureHDREnhanceBrightness$PhoneInfoReceiver@1d811b8, com.android.server.display.OplusFeatureEdrEnhanceBrightness$PhoneInfoReceiver@ab5cb91]
08-08 20:12:27.221  1479  5654 D charge_time: type=cdp/dcp,reserve_soc=1,soc=61,ui_soc=62,current=1327,avg=1144,not_chg_cnt=0,stable_cnt=7,fcc=4423,fcc_ratio=92,delta=122,debug=0,region=12,ttf=5335(01:28:55),ui_ttf=5003(01:23:23)
08-08 20:12:27.222 31047 31047 D CustomLogManagerService: onReceive android.intent.action.BATTERY_CHANGED
08-08 20:12:27.223  6966  7029 E Battery : a: getAISleepDuration: predictResult is null.
08-08 20:12:27.224  6966  7029 E Battery : ChargeProtectionUtils: mCanlendarTmp.isEmpty()!
08-08 20:12:27.259 22186 22186 I adbd    : adbd service requested 'shell,v2,TERM=xterm-256color,raw:dumpsys window'
08-08 20:12:27.358  3979  4446 D Acc-OplusLinkBoostCommon: notifyThermalBroadCast level = 4 temp = 350,lastTemp: 349
08-08 20:12:27.385 22186 22186 I adbd    : adbd service requested 'shell,v2,TERM=xterm-256color,raw:pidof com.hypernova.phone'
08-08 20:12:27.485 22186 22186 I adbd    : adbd service requested 'shell,v2,TERM=xterm-256color:export ANDROID_LOG_TAGS=''; exec logcat '-d' '-v' 'threadtime''
